node_id,field_pid,Transcript URL,Transcript Link
21,digitalcollections:gunn,,
37332,digitalcollections:gunn_3580,[volume-level],
37333,digitalcollections:gunn_4371,[volume-level],
37334,digitalcollections:gunn_1128,[volume-level],
37335,digitalcollections:gunn_4637,[volume-level],
37336,digitalcollections:gunn_4861,[volume-level],
37337,digitalcollections:gunn_3102,[volume-level],
37338,digitalcollections:gunn_2612,[volume-level],
37339,digitalcollections:gunn_4089,[volume-level],
37340,digitalcollections:gunn_1855,[volume-level],
37341,digitalcollections:gunn_890,[volume-level],
37342,digitalcollections:gunn_432,[volume-level],
37343,digitalcollections:gunn_5055,[volume-level],
37344,digitalcollections:gunn_648,[volume-level],
37345,digitalcollections:gunn_2368,[volume-level],
37346,digitalcollections:gunn_377,[volume-level],
37347,digitalcollections:gunn_2112,[volume-level],
37348,digitalcollections:gunn_3827,[volume-level],
37349,digitalcollections:gunn_183,[volume-level],
37350,digitalcollections:gunn_1361,[volume-level],
37351,digitalcollections:gunn_1601,[volume-level],
37352,digitalcollections:gunn_3328,[volume-level],
37353,digitalcollections:gunn_2859,[volume-level],
247466,digitalcollections:gunn_3573,https://pfaffs-web.lib.lehigh.edu/gunn_transcripts/3573.txt,https://pfaffs-web.lib.lehigh.edu/gunn_transcripts/3573.txt
247467,digitalcollections:gunn_3574,https://pfaffs-web.lib.lehigh.edu/gunn_transcripts/3574.txt,https://pfaffs-web.lib.lehigh.edu/gunn_transcripts/3574.txt
247468,digitalcollections:gunn_3575,https://pfaffs-web.lib.lehigh.edu/gunn_transcripts/3575.txt,https://pfaffs-web.lib.lehigh.edu/gunn_transcripts/3575.txt
247469,digitalcollections:gunn_3576,https://pfaffs-web.lib.lehigh.edu/gunn_transcripts/3576.txt,https://pfaffs-web.lib.lehigh.edu/gunn_transcripts/3576.txt
247470,digitalcollections:gunn_3577,https://pfaffs-web.lib.lehigh.edu/gunn_transcripts/3577.txt,https://pfaffs-web.lib.lehigh.edu/gunn_transcripts/3577.txt
247471,digitalcollections:gunn_3578,https://pfaffs-web.lib.lehigh.edu/gunn_transcripts/3578.txt,https://pfaffs-web.lib.lehigh.edu/gunn_transcripts/3578.txt
247472,digitalcollections:gunn_3579,https://pfaffs-web.lib.lehigh.edu/gunn_transcripts/3579.txt,https://pfaffs-web.lib.lehigh.edu/gunn_transcripts/3579.txt
247473,digitalcollections:gunn_3556,https://pfaffs-web.lib.lehigh.edu/gunn_transcripts/3556.txt,https://pfaffs-web.lib.lehigh.edu/gunn_transcripts/3556.txt
247474,digitalcollections:gunn_3557,https://pfaffs-web.lib.lehigh.edu/gunn_transcripts/3557.txt,https://pfaffs-web.lib.lehigh.edu/gunn_transcripts/3557.txt
247475,digitalcollections:gunn_3558,https://pfaffs-web.lib.lehigh.edu/gunn_transcripts/3558.txt,https://pfaffs-web.lib.lehigh.edu/gunn_transcripts/3558.txt
247476,digitalcollections:gunn_3559,https://pfaffs-web.lib.lehigh.edu/gunn_transcripts/3559.txt,https://pfaffs-web.lib.lehigh.edu/gunn_transcripts/3559.txt
247477,digitalcollections:gunn_3560,https://pfaffs-web.lib.lehigh.edu/gunn_transcripts/3560.txt,https://pfaffs-web.lib.lehigh.edu/gunn_transcripts/3560.txt
247478,digitalcollections:gunn_3561,https://pfaffs-web.lib.lehigh.edu/gunn_transcripts/3561.txt,https://pfaffs-web.lib.lehigh.edu/gunn_transcripts/3561.txt
247479,digitalcollections:gunn_3562,https://pfaffs-web.lib.lehigh.edu/gunn_transcripts/3562.txt,https://pfaffs-web.lib.lehigh.edu/gunn_transcripts/3562.txt
247480,digitalcollections:gunn_3563,https://pfaffs-web.lib.lehigh.edu/gunn_transcripts/3563.txt,https://pfaffs-web.lib.lehigh.edu/gunn_transcripts/3563.txt
247481,digitalcollections:gunn_3564,https://pfaffs-web.lib.lehigh.edu/gunn_transcripts/3564.txt,https://pfaffs-web.lib.lehigh.edu/gunn_transcripts/3564.txt
247482,digitalcollections:gunn_3478,https://pfaffs-web.lib.lehigh.edu/gunn_transcripts/3478.txt,https://pfaffs-web.lib.lehigh.edu/gunn_transcripts/3478.txt
247483,digitalcollections:gunn_3479,https://pfaffs-web.lib.lehigh.edu/gunn_transcripts/3479.txt,https://pfaffs-web.lib.lehigh.edu/gunn_transcripts/3479.txt
247484,digitalcollections:gunn_3480,https://pfaffs-web.lib.lehigh.edu/gunn_transcripts/3480.txt,https://pfaffs-web.lib.lehigh.edu/gunn_transcripts/3480.txt
247485,digitalcollections:gunn_3481,https://pfaffs-web.lib.lehigh.edu/gunn_transcripts/3481.txt,https://pfaffs-web.lib.lehigh.edu/gunn_transcripts/3481.txt
247486,digitalcollections:gunn_3482,https://pfaffs-web.lib.lehigh.edu/gunn_transcripts/3482.txt,https://pfaffs-web.lib.lehigh.edu/gunn_transcripts/3482.txt
247487,digitalcollections:gunn_3483,https://pfaffs-web.lib.lehigh.edu/gunn_transcripts/3483.txt,https://pfaffs-web.lib.lehigh.edu/gunn_transcripts/3483.txt
247488,digitalcollections:gunn_3484,https://pfaffs-web.lib.lehigh.edu/gunn_transcripts/3484.txt,https://pfaffs-web.lib.lehigh.edu/gunn_transcripts/3484.txt
247489,digitalcollections:gunn_3485,https://pfaffs-web.lib.lehigh.edu/gunn_transcripts/3485.txt,https://pfaffs-web.lib.lehigh.edu/gunn_transcripts/3485.txt
247490,digitalcollections:gunn_3455,https://pfaffs-web.lib.lehigh.edu/gunn_transcripts/3455.txt,https://pfaffs-web.lib.lehigh.edu/gunn_transcripts/3455.txt
247491,digitalcollections:gunn_3456,https://pfaffs-web.lib.lehigh.edu/gunn_transcripts/3456.txt,https://pfaffs-web.lib.lehigh.edu/gunn_transcripts/3456.txt
247492,digitalcollections:gunn_3457,https://pfaffs-web.lib.lehigh.edu/gunn_transcripts/3457.txt,https://pfaffs-web.lib.lehigh.edu/gunn_transcripts/3457.txt
247493,digitalcollections:gunn_3458,https://pfaffs-web.lib.lehigh.edu/gunn_transcripts/3458.txt,https://pfaffs-web.lib.lehigh.edu/gunn_transcripts/3458.txt
247494,digitalcollections:gunn_3459,https://pfaffs-web.lib.lehigh.edu/gunn_transcripts/3459.txt,https://pfaffs-web.lib.lehigh.edu/gunn_transcripts/3459.txt
247495,digitalcollections:gunn_3460,https://pfaffs-web.lib.lehigh.edu/gunn_transcripts/3460.txt,https://pfaffs-web.lib.lehigh.edu/gunn_transcripts/3460.txt
247496,digitalcollections:gunn_3461,https://pfaffs-web.lib.lehigh.edu/gunn_transcripts/3461.txt,https://pfaffs-web.lib.lehigh.edu/gunn_transcripts/3461.txt
247497,digitalcollections:gunn_3462,https://pfaffs-web.lib.lehigh.edu/gunn_transcripts/3462.txt,https://pfaffs-web.lib.lehigh.edu/gunn_transcripts/3462.txt
247498,digitalcollections:gunn_3429,https://pfaffs-web.lib.lehigh.edu/gunn_transcripts/3429.txt,https://pfaffs-web.lib.lehigh.edu/gunn_transcripts/3429.txt
247499,digitalcollections:gunn_3430,https://pfaffs-web.lib.lehigh.edu/gunn_transcripts/3430.txt,https://pfaffs-web.lib.lehigh.edu/gunn_transcripts/3430.txt
247500,digitalcollections:gunn_3431,https://pfaffs-web.lib.lehigh.edu/gunn_transcripts/3431.txt,https://pfaffs-web.lib.lehigh.edu/gunn_transcripts/3431.txt
247501,digitalcollections:gunn_3432,https://pfaffs-web.lib.lehigh.edu/gunn_transcripts/3432.txt,https://pfaffs-web.lib.lehigh.edu/gunn_transcripts/3432.txt
247502,digitalcollections:gunn_3433,https://pfaffs-web.lib.lehigh.edu/gunn_transcripts/3433.txt,https://pfaffs-web.lib.lehigh.edu/gunn_transcripts/3433.txt
247503,digitalcollections:gunn_3434,https://pfaffs-web.lib.lehigh.edu/gunn_transcripts/3434.txt,https://pfaffs-web.lib.lehigh.edu/gunn_transcripts/3434.txt
247504,digitalcollections:gunn_3435,https://pfaffs-web.lib.lehigh.edu/gunn_transcripts/3435.txt,https://pfaffs-web.lib.lehigh.edu/gunn_transcripts/3435.txt
247505,digitalcollections:gunn_3436,https://pfaffs-web.lib.lehigh.edu/gunn_transcripts/3436.txt,https://pfaffs-web.lib.lehigh.edu/gunn_transcripts/3436.txt
247506,digitalcollections:gunn_3437,https://pfaffs-web.lib.lehigh.edu/gunn_transcripts/3437.txt,https://pfaffs-web.lib.lehigh.edu/gunn_transcripts/3437.txt
247507,digitalcollections:gunn_3438,https://pfaffs-web.lib.lehigh.edu/gunn_transcripts/3438.txt,https://pfaffs-web.lib.lehigh.edu/gunn_transcripts/3438.txt
247508,digitalcollections:gunn_3439,https://pfaffs-web.lib.lehigh.edu/gunn_transcripts/3439.txt,https://pfaffs-web.lib.lehigh.edu/gunn_transcripts/3439.txt
247509,digitalcollections:gunn_3440,https://pfaffs-web.lib.lehigh.edu/gunn_transcripts/3440.txt,https://pfaffs-web.lib.lehigh.edu/gunn_transcripts/3440.txt
247510,digitalcollections:gunn_3441,https://pfaffs-web.lib.lehigh.edu/gunn_transcripts/3441.txt,https://pfaffs-web.lib.lehigh.edu/gunn_transcripts/3441.txt
247511,digitalcollections:gunn_3442,https://pfaffs-web.lib.lehigh.edu/gunn_transcripts/3442.txt,https://pfaffs-web.lib.lehigh.edu/gunn_transcripts/3442.txt
247512,digitalcollections:gunn_3443,https://pfaffs-web.lib.lehigh.edu/gunn_transcripts/3443.txt,https://pfaffs-web.lib.lehigh.edu/gunn_transcripts/3443.txt
247513,digitalcollections:gunn_3444,https://pfaffs-web.lib.lehigh.edu/gunn_transcripts/3444.txt,https://pfaffs-web.lib.lehigh.edu/gunn_transcripts/3444.txt
247514,digitalcollections:gunn_3447,https://pfaffs-web.lib.lehigh.edu/gunn_transcripts/3447.txt,https://pfaffs-web.lib.lehigh.edu/gunn_transcripts/3447.txt
247515,digitalcollections:gunn_3448,https://pfaffs-web.lib.lehigh.edu/gunn_transcripts/3448.txt,https://pfaffs-web.lib.lehigh.edu/gunn_transcripts/3448.txt
247516,digitalcollections:gunn_3449,https://pfaffs-web.lib.lehigh.edu/gunn_transcripts/3449.txt,https://pfaffs-web.lib.lehigh.edu/gunn_transcripts/3449.txt
247517,digitalcollections:gunn_3450,https://pfaffs-web.lib.lehigh.edu/gunn_transcripts/3450.txt,https://pfaffs-web.lib.lehigh.edu/gunn_transcripts/3450.txt
247518,digitalcollections:gunn_3451,https://pfaffs-web.lib.lehigh.edu/gunn_transcripts/3451.txt,https://pfaffs-web.lib.lehigh.edu/gunn_transcripts/3451.txt
247519,digitalcollections:gunn_3452,https://pfaffs-web.lib.lehigh.edu/gunn_transcripts/3452.txt,https://pfaffs-web.lib.lehigh.edu/gunn_transcripts/3452.txt
247520,digitalcollections:gunn_3453,https://pfaffs-web.lib.lehigh.edu/gunn_transcripts/3453.txt,https://pfaffs-web.lib.lehigh.edu/gunn_transcripts/3453.txt
247521,digitalcollections:gunn_3454,https://pfaffs-web.lib.lehigh.edu/gunn_transcripts/3454.txt,https://pfaffs-web.lib.lehigh.edu/gunn_transcripts/3454.txt
247522,digitalcollections:gunn_3421,https://pfaffs-web.lib.lehigh.edu/gunn_transcripts/3421.txt,https://pfaffs-web.lib.lehigh.edu/gunn_transcripts/3421.txt
247523,digitalcollections:gunn_3422,https://pfaffs-web.lib.lehigh.edu/gunn_transcripts/3422.txt,https://pfaffs-web.lib.lehigh.edu/gunn_transcripts/3422.txt
247524,digitalcollections:gunn_3423,https://pfaffs-web.lib.lehigh.edu/gunn_transcripts/3423.txt,https://pfaffs-web.lib.lehigh.edu/gunn_transcripts/3423.txt
247525,digitalcollections:gunn_3424,https://pfaffs-web.lib.lehigh.edu/gunn_transcripts/3424.txt,https://pfaffs-web.lib.lehigh.edu/gunn_transcripts/3424.txt
247526,digitalcollections:gunn_3425,https://pfaffs-web.lib.lehigh.edu/gunn_transcripts/3425.txt,https://pfaffs-web.lib.lehigh.edu/gunn_transcripts/3425.txt
247527,digitalcollections:gunn_3426,https://pfaffs-web.lib.lehigh.edu/gunn_transcripts/3426.txt,https://pfaffs-web.lib.lehigh.edu/gunn_transcripts/3426.txt
247528,digitalcollections:gunn_3427,https://pfaffs-web.lib.lehigh.edu/gunn_transcripts/3427.txt,https://pfaffs-web.lib.lehigh.edu/gunn_transcripts/3427.txt
247529,digitalcollections:gunn_3428,https://pfaffs-web.lib.lehigh.edu/gunn_transcripts/3428.txt,https://pfaffs-web.lib.lehigh.edu/gunn_transcripts/3428.txt
247530,digitalcollections:gunn_3516,https://pfaffs-web.lib.lehigh.edu/gunn_transcripts/3516.txt,https://pfaffs-web.lib.lehigh.edu/gunn_transcripts/3516.txt
247531,digitalcollections:gunn_3517,https://pfaffs-web.lib.lehigh.edu/gunn_transcripts/3517.txt,https://pfaffs-web.lib.lehigh.edu/gunn_transcripts/3517.txt
247532,digitalcollections:gunn_3518,https://pfaffs-web.lib.lehigh.edu/gunn_transcripts/3518.txt,https://pfaffs-web.lib.lehigh.edu/gunn_transcripts/3518.txt
247533,digitalcollections:gunn_3519,https://pfaffs-web.lib.lehigh.edu/gunn_transcripts/3519.txt,https://pfaffs-web.lib.lehigh.edu/gunn_transcripts/3519.txt
247534,digitalcollections:gunn_3520,https://pfaffs-web.lib.lehigh.edu/gunn_transcripts/3520.txt,https://pfaffs-web.lib.lehigh.edu/gunn_transcripts/3520.txt
247535,digitalcollections:gunn_3521,https://pfaffs-web.lib.lehigh.edu/gunn_transcripts/3521.txt,https://pfaffs-web.lib.lehigh.edu/gunn_transcripts/3521.txt
247536,digitalcollections:gunn_3522,https://pfaffs-web.lib.lehigh.edu/gunn_transcripts/3522.txt,https://pfaffs-web.lib.lehigh.edu/gunn_transcripts/3522.txt
247537,digitalcollections:gunn_3501,https://pfaffs-web.lib.lehigh.edu/gunn_transcripts/3501.txt,https://pfaffs-web.lib.lehigh.edu/gunn_transcripts/3501.txt
247538,digitalcollections:gunn_3502,https://pfaffs-web.lib.lehigh.edu/gunn_transcripts/3502.txt,https://pfaffs-web.lib.lehigh.edu/gunn_transcripts/3502.txt
247539,digitalcollections:gunn_3503,https://pfaffs-web.lib.lehigh.edu/gunn_transcripts/3503.txt,https://pfaffs-web.lib.lehigh.edu/gunn_transcripts/3503.txt
247540,digitalcollections:gunn_3504,https://pfaffs-web.lib.lehigh.edu/gunn_transcripts/3504.txt,https://pfaffs-web.lib.lehigh.edu/gunn_transcripts/3504.txt
247541,digitalcollections:gunn_3505,https://pfaffs-web.lib.lehigh.edu/gunn_transcripts/3505.txt,https://pfaffs-web.lib.lehigh.edu/gunn_transcripts/3505.txt
247542,digitalcollections:gunn_3506,https://pfaffs-web.lib.lehigh.edu/gunn_transcripts/3506.txt,https://pfaffs-web.lib.lehigh.edu/gunn_transcripts/3506.txt
247543,digitalcollections:gunn_3507,https://pfaffs-web.lib.lehigh.edu/gunn_transcripts/3507.txt,https://pfaffs-web.lib.lehigh.edu/gunn_transcripts/3507.txt
247544,digitalcollections:gunn_3508,https://pfaffs-web.lib.lehigh.edu/gunn_transcripts/3508.txt,https://pfaffs-web.lib.lehigh.edu/gunn_transcripts/3508.txt
247545,digitalcollections:gunn_3540,https://pfaffs-web.lib.lehigh.edu/gunn_transcripts/3540.txt,https://pfaffs-web.lib.lehigh.edu/gunn_transcripts/3540.txt
247546,digitalcollections:gunn_3541,https://pfaffs-web.lib.lehigh.edu/gunn_transcripts/3541.txt,https://pfaffs-web.lib.lehigh.edu/gunn_transcripts/3541.txt
247547,digitalcollections:gunn_3542,https://pfaffs-web.lib.lehigh.edu/gunn_transcripts/3542.txt,https://pfaffs-web.lib.lehigh.edu/gunn_transcripts/3542.txt
247548,digitalcollections:gunn_3543,https://pfaffs-web.lib.lehigh.edu/gunn_transcripts/3543.txt,https://pfaffs-web.lib.lehigh.edu/gunn_transcripts/3543.txt
247549,digitalcollections:gunn_3544,https://pfaffs-web.lib.lehigh.edu/gunn_transcripts/3544.txt,https://pfaffs-web.lib.lehigh.edu/gunn_transcripts/3544.txt
247550,digitalcollections:gunn_3545,https://pfaffs-web.lib.lehigh.edu/gunn_transcripts/3545.txt,https://pfaffs-web.lib.lehigh.edu/gunn_transcripts/3545.txt
247551,digitalcollections:gunn_3546,https://pfaffs-web.lib.lehigh.edu/gunn_transcripts/3546.txt,https://pfaffs-web.lib.lehigh.edu/gunn_transcripts/3546.txt
247552,digitalcollections:gunn_3547,https://pfaffs-web.lib.lehigh.edu/gunn_transcripts/3547.txt,https://pfaffs-web.lib.lehigh.edu/gunn_transcripts/3547.txt
247553,digitalcollections:gunn_4172,https://pfaffs-web.lib.lehigh.edu/gunn_transcripts/4172.txt,https://pfaffs-web.lib.lehigh.edu/gunn_transcripts/4172.txt
247554,digitalcollections:gunn_4173,https://pfaffs-web.lib.lehigh.edu/gunn_transcripts/4173.txt,https://pfaffs-web.lib.lehigh.edu/gunn_transcripts/4173.txt
247555,digitalcollections:gunn_4174,https://pfaffs-web.lib.lehigh.edu/gunn_transcripts/4174.txt,https://pfaffs-web.lib.lehigh.edu/gunn_transcripts/4174.txt
247556,digitalcollections:gunn_4175,https://pfaffs-web.lib.lehigh.edu/gunn_transcripts/4175.txt,https://pfaffs-web.lib.lehigh.edu/gunn_transcripts/4175.txt
247557,digitalcollections:gunn_4176,https://pfaffs-web.lib.lehigh.edu/gunn_transcripts/4176.txt,https://pfaffs-web.lib.lehigh.edu/gunn_transcripts/4176.txt
247558,digitalcollections:gunn_4177,https://pfaffs-web.lib.lehigh.edu/gunn_transcripts/4177.txt,https://pfaffs-web.lib.lehigh.edu/gunn_transcripts/4177.txt
247559,digitalcollections:gunn_4178,https://pfaffs-web.lib.lehigh.edu/gunn_transcripts/4178.txt,https://pfaffs-web.lib.lehigh.edu/gunn_transcripts/4178.txt
247560,digitalcollections:gunn_4179,https://pfaffs-web.lib.lehigh.edu/gunn_transcripts/4179.txt,https://pfaffs-web.lib.lehigh.edu/gunn_transcripts/4179.txt
247561,digitalcollections:gunn_4138,https://pfaffs-web.lib.lehigh.edu/gunn_transcripts/4138.txt,https://pfaffs-web.lib.lehigh.edu/gunn_transcripts/4138.txt
247562,digitalcollections:gunn_4139,https://pfaffs-web.lib.lehigh.edu/gunn_transcripts/4139.txt,https://pfaffs-web.lib.lehigh.edu/gunn_transcripts/4139.txt
247563,digitalcollections:gunn_4140,https://pfaffs-web.lib.lehigh.edu/gunn_transcripts/4140.txt,https://pfaffs-web.lib.lehigh.edu/gunn_transcripts/4140.txt
247564,digitalcollections:gunn_4141,https://pfaffs-web.lib.lehigh.edu/gunn_transcripts/4141.txt,https://pfaffs-web.lib.lehigh.edu/gunn_transcripts/4141.txt
247565,digitalcollections:gunn_4142,https://pfaffs-web.lib.lehigh.edu/gunn_transcripts/4142.txt,https://pfaffs-web.lib.lehigh.edu/gunn_transcripts/4142.txt
247566,digitalcollections:gunn_4143,https://pfaffs-web.lib.lehigh.edu/gunn_transcripts/4143.txt,https://pfaffs-web.lib.lehigh.edu/gunn_transcripts/4143.txt
247567,digitalcollections:gunn_4130,https://pfaffs-web.lib.lehigh.edu/gunn_transcripts/4130.txt,https://pfaffs-web.lib.lehigh.edu/gunn_transcripts/4130.txt
247568,digitalcollections:gunn_4131,https://pfaffs-web.lib.lehigh.edu/gunn_transcripts/4131.txt,https://pfaffs-web.lib.lehigh.edu/gunn_transcripts/4131.txt
247569,digitalcollections:gunn_4132,https://pfaffs-web.lib.lehigh.edu/gunn_transcripts/4132.txt,https://pfaffs-web.lib.lehigh.edu/gunn_transcripts/4132.txt
247570,digitalcollections:gunn_4133,https://pfaffs-web.lib.lehigh.edu/gunn_transcripts/4133.txt,https://pfaffs-web.lib.lehigh.edu/gunn_transcripts/4133.txt
247571,digitalcollections:gunn_4134,https://pfaffs-web.lib.lehigh.edu/gunn_transcripts/4134.txt,https://pfaffs-web.lib.lehigh.edu/gunn_transcripts/4134.txt
247572,digitalcollections:gunn_4135,https://pfaffs-web.lib.lehigh.edu/gunn_transcripts/4135.txt,https://pfaffs-web.lib.lehigh.edu/gunn_transcripts/4135.txt
247573,digitalcollections:gunn_4136,https://pfaffs-web.lib.lehigh.edu/gunn_transcripts/4136.txt,https://pfaffs-web.lib.lehigh.edu/gunn_transcripts/4136.txt
247574,digitalcollections:gunn_4137,https://pfaffs-web.lib.lehigh.edu/gunn_transcripts/4137.txt,https://pfaffs-web.lib.lehigh.edu/gunn_transcripts/4137.txt
247575,digitalcollections:gunn_4158,https://pfaffs-web.lib.lehigh.edu/gunn_transcripts/4158.txt,https://pfaffs-web.lib.lehigh.edu/gunn_transcripts/4158.txt
247576,digitalcollections:gunn_4159,https://pfaffs-web.lib.lehigh.edu/gunn_transcripts/4159.txt,https://pfaffs-web.lib.lehigh.edu/gunn_transcripts/4159.txt
247577,digitalcollections:gunn_4160,https://pfaffs-web.lib.lehigh.edu/gunn_transcripts/4160.txt,https://pfaffs-web.lib.lehigh.edu/gunn_transcripts/4160.txt
247578,digitalcollections:gunn_4161,https://pfaffs-web.lib.lehigh.edu/gunn_transcripts/4161.txt,https://pfaffs-web.lib.lehigh.edu/gunn_transcripts/4161.txt
247579,digitalcollections:gunn_4162,https://pfaffs-web.lib.lehigh.edu/gunn_transcripts/4162.txt,https://pfaffs-web.lib.lehigh.edu/gunn_transcripts/4162.txt
247580,digitalcollections:gunn_4163,https://pfaffs-web.lib.lehigh.edu/gunn_transcripts/4163.txt,https://pfaffs-web.lib.lehigh.edu/gunn_transcripts/4163.txt
247581,digitalcollections:gunn_4164,https://pfaffs-web.lib.lehigh.edu/gunn_transcripts/4164.txt,https://pfaffs-web.lib.lehigh.edu/gunn_transcripts/4164.txt
247582,digitalcollections:gunn_4165,https://pfaffs-web.lib.lehigh.edu/gunn_transcripts/4165.txt,https://pfaffs-web.lib.lehigh.edu/gunn_transcripts/4165.txt
247583,digitalcollections:gunn_4166,https://pfaffs-web.lib.lehigh.edu/gunn_transcripts/4166.txt,https://pfaffs-web.lib.lehigh.edu/gunn_transcripts/4166.txt
247584,digitalcollections:gunn_4167,https://pfaffs-web.lib.lehigh.edu/gunn_transcripts/4167.txt,https://pfaffs-web.lib.lehigh.edu/gunn_transcripts/4167.txt
247585,digitalcollections:gunn_4168,https://pfaffs-web.lib.lehigh.edu/gunn_transcripts/4168.txt,https://pfaffs-web.lib.lehigh.edu/gunn_transcripts/4168.txt
247586,digitalcollections:gunn_4169,https://pfaffs-web.lib.lehigh.edu/gunn_transcripts/4169.txt,https://pfaffs-web.lib.lehigh.edu/gunn_transcripts/4169.txt
247587,digitalcollections:gunn_4170,https://pfaffs-web.lib.lehigh.edu/gunn_transcripts/4170.txt,https://pfaffs-web.lib.lehigh.edu/gunn_transcripts/4170.txt
247588,digitalcollections:gunn_4171,https://pfaffs-web.lib.lehigh.edu/gunn_transcripts/4171.txt,https://pfaffs-web.lib.lehigh.edu/gunn_transcripts/4171.txt
247589,digitalcollections:gunn_4151,https://pfaffs-web.lib.lehigh.edu/gunn_transcripts/4151.txt,https://pfaffs-web.lib.lehigh.edu/gunn_transcripts/4151.txt
247590,digitalcollections:gunn_4152,https://pfaffs-web.lib.lehigh.edu/gunn_transcripts/4152.txt,https://pfaffs-web.lib.lehigh.edu/gunn_transcripts/4152.txt
247591,digitalcollections:gunn_4153,https://pfaffs-web.lib.lehigh.edu/gunn_transcripts/4153.txt,https://pfaffs-web.lib.lehigh.edu/gunn_transcripts/4153.txt
247592,digitalcollections:gunn_4154,https://pfaffs-web.lib.lehigh.edu/gunn_transcripts/4154.txt,https://pfaffs-web.lib.lehigh.edu/gunn_transcripts/4154.txt
247593,digitalcollections:gunn_4155,https://pfaffs-web.lib.lehigh.edu/gunn_transcripts/4155.txt,https://pfaffs-web.lib.lehigh.edu/gunn_transcripts/4155.txt
247594,digitalcollections:gunn_4156,https://pfaffs-web.lib.lehigh.edu/gunn_transcripts/4156.txt,https://pfaffs-web.lib.lehigh.edu/gunn_transcripts/4156.txt
247595,digitalcollections:gunn_4157,https://pfaffs-web.lib.lehigh.edu/gunn_transcripts/4157.txt,https://pfaffs-web.lib.lehigh.edu/gunn_transcripts/4157.txt
247596,digitalcollections:gunn_4180,https://pfaffs-web.lib.lehigh.edu/gunn_transcripts/4180.txt,https://pfaffs-web.lib.lehigh.edu/gunn_transcripts/4180.txt
247597,digitalcollections:gunn_4181,https://pfaffs-web.lib.lehigh.edu/gunn_transcripts/4181.txt,https://pfaffs-web.lib.lehigh.edu/gunn_transcripts/4181.txt
247598,digitalcollections:gunn_4182,https://pfaffs-web.lib.lehigh.edu/gunn_transcripts/4182.txt,https://pfaffs-web.lib.lehigh.edu/gunn_transcripts/4182.txt
247599,digitalcollections:gunn_4183,https://pfaffs-web.lib.lehigh.edu/gunn_transcripts/4183.txt,https://pfaffs-web.lib.lehigh.edu/gunn_transcripts/4183.txt
247600,digitalcollections:gunn_4184,https://pfaffs-web.lib.lehigh.edu/gunn_transcripts/4184.txt,https://pfaffs-web.lib.lehigh.edu/gunn_transcripts/4184.txt
247601,digitalcollections:gunn_4185,https://pfaffs-web.lib.lehigh.edu/gunn_transcripts/4185.txt,https://pfaffs-web.lib.lehigh.edu/gunn_transcripts/4185.txt
247602,digitalcollections:gunn_4186,https://pfaffs-web.lib.lehigh.edu/gunn_transcripts/4186.txt,https://pfaffs-web.lib.lehigh.edu/gunn_transcripts/4186.txt
247603,digitalcollections:gunn_4144,https://pfaffs-web.lib.lehigh.edu/gunn_transcripts/4144.txt,https://pfaffs-web.lib.lehigh.edu/gunn_transcripts/4144.txt
247604,digitalcollections:gunn_4145,https://pfaffs-web.lib.lehigh.edu/gunn_transcripts/4145.txt,https://pfaffs-web.lib.lehigh.edu/gunn_transcripts/4145.txt
247605,digitalcollections:gunn_4146,https://pfaffs-web.lib.lehigh.edu/gunn_transcripts/4146.txt,https://pfaffs-web.lib.lehigh.edu/gunn_transcripts/4146.txt
247606,digitalcollections:gunn_4147,https://pfaffs-web.lib.lehigh.edu/gunn_transcripts/4147.txt,https://pfaffs-web.lib.lehigh.edu/gunn_transcripts/4147.txt
247607,digitalcollections:gunn_4148,https://pfaffs-web.lib.lehigh.edu/gunn_transcripts/4148.txt,https://pfaffs-web.lib.lehigh.edu/gunn_transcripts/4148.txt
247608,digitalcollections:gunn_4149,https://pfaffs-web.lib.lehigh.edu/gunn_transcripts/4149.txt,https://pfaffs-web.lib.lehigh.edu/gunn_transcripts/4149.txt
247609,digitalcollections:gunn_4150,https://pfaffs-web.lib.lehigh.edu/gunn_transcripts/4150.txt,https://pfaffs-web.lib.lehigh.edu/gunn_transcripts/4150.txt
247610,digitalcollections:gunn_4187,https://pfaffs-web.lib.lehigh.edu/gunn_transcripts/4187.txt,https://pfaffs-web.lib.lehigh.edu/gunn_transcripts/4187.txt
247611,digitalcollections:gunn_4093,https://pfaffs-web.lib.lehigh.edu/gunn_transcripts/4093.txt,https://pfaffs-web.lib.lehigh.edu/gunn_transcripts/4093.txt
247612,digitalcollections:gunn_4231,https://pfaffs-web.lib.lehigh.edu/gunn_transcripts/4231.txt,https://pfaffs-web.lib.lehigh.edu/gunn_transcripts/4231.txt
247613,digitalcollections:gunn_4232,https://pfaffs-web.lib.lehigh.edu/gunn_transcripts/4232.txt,https://pfaffs-web.lib.lehigh.edu/gunn_transcripts/4232.txt
247614,digitalcollections:gunn_4233,https://pfaffs-web.lib.lehigh.edu/gunn_transcripts/4233.txt,https://pfaffs-web.lib.lehigh.edu/gunn_transcripts/4233.txt
247615,digitalcollections:gunn_4234,https://pfaffs-web.lib.lehigh.edu/gunn_transcripts/4234.txt,https://pfaffs-web.lib.lehigh.edu/gunn_transcripts/4234.txt
247616,digitalcollections:gunn_4235,https://pfaffs-web.lib.lehigh.edu/gunn_transcripts/4235.txt,https://pfaffs-web.lib.lehigh.edu/gunn_transcripts/4235.txt
247617,digitalcollections:gunn_4236,https://pfaffs-web.lib.lehigh.edu/gunn_transcripts/4236.txt,https://pfaffs-web.lib.lehigh.edu/gunn_transcripts/4236.txt
247618,digitalcollections:gunn_4237,https://pfaffs-web.lib.lehigh.edu/gunn_transcripts/4237.txt,https://pfaffs-web.lib.lehigh.edu/gunn_transcripts/4237.txt
247619,digitalcollections:gunn_4238,https://pfaffs-web.lib.lehigh.edu/gunn_transcripts/4238.txt,https://pfaffs-web.lib.lehigh.edu/gunn_transcripts/4238.txt
247620,digitalcollections:gunn_4192,https://pfaffs-web.lib.lehigh.edu/gunn_transcripts/4192.txt,https://pfaffs-web.lib.lehigh.edu/gunn_transcripts/4192.txt
247621,digitalcollections:gunn_4193,https://pfaffs-web.lib.lehigh.edu/gunn_transcripts/4193.txt,https://pfaffs-web.lib.lehigh.edu/gunn_transcripts/4193.txt
247622,digitalcollections:gunn_4194,https://pfaffs-web.lib.lehigh.edu/gunn_transcripts/4194.txt,https://pfaffs-web.lib.lehigh.edu/gunn_transcripts/4194.txt
247623,digitalcollections:gunn_4195,https://pfaffs-web.lib.lehigh.edu/gunn_transcripts/4195.txt,https://pfaffs-web.lib.lehigh.edu/gunn_transcripts/4195.txt
247624,digitalcollections:gunn_4196,https://pfaffs-web.lib.lehigh.edu/gunn_transcripts/4196.txt,https://pfaffs-web.lib.lehigh.edu/gunn_transcripts/4196.txt
247625,digitalcollections:gunn_4197,https://pfaffs-web.lib.lehigh.edu/gunn_transcripts/4197.txt,https://pfaffs-web.lib.lehigh.edu/gunn_transcripts/4197.txt
247626,digitalcollections:gunn_4198,https://pfaffs-web.lib.lehigh.edu/gunn_transcripts/4198.txt,https://pfaffs-web.lib.lehigh.edu/gunn_transcripts/4198.txt
247627,digitalcollections:gunn_4199,https://pfaffs-web.lib.lehigh.edu/gunn_transcripts/4199.txt,https://pfaffs-web.lib.lehigh.edu/gunn_transcripts/4199.txt
247628,digitalcollections:gunn_4239,https://pfaffs-web.lib.lehigh.edu/gunn_transcripts/4239.txt,https://pfaffs-web.lib.lehigh.edu/gunn_transcripts/4239.txt
247629,digitalcollections:gunn_4240,https://pfaffs-web.lib.lehigh.edu/gunn_transcripts/4240.txt,https://pfaffs-web.lib.lehigh.edu/gunn_transcripts/4240.txt
247630,digitalcollections:gunn_4241,https://pfaffs-web.lib.lehigh.edu/gunn_transcripts/4241.txt,https://pfaffs-web.lib.lehigh.edu/gunn_transcripts/4241.txt
247631,digitalcollections:gunn_4242,https://pfaffs-web.lib.lehigh.edu/gunn_transcripts/4242.txt,https://pfaffs-web.lib.lehigh.edu/gunn_transcripts/4242.txt
247632,digitalcollections:gunn_4243,https://pfaffs-web.lib.lehigh.edu/gunn_transcripts/4243.txt,https://pfaffs-web.lib.lehigh.edu/gunn_transcripts/4243.txt
247633,digitalcollections:gunn_4244,https://pfaffs-web.lib.lehigh.edu/gunn_transcripts/4244.txt,https://pfaffs-web.lib.lehigh.edu/gunn_transcripts/4244.txt
247634,digitalcollections:gunn_4245,https://pfaffs-web.lib.lehigh.edu/gunn_transcripts/4245.txt,https://pfaffs-web.lib.lehigh.edu/gunn_transcripts/4245.txt
247635,digitalcollections:gunn_4224,https://pfaffs-web.lib.lehigh.edu/gunn_transcripts/4224.txt,https://pfaffs-web.lib.lehigh.edu/gunn_transcripts/4224.txt
247636,digitalcollections:gunn_4225,https://pfaffs-web.lib.lehigh.edu/gunn_transcripts/4225.txt,https://pfaffs-web.lib.lehigh.edu/gunn_transcripts/4225.txt
247637,digitalcollections:gunn_4226,https://pfaffs-web.lib.lehigh.edu/gunn_transcripts/4226.txt,https://pfaffs-web.lib.lehigh.edu/gunn_transcripts/4226.txt
247638,digitalcollections:gunn_4227,https://pfaffs-web.lib.lehigh.edu/gunn_transcripts/4227.txt,https://pfaffs-web.lib.lehigh.edu/gunn_transcripts/4227.txt
247639,digitalcollections:gunn_4228,https://pfaffs-web.lib.lehigh.edu/gunn_transcripts/4228.txt,https://pfaffs-web.lib.lehigh.edu/gunn_transcripts/4228.txt
247640,digitalcollections:gunn_4229,https://pfaffs-web.lib.lehigh.edu/gunn_transcripts/4229.txt,https://pfaffs-web.lib.lehigh.edu/gunn_transcripts/4229.txt
247641,digitalcollections:gunn_4230,https://pfaffs-web.lib.lehigh.edu/gunn_transcripts/4230.txt,https://pfaffs-web.lib.lehigh.edu/gunn_transcripts/4230.txt
247642,digitalcollections:gunn_4216,https://pfaffs-web.lib.lehigh.edu/gunn_transcripts/4216.txt,https://pfaffs-web.lib.lehigh.edu/gunn_transcripts/4216.txt
247643,digitalcollections:gunn_4217,https://pfaffs-web.lib.lehigh.edu/gunn_transcripts/4217.txt,https://pfaffs-web.lib.lehigh.edu/gunn_transcripts/4217.txt
247644,digitalcollections:gunn_4218,https://pfaffs-web.lib.lehigh.edu/gunn_transcripts/4218.txt,https://pfaffs-web.lib.lehigh.edu/gunn_transcripts/4218.txt
247645,digitalcollections:gunn_4219,https://pfaffs-web.lib.lehigh.edu/gunn_transcripts/4219.txt,https://pfaffs-web.lib.lehigh.edu/gunn_transcripts/4219.txt
247646,digitalcollections:gunn_4220,https://pfaffs-web.lib.lehigh.edu/gunn_transcripts/4220.txt,https://pfaffs-web.lib.lehigh.edu/gunn_transcripts/4220.txt
247647,digitalcollections:gunn_4221,https://pfaffs-web.lib.lehigh.edu/gunn_transcripts/4221.txt,https://pfaffs-web.lib.lehigh.edu/gunn_transcripts/4221.txt
247648,digitalcollections:gunn_4222,https://pfaffs-web.lib.lehigh.edu/gunn_transcripts/4222.txt,https://pfaffs-web.lib.lehigh.edu/gunn_transcripts/4222.txt
247649,digitalcollections:gunn_4223,https://pfaffs-web.lib.lehigh.edu/gunn_transcripts/4223.txt,https://pfaffs-web.lib.lehigh.edu/gunn_transcripts/4223.txt
247650,digitalcollections:gunn_4208,https://pfaffs-web.lib.lehigh.edu/gunn_transcripts/4208.txt,https://pfaffs-web.lib.lehigh.edu/gunn_transcripts/4208.txt
247651,digitalcollections:gunn_4209,https://pfaffs-web.lib.lehigh.edu/gunn_transcripts/4209.txt,https://pfaffs-web.lib.lehigh.edu/gunn_transcripts/4209.txt
247652,digitalcollections:gunn_4210,https://pfaffs-web.lib.lehigh.edu/gunn_transcripts/4210.txt,https://pfaffs-web.lib.lehigh.edu/gunn_transcripts/4210.txt
247653,digitalcollections:gunn_4211,https://pfaffs-web.lib.lehigh.edu/gunn_transcripts/4211.txt,https://pfaffs-web.lib.lehigh.edu/gunn_transcripts/4211.txt
247654,digitalcollections:gunn_4212,https://pfaffs-web.lib.lehigh.edu/gunn_transcripts/4212.txt,https://pfaffs-web.lib.lehigh.edu/gunn_transcripts/4212.txt
247655,digitalcollections:gunn_4213,https://pfaffs-web.lib.lehigh.edu/gunn_transcripts/4213.txt,https://pfaffs-web.lib.lehigh.edu/gunn_transcripts/4213.txt
247656,digitalcollections:gunn_4214,https://pfaffs-web.lib.lehigh.edu/gunn_transcripts/4214.txt,https://pfaffs-web.lib.lehigh.edu/gunn_transcripts/4214.txt
247657,digitalcollections:gunn_4215,https://pfaffs-web.lib.lehigh.edu/gunn_transcripts/4215.txt,https://pfaffs-web.lib.lehigh.edu/gunn_transcripts/4215.txt
247658,digitalcollections:gunn_4200,https://pfaffs-web.lib.lehigh.edu/gunn_transcripts/4200.txt,https://pfaffs-web.lib.lehigh.edu/gunn_transcripts/4200.txt
247659,digitalcollections:gunn_4201,https://pfaffs-web.lib.lehigh.edu/gunn_transcripts/4201.txt,https://pfaffs-web.lib.lehigh.edu/gunn_transcripts/4201.txt
247660,digitalcollections:gunn_4202,https://pfaffs-web.lib.lehigh.edu/gunn_transcripts/4202.txt,https://pfaffs-web.lib.lehigh.edu/gunn_transcripts/4202.txt
247661,digitalcollections:gunn_4203,https://pfaffs-web.lib.lehigh.edu/gunn_transcripts/4203.txt,https://pfaffs-web.lib.lehigh.edu/gunn_transcripts/4203.txt
247662,digitalcollections:gunn_4204,https://pfaffs-web.lib.lehigh.edu/gunn_transcripts/4204.txt,https://pfaffs-web.lib.lehigh.edu/gunn_transcripts/4204.txt
247663,digitalcollections:gunn_4205,https://pfaffs-web.lib.lehigh.edu/gunn_transcripts/4205.txt,https://pfaffs-web.lib.lehigh.edu/gunn_transcripts/4205.txt
247664,digitalcollections:gunn_4206,https://pfaffs-web.lib.lehigh.edu/gunn_transcripts/4206.txt,https://pfaffs-web.lib.lehigh.edu/gunn_transcripts/4206.txt
247665,digitalcollections:gunn_4207,https://pfaffs-web.lib.lehigh.edu/gunn_transcripts/4207.txt,https://pfaffs-web.lib.lehigh.edu/gunn_transcripts/4207.txt
247666,digitalcollections:gunn_4246,https://pfaffs-web.lib.lehigh.edu/gunn_transcripts/4246.txt,https://pfaffs-web.lib.lehigh.edu/gunn_transcripts/4246.txt
247667,digitalcollections:gunn_4247,https://pfaffs-web.lib.lehigh.edu/gunn_transcripts/4247.txt,https://pfaffs-web.lib.lehigh.edu/gunn_transcripts/4247.txt
247668,digitalcollections:gunn_4248,https://pfaffs-web.lib.lehigh.edu/gunn_transcripts/4248.txt,https://pfaffs-web.lib.lehigh.edu/gunn_transcripts/4248.txt
247669,digitalcollections:gunn_4249,https://pfaffs-web.lib.lehigh.edu/gunn_transcripts/4249.txt,https://pfaffs-web.lib.lehigh.edu/gunn_transcripts/4249.txt
247670,digitalcollections:gunn_4250,https://pfaffs-web.lib.lehigh.edu/gunn_transcripts/4250.txt,https://pfaffs-web.lib.lehigh.edu/gunn_transcripts/4250.txt
247671,digitalcollections:gunn_4251,https://pfaffs-web.lib.lehigh.edu/gunn_transcripts/4251.txt,https://pfaffs-web.lib.lehigh.edu/gunn_transcripts/4251.txt
247672,digitalcollections:gunn_4188,https://pfaffs-web.lib.lehigh.edu/gunn_transcripts/4188.txt,https://pfaffs-web.lib.lehigh.edu/gunn_transcripts/4188.txt
247673,digitalcollections:gunn_4189,https://pfaffs-web.lib.lehigh.edu/gunn_transcripts/4189.txt,https://pfaffs-web.lib.lehigh.edu/gunn_transcripts/4189.txt
247674,digitalcollections:gunn_4190,https://pfaffs-web.lib.lehigh.edu/gunn_transcripts/4190.txt,https://pfaffs-web.lib.lehigh.edu/gunn_transcripts/4190.txt
247675,digitalcollections:gunn_4191,https://pfaffs-web.lib.lehigh.edu/gunn_transcripts/4191.txt,https://pfaffs-web.lib.lehigh.edu/gunn_transcripts/4191.txt
247676,digitalcollections:gunn_4295,https://pfaffs-web.lib.lehigh.edu/gunn_transcripts/4295.txt,https://pfaffs-web.lib.lehigh.edu/gunn_transcripts/4295.txt
247677,digitalcollections:gunn_4296,https://pfaffs-web.lib.lehigh.edu/gunn_transcripts/4296.txt,https://pfaffs-web.lib.lehigh.edu/gunn_transcripts/4296.txt
247678,digitalcollections:gunn_4297,https://pfaffs-web.lib.lehigh.edu/gunn_transcripts/4297.txt,https://pfaffs-web.lib.lehigh.edu/gunn_transcripts/4297.txt
247679,digitalcollections:gunn_4298,https://pfaffs-web.lib.lehigh.edu/gunn_transcripts/4298.txt,https://pfaffs-web.lib.lehigh.edu/gunn_transcripts/4298.txt
247680,digitalcollections:gunn_4299,https://pfaffs-web.lib.lehigh.edu/gunn_transcripts/4299.txt,https://pfaffs-web.lib.lehigh.edu/gunn_transcripts/4299.txt
247681,digitalcollections:gunn_4300,https://pfaffs-web.lib.lehigh.edu/gunn_transcripts/4300.txt,https://pfaffs-web.lib.lehigh.edu/gunn_transcripts/4300.txt
247682,digitalcollections:gunn_4301,https://pfaffs-web.lib.lehigh.edu/gunn_transcripts/4301.txt,https://pfaffs-web.lib.lehigh.edu/gunn_transcripts/4301.txt
247683,digitalcollections:gunn_4282,https://pfaffs-web.lib.lehigh.edu/gunn_transcripts/4282.txt,https://pfaffs-web.lib.lehigh.edu/gunn_transcripts/4282.txt
247684,digitalcollections:gunn_4283,https://pfaffs-web.lib.lehigh.edu/gunn_transcripts/4283.txt,https://pfaffs-web.lib.lehigh.edu/gunn_transcripts/4283.txt
247685,digitalcollections:gunn_4284,https://pfaffs-web.lib.lehigh.edu/gunn_transcripts/4284.txt,https://pfaffs-web.lib.lehigh.edu/gunn_transcripts/4284.txt
247686,digitalcollections:gunn_4285,https://pfaffs-web.lib.lehigh.edu/gunn_transcripts/4285.txt,https://pfaffs-web.lib.lehigh.edu/gunn_transcripts/4285.txt
247687,digitalcollections:gunn_4286,https://pfaffs-web.lib.lehigh.edu/gunn_transcripts/4286.txt,https://pfaffs-web.lib.lehigh.edu/gunn_transcripts/4286.txt
247688,digitalcollections:gunn_4287,https://pfaffs-web.lib.lehigh.edu/gunn_transcripts/4287.txt,https://pfaffs-web.lib.lehigh.edu/gunn_transcripts/4287.txt
247689,digitalcollections:gunn_4288,https://pfaffs-web.lib.lehigh.edu/gunn_transcripts/4288.txt,https://pfaffs-web.lib.lehigh.edu/gunn_transcripts/4288.txt
247690,digitalcollections:gunn_4260,https://pfaffs-web.lib.lehigh.edu/gunn_transcripts/4260.txt,https://pfaffs-web.lib.lehigh.edu/gunn_transcripts/4260.txt
247691,digitalcollections:gunn_4261,https://pfaffs-web.lib.lehigh.edu/gunn_transcripts/4261.txt,https://pfaffs-web.lib.lehigh.edu/gunn_transcripts/4261.txt
247692,digitalcollections:gunn_4262,https://pfaffs-web.lib.lehigh.edu/gunn_transcripts/4262.txt,https://pfaffs-web.lib.lehigh.edu/gunn_transcripts/4262.txt
247693,digitalcollections:gunn_4263,https://pfaffs-web.lib.lehigh.edu/gunn_transcripts/4263.txt,https://pfaffs-web.lib.lehigh.edu/gunn_transcripts/4263.txt
247694,digitalcollections:gunn_4264,https://pfaffs-web.lib.lehigh.edu/gunn_transcripts/4264.txt,https://pfaffs-web.lib.lehigh.edu/gunn_transcripts/4264.txt
247695,digitalcollections:gunn_4265,https://pfaffs-web.lib.lehigh.edu/gunn_transcripts/4265.txt,https://pfaffs-web.lib.lehigh.edu/gunn_transcripts/4265.txt
247696,digitalcollections:gunn_4266,https://pfaffs-web.lib.lehigh.edu/gunn_transcripts/4266.txt,https://pfaffs-web.lib.lehigh.edu/gunn_transcripts/4266.txt
247697,digitalcollections:gunn_4267,https://pfaffs-web.lib.lehigh.edu/gunn_transcripts/4267.txt,https://pfaffs-web.lib.lehigh.edu/gunn_transcripts/4267.txt
247698,digitalcollections:gunn_4252,https://pfaffs-web.lib.lehigh.edu/gunn_transcripts/4252.txt,https://pfaffs-web.lib.lehigh.edu/gunn_transcripts/4252.txt
247699,digitalcollections:gunn_4253,https://pfaffs-web.lib.lehigh.edu/gunn_transcripts/4253.txt,https://pfaffs-web.lib.lehigh.edu/gunn_transcripts/4253.txt
247700,digitalcollections:gunn_4254,https://pfaffs-web.lib.lehigh.edu/gunn_transcripts/4254.txt,https://pfaffs-web.lib.lehigh.edu/gunn_transcripts/4254.txt
247701,digitalcollections:gunn_4255,https://pfaffs-web.lib.lehigh.edu/gunn_transcripts/4255.txt,https://pfaffs-web.lib.lehigh.edu/gunn_transcripts/4255.txt
247702,digitalcollections:gunn_4256,https://pfaffs-web.lib.lehigh.edu/gunn_transcripts/4256.txt,https://pfaffs-web.lib.lehigh.edu/gunn_transcripts/4256.txt
247703,digitalcollections:gunn_4257,https://pfaffs-web.lib.lehigh.edu/gunn_transcripts/4257.txt,https://pfaffs-web.lib.lehigh.edu/gunn_transcripts/4257.txt
247704,digitalcollections:gunn_4258,https://pfaffs-web.lib.lehigh.edu/gunn_transcripts/4258.txt,https://pfaffs-web.lib.lehigh.edu/gunn_transcripts/4258.txt
247705,digitalcollections:gunn_4259,https://pfaffs-web.lib.lehigh.edu/gunn_transcripts/4259.txt,https://pfaffs-web.lib.lehigh.edu/gunn_transcripts/4259.txt
247706,digitalcollections:gunn_4289,https://pfaffs-web.lib.lehigh.edu/gunn_transcripts/4289.txt,https://pfaffs-web.lib.lehigh.edu/gunn_transcripts/4289.txt
247707,digitalcollections:gunn_4290,https://pfaffs-web.lib.lehigh.edu/gunn_transcripts/4290.txt,https://pfaffs-web.lib.lehigh.edu/gunn_transcripts/4290.txt
247708,digitalcollections:gunn_4291,https://pfaffs-web.lib.lehigh.edu/gunn_transcripts/4291.txt,https://pfaffs-web.lib.lehigh.edu/gunn_transcripts/4291.txt
247709,digitalcollections:gunn_4292,https://pfaffs-web.lib.lehigh.edu/gunn_transcripts/4292.txt,https://pfaffs-web.lib.lehigh.edu/gunn_transcripts/4292.txt
247710,digitalcollections:gunn_4293,https://pfaffs-web.lib.lehigh.edu/gunn_transcripts/4293.txt,https://pfaffs-web.lib.lehigh.edu/gunn_transcripts/4293.txt
247711,digitalcollections:gunn_4294,https://pfaffs-web.lib.lehigh.edu/gunn_transcripts/4294.txt,https://pfaffs-web.lib.lehigh.edu/gunn_transcripts/4294.txt
247712,digitalcollections:gunn_4268,https://pfaffs-web.lib.lehigh.edu/gunn_transcripts/4268.txt,https://pfaffs-web.lib.lehigh.edu/gunn_transcripts/4268.txt
247713,digitalcollections:gunn_4269,https://pfaffs-web.lib.lehigh.edu/gunn_transcripts/4269.txt,https://pfaffs-web.lib.lehigh.edu/gunn_transcripts/4269.txt
247714,digitalcollections:gunn_4270,https://pfaffs-web.lib.lehigh.edu/gunn_transcripts/4270.txt,https://pfaffs-web.lib.lehigh.edu/gunn_transcripts/4270.txt
247715,digitalcollections:gunn_4271,https://pfaffs-web.lib.lehigh.edu/gunn_transcripts/4271.txt,https://pfaffs-web.lib.lehigh.edu/gunn_transcripts/4271.txt
247716,digitalcollections:gunn_4272,https://pfaffs-web.lib.lehigh.edu/gunn_transcripts/4272.txt,https://pfaffs-web.lib.lehigh.edu/gunn_transcripts/4272.txt
247717,digitalcollections:gunn_4273,https://pfaffs-web.lib.lehigh.edu/gunn_transcripts/4273.txt,https://pfaffs-web.lib.lehigh.edu/gunn_transcripts/4273.txt
247718,digitalcollections:gunn_4366,https://pfaffs-web.lib.lehigh.edu/gunn_transcripts/4366.txt,https://pfaffs-web.lib.lehigh.edu/gunn_transcripts/4366.txt
247719,digitalcollections:gunn_4367,https://pfaffs-web.lib.lehigh.edu/gunn_transcripts/4367.txt,https://pfaffs-web.lib.lehigh.edu/gunn_transcripts/4367.txt
247720,digitalcollections:gunn_4368,https://pfaffs-web.lib.lehigh.edu/gunn_transcripts/4368.txt,https://pfaffs-web.lib.lehigh.edu/gunn_transcripts/4368.txt
247721,digitalcollections:gunn_4369,https://pfaffs-web.lib.lehigh.edu/gunn_transcripts/4369.txt,https://pfaffs-web.lib.lehigh.edu/gunn_transcripts/4369.txt
247722,digitalcollections:gunn_4370,https://pfaffs-web.lib.lehigh.edu/gunn_transcripts/4370.txt,https://pfaffs-web.lib.lehigh.edu/gunn_transcripts/4370.txt
247723,digitalcollections:gunn_4360,https://pfaffs-web.lib.lehigh.edu/gunn_transcripts/4360.txt,https://pfaffs-web.lib.lehigh.edu/gunn_transcripts/4360.txt
247724,digitalcollections:gunn_4361,https://pfaffs-web.lib.lehigh.edu/gunn_transcripts/4361.txt,https://pfaffs-web.lib.lehigh.edu/gunn_transcripts/4361.txt
247725,digitalcollections:gunn_4362,https://pfaffs-web.lib.lehigh.edu/gunn_transcripts/4362.txt,https://pfaffs-web.lib.lehigh.edu/gunn_transcripts/4362.txt
247726,digitalcollections:gunn_4363,https://pfaffs-web.lib.lehigh.edu/gunn_transcripts/4363.txt,https://pfaffs-web.lib.lehigh.edu/gunn_transcripts/4363.txt
247727,digitalcollections:gunn_4364,https://pfaffs-web.lib.lehigh.edu/gunn_transcripts/4364.txt,https://pfaffs-web.lib.lehigh.edu/gunn_transcripts/4364.txt
247728,digitalcollections:gunn_4365,https://pfaffs-web.lib.lehigh.edu/gunn_transcripts/4365.txt,https://pfaffs-web.lib.lehigh.edu/gunn_transcripts/4365.txt
247729,digitalcollections:gunn_4353,https://pfaffs-web.lib.lehigh.edu/gunn_transcripts/4353.txt,https://pfaffs-web.lib.lehigh.edu/gunn_transcripts/4353.txt
247730,digitalcollections:gunn_4354,https://pfaffs-web.lib.lehigh.edu/gunn_transcripts/4354.txt,https://pfaffs-web.lib.lehigh.edu/gunn_transcripts/4354.txt
247731,digitalcollections:gunn_4355,https://pfaffs-web.lib.lehigh.edu/gunn_transcripts/4355.txt,https://pfaffs-web.lib.lehigh.edu/gunn_transcripts/4355.txt
247732,digitalcollections:gunn_4356,https://pfaffs-web.lib.lehigh.edu/gunn_transcripts/4356.txt,https://pfaffs-web.lib.lehigh.edu/gunn_transcripts/4356.txt
247733,digitalcollections:gunn_4357,https://pfaffs-web.lib.lehigh.edu/gunn_transcripts/4357.txt,https://pfaffs-web.lib.lehigh.edu/gunn_transcripts/4357.txt
247734,digitalcollections:gunn_4358,https://pfaffs-web.lib.lehigh.edu/gunn_transcripts/4358.txt,https://pfaffs-web.lib.lehigh.edu/gunn_transcripts/4358.txt
247735,digitalcollections:gunn_4359,https://pfaffs-web.lib.lehigh.edu/gunn_transcripts/4359.txt,https://pfaffs-web.lib.lehigh.edu/gunn_transcripts/4359.txt
247736,digitalcollections:gunn_4331,https://pfaffs-web.lib.lehigh.edu/gunn_transcripts/4331.txt,https://pfaffs-web.lib.lehigh.edu/gunn_transcripts/4331.txt
247737,digitalcollections:gunn_4332,https://pfaffs-web.lib.lehigh.edu/gunn_transcripts/4332.txt,https://pfaffs-web.lib.lehigh.edu/gunn_transcripts/4332.txt
247738,digitalcollections:gunn_4333,https://pfaffs-web.lib.lehigh.edu/gunn_transcripts/4333.txt,https://pfaffs-web.lib.lehigh.edu/gunn_transcripts/4333.txt
247739,digitalcollections:gunn_4334,https://pfaffs-web.lib.lehigh.edu/gunn_transcripts/4334.txt,https://pfaffs-web.lib.lehigh.edu/gunn_transcripts/4334.txt
247740,digitalcollections:gunn_4335,https://pfaffs-web.lib.lehigh.edu/gunn_transcripts/4335.txt,https://pfaffs-web.lib.lehigh.edu/gunn_transcripts/4335.txt
247741,digitalcollections:gunn_4336,https://pfaffs-web.lib.lehigh.edu/gunn_transcripts/4336.txt,https://pfaffs-web.lib.lehigh.edu/gunn_transcripts/4336.txt
247742,digitalcollections:gunn_4337,https://pfaffs-web.lib.lehigh.edu/gunn_transcripts/4337.txt,https://pfaffs-web.lib.lehigh.edu/gunn_transcripts/4337.txt
247743,digitalcollections:gunn_4338,https://pfaffs-web.lib.lehigh.edu/gunn_transcripts/4338.txt,https://pfaffs-web.lib.lehigh.edu/gunn_transcripts/4338.txt
247744,digitalcollections:gunn_4339,https://pfaffs-web.lib.lehigh.edu/gunn_transcripts/4339.txt,https://pfaffs-web.lib.lehigh.edu/gunn_transcripts/4339.txt
247745,digitalcollections:gunn_4340,https://pfaffs-web.lib.lehigh.edu/gunn_transcripts/4340.txt,https://pfaffs-web.lib.lehigh.edu/gunn_transcripts/4340.txt
247746,digitalcollections:gunn_4341,https://pfaffs-web.lib.lehigh.edu/gunn_transcripts/4341.txt,https://pfaffs-web.lib.lehigh.edu/gunn_transcripts/4341.txt
247747,digitalcollections:gunn_4342,https://pfaffs-web.lib.lehigh.edu/gunn_transcripts/4342.txt,https://pfaffs-web.lib.lehigh.edu/gunn_transcripts/4342.txt
247748,digitalcollections:gunn_4343,https://pfaffs-web.lib.lehigh.edu/gunn_transcripts/4343.txt,https://pfaffs-web.lib.lehigh.edu/gunn_transcripts/4343.txt
247749,digitalcollections:gunn_4344,https://pfaffs-web.lib.lehigh.edu/gunn_transcripts/4344.txt,https://pfaffs-web.lib.lehigh.edu/gunn_transcripts/4344.txt
247750,digitalcollections:gunn_4316,https://pfaffs-web.lib.lehigh.edu/gunn_transcripts/4316.txt,https://pfaffs-web.lib.lehigh.edu/gunn_transcripts/4316.txt
247751,digitalcollections:gunn_4317,https://pfaffs-web.lib.lehigh.edu/gunn_transcripts/4317.txt,https://pfaffs-web.lib.lehigh.edu/gunn_transcripts/4317.txt
247752,digitalcollections:gunn_4318,https://pfaffs-web.lib.lehigh.edu/gunn_transcripts/4318.txt,https://pfaffs-web.lib.lehigh.edu/gunn_transcripts/4318.txt
247753,digitalcollections:gunn_4319,https://pfaffs-web.lib.lehigh.edu/gunn_transcripts/4319.txt,https://pfaffs-web.lib.lehigh.edu/gunn_transcripts/4319.txt
247754,digitalcollections:gunn_4320,https://pfaffs-web.lib.lehigh.edu/gunn_transcripts/4320.txt,https://pfaffs-web.lib.lehigh.edu/gunn_transcripts/4320.txt
247755,digitalcollections:gunn_4321,https://pfaffs-web.lib.lehigh.edu/gunn_transcripts/4321.txt,https://pfaffs-web.lib.lehigh.edu/gunn_transcripts/4321.txt
247756,digitalcollections:gunn_4322,https://pfaffs-web.lib.lehigh.edu/gunn_transcripts/4322.txt,https://pfaffs-web.lib.lehigh.edu/gunn_transcripts/4322.txt
247757,digitalcollections:gunn_4323,https://pfaffs-web.lib.lehigh.edu/gunn_transcripts/4323.txt,https://pfaffs-web.lib.lehigh.edu/gunn_transcripts/4323.txt
247758,digitalcollections:gunn_4324,https://pfaffs-web.lib.lehigh.edu/gunn_transcripts/4324.txt,https://pfaffs-web.lib.lehigh.edu/gunn_transcripts/4324.txt
247759,digitalcollections:gunn_4325,https://pfaffs-web.lib.lehigh.edu/gunn_transcripts/4325.txt,https://pfaffs-web.lib.lehigh.edu/gunn_transcripts/4325.txt
247760,digitalcollections:gunn_4326,https://pfaffs-web.lib.lehigh.edu/gunn_transcripts/4326.txt,https://pfaffs-web.lib.lehigh.edu/gunn_transcripts/4326.txt
247761,digitalcollections:gunn_4327,https://pfaffs-web.lib.lehigh.edu/gunn_transcripts/4327.txt,https://pfaffs-web.lib.lehigh.edu/gunn_transcripts/4327.txt
247762,digitalcollections:gunn_4328,https://pfaffs-web.lib.lehigh.edu/gunn_transcripts/4328.txt,https://pfaffs-web.lib.lehigh.edu/gunn_transcripts/4328.txt
247763,digitalcollections:gunn_4329,https://pfaffs-web.lib.lehigh.edu/gunn_transcripts/4329.txt,https://pfaffs-web.lib.lehigh.edu/gunn_transcripts/4329.txt
247764,digitalcollections:gunn_4345,https://pfaffs-web.lib.lehigh.edu/gunn_transcripts/4345.txt,https://pfaffs-web.lib.lehigh.edu/gunn_transcripts/4345.txt
247765,digitalcollections:gunn_4346,https://pfaffs-web.lib.lehigh.edu/gunn_transcripts/4346.txt,https://pfaffs-web.lib.lehigh.edu/gunn_transcripts/4346.txt
247766,digitalcollections:gunn_4347,https://pfaffs-web.lib.lehigh.edu/gunn_transcripts/4347.txt,https://pfaffs-web.lib.lehigh.edu/gunn_transcripts/4347.txt
247767,digitalcollections:gunn_4348,https://pfaffs-web.lib.lehigh.edu/gunn_transcripts/4348.txt,https://pfaffs-web.lib.lehigh.edu/gunn_transcripts/4348.txt
247768,digitalcollections:gunn_4349,https://pfaffs-web.lib.lehigh.edu/gunn_transcripts/4349.txt,https://pfaffs-web.lib.lehigh.edu/gunn_transcripts/4349.txt
247769,digitalcollections:gunn_4350,https://pfaffs-web.lib.lehigh.edu/gunn_transcripts/4350.txt,https://pfaffs-web.lib.lehigh.edu/gunn_transcripts/4350.txt
247770,digitalcollections:gunn_4351,https://pfaffs-web.lib.lehigh.edu/gunn_transcripts/4351.txt,https://pfaffs-web.lib.lehigh.edu/gunn_transcripts/4351.txt
247771,digitalcollections:gunn_4352,https://pfaffs-web.lib.lehigh.edu/gunn_transcripts/4352.txt,https://pfaffs-web.lib.lehigh.edu/gunn_transcripts/4352.txt
247772,digitalcollections:gunn_4302,https://pfaffs-web.lib.lehigh.edu/gunn_transcripts/4302.txt,https://pfaffs-web.lib.lehigh.edu/gunn_transcripts/4302.txt
247773,digitalcollections:gunn_4303,https://pfaffs-web.lib.lehigh.edu/gunn_transcripts/4303.txt,https://pfaffs-web.lib.lehigh.edu/gunn_transcripts/4303.txt
247774,digitalcollections:gunn_4304,https://pfaffs-web.lib.lehigh.edu/gunn_transcripts/4304.txt,https://pfaffs-web.lib.lehigh.edu/gunn_transcripts/4304.txt
247775,digitalcollections:gunn_4305,https://pfaffs-web.lib.lehigh.edu/gunn_transcripts/4305.txt,https://pfaffs-web.lib.lehigh.edu/gunn_transcripts/4305.txt
247776,digitalcollections:gunn_4306,https://pfaffs-web.lib.lehigh.edu/gunn_transcripts/4306.txt,https://pfaffs-web.lib.lehigh.edu/gunn_transcripts/4306.txt
247777,digitalcollections:gunn_4307,https://pfaffs-web.lib.lehigh.edu/gunn_transcripts/4307.txt,https://pfaffs-web.lib.lehigh.edu/gunn_transcripts/4307.txt
247778,digitalcollections:gunn_4308,https://pfaffs-web.lib.lehigh.edu/gunn_transcripts/4308.txt,https://pfaffs-web.lib.lehigh.edu/gunn_transcripts/4308.txt
247779,digitalcollections:gunn_4274,https://pfaffs-web.lib.lehigh.edu/gunn_transcripts/4274.txt,https://pfaffs-web.lib.lehigh.edu/gunn_transcripts/4274.txt
247780,digitalcollections:gunn_4275,https://pfaffs-web.lib.lehigh.edu/gunn_transcripts/4275.txt,https://pfaffs-web.lib.lehigh.edu/gunn_transcripts/4275.txt
247781,digitalcollections:gunn_4276,https://pfaffs-web.lib.lehigh.edu/gunn_transcripts/4276.txt,https://pfaffs-web.lib.lehigh.edu/gunn_transcripts/4276.txt
247782,digitalcollections:gunn_4277,https://pfaffs-web.lib.lehigh.edu/gunn_transcripts/4277.txt,https://pfaffs-web.lib.lehigh.edu/gunn_transcripts/4277.txt
247783,digitalcollections:gunn_4278,https://pfaffs-web.lib.lehigh.edu/gunn_transcripts/4278.txt,https://pfaffs-web.lib.lehigh.edu/gunn_transcripts/4278.txt
247784,digitalcollections:gunn_4279,https://pfaffs-web.lib.lehigh.edu/gunn_transcripts/4279.txt,https://pfaffs-web.lib.lehigh.edu/gunn_transcripts/4279.txt
247785,digitalcollections:gunn_4280,https://pfaffs-web.lib.lehigh.edu/gunn_transcripts/4280.txt,https://pfaffs-web.lib.lehigh.edu/gunn_transcripts/4280.txt
247786,digitalcollections:gunn_4281,https://pfaffs-web.lib.lehigh.edu/gunn_transcripts/4281.txt,https://pfaffs-web.lib.lehigh.edu/gunn_transcripts/4281.txt
247787,digitalcollections:gunn_4310,https://pfaffs-web.lib.lehigh.edu/gunn_transcripts/4310.txt,https://pfaffs-web.lib.lehigh.edu/gunn_transcripts/4310.txt
247788,digitalcollections:gunn_4311,https://pfaffs-web.lib.lehigh.edu/gunn_transcripts/4311.txt,https://pfaffs-web.lib.lehigh.edu/gunn_transcripts/4311.txt
247789,digitalcollections:gunn_4312,https://pfaffs-web.lib.lehigh.edu/gunn_transcripts/4312.txt,https://pfaffs-web.lib.lehigh.edu/gunn_transcripts/4312.txt
247790,digitalcollections:gunn_4313,https://pfaffs-web.lib.lehigh.edu/gunn_transcripts/4313.txt,https://pfaffs-web.lib.lehigh.edu/gunn_transcripts/4313.txt
247791,digitalcollections:gunn_4314,https://pfaffs-web.lib.lehigh.edu/gunn_transcripts/4314.txt,https://pfaffs-web.lib.lehigh.edu/gunn_transcripts/4314.txt
247792,digitalcollections:gunn_4315,https://pfaffs-web.lib.lehigh.edu/gunn_transcripts/4315.txt,https://pfaffs-web.lib.lehigh.edu/gunn_transcripts/4315.txt
247793,digitalcollections:gunn_4309,https://pfaffs-web.lib.lehigh.edu/gunn_transcripts/4309.txt,https://pfaffs-web.lib.lehigh.edu/gunn_transcripts/4309.txt
247794,digitalcollections:gunn_4330,https://pfaffs-web.lib.lehigh.edu/gunn_transcripts/4330.txt,https://pfaffs-web.lib.lehigh.edu/gunn_transcripts/4330.txt
247795,digitalcollections:gunn_2318,https://pfaffs-web.lib.lehigh.edu/gunn_transcripts/2318.txt,https://pfaffs-web.lib.lehigh.edu/gunn_transcripts/2318.txt
247796,digitalcollections:gunn_2319,https://pfaffs-web.lib.lehigh.edu/gunn_transcripts/2319.txt,https://pfaffs-web.lib.lehigh.edu/gunn_transcripts/2319.txt
247797,digitalcollections:gunn_2320,https://pfaffs-web.lib.lehigh.edu/gunn_transcripts/2320.txt,https://pfaffs-web.lib.lehigh.edu/gunn_transcripts/2320.txt
247798,digitalcollections:gunn_2321,https://pfaffs-web.lib.lehigh.edu/gunn_transcripts/2321.txt,https://pfaffs-web.lib.lehigh.edu/gunn_transcripts/2321.txt
247799,digitalcollections:gunn_2322,https://pfaffs-web.lib.lehigh.edu/gunn_transcripts/2322.txt,https://pfaffs-web.lib.lehigh.edu/gunn_transcripts/2322.txt
247800,digitalcollections:gunn_2323,https://pfaffs-web.lib.lehigh.edu/gunn_transcripts/2323.txt,https://pfaffs-web.lib.lehigh.edu/gunn_transcripts/2323.txt
247801,digitalcollections:gunn_2324,https://pfaffs-web.lib.lehigh.edu/gunn_transcripts/2324.txt,https://pfaffs-web.lib.lehigh.edu/gunn_transcripts/2324.txt
247802,digitalcollections:gunn_2325,https://pfaffs-web.lib.lehigh.edu/gunn_transcripts/2325.txt,https://pfaffs-web.lib.lehigh.edu/gunn_transcripts/2325.txt
247803,digitalcollections:gunn_2326,https://pfaffs-web.lib.lehigh.edu/gunn_transcripts/2326.txt,https://pfaffs-web.lib.lehigh.edu/gunn_transcripts/2326.txt
247804,digitalcollections:gunn_2327,https://pfaffs-web.lib.lehigh.edu/gunn_transcripts/2327.txt,https://pfaffs-web.lib.lehigh.edu/gunn_transcripts/2327.txt
247805,digitalcollections:gunn_2328,https://pfaffs-web.lib.lehigh.edu/gunn_transcripts/2328.txt,https://pfaffs-web.lib.lehigh.edu/gunn_transcripts/2328.txt
247806,digitalcollections:gunn_2329,https://pfaffs-web.lib.lehigh.edu/gunn_transcripts/2329.txt,https://pfaffs-web.lib.lehigh.edu/gunn_transcripts/2329.txt
247807,digitalcollections:gunn_2293,https://pfaffs-web.lib.lehigh.edu/gunn_transcripts/2293.txt,https://pfaffs-web.lib.lehigh.edu/gunn_transcripts/2293.txt
247808,digitalcollections:gunn_2294,https://pfaffs-web.lib.lehigh.edu/gunn_transcripts/2294.txt,https://pfaffs-web.lib.lehigh.edu/gunn_transcripts/2294.txt
247809,digitalcollections:gunn_2295,https://pfaffs-web.lib.lehigh.edu/gunn_transcripts/2295.txt,https://pfaffs-web.lib.lehigh.edu/gunn_transcripts/2295.txt
247810,digitalcollections:gunn_2296,https://pfaffs-web.lib.lehigh.edu/gunn_transcripts/2296.txt,https://pfaffs-web.lib.lehigh.edu/gunn_transcripts/2296.txt
247811,digitalcollections:gunn_2297,https://pfaffs-web.lib.lehigh.edu/gunn_transcripts/2297.txt,https://pfaffs-web.lib.lehigh.edu/gunn_transcripts/2297.txt
247812,digitalcollections:gunn_2298,https://pfaffs-web.lib.lehigh.edu/gunn_transcripts/2298.txt,https://pfaffs-web.lib.lehigh.edu/gunn_transcripts/2298.txt
247813,digitalcollections:gunn_2299,https://pfaffs-web.lib.lehigh.edu/gunn_transcripts/2299.txt,https://pfaffs-web.lib.lehigh.edu/gunn_transcripts/2299.txt
247814,digitalcollections:gunn_2300,https://pfaffs-web.lib.lehigh.edu/gunn_transcripts/2300.txt,https://pfaffs-web.lib.lehigh.edu/gunn_transcripts/2300.txt
247815,digitalcollections:gunn_2301,https://pfaffs-web.lib.lehigh.edu/gunn_transcripts/2301.txt,https://pfaffs-web.lib.lehigh.edu/gunn_transcripts/2301.txt
247816,digitalcollections:gunn_2302,https://pfaffs-web.lib.lehigh.edu/gunn_transcripts/2302.txt,https://pfaffs-web.lib.lehigh.edu/gunn_transcripts/2302.txt
247817,digitalcollections:gunn_2303,https://pfaffs-web.lib.lehigh.edu/gunn_transcripts/2303.txt,https://pfaffs-web.lib.lehigh.edu/gunn_transcripts/2303.txt
247818,digitalcollections:gunn_2304,https://pfaffs-web.lib.lehigh.edu/gunn_transcripts/2304.txt,https://pfaffs-web.lib.lehigh.edu/gunn_transcripts/2304.txt
247819,digitalcollections:gunn_2281,https://pfaffs-web.lib.lehigh.edu/gunn_transcripts/2281.txt,https://pfaffs-web.lib.lehigh.edu/gunn_transcripts/2281.txt
247820,digitalcollections:gunn_2282,https://pfaffs-web.lib.lehigh.edu/gunn_transcripts/2282.txt,https://pfaffs-web.lib.lehigh.edu/gunn_transcripts/2282.txt
247821,digitalcollections:gunn_2283,https://pfaffs-web.lib.lehigh.edu/gunn_transcripts/2283.txt,https://pfaffs-web.lib.lehigh.edu/gunn_transcripts/2283.txt
247822,digitalcollections:gunn_2284,https://pfaffs-web.lib.lehigh.edu/gunn_transcripts/2284.txt,https://pfaffs-web.lib.lehigh.edu/gunn_transcripts/2284.txt
247823,digitalcollections:gunn_2285,https://pfaffs-web.lib.lehigh.edu/gunn_transcripts/2285.txt,https://pfaffs-web.lib.lehigh.edu/gunn_transcripts/2285.txt
247824,digitalcollections:gunn_2286,https://pfaffs-web.lib.lehigh.edu/gunn_transcripts/2286.txt,https://pfaffs-web.lib.lehigh.edu/gunn_transcripts/2286.txt
247825,digitalcollections:gunn_2287,https://pfaffs-web.lib.lehigh.edu/gunn_transcripts/2287.txt,https://pfaffs-web.lib.lehigh.edu/gunn_transcripts/2287.txt
247826,digitalcollections:gunn_2288,https://pfaffs-web.lib.lehigh.edu/gunn_transcripts/2288.txt,https://pfaffs-web.lib.lehigh.edu/gunn_transcripts/2288.txt
247827,digitalcollections:gunn_2289,https://pfaffs-web.lib.lehigh.edu/gunn_transcripts/2289.txt,https://pfaffs-web.lib.lehigh.edu/gunn_transcripts/2289.txt
247828,digitalcollections:gunn_2290,https://pfaffs-web.lib.lehigh.edu/gunn_transcripts/2290.txt,https://pfaffs-web.lib.lehigh.edu/gunn_transcripts/2290.txt
247829,digitalcollections:gunn_2291,https://pfaffs-web.lib.lehigh.edu/gunn_transcripts/2291.txt,https://pfaffs-web.lib.lehigh.edu/gunn_transcripts/2291.txt
247830,digitalcollections:gunn_2292,https://pfaffs-web.lib.lehigh.edu/gunn_transcripts/2292.txt,https://pfaffs-web.lib.lehigh.edu/gunn_transcripts/2292.txt
247831,digitalcollections:gunn_2270,https://pfaffs-web.lib.lehigh.edu/gunn_transcripts/2270.txt,https://pfaffs-web.lib.lehigh.edu/gunn_transcripts/2270.txt
247832,digitalcollections:gunn_2271,https://pfaffs-web.lib.lehigh.edu/gunn_transcripts/2271.txt,https://pfaffs-web.lib.lehigh.edu/gunn_transcripts/2271.txt
247833,digitalcollections:gunn_2272,https://pfaffs-web.lib.lehigh.edu/gunn_transcripts/2272.txt,https://pfaffs-web.lib.lehigh.edu/gunn_transcripts/2272.txt
247834,digitalcollections:gunn_2273,https://pfaffs-web.lib.lehigh.edu/gunn_transcripts/2273.txt,https://pfaffs-web.lib.lehigh.edu/gunn_transcripts/2273.txt
247835,digitalcollections:gunn_2274,https://pfaffs-web.lib.lehigh.edu/gunn_transcripts/2274.txt,https://pfaffs-web.lib.lehigh.edu/gunn_transcripts/2274.txt
247836,digitalcollections:gunn_2275,https://pfaffs-web.lib.lehigh.edu/gunn_transcripts/2275.txt,https://pfaffs-web.lib.lehigh.edu/gunn_transcripts/2275.txt
247837,digitalcollections:gunn_2276,https://pfaffs-web.lib.lehigh.edu/gunn_transcripts/2276.txt,https://pfaffs-web.lib.lehigh.edu/gunn_transcripts/2276.txt
247838,digitalcollections:gunn_2277,https://pfaffs-web.lib.lehigh.edu/gunn_transcripts/2277.txt,https://pfaffs-web.lib.lehigh.edu/gunn_transcripts/2277.txt
247839,digitalcollections:gunn_2278,https://pfaffs-web.lib.lehigh.edu/gunn_transcripts/2278.txt,https://pfaffs-web.lib.lehigh.edu/gunn_transcripts/2278.txt
247840,digitalcollections:gunn_2279,https://pfaffs-web.lib.lehigh.edu/gunn_transcripts/2279.txt,https://pfaffs-web.lib.lehigh.edu/gunn_transcripts/2279.txt
247841,digitalcollections:gunn_2280,https://pfaffs-web.lib.lehigh.edu/gunn_transcripts/2280.txt,https://pfaffs-web.lib.lehigh.edu/gunn_transcripts/2280.txt
247842,digitalcollections:gunn_2306,https://pfaffs-web.lib.lehigh.edu/gunn_transcripts/2306.txt,https://pfaffs-web.lib.lehigh.edu/gunn_transcripts/2306.txt
247843,digitalcollections:gunn_2307,https://pfaffs-web.lib.lehigh.edu/gunn_transcripts/2307.txt,https://pfaffs-web.lib.lehigh.edu/gunn_transcripts/2307.txt
247844,digitalcollections:gunn_2308,https://pfaffs-web.lib.lehigh.edu/gunn_transcripts/2308.txt,https://pfaffs-web.lib.lehigh.edu/gunn_transcripts/2308.txt
247845,digitalcollections:gunn_2309,https://pfaffs-web.lib.lehigh.edu/gunn_transcripts/2309.txt,https://pfaffs-web.lib.lehigh.edu/gunn_transcripts/2309.txt
247846,digitalcollections:gunn_2310,https://pfaffs-web.lib.lehigh.edu/gunn_transcripts/2310.txt,https://pfaffs-web.lib.lehigh.edu/gunn_transcripts/2310.txt
247847,digitalcollections:gunn_2311,https://pfaffs-web.lib.lehigh.edu/gunn_transcripts/2311.txt,https://pfaffs-web.lib.lehigh.edu/gunn_transcripts/2311.txt
247848,digitalcollections:gunn_2312,https://pfaffs-web.lib.lehigh.edu/gunn_transcripts/2312.txt,https://pfaffs-web.lib.lehigh.edu/gunn_transcripts/2312.txt
247849,digitalcollections:gunn_2313,https://pfaffs-web.lib.lehigh.edu/gunn_transcripts/2313.txt,https://pfaffs-web.lib.lehigh.edu/gunn_transcripts/2313.txt
247850,digitalcollections:gunn_2314,https://pfaffs-web.lib.lehigh.edu/gunn_transcripts/2314.txt,https://pfaffs-web.lib.lehigh.edu/gunn_transcripts/2314.txt
247851,digitalcollections:gunn_2315,https://pfaffs-web.lib.lehigh.edu/gunn_transcripts/2315.txt,https://pfaffs-web.lib.lehigh.edu/gunn_transcripts/2315.txt
247852,digitalcollections:gunn_2316,https://pfaffs-web.lib.lehigh.edu/gunn_transcripts/2316.txt,https://pfaffs-web.lib.lehigh.edu/gunn_transcripts/2316.txt
247853,digitalcollections:gunn_2305,https://pfaffs-web.lib.lehigh.edu/gunn_transcripts/2305.txt,https://pfaffs-web.lib.lehigh.edu/gunn_transcripts/2305.txt
247854,digitalcollections:gunn_2269,https://pfaffs-web.lib.lehigh.edu/gunn_transcripts/2269.txt,https://pfaffs-web.lib.lehigh.edu/gunn_transcripts/2269.txt
247855,digitalcollections:gunn_3581,https://pfaffs-web.lib.lehigh.edu/gunn_transcripts/3581.txt,https://pfaffs-web.lib.lehigh.edu/gunn_transcripts/3581.txt
247856,digitalcollections:gunn_3643,https://pfaffs-web.lib.lehigh.edu/gunn_transcripts/3643.txt,https://pfaffs-web.lib.lehigh.edu/gunn_transcripts/3643.txt
247857,digitalcollections:gunn_3644,https://pfaffs-web.lib.lehigh.edu/gunn_transcripts/3644.txt,https://pfaffs-web.lib.lehigh.edu/gunn_transcripts/3644.txt
247858,digitalcollections:gunn_3645,https://pfaffs-web.lib.lehigh.edu/gunn_transcripts/3645.txt,https://pfaffs-web.lib.lehigh.edu/gunn_transcripts/3645.txt
247859,digitalcollections:gunn_3646,https://pfaffs-web.lib.lehigh.edu/gunn_transcripts/3646.txt,https://pfaffs-web.lib.lehigh.edu/gunn_transcripts/3646.txt
247860,digitalcollections:gunn_3647,https://pfaffs-web.lib.lehigh.edu/gunn_transcripts/3647.txt,https://pfaffs-web.lib.lehigh.edu/gunn_transcripts/3647.txt
247861,digitalcollections:gunn_3648,https://pfaffs-web.lib.lehigh.edu/gunn_transcripts/3648.txt,https://pfaffs-web.lib.lehigh.edu/gunn_transcripts/3648.txt
247862,digitalcollections:gunn_3649,https://pfaffs-web.lib.lehigh.edu/gunn_transcripts/3649.txt,https://pfaffs-web.lib.lehigh.edu/gunn_transcripts/3649.txt
247863,digitalcollections:gunn_3650,https://pfaffs-web.lib.lehigh.edu/gunn_transcripts/3650.txt,https://pfaffs-web.lib.lehigh.edu/gunn_transcripts/3650.txt
247864,digitalcollections:gunn_3651,https://pfaffs-web.lib.lehigh.edu/gunn_transcripts/3651.txt,https://pfaffs-web.lib.lehigh.edu/gunn_transcripts/3651.txt
247865,digitalcollections:gunn_3652,https://pfaffs-web.lib.lehigh.edu/gunn_transcripts/3652.txt,https://pfaffs-web.lib.lehigh.edu/gunn_transcripts/3652.txt
247866,digitalcollections:gunn_3653,https://pfaffs-web.lib.lehigh.edu/gunn_transcripts/3653.txt,https://pfaffs-web.lib.lehigh.edu/gunn_transcripts/3653.txt
247867,digitalcollections:gunn_3654,https://pfaffs-web.lib.lehigh.edu/gunn_transcripts/3654.txt,https://pfaffs-web.lib.lehigh.edu/gunn_transcripts/3654.txt
247868,digitalcollections:gunn_3655,https://pfaffs-web.lib.lehigh.edu/gunn_transcripts/3655.txt,https://pfaffs-web.lib.lehigh.edu/gunn_transcripts/3655.txt
247869,digitalcollections:gunn_3656,https://pfaffs-web.lib.lehigh.edu/gunn_transcripts/3656.txt,https://pfaffs-web.lib.lehigh.edu/gunn_transcripts/3656.txt
247870,digitalcollections:gunn_3657,https://pfaffs-web.lib.lehigh.edu/gunn_transcripts/3657.txt,https://pfaffs-web.lib.lehigh.edu/gunn_transcripts/3657.txt
247871,digitalcollections:gunn_3658,https://pfaffs-web.lib.lehigh.edu/gunn_transcripts/3658.txt,https://pfaffs-web.lib.lehigh.edu/gunn_transcripts/3658.txt
247872,digitalcollections:gunn_3659,https://pfaffs-web.lib.lehigh.edu/gunn_transcripts/3659.txt,https://pfaffs-web.lib.lehigh.edu/gunn_transcripts/3659.txt
247873,digitalcollections:gunn_3660,https://pfaffs-web.lib.lehigh.edu/gunn_transcripts/3660.txt,https://pfaffs-web.lib.lehigh.edu/gunn_transcripts/3660.txt
247874,digitalcollections:gunn_3661,https://pfaffs-web.lib.lehigh.edu/gunn_transcripts/3661.txt,https://pfaffs-web.lib.lehigh.edu/gunn_transcripts/3661.txt
247875,digitalcollections:gunn_3662,https://pfaffs-web.lib.lehigh.edu/gunn_transcripts/3662.txt,https://pfaffs-web.lib.lehigh.edu/gunn_transcripts/3662.txt
247876,digitalcollections:gunn_3663,https://pfaffs-web.lib.lehigh.edu/gunn_transcripts/3663.txt,https://pfaffs-web.lib.lehigh.edu/gunn_transcripts/3663.txt
247877,digitalcollections:gunn_3664,https://pfaffs-web.lib.lehigh.edu/gunn_transcripts/3664.txt,https://pfaffs-web.lib.lehigh.edu/gunn_transcripts/3664.txt
247878,digitalcollections:gunn_3665,https://pfaffs-web.lib.lehigh.edu/gunn_transcripts/3665.txt,https://pfaffs-web.lib.lehigh.edu/gunn_transcripts/3665.txt
247879,digitalcollections:gunn_3666,https://pfaffs-web.lib.lehigh.edu/gunn_transcripts/3666.txt,https://pfaffs-web.lib.lehigh.edu/gunn_transcripts/3666.txt
247880,digitalcollections:gunn_3667,https://pfaffs-web.lib.lehigh.edu/gunn_transcripts/3667.txt,https://pfaffs-web.lib.lehigh.edu/gunn_transcripts/3667.txt
247881,digitalcollections:gunn_3668,https://pfaffs-web.lib.lehigh.edu/gunn_transcripts/3668.txt,https://pfaffs-web.lib.lehigh.edu/gunn_transcripts/3668.txt
247882,digitalcollections:gunn_3669,https://pfaffs-web.lib.lehigh.edu/gunn_transcripts/3669.txt,https://pfaffs-web.lib.lehigh.edu/gunn_transcripts/3669.txt
247883,digitalcollections:gunn_3630,https://pfaffs-web.lib.lehigh.edu/gunn_transcripts/3630.txt,https://pfaffs-web.lib.lehigh.edu/gunn_transcripts/3630.txt
247884,digitalcollections:gunn_3631,https://pfaffs-web.lib.lehigh.edu/gunn_transcripts/3631.txt,https://pfaffs-web.lib.lehigh.edu/gunn_transcripts/3631.txt
247885,digitalcollections:gunn_3632,https://pfaffs-web.lib.lehigh.edu/gunn_transcripts/3632.txt,https://pfaffs-web.lib.lehigh.edu/gunn_transcripts/3632.txt
247886,digitalcollections:gunn_3633,https://pfaffs-web.lib.lehigh.edu/gunn_transcripts/3633.txt,https://pfaffs-web.lib.lehigh.edu/gunn_transcripts/3633.txt
247887,digitalcollections:gunn_3634,https://pfaffs-web.lib.lehigh.edu/gunn_transcripts/3634.txt,https://pfaffs-web.lib.lehigh.edu/gunn_transcripts/3634.txt
247888,digitalcollections:gunn_3635,https://pfaffs-web.lib.lehigh.edu/gunn_transcripts/3635.txt,https://pfaffs-web.lib.lehigh.edu/gunn_transcripts/3635.txt
247889,digitalcollections:gunn_3636,https://pfaffs-web.lib.lehigh.edu/gunn_transcripts/3636.txt,https://pfaffs-web.lib.lehigh.edu/gunn_transcripts/3636.txt
247890,digitalcollections:gunn_3637,https://pfaffs-web.lib.lehigh.edu/gunn_transcripts/3637.txt,https://pfaffs-web.lib.lehigh.edu/gunn_transcripts/3637.txt
247891,digitalcollections:gunn_3638,https://pfaffs-web.lib.lehigh.edu/gunn_transcripts/3638.txt,https://pfaffs-web.lib.lehigh.edu/gunn_transcripts/3638.txt
247892,digitalcollections:gunn_3639,https://pfaffs-web.lib.lehigh.edu/gunn_transcripts/3639.txt,https://pfaffs-web.lib.lehigh.edu/gunn_transcripts/3639.txt
247893,digitalcollections:gunn_3640,https://pfaffs-web.lib.lehigh.edu/gunn_transcripts/3640.txt,https://pfaffs-web.lib.lehigh.edu/gunn_transcripts/3640.txt
247894,digitalcollections:gunn_3641,https://pfaffs-web.lib.lehigh.edu/gunn_transcripts/3641.txt,https://pfaffs-web.lib.lehigh.edu/gunn_transcripts/3641.txt
247895,digitalcollections:gunn_3642,https://pfaffs-web.lib.lehigh.edu/gunn_transcripts/3642.txt,https://pfaffs-web.lib.lehigh.edu/gunn_transcripts/3642.txt
247896,digitalcollections:gunn_3606,https://pfaffs-web.lib.lehigh.edu/gunn_transcripts/3606.txt,https://pfaffs-web.lib.lehigh.edu/gunn_transcripts/3606.txt
247897,digitalcollections:gunn_3607,https://pfaffs-web.lib.lehigh.edu/gunn_transcripts/3607.txt,https://pfaffs-web.lib.lehigh.edu/gunn_transcripts/3607.txt
247898,digitalcollections:gunn_3608,https://pfaffs-web.lib.lehigh.edu/gunn_transcripts/3608.txt,https://pfaffs-web.lib.lehigh.edu/gunn_transcripts/3608.txt
247899,digitalcollections:gunn_3609,https://pfaffs-web.lib.lehigh.edu/gunn_transcripts/3609.txt,https://pfaffs-web.lib.lehigh.edu/gunn_transcripts/3609.txt
247900,digitalcollections:gunn_3610,https://pfaffs-web.lib.lehigh.edu/gunn_transcripts/3610.txt,https://pfaffs-web.lib.lehigh.edu/gunn_transcripts/3610.txt
247901,digitalcollections:gunn_3611,https://pfaffs-web.lib.lehigh.edu/gunn_transcripts/3611.txt,https://pfaffs-web.lib.lehigh.edu/gunn_transcripts/3611.txt
247902,digitalcollections:gunn_3612,https://pfaffs-web.lib.lehigh.edu/gunn_transcripts/3612.txt,https://pfaffs-web.lib.lehigh.edu/gunn_transcripts/3612.txt
247903,digitalcollections:gunn_3613,https://pfaffs-web.lib.lehigh.edu/gunn_transcripts/3613.txt,https://pfaffs-web.lib.lehigh.edu/gunn_transcripts/3613.txt
247904,digitalcollections:gunn_3614,https://pfaffs-web.lib.lehigh.edu/gunn_transcripts/3614.txt,https://pfaffs-web.lib.lehigh.edu/gunn_transcripts/3614.txt
247905,digitalcollections:gunn_3615,https://pfaffs-web.lib.lehigh.edu/gunn_transcripts/3615.txt,https://pfaffs-web.lib.lehigh.edu/gunn_transcripts/3615.txt
247906,digitalcollections:gunn_3616,https://pfaffs-web.lib.lehigh.edu/gunn_transcripts/3616.txt,https://pfaffs-web.lib.lehigh.edu/gunn_transcripts/3616.txt
247907,digitalcollections:gunn_3617,https://pfaffs-web.lib.lehigh.edu/gunn_transcripts/3617.txt,https://pfaffs-web.lib.lehigh.edu/gunn_transcripts/3617.txt
247908,digitalcollections:gunn_3618,https://pfaffs-web.lib.lehigh.edu/gunn_transcripts/3618.txt,https://pfaffs-web.lib.lehigh.edu/gunn_transcripts/3618.txt
247909,digitalcollections:gunn_3619,https://pfaffs-web.lib.lehigh.edu/gunn_transcripts/3619.txt,https://pfaffs-web.lib.lehigh.edu/gunn_transcripts/3619.txt
247910,digitalcollections:gunn_3620,https://pfaffs-web.lib.lehigh.edu/gunn_transcripts/3620.txt,https://pfaffs-web.lib.lehigh.edu/gunn_transcripts/3620.txt
247911,digitalcollections:gunn_3621,https://pfaffs-web.lib.lehigh.edu/gunn_transcripts/3621.txt,https://pfaffs-web.lib.lehigh.edu/gunn_transcripts/3621.txt
247912,digitalcollections:gunn_3622,https://pfaffs-web.lib.lehigh.edu/gunn_transcripts/3622.txt,https://pfaffs-web.lib.lehigh.edu/gunn_transcripts/3622.txt
247913,digitalcollections:gunn_3623,https://pfaffs-web.lib.lehigh.edu/gunn_transcripts/3623.txt,https://pfaffs-web.lib.lehigh.edu/gunn_transcripts/3623.txt
247914,digitalcollections:gunn_3624,https://pfaffs-web.lib.lehigh.edu/gunn_transcripts/3624.txt,https://pfaffs-web.lib.lehigh.edu/gunn_transcripts/3624.txt
247915,digitalcollections:gunn_3625,https://pfaffs-web.lib.lehigh.edu/gunn_transcripts/3625.txt,https://pfaffs-web.lib.lehigh.edu/gunn_transcripts/3625.txt
247916,digitalcollections:gunn_3626,https://pfaffs-web.lib.lehigh.edu/gunn_transcripts/3626.txt,https://pfaffs-web.lib.lehigh.edu/gunn_transcripts/3626.txt
247917,digitalcollections:gunn_3627,https://pfaffs-web.lib.lehigh.edu/gunn_transcripts/3627.txt,https://pfaffs-web.lib.lehigh.edu/gunn_transcripts/3627.txt
247918,digitalcollections:gunn_3628,https://pfaffs-web.lib.lehigh.edu/gunn_transcripts/3628.txt,https://pfaffs-web.lib.lehigh.edu/gunn_transcripts/3628.txt
247919,digitalcollections:gunn_3629,https://pfaffs-web.lib.lehigh.edu/gunn_transcripts/3629.txt,https://pfaffs-web.lib.lehigh.edu/gunn_transcripts/3629.txt
247920,digitalcollections:gunn_3594,https://pfaffs-web.lib.lehigh.edu/gunn_transcripts/3594.txt,https://pfaffs-web.lib.lehigh.edu/gunn_transcripts/3594.txt
247921,digitalcollections:gunn_3595,https://pfaffs-web.lib.lehigh.edu/gunn_transcripts/3595.txt,https://pfaffs-web.lib.lehigh.edu/gunn_transcripts/3595.txt
247922,digitalcollections:gunn_3596,https://pfaffs-web.lib.lehigh.edu/gunn_transcripts/3596.txt,https://pfaffs-web.lib.lehigh.edu/gunn_transcripts/3596.txt
247923,digitalcollections:gunn_3597,https://pfaffs-web.lib.lehigh.edu/gunn_transcripts/3597.txt,https://pfaffs-web.lib.lehigh.edu/gunn_transcripts/3597.txt
247924,digitalcollections:gunn_3598,https://pfaffs-web.lib.lehigh.edu/gunn_transcripts/3598.txt,https://pfaffs-web.lib.lehigh.edu/gunn_transcripts/3598.txt
247925,digitalcollections:gunn_3599,https://pfaffs-web.lib.lehigh.edu/gunn_transcripts/3599.txt,https://pfaffs-web.lib.lehigh.edu/gunn_transcripts/3599.txt
247926,digitalcollections:gunn_3600,https://pfaffs-web.lib.lehigh.edu/gunn_transcripts/3600.txt,https://pfaffs-web.lib.lehigh.edu/gunn_transcripts/3600.txt
247927,digitalcollections:gunn_3601,https://pfaffs-web.lib.lehigh.edu/gunn_transcripts/3601.txt,https://pfaffs-web.lib.lehigh.edu/gunn_transcripts/3601.txt
247928,digitalcollections:gunn_3602,https://pfaffs-web.lib.lehigh.edu/gunn_transcripts/3602.txt,https://pfaffs-web.lib.lehigh.edu/gunn_transcripts/3602.txt
247929,digitalcollections:gunn_3603,https://pfaffs-web.lib.lehigh.edu/gunn_transcripts/3603.txt,https://pfaffs-web.lib.lehigh.edu/gunn_transcripts/3603.txt
247930,digitalcollections:gunn_3604,https://pfaffs-web.lib.lehigh.edu/gunn_transcripts/3604.txt,https://pfaffs-web.lib.lehigh.edu/gunn_transcripts/3604.txt
247931,digitalcollections:gunn_3605,https://pfaffs-web.lib.lehigh.edu/gunn_transcripts/3605.txt,https://pfaffs-web.lib.lehigh.edu/gunn_transcripts/3605.txt
247932,digitalcollections:gunn_3583,https://pfaffs-web.lib.lehigh.edu/gunn_transcripts/3583.txt,https://pfaffs-web.lib.lehigh.edu/gunn_transcripts/3583.txt
247933,digitalcollections:gunn_3584,https://pfaffs-web.lib.lehigh.edu/gunn_transcripts/3584.txt,https://pfaffs-web.lib.lehigh.edu/gunn_transcripts/3584.txt
247934,digitalcollections:gunn_3585,https://pfaffs-web.lib.lehigh.edu/gunn_transcripts/3585.txt,https://pfaffs-web.lib.lehigh.edu/gunn_transcripts/3585.txt
247935,digitalcollections:gunn_3586,https://pfaffs-web.lib.lehigh.edu/gunn_transcripts/3586.txt,https://pfaffs-web.lib.lehigh.edu/gunn_transcripts/3586.txt
247936,digitalcollections:gunn_3587,https://pfaffs-web.lib.lehigh.edu/gunn_transcripts/3587.txt,https://pfaffs-web.lib.lehigh.edu/gunn_transcripts/3587.txt
247937,digitalcollections:gunn_3588,https://pfaffs-web.lib.lehigh.edu/gunn_transcripts/3588.txt,https://pfaffs-web.lib.lehigh.edu/gunn_transcripts/3588.txt
247938,digitalcollections:gunn_3589,https://pfaffs-web.lib.lehigh.edu/gunn_transcripts/3589.txt,https://pfaffs-web.lib.lehigh.edu/gunn_transcripts/3589.txt
247939,digitalcollections:gunn_3590,https://pfaffs-web.lib.lehigh.edu/gunn_transcripts/3590.txt,https://pfaffs-web.lib.lehigh.edu/gunn_transcripts/3590.txt
247940,digitalcollections:gunn_3591,https://pfaffs-web.lib.lehigh.edu/gunn_transcripts/3591.txt,https://pfaffs-web.lib.lehigh.edu/gunn_transcripts/3591.txt
247941,digitalcollections:gunn_3592,https://pfaffs-web.lib.lehigh.edu/gunn_transcripts/3592.txt,https://pfaffs-web.lib.lehigh.edu/gunn_transcripts/3592.txt
247942,digitalcollections:gunn_3593,https://pfaffs-web.lib.lehigh.edu/gunn_transcripts/3593.txt,https://pfaffs-web.lib.lehigh.edu/gunn_transcripts/3593.txt
247943,digitalcollections:gunn_3582,https://pfaffs-web.lib.lehigh.edu/gunn_transcripts/3582.txt,https://pfaffs-web.lib.lehigh.edu/gunn_transcripts/3582.txt
247944,digitalcollections:gunn_3786,https://pfaffs-web.lib.lehigh.edu/gunn_transcripts/3786.txt,https://pfaffs-web.lib.lehigh.edu/gunn_transcripts/3786.txt
247945,digitalcollections:gunn_3787,https://pfaffs-web.lib.lehigh.edu/gunn_transcripts/3787.txt,https://pfaffs-web.lib.lehigh.edu/gunn_transcripts/3787.txt
247946,digitalcollections:gunn_3788,https://pfaffs-web.lib.lehigh.edu/gunn_transcripts/3788.txt,https://pfaffs-web.lib.lehigh.edu/gunn_transcripts/3788.txt
247947,digitalcollections:gunn_3789,https://pfaffs-web.lib.lehigh.edu/gunn_transcripts/3789.txt,https://pfaffs-web.lib.lehigh.edu/gunn_transcripts/3789.txt
247948,digitalcollections:gunn_3790,https://pfaffs-web.lib.lehigh.edu/gunn_transcripts/3790.txt,https://pfaffs-web.lib.lehigh.edu/gunn_transcripts/3790.txt
247949,digitalcollections:gunn_3791,https://pfaffs-web.lib.lehigh.edu/gunn_transcripts/3791.txt,https://pfaffs-web.lib.lehigh.edu/gunn_transcripts/3791.txt
247950,digitalcollections:gunn_3792,https://pfaffs-web.lib.lehigh.edu/gunn_transcripts/3792.txt,https://pfaffs-web.lib.lehigh.edu/gunn_transcripts/3792.txt
247951,digitalcollections:gunn_3793,https://pfaffs-web.lib.lehigh.edu/gunn_transcripts/3793.txt,https://pfaffs-web.lib.lehigh.edu/gunn_transcripts/3793.txt
247952,digitalcollections:gunn_3794,https://pfaffs-web.lib.lehigh.edu/gunn_transcripts/3794.txt,https://pfaffs-web.lib.lehigh.edu/gunn_transcripts/3794.txt
247953,digitalcollections:gunn_3795,https://pfaffs-web.lib.lehigh.edu/gunn_transcripts/3795.txt,https://pfaffs-web.lib.lehigh.edu/gunn_transcripts/3795.txt
247954,digitalcollections:gunn_3796,https://pfaffs-web.lib.lehigh.edu/gunn_transcripts/3796.txt,https://pfaffs-web.lib.lehigh.edu/gunn_transcripts/3796.txt
247955,digitalcollections:gunn_3797,https://pfaffs-web.lib.lehigh.edu/gunn_transcripts/3797.txt,https://pfaffs-web.lib.lehigh.edu/gunn_transcripts/3797.txt
247956,digitalcollections:gunn_3798,https://pfaffs-web.lib.lehigh.edu/gunn_transcripts/3798.txt,https://pfaffs-web.lib.lehigh.edu/gunn_transcripts/3798.txt
247957,digitalcollections:gunn_3799,https://pfaffs-web.lib.lehigh.edu/gunn_transcripts/3799.txt,https://pfaffs-web.lib.lehigh.edu/gunn_transcripts/3799.txt
247958,digitalcollections:gunn_3800,https://pfaffs-web.lib.lehigh.edu/gunn_transcripts/3800.txt,https://pfaffs-web.lib.lehigh.edu/gunn_transcripts/3800.txt
247959,digitalcollections:gunn_3801,https://pfaffs-web.lib.lehigh.edu/gunn_transcripts/3801.txt,https://pfaffs-web.lib.lehigh.edu/gunn_transcripts/3801.txt
247960,digitalcollections:gunn_3802,https://pfaffs-web.lib.lehigh.edu/gunn_transcripts/3802.txt,https://pfaffs-web.lib.lehigh.edu/gunn_transcripts/3802.txt
247961,digitalcollections:gunn_3803,https://pfaffs-web.lib.lehigh.edu/gunn_transcripts/3803.txt,https://pfaffs-web.lib.lehigh.edu/gunn_transcripts/3803.txt
247962,digitalcollections:gunn_3804,https://pfaffs-web.lib.lehigh.edu/gunn_transcripts/3804.txt,https://pfaffs-web.lib.lehigh.edu/gunn_transcripts/3804.txt
247963,digitalcollections:gunn_3805,https://pfaffs-web.lib.lehigh.edu/gunn_transcripts/3805.txt,https://pfaffs-web.lib.lehigh.edu/gunn_transcripts/3805.txt
247964,digitalcollections:gunn_3806,https://pfaffs-web.lib.lehigh.edu/gunn_transcripts/3806.txt,https://pfaffs-web.lib.lehigh.edu/gunn_transcripts/3806.txt
247965,digitalcollections:gunn_3736,https://pfaffs-web.lib.lehigh.edu/gunn_transcripts/3736.txt,https://pfaffs-web.lib.lehigh.edu/gunn_transcripts/3736.txt
247966,digitalcollections:gunn_3737,https://pfaffs-web.lib.lehigh.edu/gunn_transcripts/3737.txt,https://pfaffs-web.lib.lehigh.edu/gunn_transcripts/3737.txt
247967,digitalcollections:gunn_3738,https://pfaffs-web.lib.lehigh.edu/gunn_transcripts/3738.txt,https://pfaffs-web.lib.lehigh.edu/gunn_transcripts/3738.txt
247968,digitalcollections:gunn_3739,https://pfaffs-web.lib.lehigh.edu/gunn_transcripts/3739.txt,https://pfaffs-web.lib.lehigh.edu/gunn_transcripts/3739.txt
247969,digitalcollections:gunn_3740,https://pfaffs-web.lib.lehigh.edu/gunn_transcripts/3740.txt,https://pfaffs-web.lib.lehigh.edu/gunn_transcripts/3740.txt
247970,digitalcollections:gunn_3741,https://pfaffs-web.lib.lehigh.edu/gunn_transcripts/3741.txt,https://pfaffs-web.lib.lehigh.edu/gunn_transcripts/3741.txt
247971,digitalcollections:gunn_3742,https://pfaffs-web.lib.lehigh.edu/gunn_transcripts/3742.txt,https://pfaffs-web.lib.lehigh.edu/gunn_transcripts/3742.txt
247972,digitalcollections:gunn_3743,https://pfaffs-web.lib.lehigh.edu/gunn_transcripts/3743.txt,https://pfaffs-web.lib.lehigh.edu/gunn_transcripts/3743.txt
247973,digitalcollections:gunn_3744,https://pfaffs-web.lib.lehigh.edu/gunn_transcripts/3744.txt,https://pfaffs-web.lib.lehigh.edu/gunn_transcripts/3744.txt
247974,digitalcollections:gunn_3745,https://pfaffs-web.lib.lehigh.edu/gunn_transcripts/3745.txt,https://pfaffs-web.lib.lehigh.edu/gunn_transcripts/3745.txt
247975,digitalcollections:gunn_3747,https://pfaffs-web.lib.lehigh.edu/gunn_transcripts/3747.txt,https://pfaffs-web.lib.lehigh.edu/gunn_transcripts/3747.txt
247976,digitalcollections:gunn_3748,https://pfaffs-web.lib.lehigh.edu/gunn_transcripts/3748.txt,https://pfaffs-web.lib.lehigh.edu/gunn_transcripts/3748.txt
247977,digitalcollections:gunn_3807,https://pfaffs-web.lib.lehigh.edu/gunn_transcripts/3807.txt,https://pfaffs-web.lib.lehigh.edu/gunn_transcripts/3807.txt
247978,digitalcollections:gunn_3785,https://pfaffs-web.lib.lehigh.edu/gunn_transcripts/3785.txt,https://pfaffs-web.lib.lehigh.edu/gunn_transcripts/3785.txt
247979,digitalcollections:gunn_3735,https://pfaffs-web.lib.lehigh.edu/gunn_transcripts/3735.txt,https://pfaffs-web.lib.lehigh.edu/gunn_transcripts/3735.txt
247980,digitalcollections:gunn_3670,https://pfaffs-web.lib.lehigh.edu/gunn_transcripts/3670.txt,https://pfaffs-web.lib.lehigh.edu/gunn_transcripts/3670.txt
247981,digitalcollections:gunn_3746,https://pfaffs-web.lib.lehigh.edu/gunn_transcripts/3746.txt,https://pfaffs-web.lib.lehigh.edu/gunn_transcripts/3746.txt
247982,digitalcollections:gunn_3710,https://pfaffs-web.lib.lehigh.edu/gunn_transcripts/3710.txt,https://pfaffs-web.lib.lehigh.edu/gunn_transcripts/3710.txt
287215,digitalcollections:gunn_3494,https://pfaffs-web.lib.lehigh.edu/gunn_transcripts/3494.txt,https://pfaffs-web.lib.lehigh.edu/gunn_transcripts/3494.txt
287216,digitalcollections:gunn_3495,https://pfaffs-web.lib.lehigh.edu/gunn_transcripts/3495.txt,https://pfaffs-web.lib.lehigh.edu/gunn_transcripts/3495.txt
287217,digitalcollections:gunn_3496,https://pfaffs-web.lib.lehigh.edu/gunn_transcripts/3496.txt,https://pfaffs-web.lib.lehigh.edu/gunn_transcripts/3496.txt
287218,digitalcollections:gunn_3497,https://pfaffs-web.lib.lehigh.edu/gunn_transcripts/3497.txt,https://pfaffs-web.lib.lehigh.edu/gunn_transcripts/3497.txt
287219,digitalcollections:gunn_3498,https://pfaffs-web.lib.lehigh.edu/gunn_transcripts/3498.txt,https://pfaffs-web.lib.lehigh.edu/gunn_transcripts/3498.txt
287220,digitalcollections:gunn_3499,https://pfaffs-web.lib.lehigh.edu/gunn_transcripts/3499.txt,https://pfaffs-web.lib.lehigh.edu/gunn_transcripts/3499.txt
287221,digitalcollections:gunn_3500,https://pfaffs-web.lib.lehigh.edu/gunn_transcripts/3500.txt,https://pfaffs-web.lib.lehigh.edu/gunn_transcripts/3500.txt
287222,digitalcollections:gunn_3509,https://pfaffs-web.lib.lehigh.edu/gunn_transcripts/3509.txt,https://pfaffs-web.lib.lehigh.edu/gunn_transcripts/3509.txt
287223,digitalcollections:gunn_3510,https://pfaffs-web.lib.lehigh.edu/gunn_transcripts/3510.txt,https://pfaffs-web.lib.lehigh.edu/gunn_transcripts/3510.txt
287224,digitalcollections:gunn_3511,https://pfaffs-web.lib.lehigh.edu/gunn_transcripts/3511.txt,https://pfaffs-web.lib.lehigh.edu/gunn_transcripts/3511.txt
287225,digitalcollections:gunn_3512,https://pfaffs-web.lib.lehigh.edu/gunn_transcripts/3512.txt,https://pfaffs-web.lib.lehigh.edu/gunn_transcripts/3512.txt
287226,digitalcollections:gunn_3513,https://pfaffs-web.lib.lehigh.edu/gunn_transcripts/3513.txt,https://pfaffs-web.lib.lehigh.edu/gunn_transcripts/3513.txt
287227,digitalcollections:gunn_3514,https://pfaffs-web.lib.lehigh.edu/gunn_transcripts/3514.txt,https://pfaffs-web.lib.lehigh.edu/gunn_transcripts/3514.txt
287228,digitalcollections:gunn_3515,https://pfaffs-web.lib.lehigh.edu/gunn_transcripts/3515.txt,https://pfaffs-web.lib.lehigh.edu/gunn_transcripts/3515.txt
287229,digitalcollections:gunn_3524,https://pfaffs-web.lib.lehigh.edu/gunn_transcripts/3524.txt,https://pfaffs-web.lib.lehigh.edu/gunn_transcripts/3524.txt
287230,digitalcollections:gunn_3525,https://pfaffs-web.lib.lehigh.edu/gunn_transcripts/3525.txt,https://pfaffs-web.lib.lehigh.edu/gunn_transcripts/3525.txt
287231,digitalcollections:gunn_3526,https://pfaffs-web.lib.lehigh.edu/gunn_transcripts/3526.txt,https://pfaffs-web.lib.lehigh.edu/gunn_transcripts/3526.txt
287232,digitalcollections:gunn_3527,https://pfaffs-web.lib.lehigh.edu/gunn_transcripts/3527.txt,https://pfaffs-web.lib.lehigh.edu/gunn_transcripts/3527.txt
287233,digitalcollections:gunn_3528,https://pfaffs-web.lib.lehigh.edu/gunn_transcripts/3528.txt,https://pfaffs-web.lib.lehigh.edu/gunn_transcripts/3528.txt
287234,digitalcollections:gunn_3529,https://pfaffs-web.lib.lehigh.edu/gunn_transcripts/3529.txt,https://pfaffs-web.lib.lehigh.edu/gunn_transcripts/3529.txt
287235,digitalcollections:gunn_3530,https://pfaffs-web.lib.lehigh.edu/gunn_transcripts/3530.txt,https://pfaffs-web.lib.lehigh.edu/gunn_transcripts/3530.txt
287236,digitalcollections:gunn_3471,https://pfaffs-web.lib.lehigh.edu/gunn_transcripts/3471.txt,https://pfaffs-web.lib.lehigh.edu/gunn_transcripts/3471.txt
287237,digitalcollections:gunn_3472,https://pfaffs-web.lib.lehigh.edu/gunn_transcripts/3472.txt,https://pfaffs-web.lib.lehigh.edu/gunn_transcripts/3472.txt
287238,digitalcollections:gunn_3473,https://pfaffs-web.lib.lehigh.edu/gunn_transcripts/3473.txt,https://pfaffs-web.lib.lehigh.edu/gunn_transcripts/3473.txt
287239,digitalcollections:gunn_3474,https://pfaffs-web.lib.lehigh.edu/gunn_transcripts/3474.txt,https://pfaffs-web.lib.lehigh.edu/gunn_transcripts/3474.txt
287240,digitalcollections:gunn_3475,https://pfaffs-web.lib.lehigh.edu/gunn_transcripts/3475.txt,https://pfaffs-web.lib.lehigh.edu/gunn_transcripts/3475.txt
287241,digitalcollections:gunn_3476,https://pfaffs-web.lib.lehigh.edu/gunn_transcripts/3476.txt,https://pfaffs-web.lib.lehigh.edu/gunn_transcripts/3476.txt
287242,digitalcollections:gunn_3477,https://pfaffs-web.lib.lehigh.edu/gunn_transcripts/3477.txt,https://pfaffs-web.lib.lehigh.edu/gunn_transcripts/3477.txt
287243,digitalcollections:gunn_3486,https://pfaffs-web.lib.lehigh.edu/gunn_transcripts/3486.txt,https://pfaffs-web.lib.lehigh.edu/gunn_transcripts/3486.txt
287244,digitalcollections:gunn_3487,https://pfaffs-web.lib.lehigh.edu/gunn_transcripts/3487.txt,https://pfaffs-web.lib.lehigh.edu/gunn_transcripts/3487.txt
287245,digitalcollections:gunn_3488,https://pfaffs-web.lib.lehigh.edu/gunn_transcripts/3488.txt,https://pfaffs-web.lib.lehigh.edu/gunn_transcripts/3488.txt
287246,digitalcollections:gunn_3489,https://pfaffs-web.lib.lehigh.edu/gunn_transcripts/3489.txt,https://pfaffs-web.lib.lehigh.edu/gunn_transcripts/3489.txt
287247,digitalcollections:gunn_3490,https://pfaffs-web.lib.lehigh.edu/gunn_transcripts/3490.txt,https://pfaffs-web.lib.lehigh.edu/gunn_transcripts/3490.txt
287248,digitalcollections:gunn_3491,https://pfaffs-web.lib.lehigh.edu/gunn_transcripts/3491.txt,https://pfaffs-web.lib.lehigh.edu/gunn_transcripts/3491.txt
287249,digitalcollections:gunn_3492,https://pfaffs-web.lib.lehigh.edu/gunn_transcripts/3492.txt,https://pfaffs-web.lib.lehigh.edu/gunn_transcripts/3492.txt
287250,digitalcollections:gunn_3463,https://pfaffs-web.lib.lehigh.edu/gunn_transcripts/3463.txt,https://pfaffs-web.lib.lehigh.edu/gunn_transcripts/3463.txt
287251,digitalcollections:gunn_3464,https://pfaffs-web.lib.lehigh.edu/gunn_transcripts/3464.txt,https://pfaffs-web.lib.lehigh.edu/gunn_transcripts/3464.txt
287252,digitalcollections:gunn_3465,https://pfaffs-web.lib.lehigh.edu/gunn_transcripts/3465.txt,https://pfaffs-web.lib.lehigh.edu/gunn_transcripts/3465.txt
287253,digitalcollections:gunn_3466,https://pfaffs-web.lib.lehigh.edu/gunn_transcripts/3466.txt,https://pfaffs-web.lib.lehigh.edu/gunn_transcripts/3466.txt
287254,digitalcollections:gunn_3467,https://pfaffs-web.lib.lehigh.edu/gunn_transcripts/3467.txt,https://pfaffs-web.lib.lehigh.edu/gunn_transcripts/3467.txt
287255,digitalcollections:gunn_3468,https://pfaffs-web.lib.lehigh.edu/gunn_transcripts/3468.txt,https://pfaffs-web.lib.lehigh.edu/gunn_transcripts/3468.txt
287256,digitalcollections:gunn_3469,https://pfaffs-web.lib.lehigh.edu/gunn_transcripts/3469.txt,https://pfaffs-web.lib.lehigh.edu/gunn_transcripts/3469.txt
287257,digitalcollections:gunn_3445,https://pfaffs-web.lib.lehigh.edu/gunn_transcripts/3445.txt,https://pfaffs-web.lib.lehigh.edu/gunn_transcripts/3445.txt
287258,digitalcollections:gunn_3446,https://pfaffs-web.lib.lehigh.edu/gunn_transcripts/3446.txt,https://pfaffs-web.lib.lehigh.edu/gunn_transcripts/3446.txt
287259,digitalcollections:gunn_3470,https://pfaffs-web.lib.lehigh.edu/gunn_transcripts/3470.txt,https://pfaffs-web.lib.lehigh.edu/gunn_transcripts/3470.txt
287260,digitalcollections:gunn_3523,https://pfaffs-web.lib.lehigh.edu/gunn_transcripts/3523.txt,https://pfaffs-web.lib.lehigh.edu/gunn_transcripts/3523.txt
287261,digitalcollections:gunn_3493,https://pfaffs-web.lib.lehigh.edu/gunn_transcripts/3493.txt,https://pfaffs-web.lib.lehigh.edu/gunn_transcripts/3493.txt
287262,digitalcollections:gunn_3329,https://pfaffs-web.lib.lehigh.edu/gunn_transcripts/3329.txt,https://pfaffs-web.lib.lehigh.edu/gunn_transcripts/3329.txt
287263,digitalcollections:gunn_3353,https://pfaffs-web.lib.lehigh.edu/gunn_transcripts/3353.txt,https://pfaffs-web.lib.lehigh.edu/gunn_transcripts/3353.txt
287264,digitalcollections:gunn_3354,https://pfaffs-web.lib.lehigh.edu/gunn_transcripts/3354.txt,https://pfaffs-web.lib.lehigh.edu/gunn_transcripts/3354.txt
287265,digitalcollections:gunn_3355,https://pfaffs-web.lib.lehigh.edu/gunn_transcripts/3355.txt,https://pfaffs-web.lib.lehigh.edu/gunn_transcripts/3355.txt
287266,digitalcollections:gunn_3356,https://pfaffs-web.lib.lehigh.edu/gunn_transcripts/3356.txt,https://pfaffs-web.lib.lehigh.edu/gunn_transcripts/3356.txt
287267,digitalcollections:gunn_3357,https://pfaffs-web.lib.lehigh.edu/gunn_transcripts/3357.txt,https://pfaffs-web.lib.lehigh.edu/gunn_transcripts/3357.txt
287268,digitalcollections:gunn_3358,https://pfaffs-web.lib.lehigh.edu/gunn_transcripts/3358.txt,https://pfaffs-web.lib.lehigh.edu/gunn_transcripts/3358.txt
287269,digitalcollections:gunn_3359,https://pfaffs-web.lib.lehigh.edu/gunn_transcripts/3359.txt,https://pfaffs-web.lib.lehigh.edu/gunn_transcripts/3359.txt
287270,digitalcollections:gunn_3360,https://pfaffs-web.lib.lehigh.edu/gunn_transcripts/3360.txt,https://pfaffs-web.lib.lehigh.edu/gunn_transcripts/3360.txt
287271,digitalcollections:gunn_3337,https://pfaffs-web.lib.lehigh.edu/gunn_transcripts/3337.txt,https://pfaffs-web.lib.lehigh.edu/gunn_transcripts/3337.txt
287272,digitalcollections:gunn_3338,https://pfaffs-web.lib.lehigh.edu/gunn_transcripts/3338.txt,https://pfaffs-web.lib.lehigh.edu/gunn_transcripts/3338.txt
287273,digitalcollections:gunn_3339,https://pfaffs-web.lib.lehigh.edu/gunn_transcripts/3339.txt,https://pfaffs-web.lib.lehigh.edu/gunn_transcripts/3339.txt
287274,digitalcollections:gunn_3340,https://pfaffs-web.lib.lehigh.edu/gunn_transcripts/3340.txt,https://pfaffs-web.lib.lehigh.edu/gunn_transcripts/3340.txt
287275,digitalcollections:gunn_3341,https://pfaffs-web.lib.lehigh.edu/gunn_transcripts/3341.txt,https://pfaffs-web.lib.lehigh.edu/gunn_transcripts/3341.txt
287276,digitalcollections:gunn_3342,https://pfaffs-web.lib.lehigh.edu/gunn_transcripts/3342.txt,https://pfaffs-web.lib.lehigh.edu/gunn_transcripts/3342.txt
287277,digitalcollections:gunn_3343,https://pfaffs-web.lib.lehigh.edu/gunn_transcripts/3343.txt,https://pfaffs-web.lib.lehigh.edu/gunn_transcripts/3343.txt
287278,digitalcollections:gunn_3344,https://pfaffs-web.lib.lehigh.edu/gunn_transcripts/3344.txt,https://pfaffs-web.lib.lehigh.edu/gunn_transcripts/3344.txt
287279,digitalcollections:gunn_3345,https://pfaffs-web.lib.lehigh.edu/gunn_transcripts/3345.txt,https://pfaffs-web.lib.lehigh.edu/gunn_transcripts/3345.txt
287280,digitalcollections:gunn_3346,https://pfaffs-web.lib.lehigh.edu/gunn_transcripts/3346.txt,https://pfaffs-web.lib.lehigh.edu/gunn_transcripts/3346.txt
287281,digitalcollections:gunn_3347,https://pfaffs-web.lib.lehigh.edu/gunn_transcripts/3347.txt,https://pfaffs-web.lib.lehigh.edu/gunn_transcripts/3347.txt
287282,digitalcollections:gunn_3348,https://pfaffs-web.lib.lehigh.edu/gunn_transcripts/3348.txt,https://pfaffs-web.lib.lehigh.edu/gunn_transcripts/3348.txt
287283,digitalcollections:gunn_3349,https://pfaffs-web.lib.lehigh.edu/gunn_transcripts/3349.txt,https://pfaffs-web.lib.lehigh.edu/gunn_transcripts/3349.txt
287284,digitalcollections:gunn_3350,https://pfaffs-web.lib.lehigh.edu/gunn_transcripts/3350.txt,https://pfaffs-web.lib.lehigh.edu/gunn_transcripts/3350.txt
287285,digitalcollections:gunn_3351,https://pfaffs-web.lib.lehigh.edu/gunn_transcripts/3351.txt,https://pfaffs-web.lib.lehigh.edu/gunn_transcripts/3351.txt
287286,digitalcollections:gunn_3352,https://pfaffs-web.lib.lehigh.edu/gunn_transcripts/3352.txt,https://pfaffs-web.lib.lehigh.edu/gunn_transcripts/3352.txt
287287,digitalcollections:gunn_3330,https://pfaffs-web.lib.lehigh.edu/gunn_transcripts/3330.txt,https://pfaffs-web.lib.lehigh.edu/gunn_transcripts/3330.txt
287288,digitalcollections:gunn_3331,https://pfaffs-web.lib.lehigh.edu/gunn_transcripts/3331.txt,https://pfaffs-web.lib.lehigh.edu/gunn_transcripts/3331.txt
287289,digitalcollections:gunn_3332,https://pfaffs-web.lib.lehigh.edu/gunn_transcripts/3332.txt,https://pfaffs-web.lib.lehigh.edu/gunn_transcripts/3332.txt
287290,digitalcollections:gunn_3333,https://pfaffs-web.lib.lehigh.edu/gunn_transcripts/3333.txt,https://pfaffs-web.lib.lehigh.edu/gunn_transcripts/3333.txt
287291,digitalcollections:gunn_3334,https://pfaffs-web.lib.lehigh.edu/gunn_transcripts/3334.txt,https://pfaffs-web.lib.lehigh.edu/gunn_transcripts/3334.txt
287292,digitalcollections:gunn_3335,https://pfaffs-web.lib.lehigh.edu/gunn_transcripts/3335.txt,https://pfaffs-web.lib.lehigh.edu/gunn_transcripts/3335.txt
287293,digitalcollections:gunn_3336,https://pfaffs-web.lib.lehigh.edu/gunn_transcripts/3336.txt,https://pfaffs-web.lib.lehigh.edu/gunn_transcripts/3336.txt
287294,digitalcollections:gunn_3405,https://pfaffs-web.lib.lehigh.edu/gunn_transcripts/3405.txt,https://pfaffs-web.lib.lehigh.edu/gunn_transcripts/3405.txt
287295,digitalcollections:gunn_3406,https://pfaffs-web.lib.lehigh.edu/gunn_transcripts/3406.txt,https://pfaffs-web.lib.lehigh.edu/gunn_transcripts/3406.txt
287296,digitalcollections:gunn_3407,https://pfaffs-web.lib.lehigh.edu/gunn_transcripts/3407.txt,https://pfaffs-web.lib.lehigh.edu/gunn_transcripts/3407.txt
287297,digitalcollections:gunn_3408,https://pfaffs-web.lib.lehigh.edu/gunn_transcripts/3408.txt,https://pfaffs-web.lib.lehigh.edu/gunn_transcripts/3408.txt
287298,digitalcollections:gunn_3409,https://pfaffs-web.lib.lehigh.edu/gunn_transcripts/3409.txt,https://pfaffs-web.lib.lehigh.edu/gunn_transcripts/3409.txt
287299,digitalcollections:gunn_3410,https://pfaffs-web.lib.lehigh.edu/gunn_transcripts/3410.txt,https://pfaffs-web.lib.lehigh.edu/gunn_transcripts/3410.txt
287300,digitalcollections:gunn_3411,https://pfaffs-web.lib.lehigh.edu/gunn_transcripts/3411.txt,https://pfaffs-web.lib.lehigh.edu/gunn_transcripts/3411.txt
287301,digitalcollections:gunn_3412,https://pfaffs-web.lib.lehigh.edu/gunn_transcripts/3412.txt,https://pfaffs-web.lib.lehigh.edu/gunn_transcripts/3412.txt
287302,digitalcollections:gunn_3413,https://pfaffs-web.lib.lehigh.edu/gunn_transcripts/3413.txt,https://pfaffs-web.lib.lehigh.edu/gunn_transcripts/3413.txt
287303,digitalcollections:gunn_3376,https://pfaffs-web.lib.lehigh.edu/gunn_transcripts/3376.txt,https://pfaffs-web.lib.lehigh.edu/gunn_transcripts/3376.txt
287304,digitalcollections:gunn_3377,https://pfaffs-web.lib.lehigh.edu/gunn_transcripts/3377.txt,https://pfaffs-web.lib.lehigh.edu/gunn_transcripts/3377.txt
287305,digitalcollections:gunn_3378,https://pfaffs-web.lib.lehigh.edu/gunn_transcripts/3378.txt,https://pfaffs-web.lib.lehigh.edu/gunn_transcripts/3378.txt
287306,digitalcollections:gunn_3379,https://pfaffs-web.lib.lehigh.edu/gunn_transcripts/3379.txt,https://pfaffs-web.lib.lehigh.edu/gunn_transcripts/3379.txt
287307,digitalcollections:gunn_3380,https://pfaffs-web.lib.lehigh.edu/gunn_transcripts/3380.txt,https://pfaffs-web.lib.lehigh.edu/gunn_transcripts/3380.txt
287308,digitalcollections:gunn_3381,https://pfaffs-web.lib.lehigh.edu/gunn_transcripts/3381.txt,https://pfaffs-web.lib.lehigh.edu/gunn_transcripts/3381.txt
287309,digitalcollections:gunn_3382,https://pfaffs-web.lib.lehigh.edu/gunn_transcripts/3382.txt,https://pfaffs-web.lib.lehigh.edu/gunn_transcripts/3382.txt
287310,digitalcollections:gunn_3383,https://pfaffs-web.lib.lehigh.edu/gunn_transcripts/3383.txt,https://pfaffs-web.lib.lehigh.edu/gunn_transcripts/3383.txt
287311,digitalcollections:gunn_3361,https://pfaffs-web.lib.lehigh.edu/gunn_transcripts/3361.txt,https://pfaffs-web.lib.lehigh.edu/gunn_transcripts/3361.txt
287312,digitalcollections:gunn_3362,https://pfaffs-web.lib.lehigh.edu/gunn_transcripts/3362.txt,https://pfaffs-web.lib.lehigh.edu/gunn_transcripts/3362.txt
287313,digitalcollections:gunn_3363,https://pfaffs-web.lib.lehigh.edu/gunn_transcripts/3363.txt,https://pfaffs-web.lib.lehigh.edu/gunn_transcripts/3363.txt
287314,digitalcollections:gunn_3364,https://pfaffs-web.lib.lehigh.edu/gunn_transcripts/3364.txt,https://pfaffs-web.lib.lehigh.edu/gunn_transcripts/3364.txt
287315,digitalcollections:gunn_3365,https://pfaffs-web.lib.lehigh.edu/gunn_transcripts/3365.txt,https://pfaffs-web.lib.lehigh.edu/gunn_transcripts/3365.txt
287316,digitalcollections:gunn_3366,https://pfaffs-web.lib.lehigh.edu/gunn_transcripts/3366.txt,https://pfaffs-web.lib.lehigh.edu/gunn_transcripts/3366.txt
287317,digitalcollections:gunn_3367,https://pfaffs-web.lib.lehigh.edu/gunn_transcripts/3367.txt,https://pfaffs-web.lib.lehigh.edu/gunn_transcripts/3367.txt
287318,digitalcollections:gunn_3368,https://pfaffs-web.lib.lehigh.edu/gunn_transcripts/3368.txt,https://pfaffs-web.lib.lehigh.edu/gunn_transcripts/3368.txt
287319,digitalcollections:gunn_3369,https://pfaffs-web.lib.lehigh.edu/gunn_transcripts/3369.txt,https://pfaffs-web.lib.lehigh.edu/gunn_transcripts/3369.txt
287320,digitalcollections:gunn_3370,https://pfaffs-web.lib.lehigh.edu/gunn_transcripts/3370.txt,https://pfaffs-web.lib.lehigh.edu/gunn_transcripts/3370.txt
287321,digitalcollections:gunn_3371,https://pfaffs-web.lib.lehigh.edu/gunn_transcripts/3371.txt,https://pfaffs-web.lib.lehigh.edu/gunn_transcripts/3371.txt
287322,digitalcollections:gunn_3372,https://pfaffs-web.lib.lehigh.edu/gunn_transcripts/3372.txt,https://pfaffs-web.lib.lehigh.edu/gunn_transcripts/3372.txt
287323,digitalcollections:gunn_3373,https://pfaffs-web.lib.lehigh.edu/gunn_transcripts/3373.txt,https://pfaffs-web.lib.lehigh.edu/gunn_transcripts/3373.txt
287324,digitalcollections:gunn_3374,https://pfaffs-web.lib.lehigh.edu/gunn_transcripts/3374.txt,https://pfaffs-web.lib.lehigh.edu/gunn_transcripts/3374.txt
287325,digitalcollections:gunn_3375,https://pfaffs-web.lib.lehigh.edu/gunn_transcripts/3375.txt,https://pfaffs-web.lib.lehigh.edu/gunn_transcripts/3375.txt
287326,digitalcollections:gunn_3414,https://pfaffs-web.lib.lehigh.edu/gunn_transcripts/3414.txt,https://pfaffs-web.lib.lehigh.edu/gunn_transcripts/3414.txt
287327,digitalcollections:gunn_3415,https://pfaffs-web.lib.lehigh.edu/gunn_transcripts/3415.txt,https://pfaffs-web.lib.lehigh.edu/gunn_transcripts/3415.txt
287328,digitalcollections:gunn_3416,https://pfaffs-web.lib.lehigh.edu/gunn_transcripts/3416.txt,https://pfaffs-web.lib.lehigh.edu/gunn_transcripts/3416.txt
287329,digitalcollections:gunn_3417,https://pfaffs-web.lib.lehigh.edu/gunn_transcripts/3417.txt,https://pfaffs-web.lib.lehigh.edu/gunn_transcripts/3417.txt
287330,digitalcollections:gunn_3418,https://pfaffs-web.lib.lehigh.edu/gunn_transcripts/3418.txt,https://pfaffs-web.lib.lehigh.edu/gunn_transcripts/3418.txt
287331,digitalcollections:gunn_3419,https://pfaffs-web.lib.lehigh.edu/gunn_transcripts/3419.txt,https://pfaffs-web.lib.lehigh.edu/gunn_transcripts/3419.txt
287332,digitalcollections:gunn_3420,https://pfaffs-web.lib.lehigh.edu/gunn_transcripts/3420.txt,https://pfaffs-web.lib.lehigh.edu/gunn_transcripts/3420.txt
287333,digitalcollections:gunn_3384,https://pfaffs-web.lib.lehigh.edu/gunn_transcripts/3384.txt,https://pfaffs-web.lib.lehigh.edu/gunn_transcripts/3384.txt
287334,digitalcollections:gunn_3385,https://pfaffs-web.lib.lehigh.edu/gunn_transcripts/3385.txt,https://pfaffs-web.lib.lehigh.edu/gunn_transcripts/3385.txt
287335,digitalcollections:gunn_3386,https://pfaffs-web.lib.lehigh.edu/gunn_transcripts/3386.txt,https://pfaffs-web.lib.lehigh.edu/gunn_transcripts/3386.txt
287336,digitalcollections:gunn_3387,https://pfaffs-web.lib.lehigh.edu/gunn_transcripts/3387.txt,https://pfaffs-web.lib.lehigh.edu/gunn_transcripts/3387.txt
287337,digitalcollections:gunn_3388,https://pfaffs-web.lib.lehigh.edu/gunn_transcripts/3388.txt,https://pfaffs-web.lib.lehigh.edu/gunn_transcripts/3388.txt
287338,digitalcollections:gunn_3389,https://pfaffs-web.lib.lehigh.edu/gunn_transcripts/3389.txt,https://pfaffs-web.lib.lehigh.edu/gunn_transcripts/3389.txt
287339,digitalcollections:gunn_3390,https://pfaffs-web.lib.lehigh.edu/gunn_transcripts/3390.txt,https://pfaffs-web.lib.lehigh.edu/gunn_transcripts/3390.txt
287340,digitalcollections:gunn_3398,https://pfaffs-web.lib.lehigh.edu/gunn_transcripts/3398.txt,https://pfaffs-web.lib.lehigh.edu/gunn_transcripts/3398.txt
287341,digitalcollections:gunn_3399,https://pfaffs-web.lib.lehigh.edu/gunn_transcripts/3399.txt,https://pfaffs-web.lib.lehigh.edu/gunn_transcripts/3399.txt
287342,digitalcollections:gunn_3400,https://pfaffs-web.lib.lehigh.edu/gunn_transcripts/3400.txt,https://pfaffs-web.lib.lehigh.edu/gunn_transcripts/3400.txt
287343,digitalcollections:gunn_3401,https://pfaffs-web.lib.lehigh.edu/gunn_transcripts/3401.txt,https://pfaffs-web.lib.lehigh.edu/gunn_transcripts/3401.txt
287344,digitalcollections:gunn_3402,https://pfaffs-web.lib.lehigh.edu/gunn_transcripts/3402.txt,https://pfaffs-web.lib.lehigh.edu/gunn_transcripts/3402.txt
287345,digitalcollections:gunn_3403,https://pfaffs-web.lib.lehigh.edu/gunn_transcripts/3403.txt,https://pfaffs-web.lib.lehigh.edu/gunn_transcripts/3403.txt
287346,digitalcollections:gunn_3404,https://pfaffs-web.lib.lehigh.edu/gunn_transcripts/3404.txt,https://pfaffs-web.lib.lehigh.edu/gunn_transcripts/3404.txt
287347,digitalcollections:gunn_3392,https://pfaffs-web.lib.lehigh.edu/gunn_transcripts/3392.txt,https://pfaffs-web.lib.lehigh.edu/gunn_transcripts/3392.txt
287348,digitalcollections:gunn_3393,https://pfaffs-web.lib.lehigh.edu/gunn_transcripts/3393.txt,https://pfaffs-web.lib.lehigh.edu/gunn_transcripts/3393.txt
287349,digitalcollections:gunn_3394,https://pfaffs-web.lib.lehigh.edu/gunn_transcripts/3394.txt,https://pfaffs-web.lib.lehigh.edu/gunn_transcripts/3394.txt
287350,digitalcollections:gunn_3395,https://pfaffs-web.lib.lehigh.edu/gunn_transcripts/3395.txt,https://pfaffs-web.lib.lehigh.edu/gunn_transcripts/3395.txt
287351,digitalcollections:gunn_3396,https://pfaffs-web.lib.lehigh.edu/gunn_transcripts/3396.txt,https://pfaffs-web.lib.lehigh.edu/gunn_transcripts/3396.txt
287352,digitalcollections:gunn_3397,https://pfaffs-web.lib.lehigh.edu/gunn_transcripts/3397.txt,https://pfaffs-web.lib.lehigh.edu/gunn_transcripts/3397.txt
287353,digitalcollections:gunn_3391,https://pfaffs-web.lib.lehigh.edu/gunn_transcripts/3391.txt,https://pfaffs-web.lib.lehigh.edu/gunn_transcripts/3391.txt
287354,digitalcollections:gunn_3548,https://pfaffs-web.lib.lehigh.edu/gunn_transcripts/3548.txt,https://pfaffs-web.lib.lehigh.edu/gunn_transcripts/3548.txt
287355,digitalcollections:gunn_3549,https://pfaffs-web.lib.lehigh.edu/gunn_transcripts/3549.txt,https://pfaffs-web.lib.lehigh.edu/gunn_transcripts/3549.txt
287356,digitalcollections:gunn_3550,https://pfaffs-web.lib.lehigh.edu/gunn_transcripts/3550.txt,https://pfaffs-web.lib.lehigh.edu/gunn_transcripts/3550.txt
287357,digitalcollections:gunn_3551,https://pfaffs-web.lib.lehigh.edu/gunn_transcripts/3551.txt,https://pfaffs-web.lib.lehigh.edu/gunn_transcripts/3551.txt
287358,digitalcollections:gunn_3552,https://pfaffs-web.lib.lehigh.edu/gunn_transcripts/3552.txt,https://pfaffs-web.lib.lehigh.edu/gunn_transcripts/3552.txt
287359,digitalcollections:gunn_3553,https://pfaffs-web.lib.lehigh.edu/gunn_transcripts/3553.txt,https://pfaffs-web.lib.lehigh.edu/gunn_transcripts/3553.txt
287360,digitalcollections:gunn_3554,https://pfaffs-web.lib.lehigh.edu/gunn_transcripts/3554.txt,https://pfaffs-web.lib.lehigh.edu/gunn_transcripts/3554.txt
287361,digitalcollections:gunn_3555,https://pfaffs-web.lib.lehigh.edu/gunn_transcripts/3555.txt,https://pfaffs-web.lib.lehigh.edu/gunn_transcripts/3555.txt
287362,digitalcollections:gunn_3565,https://pfaffs-web.lib.lehigh.edu/gunn_transcripts/3565.txt,https://pfaffs-web.lib.lehigh.edu/gunn_transcripts/3565.txt
287363,digitalcollections:gunn_3566,https://pfaffs-web.lib.lehigh.edu/gunn_transcripts/3566.txt,https://pfaffs-web.lib.lehigh.edu/gunn_transcripts/3566.txt
287364,digitalcollections:gunn_3567,https://pfaffs-web.lib.lehigh.edu/gunn_transcripts/3567.txt,https://pfaffs-web.lib.lehigh.edu/gunn_transcripts/3567.txt
287365,digitalcollections:gunn_3568,https://pfaffs-web.lib.lehigh.edu/gunn_transcripts/3568.txt,https://pfaffs-web.lib.lehigh.edu/gunn_transcripts/3568.txt
287366,digitalcollections:gunn_3569,https://pfaffs-web.lib.lehigh.edu/gunn_transcripts/3569.txt,https://pfaffs-web.lib.lehigh.edu/gunn_transcripts/3569.txt
287367,digitalcollections:gunn_3570,https://pfaffs-web.lib.lehigh.edu/gunn_transcripts/3570.txt,https://pfaffs-web.lib.lehigh.edu/gunn_transcripts/3570.txt
287368,digitalcollections:gunn_3571,https://pfaffs-web.lib.lehigh.edu/gunn_transcripts/3571.txt,https://pfaffs-web.lib.lehigh.edu/gunn_transcripts/3571.txt
287369,digitalcollections:gunn_3572,https://pfaffs-web.lib.lehigh.edu/gunn_transcripts/3572.txt,https://pfaffs-web.lib.lehigh.edu/gunn_transcripts/3572.txt
287370,digitalcollections:gunn_3531,https://pfaffs-web.lib.lehigh.edu/gunn_transcripts/3531.txt,https://pfaffs-web.lib.lehigh.edu/gunn_transcripts/3531.txt
287371,digitalcollections:gunn_3532,https://pfaffs-web.lib.lehigh.edu/gunn_transcripts/3532.txt,https://pfaffs-web.lib.lehigh.edu/gunn_transcripts/3532.txt
287372,digitalcollections:gunn_3533,https://pfaffs-web.lib.lehigh.edu/gunn_transcripts/3533.txt,https://pfaffs-web.lib.lehigh.edu/gunn_transcripts/3533.txt
287373,digitalcollections:gunn_3534,https://pfaffs-web.lib.lehigh.edu/gunn_transcripts/3534.txt,https://pfaffs-web.lib.lehigh.edu/gunn_transcripts/3534.txt
287374,digitalcollections:gunn_3535,https://pfaffs-web.lib.lehigh.edu/gunn_transcripts/3535.txt,https://pfaffs-web.lib.lehigh.edu/gunn_transcripts/3535.txt
287375,digitalcollections:gunn_3536,https://pfaffs-web.lib.lehigh.edu/gunn_transcripts/3536.txt,https://pfaffs-web.lib.lehigh.edu/gunn_transcripts/3536.txt
287376,digitalcollections:gunn_3537,https://pfaffs-web.lib.lehigh.edu/gunn_transcripts/3537.txt,https://pfaffs-web.lib.lehigh.edu/gunn_transcripts/3537.txt
287377,digitalcollections:gunn_3538,https://pfaffs-web.lib.lehigh.edu/gunn_transcripts/3538.txt,https://pfaffs-web.lib.lehigh.edu/gunn_transcripts/3538.txt
287378,digitalcollections:gunn_3539,https://pfaffs-web.lib.lehigh.edu/gunn_transcripts/3539.txt,https://pfaffs-web.lib.lehigh.edu/gunn_transcripts/3539.txt
287379,digitalcollections:gunn_4090,https://pfaffs-web.lib.lehigh.edu/gunn_transcripts/4090.txt,https://pfaffs-web.lib.lehigh.edu/gunn_transcripts/4090.txt
287380,digitalcollections:gunn_4091,https://pfaffs-web.lib.lehigh.edu/gunn_transcripts/4091.txt,https://pfaffs-web.lib.lehigh.edu/gunn_transcripts/4091.txt
287381,digitalcollections:gunn_4092,https://pfaffs-web.lib.lehigh.edu/gunn_transcripts/4092.txt,https://pfaffs-web.lib.lehigh.edu/gunn_transcripts/4092.txt
287382,digitalcollections:gunn_4123,https://pfaffs-web.lib.lehigh.edu/gunn_transcripts/4123.txt,https://pfaffs-web.lib.lehigh.edu/gunn_transcripts/4123.txt
287383,digitalcollections:gunn_4124,https://pfaffs-web.lib.lehigh.edu/gunn_transcripts/4124.txt,https://pfaffs-web.lib.lehigh.edu/gunn_transcripts/4124.txt
287384,digitalcollections:gunn_4125,https://pfaffs-web.lib.lehigh.edu/gunn_transcripts/4125.txt,https://pfaffs-web.lib.lehigh.edu/gunn_transcripts/4125.txt
287385,digitalcollections:gunn_4126,https://pfaffs-web.lib.lehigh.edu/gunn_transcripts/4126.txt,https://pfaffs-web.lib.lehigh.edu/gunn_transcripts/4126.txt
287386,digitalcollections:gunn_4127,https://pfaffs-web.lib.lehigh.edu/gunn_transcripts/4127.txt,https://pfaffs-web.lib.lehigh.edu/gunn_transcripts/4127.txt
287387,digitalcollections:gunn_4128,https://pfaffs-web.lib.lehigh.edu/gunn_transcripts/4128.txt,https://pfaffs-web.lib.lehigh.edu/gunn_transcripts/4128.txt
287388,digitalcollections:gunn_4129,https://pfaffs-web.lib.lehigh.edu/gunn_transcripts/4129.txt,https://pfaffs-web.lib.lehigh.edu/gunn_transcripts/4129.txt
287389,digitalcollections:gunn_4094,https://pfaffs-web.lib.lehigh.edu/gunn_transcripts/4094.txt,https://pfaffs-web.lib.lehigh.edu/gunn_transcripts/4094.txt
287390,digitalcollections:gunn_4095,https://pfaffs-web.lib.lehigh.edu/gunn_transcripts/4095.txt,https://pfaffs-web.lib.lehigh.edu/gunn_transcripts/4095.txt
287391,digitalcollections:gunn_4096,https://pfaffs-web.lib.lehigh.edu/gunn_transcripts/4096.txt,https://pfaffs-web.lib.lehigh.edu/gunn_transcripts/4096.txt
287392,digitalcollections:gunn_4097,https://pfaffs-web.lib.lehigh.edu/gunn_transcripts/4097.txt,https://pfaffs-web.lib.lehigh.edu/gunn_transcripts/4097.txt
287393,digitalcollections:gunn_4098,https://pfaffs-web.lib.lehigh.edu/gunn_transcripts/4098.txt,https://pfaffs-web.lib.lehigh.edu/gunn_transcripts/4098.txt
287394,digitalcollections:gunn_4099,https://pfaffs-web.lib.lehigh.edu/gunn_transcripts/4099.txt,https://pfaffs-web.lib.lehigh.edu/gunn_transcripts/4099.txt
287395,digitalcollections:gunn_4100,https://pfaffs-web.lib.lehigh.edu/gunn_transcripts/4100.txt,https://pfaffs-web.lib.lehigh.edu/gunn_transcripts/4100.txt
287396,digitalcollections:gunn_4108,https://pfaffs-web.lib.lehigh.edu/gunn_transcripts/4108.txt,https://pfaffs-web.lib.lehigh.edu/gunn_transcripts/4108.txt
287397,digitalcollections:gunn_4109,https://pfaffs-web.lib.lehigh.edu/gunn_transcripts/4109.txt,https://pfaffs-web.lib.lehigh.edu/gunn_transcripts/4109.txt
287398,digitalcollections:gunn_4110,https://pfaffs-web.lib.lehigh.edu/gunn_transcripts/4110.txt,https://pfaffs-web.lib.lehigh.edu/gunn_transcripts/4110.txt
287399,digitalcollections:gunn_4111,https://pfaffs-web.lib.lehigh.edu/gunn_transcripts/4111.txt,https://pfaffs-web.lib.lehigh.edu/gunn_transcripts/4111.txt
287400,digitalcollections:gunn_4112,https://pfaffs-web.lib.lehigh.edu/gunn_transcripts/4112.txt,https://pfaffs-web.lib.lehigh.edu/gunn_transcripts/4112.txt
287401,digitalcollections:gunn_4113,https://pfaffs-web.lib.lehigh.edu/gunn_transcripts/4113.txt,https://pfaffs-web.lib.lehigh.edu/gunn_transcripts/4113.txt
287402,digitalcollections:gunn_4114,https://pfaffs-web.lib.lehigh.edu/gunn_transcripts/4114.txt,https://pfaffs-web.lib.lehigh.edu/gunn_transcripts/4114.txt
287403,digitalcollections:gunn_4115,https://pfaffs-web.lib.lehigh.edu/gunn_transcripts/4115.txt,https://pfaffs-web.lib.lehigh.edu/gunn_transcripts/4115.txt
287404,digitalcollections:gunn_4101,https://pfaffs-web.lib.lehigh.edu/gunn_transcripts/4101.txt,https://pfaffs-web.lib.lehigh.edu/gunn_transcripts/4101.txt
287405,digitalcollections:gunn_4102,https://pfaffs-web.lib.lehigh.edu/gunn_transcripts/4102.txt,https://pfaffs-web.lib.lehigh.edu/gunn_transcripts/4102.txt
287406,digitalcollections:gunn_4103,https://pfaffs-web.lib.lehigh.edu/gunn_transcripts/4103.txt,https://pfaffs-web.lib.lehigh.edu/gunn_transcripts/4103.txt
287407,digitalcollections:gunn_4104,https://pfaffs-web.lib.lehigh.edu/gunn_transcripts/4104.txt,https://pfaffs-web.lib.lehigh.edu/gunn_transcripts/4104.txt
287408,digitalcollections:gunn_4105,https://pfaffs-web.lib.lehigh.edu/gunn_transcripts/4105.txt,https://pfaffs-web.lib.lehigh.edu/gunn_transcripts/4105.txt
287409,digitalcollections:gunn_4106,https://pfaffs-web.lib.lehigh.edu/gunn_transcripts/4106.txt,https://pfaffs-web.lib.lehigh.edu/gunn_transcripts/4106.txt
287410,digitalcollections:gunn_4107,https://pfaffs-web.lib.lehigh.edu/gunn_transcripts/4107.txt,https://pfaffs-web.lib.lehigh.edu/gunn_transcripts/4107.txt
287411,digitalcollections:gunn_4117,https://pfaffs-web.lib.lehigh.edu/gunn_transcripts/4117.txt,https://pfaffs-web.lib.lehigh.edu/gunn_transcripts/4117.txt
287412,digitalcollections:gunn_4118,https://pfaffs-web.lib.lehigh.edu/gunn_transcripts/4118.txt,https://pfaffs-web.lib.lehigh.edu/gunn_transcripts/4118.txt
287413,digitalcollections:gunn_4119,https://pfaffs-web.lib.lehigh.edu/gunn_transcripts/4119.txt,https://pfaffs-web.lib.lehigh.edu/gunn_transcripts/4119.txt
287414,digitalcollections:gunn_4120,https://pfaffs-web.lib.lehigh.edu/gunn_transcripts/4120.txt,https://pfaffs-web.lib.lehigh.edu/gunn_transcripts/4120.txt
287415,digitalcollections:gunn_4121,https://pfaffs-web.lib.lehigh.edu/gunn_transcripts/4121.txt,https://pfaffs-web.lib.lehigh.edu/gunn_transcripts/4121.txt
287416,digitalcollections:gunn_4122,https://pfaffs-web.lib.lehigh.edu/gunn_transcripts/4122.txt,https://pfaffs-web.lib.lehigh.edu/gunn_transcripts/4122.txt
287417,digitalcollections:gunn_4116,https://pfaffs-web.lib.lehigh.edu/gunn_transcripts/4116.txt,https://pfaffs-web.lib.lehigh.edu/gunn_transcripts/4116.txt
287418,digitalcollections:gunn_895,https://pfaffs-web.lib.lehigh.edu/gunn_transcripts/895.txt,https://pfaffs-web.lib.lehigh.edu/gunn_transcripts/895.txt
287419,digitalcollections:gunn_896,https://pfaffs-web.lib.lehigh.edu/gunn_transcripts/896.txt,https://pfaffs-web.lib.lehigh.edu/gunn_transcripts/896.txt
287420,digitalcollections:gunn_897,https://pfaffs-web.lib.lehigh.edu/gunn_transcripts/897.txt,https://pfaffs-web.lib.lehigh.edu/gunn_transcripts/897.txt
287421,digitalcollections:gunn_898,https://pfaffs-web.lib.lehigh.edu/gunn_transcripts/898.txt,https://pfaffs-web.lib.lehigh.edu/gunn_transcripts/898.txt
287422,digitalcollections:gunn_899,https://pfaffs-web.lib.lehigh.edu/gunn_transcripts/899.txt,https://pfaffs-web.lib.lehigh.edu/gunn_transcripts/899.txt
287423,digitalcollections:gunn_900,https://pfaffs-web.lib.lehigh.edu/gunn_transcripts/900.txt,https://pfaffs-web.lib.lehigh.edu/gunn_transcripts/900.txt
287424,digitalcollections:gunn_901,https://pfaffs-web.lib.lehigh.edu/gunn_transcripts/901.txt,https://pfaffs-web.lib.lehigh.edu/gunn_transcripts/901.txt
287425,digitalcollections:gunn_894,https://pfaffs-web.lib.lehigh.edu/gunn_transcripts/894.txt,https://pfaffs-web.lib.lehigh.edu/gunn_transcripts/894.txt
287426,digitalcollections:gunn_1123,https://pfaffs-web.lib.lehigh.edu/gunn_transcripts/1123.txt,https://pfaffs-web.lib.lehigh.edu/gunn_transcripts/1123.txt
287427,digitalcollections:gunn_1124,https://pfaffs-web.lib.lehigh.edu/gunn_transcripts/1124.txt,https://pfaffs-web.lib.lehigh.edu/gunn_transcripts/1124.txt
287428,digitalcollections:gunn_1125,https://pfaffs-web.lib.lehigh.edu/gunn_transcripts/1125.txt,https://pfaffs-web.lib.lehigh.edu/gunn_transcripts/1125.txt
287429,digitalcollections:gunn_1126,https://pfaffs-web.lib.lehigh.edu/gunn_transcripts/1126.txt,https://pfaffs-web.lib.lehigh.edu/gunn_transcripts/1126.txt
287430,digitalcollections:gunn_1127,https://pfaffs-web.lib.lehigh.edu/gunn_transcripts/1127.txt,https://pfaffs-web.lib.lehigh.edu/gunn_transcripts/1127.txt
287431,digitalcollections:gunn_1109,https://pfaffs-web.lib.lehigh.edu/gunn_transcripts/1109.txt,https://pfaffs-web.lib.lehigh.edu/gunn_transcripts/1109.txt
287432,digitalcollections:gunn_1110,https://pfaffs-web.lib.lehigh.edu/gunn_transcripts/1110.txt,https://pfaffs-web.lib.lehigh.edu/gunn_transcripts/1110.txt
287433,digitalcollections:gunn_1111,https://pfaffs-web.lib.lehigh.edu/gunn_transcripts/1111.txt,https://pfaffs-web.lib.lehigh.edu/gunn_transcripts/1111.txt
287434,digitalcollections:gunn_1112,https://pfaffs-web.lib.lehigh.edu/gunn_transcripts/1112.txt,https://pfaffs-web.lib.lehigh.edu/gunn_transcripts/1112.txt
287435,digitalcollections:gunn_1113,https://pfaffs-web.lib.lehigh.edu/gunn_transcripts/1113.txt,https://pfaffs-web.lib.lehigh.edu/gunn_transcripts/1113.txt
287436,digitalcollections:gunn_1114,https://pfaffs-web.lib.lehigh.edu/gunn_transcripts/1114.txt,https://pfaffs-web.lib.lehigh.edu/gunn_transcripts/1114.txt
287437,digitalcollections:gunn_1115,https://pfaffs-web.lib.lehigh.edu/gunn_transcripts/1115.txt,https://pfaffs-web.lib.lehigh.edu/gunn_transcripts/1115.txt
287438,digitalcollections:gunn_1116,https://pfaffs-web.lib.lehigh.edu/gunn_transcripts/1116.txt,https://pfaffs-web.lib.lehigh.edu/gunn_transcripts/1116.txt
287439,digitalcollections:gunn_1117,https://pfaffs-web.lib.lehigh.edu/gunn_transcripts/1117.txt,https://pfaffs-web.lib.lehigh.edu/gunn_transcripts/1117.txt
287440,digitalcollections:gunn_1118,https://pfaffs-web.lib.lehigh.edu/gunn_transcripts/1118.txt,https://pfaffs-web.lib.lehigh.edu/gunn_transcripts/1118.txt
287441,digitalcollections:gunn_1119,https://pfaffs-web.lib.lehigh.edu/gunn_transcripts/1119.txt,https://pfaffs-web.lib.lehigh.edu/gunn_transcripts/1119.txt
287442,digitalcollections:gunn_1120,https://pfaffs-web.lib.lehigh.edu/gunn_transcripts/1120.txt,https://pfaffs-web.lib.lehigh.edu/gunn_transcripts/1120.txt
287443,digitalcollections:gunn_1121,https://pfaffs-web.lib.lehigh.edu/gunn_transcripts/1121.txt,https://pfaffs-web.lib.lehigh.edu/gunn_transcripts/1121.txt
287444,digitalcollections:gunn_1122,https://pfaffs-web.lib.lehigh.edu/gunn_transcripts/1122.txt,https://pfaffs-web.lib.lehigh.edu/gunn_transcripts/1122.txt
287445,digitalcollections:gunn_925,https://pfaffs-web.lib.lehigh.edu/gunn_transcripts/925.txt,https://pfaffs-web.lib.lehigh.edu/gunn_transcripts/925.txt
287446,digitalcollections:gunn_926,https://pfaffs-web.lib.lehigh.edu/gunn_transcripts/926.txt,https://pfaffs-web.lib.lehigh.edu/gunn_transcripts/926.txt
287447,digitalcollections:gunn_927,https://pfaffs-web.lib.lehigh.edu/gunn_transcripts/927.txt,https://pfaffs-web.lib.lehigh.edu/gunn_transcripts/927.txt
287448,digitalcollections:gunn_928,https://pfaffs-web.lib.lehigh.edu/gunn_transcripts/928.txt,https://pfaffs-web.lib.lehigh.edu/gunn_transcripts/928.txt
287449,digitalcollections:gunn_929,https://pfaffs-web.lib.lehigh.edu/gunn_transcripts/929.txt,https://pfaffs-web.lib.lehigh.edu/gunn_transcripts/929.txt
287450,digitalcollections:gunn_930,https://pfaffs-web.lib.lehigh.edu/gunn_transcripts/930.txt,https://pfaffs-web.lib.lehigh.edu/gunn_transcripts/930.txt
287451,digitalcollections:gunn_931,https://pfaffs-web.lib.lehigh.edu/gunn_transcripts/931.txt,https://pfaffs-web.lib.lehigh.edu/gunn_transcripts/931.txt
287452,digitalcollections:gunn_932,https://pfaffs-web.lib.lehigh.edu/gunn_transcripts/932.txt,https://pfaffs-web.lib.lehigh.edu/gunn_transcripts/932.txt
287453,digitalcollections:gunn_948,https://pfaffs-web.lib.lehigh.edu/gunn_transcripts/948.txt,https://pfaffs-web.lib.lehigh.edu/gunn_transcripts/948.txt
287454,digitalcollections:gunn_949,https://pfaffs-web.lib.lehigh.edu/gunn_transcripts/949.txt,https://pfaffs-web.lib.lehigh.edu/gunn_transcripts/949.txt
287455,digitalcollections:gunn_950,https://pfaffs-web.lib.lehigh.edu/gunn_transcripts/950.txt,https://pfaffs-web.lib.lehigh.edu/gunn_transcripts/950.txt
287456,digitalcollections:gunn_951,https://pfaffs-web.lib.lehigh.edu/gunn_transcripts/951.txt,https://pfaffs-web.lib.lehigh.edu/gunn_transcripts/951.txt
287457,digitalcollections:gunn_952,https://pfaffs-web.lib.lehigh.edu/gunn_transcripts/952.txt,https://pfaffs-web.lib.lehigh.edu/gunn_transcripts/952.txt
287458,digitalcollections:gunn_953,https://pfaffs-web.lib.lehigh.edu/gunn_transcripts/953.txt,https://pfaffs-web.lib.lehigh.edu/gunn_transcripts/953.txt
287459,digitalcollections:gunn_954,https://pfaffs-web.lib.lehigh.edu/gunn_transcripts/954.txt,https://pfaffs-web.lib.lehigh.edu/gunn_transcripts/954.txt
287460,digitalcollections:gunn_910,https://pfaffs-web.lib.lehigh.edu/gunn_transcripts/910.txt,https://pfaffs-web.lib.lehigh.edu/gunn_transcripts/910.txt
287461,digitalcollections:gunn_911,https://pfaffs-web.lib.lehigh.edu/gunn_transcripts/911.txt,https://pfaffs-web.lib.lehigh.edu/gunn_transcripts/911.txt
287462,digitalcollections:gunn_912,https://pfaffs-web.lib.lehigh.edu/gunn_transcripts/912.txt,https://pfaffs-web.lib.lehigh.edu/gunn_transcripts/912.txt
287463,digitalcollections:gunn_913,https://pfaffs-web.lib.lehigh.edu/gunn_transcripts/913.txt,https://pfaffs-web.lib.lehigh.edu/gunn_transcripts/913.txt
287464,digitalcollections:gunn_914,https://pfaffs-web.lib.lehigh.edu/gunn_transcripts/914.txt,https://pfaffs-web.lib.lehigh.edu/gunn_transcripts/914.txt
287465,digitalcollections:gunn_915,https://pfaffs-web.lib.lehigh.edu/gunn_transcripts/915.txt,https://pfaffs-web.lib.lehigh.edu/gunn_transcripts/915.txt
287466,digitalcollections:gunn_916,https://pfaffs-web.lib.lehigh.edu/gunn_transcripts/916.txt,https://pfaffs-web.lib.lehigh.edu/gunn_transcripts/916.txt
287467,digitalcollections:gunn_902,https://pfaffs-web.lib.lehigh.edu/gunn_transcripts/902.txt,https://pfaffs-web.lib.lehigh.edu/gunn_transcripts/902.txt
287468,digitalcollections:gunn_903,https://pfaffs-web.lib.lehigh.edu/gunn_transcripts/903.txt,https://pfaffs-web.lib.lehigh.edu/gunn_transcripts/903.txt
287469,digitalcollections:gunn_904,https://pfaffs-web.lib.lehigh.edu/gunn_transcripts/904.txt,https://pfaffs-web.lib.lehigh.edu/gunn_transcripts/904.txt
287470,digitalcollections:gunn_905,https://pfaffs-web.lib.lehigh.edu/gunn_transcripts/905.txt,https://pfaffs-web.lib.lehigh.edu/gunn_transcripts/905.txt
287471,digitalcollections:gunn_906,https://pfaffs-web.lib.lehigh.edu/gunn_transcripts/906.txt,https://pfaffs-web.lib.lehigh.edu/gunn_transcripts/906.txt
287472,digitalcollections:gunn_907,https://pfaffs-web.lib.lehigh.edu/gunn_transcripts/907.txt,https://pfaffs-web.lib.lehigh.edu/gunn_transcripts/907.txt
287473,digitalcollections:gunn_908,https://pfaffs-web.lib.lehigh.edu/gunn_transcripts/908.txt,https://pfaffs-web.lib.lehigh.edu/gunn_transcripts/908.txt
287474,digitalcollections:gunn_934,https://pfaffs-web.lib.lehigh.edu/gunn_transcripts/934.txt,https://pfaffs-web.lib.lehigh.edu/gunn_transcripts/934.txt
287475,digitalcollections:gunn_935,https://pfaffs-web.lib.lehigh.edu/gunn_transcripts/935.txt,https://pfaffs-web.lib.lehigh.edu/gunn_transcripts/935.txt
287476,digitalcollections:gunn_936,https://pfaffs-web.lib.lehigh.edu/gunn_transcripts/936.txt,https://pfaffs-web.lib.lehigh.edu/gunn_transcripts/936.txt
287477,digitalcollections:gunn_937,https://pfaffs-web.lib.lehigh.edu/gunn_transcripts/937.txt,https://pfaffs-web.lib.lehigh.edu/gunn_transcripts/937.txt
287478,digitalcollections:gunn_938,https://pfaffs-web.lib.lehigh.edu/gunn_transcripts/938.txt,https://pfaffs-web.lib.lehigh.edu/gunn_transcripts/938.txt
287479,digitalcollections:gunn_939,https://pfaffs-web.lib.lehigh.edu/gunn_transcripts/939.txt,https://pfaffs-web.lib.lehigh.edu/gunn_transcripts/939.txt
287480,digitalcollections:gunn_909,https://pfaffs-web.lib.lehigh.edu/gunn_transcripts/909.txt,https://pfaffs-web.lib.lehigh.edu/gunn_transcripts/909.txt
287481,digitalcollections:gunn_933,https://pfaffs-web.lib.lehigh.edu/gunn_transcripts/933.txt,https://pfaffs-web.lib.lehigh.edu/gunn_transcripts/933.txt
287482,digitalcollections:gunn_985,https://pfaffs-web.lib.lehigh.edu/gunn_transcripts/985.txt,https://pfaffs-web.lib.lehigh.edu/gunn_transcripts/985.txt
287483,digitalcollections:gunn_986,https://pfaffs-web.lib.lehigh.edu/gunn_transcripts/986.txt,https://pfaffs-web.lib.lehigh.edu/gunn_transcripts/986.txt
287484,digitalcollections:gunn_987,https://pfaffs-web.lib.lehigh.edu/gunn_transcripts/987.txt,https://pfaffs-web.lib.lehigh.edu/gunn_transcripts/987.txt
287485,digitalcollections:gunn_988,https://pfaffs-web.lib.lehigh.edu/gunn_transcripts/988.txt,https://pfaffs-web.lib.lehigh.edu/gunn_transcripts/988.txt
287486,digitalcollections:gunn_989,https://pfaffs-web.lib.lehigh.edu/gunn_transcripts/989.txt,https://pfaffs-web.lib.lehigh.edu/gunn_transcripts/989.txt
287487,digitalcollections:gunn_990,https://pfaffs-web.lib.lehigh.edu/gunn_transcripts/990.txt,https://pfaffs-web.lib.lehigh.edu/gunn_transcripts/990.txt
287488,digitalcollections:gunn_991,https://pfaffs-web.lib.lehigh.edu/gunn_transcripts/991.txt,https://pfaffs-web.lib.lehigh.edu/gunn_transcripts/991.txt
287489,digitalcollections:gunn_992,https://pfaffs-web.lib.lehigh.edu/gunn_transcripts/992.txt,https://pfaffs-web.lib.lehigh.edu/gunn_transcripts/992.txt
287490,digitalcollections:gunn_917,https://pfaffs-web.lib.lehigh.edu/gunn_transcripts/917.txt,https://pfaffs-web.lib.lehigh.edu/gunn_transcripts/917.txt
287491,digitalcollections:gunn_918,https://pfaffs-web.lib.lehigh.edu/gunn_transcripts/918.txt,https://pfaffs-web.lib.lehigh.edu/gunn_transcripts/918.txt
287492,digitalcollections:gunn_919,https://pfaffs-web.lib.lehigh.edu/gunn_transcripts/919.txt,https://pfaffs-web.lib.lehigh.edu/gunn_transcripts/919.txt
287493,digitalcollections:gunn_920,https://pfaffs-web.lib.lehigh.edu/gunn_transcripts/920.txt,https://pfaffs-web.lib.lehigh.edu/gunn_transcripts/920.txt
287494,digitalcollections:gunn_921,https://pfaffs-web.lib.lehigh.edu/gunn_transcripts/921.txt,https://pfaffs-web.lib.lehigh.edu/gunn_transcripts/921.txt
287495,digitalcollections:gunn_922,https://pfaffs-web.lib.lehigh.edu/gunn_transcripts/922.txt,https://pfaffs-web.lib.lehigh.edu/gunn_transcripts/922.txt
287496,digitalcollections:gunn_923,https://pfaffs-web.lib.lehigh.edu/gunn_transcripts/923.txt,https://pfaffs-web.lib.lehigh.edu/gunn_transcripts/923.txt
287497,digitalcollections:gunn_924,https://pfaffs-web.lib.lehigh.edu/gunn_transcripts/924.txt,https://pfaffs-web.lib.lehigh.edu/gunn_transcripts/924.txt
287498,digitalcollections:gunn_940,https://pfaffs-web.lib.lehigh.edu/gunn_transcripts/940.txt,https://pfaffs-web.lib.lehigh.edu/gunn_transcripts/940.txt
287499,digitalcollections:gunn_941,https://pfaffs-web.lib.lehigh.edu/gunn_transcripts/941.txt,https://pfaffs-web.lib.lehigh.edu/gunn_transcripts/941.txt
287500,digitalcollections:gunn_942,https://pfaffs-web.lib.lehigh.edu/gunn_transcripts/942.txt,https://pfaffs-web.lib.lehigh.edu/gunn_transcripts/942.txt
287501,digitalcollections:gunn_943,https://pfaffs-web.lib.lehigh.edu/gunn_transcripts/943.txt,https://pfaffs-web.lib.lehigh.edu/gunn_transcripts/943.txt
287502,digitalcollections:gunn_944,https://pfaffs-web.lib.lehigh.edu/gunn_transcripts/944.txt,https://pfaffs-web.lib.lehigh.edu/gunn_transcripts/944.txt
287503,digitalcollections:gunn_945,https://pfaffs-web.lib.lehigh.edu/gunn_transcripts/945.txt,https://pfaffs-web.lib.lehigh.edu/gunn_transcripts/945.txt
287504,digitalcollections:gunn_946,https://pfaffs-web.lib.lehigh.edu/gunn_transcripts/946.txt,https://pfaffs-web.lib.lehigh.edu/gunn_transcripts/946.txt
287505,digitalcollections:gunn_947,https://pfaffs-web.lib.lehigh.edu/gunn_transcripts/947.txt,https://pfaffs-web.lib.lehigh.edu/gunn_transcripts/947.txt
287506,digitalcollections:gunn_969,https://pfaffs-web.lib.lehigh.edu/gunn_transcripts/969.txt,https://pfaffs-web.lib.lehigh.edu/gunn_transcripts/969.txt
287507,digitalcollections:gunn_970,https://pfaffs-web.lib.lehigh.edu/gunn_transcripts/970.txt,https://pfaffs-web.lib.lehigh.edu/gunn_transcripts/970.txt
287508,digitalcollections:gunn_971,https://pfaffs-web.lib.lehigh.edu/gunn_transcripts/971.txt,https://pfaffs-web.lib.lehigh.edu/gunn_transcripts/971.txt
287509,digitalcollections:gunn_972,https://pfaffs-web.lib.lehigh.edu/gunn_transcripts/972.txt,https://pfaffs-web.lib.lehigh.edu/gunn_transcripts/972.txt
287510,digitalcollections:gunn_973,https://pfaffs-web.lib.lehigh.edu/gunn_transcripts/973.txt,https://pfaffs-web.lib.lehigh.edu/gunn_transcripts/973.txt
287511,digitalcollections:gunn_974,https://pfaffs-web.lib.lehigh.edu/gunn_transcripts/974.txt,https://pfaffs-web.lib.lehigh.edu/gunn_transcripts/974.txt
287512,digitalcollections:gunn_975,https://pfaffs-web.lib.lehigh.edu/gunn_transcripts/975.txt,https://pfaffs-web.lib.lehigh.edu/gunn_transcripts/975.txt
287513,digitalcollections:gunn_976,https://pfaffs-web.lib.lehigh.edu/gunn_transcripts/976.txt,https://pfaffs-web.lib.lehigh.edu/gunn_transcripts/976.txt
287514,digitalcollections:gunn_955,https://pfaffs-web.lib.lehigh.edu/gunn_transcripts/955.txt,https://pfaffs-web.lib.lehigh.edu/gunn_transcripts/955.txt
287515,digitalcollections:gunn_956,https://pfaffs-web.lib.lehigh.edu/gunn_transcripts/956.txt,https://pfaffs-web.lib.lehigh.edu/gunn_transcripts/956.txt
287516,digitalcollections:gunn_957,https://pfaffs-web.lib.lehigh.edu/gunn_transcripts/957.txt,https://pfaffs-web.lib.lehigh.edu/gunn_transcripts/957.txt
287517,digitalcollections:gunn_958,https://pfaffs-web.lib.lehigh.edu/gunn_transcripts/958.txt,https://pfaffs-web.lib.lehigh.edu/gunn_transcripts/958.txt
287518,digitalcollections:gunn_959,https://pfaffs-web.lib.lehigh.edu/gunn_transcripts/959.txt,https://pfaffs-web.lib.lehigh.edu/gunn_transcripts/959.txt
287519,digitalcollections:gunn_960,https://pfaffs-web.lib.lehigh.edu/gunn_transcripts/960.txt,https://pfaffs-web.lib.lehigh.edu/gunn_transcripts/960.txt
287520,digitalcollections:gunn_961,https://pfaffs-web.lib.lehigh.edu/gunn_transcripts/961.txt,https://pfaffs-web.lib.lehigh.edu/gunn_transcripts/961.txt
287521,digitalcollections:gunn_962,https://pfaffs-web.lib.lehigh.edu/gunn_transcripts/962.txt,https://pfaffs-web.lib.lehigh.edu/gunn_transcripts/962.txt
287522,digitalcollections:gunn_963,https://pfaffs-web.lib.lehigh.edu/gunn_transcripts/963.txt,https://pfaffs-web.lib.lehigh.edu/gunn_transcripts/963.txt
287523,digitalcollections:gunn_964,https://pfaffs-web.lib.lehigh.edu/gunn_transcripts/964.txt,https://pfaffs-web.lib.lehigh.edu/gunn_transcripts/964.txt
287524,digitalcollections:gunn_965,https://pfaffs-web.lib.lehigh.edu/gunn_transcripts/965.txt,https://pfaffs-web.lib.lehigh.edu/gunn_transcripts/965.txt
287525,digitalcollections:gunn_966,https://pfaffs-web.lib.lehigh.edu/gunn_transcripts/966.txt,https://pfaffs-web.lib.lehigh.edu/gunn_transcripts/966.txt
287526,digitalcollections:gunn_967,https://pfaffs-web.lib.lehigh.edu/gunn_transcripts/967.txt,https://pfaffs-web.lib.lehigh.edu/gunn_transcripts/967.txt
287527,digitalcollections:gunn_968,https://pfaffs-web.lib.lehigh.edu/gunn_transcripts/968.txt,https://pfaffs-web.lib.lehigh.edu/gunn_transcripts/968.txt
287528,digitalcollections:gunn_993,https://pfaffs-web.lib.lehigh.edu/gunn_transcripts/993.txt,https://pfaffs-web.lib.lehigh.edu/gunn_transcripts/993.txt
287529,digitalcollections:gunn_994,https://pfaffs-web.lib.lehigh.edu/gunn_transcripts/994.txt,https://pfaffs-web.lib.lehigh.edu/gunn_transcripts/994.txt
287530,digitalcollections:gunn_995,https://pfaffs-web.lib.lehigh.edu/gunn_transcripts/995.txt,https://pfaffs-web.lib.lehigh.edu/gunn_transcripts/995.txt
287531,digitalcollections:gunn_996,https://pfaffs-web.lib.lehigh.edu/gunn_transcripts/996.txt,https://pfaffs-web.lib.lehigh.edu/gunn_transcripts/996.txt
287532,digitalcollections:gunn_997,https://pfaffs-web.lib.lehigh.edu/gunn_transcripts/997.txt,https://pfaffs-web.lib.lehigh.edu/gunn_transcripts/997.txt
287533,digitalcollections:gunn_998,https://pfaffs-web.lib.lehigh.edu/gunn_transcripts/998.txt,https://pfaffs-web.lib.lehigh.edu/gunn_transcripts/998.txt
287534,digitalcollections:gunn_999,https://pfaffs-web.lib.lehigh.edu/gunn_transcripts/999.txt,https://pfaffs-web.lib.lehigh.edu/gunn_transcripts/999.txt
287535,digitalcollections:gunn_1007,https://pfaffs-web.lib.lehigh.edu/gunn_transcripts/1007.txt,https://pfaffs-web.lib.lehigh.edu/gunn_transcripts/1007.txt
287536,digitalcollections:gunn_1008,https://pfaffs-web.lib.lehigh.edu/gunn_transcripts/1008.txt,https://pfaffs-web.lib.lehigh.edu/gunn_transcripts/1008.txt
287537,digitalcollections:gunn_1009,https://pfaffs-web.lib.lehigh.edu/gunn_transcripts/1009.txt,https://pfaffs-web.lib.lehigh.edu/gunn_transcripts/1009.txt
287538,digitalcollections:gunn_1010,https://pfaffs-web.lib.lehigh.edu/gunn_transcripts/1010.txt,https://pfaffs-web.lib.lehigh.edu/gunn_transcripts/1010.txt
287539,digitalcollections:gunn_1011,https://pfaffs-web.lib.lehigh.edu/gunn_transcripts/1011.txt,https://pfaffs-web.lib.lehigh.edu/gunn_transcripts/1011.txt
287540,digitalcollections:gunn_1012,https://pfaffs-web.lib.lehigh.edu/gunn_transcripts/1012.txt,https://pfaffs-web.lib.lehigh.edu/gunn_transcripts/1012.txt
287541,digitalcollections:gunn_1000,https://pfaffs-web.lib.lehigh.edu/gunn_transcripts/1000.txt,https://pfaffs-web.lib.lehigh.edu/gunn_transcripts/1000.txt
287542,digitalcollections:gunn_1001,https://pfaffs-web.lib.lehigh.edu/gunn_transcripts/1001.txt,https://pfaffs-web.lib.lehigh.edu/gunn_transcripts/1001.txt
287543,digitalcollections:gunn_1002,https://pfaffs-web.lib.lehigh.edu/gunn_transcripts/1002.txt,https://pfaffs-web.lib.lehigh.edu/gunn_transcripts/1002.txt
287544,digitalcollections:gunn_1003,https://pfaffs-web.lib.lehigh.edu/gunn_transcripts/1003.txt,https://pfaffs-web.lib.lehigh.edu/gunn_transcripts/1003.txt
287545,digitalcollections:gunn_1004,https://pfaffs-web.lib.lehigh.edu/gunn_transcripts/1004.txt,https://pfaffs-web.lib.lehigh.edu/gunn_transcripts/1004.txt
287546,digitalcollections:gunn_1005,https://pfaffs-web.lib.lehigh.edu/gunn_transcripts/1005.txt,https://pfaffs-web.lib.lehigh.edu/gunn_transcripts/1005.txt
287547,digitalcollections:gunn_1006,https://pfaffs-web.lib.lehigh.edu/gunn_transcripts/1006.txt,https://pfaffs-web.lib.lehigh.edu/gunn_transcripts/1006.txt
287548,digitalcollections:gunn_891,https://pfaffs-web.lib.lehigh.edu/gunn_transcripts/891.txt,https://pfaffs-web.lib.lehigh.edu/gunn_transcripts/891.txt
287549,digitalcollections:gunn_892,https://pfaffs-web.lib.lehigh.edu/gunn_transcripts/892.txt,https://pfaffs-web.lib.lehigh.edu/gunn_transcripts/892.txt
287550,digitalcollections:gunn_893,https://pfaffs-web.lib.lehigh.edu/gunn_transcripts/893.txt,https://pfaffs-web.lib.lehigh.edu/gunn_transcripts/893.txt
287551,digitalcollections:gunn_1081,https://pfaffs-web.lib.lehigh.edu/gunn_transcripts/1081.txt,https://pfaffs-web.lib.lehigh.edu/gunn_transcripts/1081.txt
287552,digitalcollections:gunn_1082,https://pfaffs-web.lib.lehigh.edu/gunn_transcripts/1082.txt,https://pfaffs-web.lib.lehigh.edu/gunn_transcripts/1082.txt
287553,digitalcollections:gunn_1083,https://pfaffs-web.lib.lehigh.edu/gunn_transcripts/1083.txt,https://pfaffs-web.lib.lehigh.edu/gunn_transcripts/1083.txt
287554,digitalcollections:gunn_1084,https://pfaffs-web.lib.lehigh.edu/gunn_transcripts/1084.txt,https://pfaffs-web.lib.lehigh.edu/gunn_transcripts/1084.txt
287555,digitalcollections:gunn_1085,https://pfaffs-web.lib.lehigh.edu/gunn_transcripts/1085.txt,https://pfaffs-web.lib.lehigh.edu/gunn_transcripts/1085.txt
287556,digitalcollections:gunn_1086,https://pfaffs-web.lib.lehigh.edu/gunn_transcripts/1086.txt,https://pfaffs-web.lib.lehigh.edu/gunn_transcripts/1086.txt
287557,digitalcollections:gunn_1087,https://pfaffs-web.lib.lehigh.edu/gunn_transcripts/1087.txt,https://pfaffs-web.lib.lehigh.edu/gunn_transcripts/1087.txt
287558,digitalcollections:gunn_1074,https://pfaffs-web.lib.lehigh.edu/gunn_transcripts/1074.txt,https://pfaffs-web.lib.lehigh.edu/gunn_transcripts/1074.txt
287559,digitalcollections:gunn_1075,https://pfaffs-web.lib.lehigh.edu/gunn_transcripts/1075.txt,https://pfaffs-web.lib.lehigh.edu/gunn_transcripts/1075.txt
287560,digitalcollections:gunn_1076,https://pfaffs-web.lib.lehigh.edu/gunn_transcripts/1076.txt,https://pfaffs-web.lib.lehigh.edu/gunn_transcripts/1076.txt
287561,digitalcollections:gunn_1077,https://pfaffs-web.lib.lehigh.edu/gunn_transcripts/1077.txt,https://pfaffs-web.lib.lehigh.edu/gunn_transcripts/1077.txt
287562,digitalcollections:gunn_1078,https://pfaffs-web.lib.lehigh.edu/gunn_transcripts/1078.txt,https://pfaffs-web.lib.lehigh.edu/gunn_transcripts/1078.txt
287563,digitalcollections:gunn_1079,https://pfaffs-web.lib.lehigh.edu/gunn_transcripts/1079.txt,https://pfaffs-web.lib.lehigh.edu/gunn_transcripts/1079.txt
287564,digitalcollections:gunn_1080,https://pfaffs-web.lib.lehigh.edu/gunn_transcripts/1080.txt,https://pfaffs-web.lib.lehigh.edu/gunn_transcripts/1080.txt
287565,digitalcollections:gunn_1102,https://pfaffs-web.lib.lehigh.edu/gunn_transcripts/1102.txt,https://pfaffs-web.lib.lehigh.edu/gunn_transcripts/1102.txt
287566,digitalcollections:gunn_1103,https://pfaffs-web.lib.lehigh.edu/gunn_transcripts/1103.txt,https://pfaffs-web.lib.lehigh.edu/gunn_transcripts/1103.txt
287567,digitalcollections:gunn_1104,https://pfaffs-web.lib.lehigh.edu/gunn_transcripts/1104.txt,https://pfaffs-web.lib.lehigh.edu/gunn_transcripts/1104.txt
287568,digitalcollections:gunn_1105,https://pfaffs-web.lib.lehigh.edu/gunn_transcripts/1105.txt,https://pfaffs-web.lib.lehigh.edu/gunn_transcripts/1105.txt
287569,digitalcollections:gunn_1106,https://pfaffs-web.lib.lehigh.edu/gunn_transcripts/1106.txt,https://pfaffs-web.lib.lehigh.edu/gunn_transcripts/1106.txt
287570,digitalcollections:gunn_1107,https://pfaffs-web.lib.lehigh.edu/gunn_transcripts/1107.txt,https://pfaffs-web.lib.lehigh.edu/gunn_transcripts/1107.txt
287571,digitalcollections:gunn_1108,https://pfaffs-web.lib.lehigh.edu/gunn_transcripts/1108.txt,https://pfaffs-web.lib.lehigh.edu/gunn_transcripts/1108.txt
287572,digitalcollections:gunn_1096,https://pfaffs-web.lib.lehigh.edu/gunn_transcripts/1096.txt,https://pfaffs-web.lib.lehigh.edu/gunn_transcripts/1096.txt
287573,digitalcollections:gunn_1097,https://pfaffs-web.lib.lehigh.edu/gunn_transcripts/1097.txt,https://pfaffs-web.lib.lehigh.edu/gunn_transcripts/1097.txt
287574,digitalcollections:gunn_1098,https://pfaffs-web.lib.lehigh.edu/gunn_transcripts/1098.txt,https://pfaffs-web.lib.lehigh.edu/gunn_transcripts/1098.txt
287575,digitalcollections:gunn_1099,https://pfaffs-web.lib.lehigh.edu/gunn_transcripts/1099.txt,https://pfaffs-web.lib.lehigh.edu/gunn_transcripts/1099.txt
287576,digitalcollections:gunn_1100,https://pfaffs-web.lib.lehigh.edu/gunn_transcripts/1100.txt,https://pfaffs-web.lib.lehigh.edu/gunn_transcripts/1100.txt
287577,digitalcollections:gunn_1101,https://pfaffs-web.lib.lehigh.edu/gunn_transcripts/1101.txt,https://pfaffs-web.lib.lehigh.edu/gunn_transcripts/1101.txt
287578,digitalcollections:gunn_1089,https://pfaffs-web.lib.lehigh.edu/gunn_transcripts/1089.txt,https://pfaffs-web.lib.lehigh.edu/gunn_transcripts/1089.txt
287579,digitalcollections:gunn_1090,https://pfaffs-web.lib.lehigh.edu/gunn_transcripts/1090.txt,https://pfaffs-web.lib.lehigh.edu/gunn_transcripts/1090.txt
287580,digitalcollections:gunn_1091,https://pfaffs-web.lib.lehigh.edu/gunn_transcripts/1091.txt,https://pfaffs-web.lib.lehigh.edu/gunn_transcripts/1091.txt
287581,digitalcollections:gunn_1092,https://pfaffs-web.lib.lehigh.edu/gunn_transcripts/1092.txt,https://pfaffs-web.lib.lehigh.edu/gunn_transcripts/1092.txt
287582,digitalcollections:gunn_1093,https://pfaffs-web.lib.lehigh.edu/gunn_transcripts/1093.txt,https://pfaffs-web.lib.lehigh.edu/gunn_transcripts/1093.txt
287583,digitalcollections:gunn_1094,https://pfaffs-web.lib.lehigh.edu/gunn_transcripts/1094.txt,https://pfaffs-web.lib.lehigh.edu/gunn_transcripts/1094.txt
287584,digitalcollections:gunn_1069,https://pfaffs-web.lib.lehigh.edu/gunn_transcripts/1069.txt,https://pfaffs-web.lib.lehigh.edu/gunn_transcripts/1069.txt
287585,digitalcollections:gunn_1070,https://pfaffs-web.lib.lehigh.edu/gunn_transcripts/1070.txt,https://pfaffs-web.lib.lehigh.edu/gunn_transcripts/1070.txt
287586,digitalcollections:gunn_1071,https://pfaffs-web.lib.lehigh.edu/gunn_transcripts/1071.txt,https://pfaffs-web.lib.lehigh.edu/gunn_transcripts/1071.txt
287587,digitalcollections:gunn_1072,https://pfaffs-web.lib.lehigh.edu/gunn_transcripts/1072.txt,https://pfaffs-web.lib.lehigh.edu/gunn_transcripts/1072.txt
287588,digitalcollections:gunn_1073,https://pfaffs-web.lib.lehigh.edu/gunn_transcripts/1073.txt,https://pfaffs-web.lib.lehigh.edu/gunn_transcripts/1073.txt
287589,digitalcollections:gunn_1068,https://pfaffs-web.lib.lehigh.edu/gunn_transcripts/1068.txt,https://pfaffs-web.lib.lehigh.edu/gunn_transcripts/1068.txt
287590,digitalcollections:gunn_1088,https://pfaffs-web.lib.lehigh.edu/gunn_transcripts/1088.txt,https://pfaffs-web.lib.lehigh.edu/gunn_transcripts/1088.txt
287591,digitalcollections:gunn_1095,https://pfaffs-web.lib.lehigh.edu/gunn_transcripts/1095.txt,https://pfaffs-web.lib.lehigh.edu/gunn_transcripts/1095.txt
287592,digitalcollections:gunn_977,https://pfaffs-web.lib.lehigh.edu/gunn_transcripts/977.txt,https://pfaffs-web.lib.lehigh.edu/gunn_transcripts/977.txt
287593,digitalcollections:gunn_978,https://pfaffs-web.lib.lehigh.edu/gunn_transcripts/978.txt,https://pfaffs-web.lib.lehigh.edu/gunn_transcripts/978.txt
287594,digitalcollections:gunn_979,https://pfaffs-web.lib.lehigh.edu/gunn_transcripts/979.txt,https://pfaffs-web.lib.lehigh.edu/gunn_transcripts/979.txt
287595,digitalcollections:gunn_980,https://pfaffs-web.lib.lehigh.edu/gunn_transcripts/980.txt,https://pfaffs-web.lib.lehigh.edu/gunn_transcripts/980.txt
287596,digitalcollections:gunn_981,https://pfaffs-web.lib.lehigh.edu/gunn_transcripts/981.txt,https://pfaffs-web.lib.lehigh.edu/gunn_transcripts/981.txt
287597,digitalcollections:gunn_982,https://pfaffs-web.lib.lehigh.edu/gunn_transcripts/982.txt,https://pfaffs-web.lib.lehigh.edu/gunn_transcripts/982.txt
287598,digitalcollections:gunn_983,https://pfaffs-web.lib.lehigh.edu/gunn_transcripts/983.txt,https://pfaffs-web.lib.lehigh.edu/gunn_transcripts/983.txt
287599,digitalcollections:gunn_984,https://pfaffs-web.lib.lehigh.edu/gunn_transcripts/984.txt,https://pfaffs-web.lib.lehigh.edu/gunn_transcripts/984.txt
287600,digitalcollections:gunn_1020,https://pfaffs-web.lib.lehigh.edu/gunn_transcripts/1020.txt,https://pfaffs-web.lib.lehigh.edu/gunn_transcripts/1020.txt
287601,digitalcollections:gunn_1021,https://pfaffs-web.lib.lehigh.edu/gunn_transcripts/1021.txt,https://pfaffs-web.lib.lehigh.edu/gunn_transcripts/1021.txt
287602,digitalcollections:gunn_1022,https://pfaffs-web.lib.lehigh.edu/gunn_transcripts/1022.txt,https://pfaffs-web.lib.lehigh.edu/gunn_transcripts/1022.txt
287603,digitalcollections:gunn_1023,https://pfaffs-web.lib.lehigh.edu/gunn_transcripts/1023.txt,https://pfaffs-web.lib.lehigh.edu/gunn_transcripts/1023.txt
287604,digitalcollections:gunn_1024,https://pfaffs-web.lib.lehigh.edu/gunn_transcripts/1024.txt,https://pfaffs-web.lib.lehigh.edu/gunn_transcripts/1024.txt
287605,digitalcollections:gunn_1025,https://pfaffs-web.lib.lehigh.edu/gunn_transcripts/1025.txt,https://pfaffs-web.lib.lehigh.edu/gunn_transcripts/1025.txt
287606,digitalcollections:gunn_1026,https://pfaffs-web.lib.lehigh.edu/gunn_transcripts/1026.txt,https://pfaffs-web.lib.lehigh.edu/gunn_transcripts/1026.txt
287607,digitalcollections:gunn_1027,https://pfaffs-web.lib.lehigh.edu/gunn_transcripts/1027.txt,https://pfaffs-web.lib.lehigh.edu/gunn_transcripts/1027.txt
287608,digitalcollections:gunn_1055,https://pfaffs-web.lib.lehigh.edu/gunn_transcripts/1055.txt,https://pfaffs-web.lib.lehigh.edu/gunn_transcripts/1055.txt
287609,digitalcollections:gunn_1056,https://pfaffs-web.lib.lehigh.edu/gunn_transcripts/1056.txt,https://pfaffs-web.lib.lehigh.edu/gunn_transcripts/1056.txt
287610,digitalcollections:gunn_1057,https://pfaffs-web.lib.lehigh.edu/gunn_transcripts/1057.txt,https://pfaffs-web.lib.lehigh.edu/gunn_transcripts/1057.txt
287611,digitalcollections:gunn_1058,https://pfaffs-web.lib.lehigh.edu/gunn_transcripts/1058.txt,https://pfaffs-web.lib.lehigh.edu/gunn_transcripts/1058.txt
287612,digitalcollections:gunn_1059,https://pfaffs-web.lib.lehigh.edu/gunn_transcripts/1059.txt,https://pfaffs-web.lib.lehigh.edu/gunn_transcripts/1059.txt
287613,digitalcollections:gunn_1060,https://pfaffs-web.lib.lehigh.edu/gunn_transcripts/1060.txt,https://pfaffs-web.lib.lehigh.edu/gunn_transcripts/1060.txt
287614,digitalcollections:gunn_1061,https://pfaffs-web.lib.lehigh.edu/gunn_transcripts/1061.txt,https://pfaffs-web.lib.lehigh.edu/gunn_transcripts/1061.txt
287615,digitalcollections:gunn_1041,https://pfaffs-web.lib.lehigh.edu/gunn_transcripts/1041.txt,https://pfaffs-web.lib.lehigh.edu/gunn_transcripts/1041.txt
287616,digitalcollections:gunn_1042,https://pfaffs-web.lib.lehigh.edu/gunn_transcripts/1042.txt,https://pfaffs-web.lib.lehigh.edu/gunn_transcripts/1042.txt
287617,digitalcollections:gunn_1043,https://pfaffs-web.lib.lehigh.edu/gunn_transcripts/1043.txt,https://pfaffs-web.lib.lehigh.edu/gunn_transcripts/1043.txt
287618,digitalcollections:gunn_1044,https://pfaffs-web.lib.lehigh.edu/gunn_transcripts/1044.txt,https://pfaffs-web.lib.lehigh.edu/gunn_transcripts/1044.txt
287619,digitalcollections:gunn_1045,https://pfaffs-web.lib.lehigh.edu/gunn_transcripts/1045.txt,https://pfaffs-web.lib.lehigh.edu/gunn_transcripts/1045.txt
287620,digitalcollections:gunn_1046,https://pfaffs-web.lib.lehigh.edu/gunn_transcripts/1046.txt,https://pfaffs-web.lib.lehigh.edu/gunn_transcripts/1046.txt
287621,digitalcollections:gunn_1047,https://pfaffs-web.lib.lehigh.edu/gunn_transcripts/1047.txt,https://pfaffs-web.lib.lehigh.edu/gunn_transcripts/1047.txt
287622,digitalcollections:gunn_1048,https://pfaffs-web.lib.lehigh.edu/gunn_transcripts/1048.txt,https://pfaffs-web.lib.lehigh.edu/gunn_transcripts/1048.txt
287623,digitalcollections:gunn_1049,https://pfaffs-web.lib.lehigh.edu/gunn_transcripts/1049.txt,https://pfaffs-web.lib.lehigh.edu/gunn_transcripts/1049.txt
287624,digitalcollections:gunn_1050,https://pfaffs-web.lib.lehigh.edu/gunn_transcripts/1050.txt,https://pfaffs-web.lib.lehigh.edu/gunn_transcripts/1050.txt
287625,digitalcollections:gunn_1051,https://pfaffs-web.lib.lehigh.edu/gunn_transcripts/1051.txt,https://pfaffs-web.lib.lehigh.edu/gunn_transcripts/1051.txt
287626,digitalcollections:gunn_1052,https://pfaffs-web.lib.lehigh.edu/gunn_transcripts/1052.txt,https://pfaffs-web.lib.lehigh.edu/gunn_transcripts/1052.txt
287627,digitalcollections:gunn_1053,https://pfaffs-web.lib.lehigh.edu/gunn_transcripts/1053.txt,https://pfaffs-web.lib.lehigh.edu/gunn_transcripts/1053.txt
287628,digitalcollections:gunn_1054,https://pfaffs-web.lib.lehigh.edu/gunn_transcripts/1054.txt,https://pfaffs-web.lib.lehigh.edu/gunn_transcripts/1054.txt
287629,digitalcollections:gunn_1013,https://pfaffs-web.lib.lehigh.edu/gunn_transcripts/1013.txt,https://pfaffs-web.lib.lehigh.edu/gunn_transcripts/1013.txt
287630,digitalcollections:gunn_1014,https://pfaffs-web.lib.lehigh.edu/gunn_transcripts/1014.txt,https://pfaffs-web.lib.lehigh.edu/gunn_transcripts/1014.txt
287631,digitalcollections:gunn_1015,https://pfaffs-web.lib.lehigh.edu/gunn_transcripts/1015.txt,https://pfaffs-web.lib.lehigh.edu/gunn_transcripts/1015.txt
287632,digitalcollections:gunn_1016,https://pfaffs-web.lib.lehigh.edu/gunn_transcripts/1016.txt,https://pfaffs-web.lib.lehigh.edu/gunn_transcripts/1016.txt
287633,digitalcollections:gunn_1017,https://pfaffs-web.lib.lehigh.edu/gunn_transcripts/1017.txt,https://pfaffs-web.lib.lehigh.edu/gunn_transcripts/1017.txt
287634,digitalcollections:gunn_1018,https://pfaffs-web.lib.lehigh.edu/gunn_transcripts/1018.txt,https://pfaffs-web.lib.lehigh.edu/gunn_transcripts/1018.txt
287635,digitalcollections:gunn_1019,https://pfaffs-web.lib.lehigh.edu/gunn_transcripts/1019.txt,https://pfaffs-web.lib.lehigh.edu/gunn_transcripts/1019.txt
287636,digitalcollections:gunn_1034,https://pfaffs-web.lib.lehigh.edu/gunn_transcripts/1034.txt,https://pfaffs-web.lib.lehigh.edu/gunn_transcripts/1034.txt
287637,digitalcollections:gunn_1035,https://pfaffs-web.lib.lehigh.edu/gunn_transcripts/1035.txt,https://pfaffs-web.lib.lehigh.edu/gunn_transcripts/1035.txt
287638,digitalcollections:gunn_1036,https://pfaffs-web.lib.lehigh.edu/gunn_transcripts/1036.txt,https://pfaffs-web.lib.lehigh.edu/gunn_transcripts/1036.txt
287639,digitalcollections:gunn_1037,https://pfaffs-web.lib.lehigh.edu/gunn_transcripts/1037.txt,https://pfaffs-web.lib.lehigh.edu/gunn_transcripts/1037.txt
287640,digitalcollections:gunn_1038,https://pfaffs-web.lib.lehigh.edu/gunn_transcripts/1038.txt,https://pfaffs-web.lib.lehigh.edu/gunn_transcripts/1038.txt
287641,digitalcollections:gunn_1039,https://pfaffs-web.lib.lehigh.edu/gunn_transcripts/1039.txt,https://pfaffs-web.lib.lehigh.edu/gunn_transcripts/1039.txt
287642,digitalcollections:gunn_1040,https://pfaffs-web.lib.lehigh.edu/gunn_transcripts/1040.txt,https://pfaffs-web.lib.lehigh.edu/gunn_transcripts/1040.txt
287643,digitalcollections:gunn_1028,https://pfaffs-web.lib.lehigh.edu/gunn_transcripts/1028.txt,https://pfaffs-web.lib.lehigh.edu/gunn_transcripts/1028.txt
287644,digitalcollections:gunn_1029,https://pfaffs-web.lib.lehigh.edu/gunn_transcripts/1029.txt,https://pfaffs-web.lib.lehigh.edu/gunn_transcripts/1029.txt
287645,digitalcollections:gunn_1030,https://pfaffs-web.lib.lehigh.edu/gunn_transcripts/1030.txt,https://pfaffs-web.lib.lehigh.edu/gunn_transcripts/1030.txt
287646,digitalcollections:gunn_1031,https://pfaffs-web.lib.lehigh.edu/gunn_transcripts/1031.txt,https://pfaffs-web.lib.lehigh.edu/gunn_transcripts/1031.txt
287647,digitalcollections:gunn_1032,https://pfaffs-web.lib.lehigh.edu/gunn_transcripts/1032.txt,https://pfaffs-web.lib.lehigh.edu/gunn_transcripts/1032.txt
287648,digitalcollections:gunn_1033,https://pfaffs-web.lib.lehigh.edu/gunn_transcripts/1033.txt,https://pfaffs-web.lib.lehigh.edu/gunn_transcripts/1033.txt
287649,digitalcollections:gunn_1063,https://pfaffs-web.lib.lehigh.edu/gunn_transcripts/1063.txt,https://pfaffs-web.lib.lehigh.edu/gunn_transcripts/1063.txt
287650,digitalcollections:gunn_1064,https://pfaffs-web.lib.lehigh.edu/gunn_transcripts/1064.txt,https://pfaffs-web.lib.lehigh.edu/gunn_transcripts/1064.txt
287651,digitalcollections:gunn_1065,https://pfaffs-web.lib.lehigh.edu/gunn_transcripts/1065.txt,https://pfaffs-web.lib.lehigh.edu/gunn_transcripts/1065.txt
287652,digitalcollections:gunn_1066,https://pfaffs-web.lib.lehigh.edu/gunn_transcripts/1066.txt,https://pfaffs-web.lib.lehigh.edu/gunn_transcripts/1066.txt
287653,digitalcollections:gunn_1067,https://pfaffs-web.lib.lehigh.edu/gunn_transcripts/1067.txt,https://pfaffs-web.lib.lehigh.edu/gunn_transcripts/1067.txt
287654,digitalcollections:gunn_1062,https://pfaffs-web.lib.lehigh.edu/gunn_transcripts/1062.txt,https://pfaffs-web.lib.lehigh.edu/gunn_transcripts/1062.txt
287655,digitalcollections:gunn_4372,https://pfaffs-web.lib.lehigh.edu/gunn_transcripts/4372.txt,https://pfaffs-web.lib.lehigh.edu/gunn_transcripts/4372.txt
287656,digitalcollections:gunn_4373,https://pfaffs-web.lib.lehigh.edu/gunn_transcripts/4373.txt,https://pfaffs-web.lib.lehigh.edu/gunn_transcripts/4373.txt
287657,digitalcollections:gunn_4374,https://pfaffs-web.lib.lehigh.edu/gunn_transcripts/4374.txt,https://pfaffs-web.lib.lehigh.edu/gunn_transcripts/4374.txt
287658,digitalcollections:gunn_4375,https://pfaffs-web.lib.lehigh.edu/gunn_transcripts/4375.txt,https://pfaffs-web.lib.lehigh.edu/gunn_transcripts/4375.txt
287659,digitalcollections:gunn_4376,https://pfaffs-web.lib.lehigh.edu/gunn_transcripts/4376.txt,https://pfaffs-web.lib.lehigh.edu/gunn_transcripts/4376.txt
287660,digitalcollections:gunn_4377,https://pfaffs-web.lib.lehigh.edu/gunn_transcripts/4377.txt,https://pfaffs-web.lib.lehigh.edu/gunn_transcripts/4377.txt
287661,digitalcollections:gunn_4391,https://pfaffs-web.lib.lehigh.edu/gunn_transcripts/4391.txt,https://pfaffs-web.lib.lehigh.edu/gunn_transcripts/4391.txt
287662,digitalcollections:gunn_4392,https://pfaffs-web.lib.lehigh.edu/gunn_transcripts/4392.txt,https://pfaffs-web.lib.lehigh.edu/gunn_transcripts/4392.txt
287663,digitalcollections:gunn_4393,https://pfaffs-web.lib.lehigh.edu/gunn_transcripts/4393.txt,https://pfaffs-web.lib.lehigh.edu/gunn_transcripts/4393.txt
287664,digitalcollections:gunn_4394,https://pfaffs-web.lib.lehigh.edu/gunn_transcripts/4394.txt,https://pfaffs-web.lib.lehigh.edu/gunn_transcripts/4394.txt
287665,digitalcollections:gunn_4395,https://pfaffs-web.lib.lehigh.edu/gunn_transcripts/4395.txt,https://pfaffs-web.lib.lehigh.edu/gunn_transcripts/4395.txt
287666,digitalcollections:gunn_4396,https://pfaffs-web.lib.lehigh.edu/gunn_transcripts/4396.txt,https://pfaffs-web.lib.lehigh.edu/gunn_transcripts/4396.txt
287667,digitalcollections:gunn_4397,https://pfaffs-web.lib.lehigh.edu/gunn_transcripts/4397.txt,https://pfaffs-web.lib.lehigh.edu/gunn_transcripts/4397.txt
287668,digitalcollections:gunn_4378,https://pfaffs-web.lib.lehigh.edu/gunn_transcripts/4378.txt,https://pfaffs-web.lib.lehigh.edu/gunn_transcripts/4378.txt
287669,digitalcollections:gunn_4379,https://pfaffs-web.lib.lehigh.edu/gunn_transcripts/4379.txt,https://pfaffs-web.lib.lehigh.edu/gunn_transcripts/4379.txt
287670,digitalcollections:gunn_4380,https://pfaffs-web.lib.lehigh.edu/gunn_transcripts/4380.txt,https://pfaffs-web.lib.lehigh.edu/gunn_transcripts/4380.txt
287671,digitalcollections:gunn_4381,https://pfaffs-web.lib.lehigh.edu/gunn_transcripts/4381.txt,https://pfaffs-web.lib.lehigh.edu/gunn_transcripts/4381.txt
287672,digitalcollections:gunn_4382,https://pfaffs-web.lib.lehigh.edu/gunn_transcripts/4382.txt,https://pfaffs-web.lib.lehigh.edu/gunn_transcripts/4382.txt
287673,digitalcollections:gunn_4383,https://pfaffs-web.lib.lehigh.edu/gunn_transcripts/4383.txt,https://pfaffs-web.lib.lehigh.edu/gunn_transcripts/4383.txt
287674,digitalcollections:gunn_4384,https://pfaffs-web.lib.lehigh.edu/gunn_transcripts/4384.txt,https://pfaffs-web.lib.lehigh.edu/gunn_transcripts/4384.txt
287675,digitalcollections:gunn_4522,https://pfaffs-web.lib.lehigh.edu/gunn_transcripts/4522.txt,https://pfaffs-web.lib.lehigh.edu/gunn_transcripts/4522.txt
287676,digitalcollections:gunn_4523,https://pfaffs-web.lib.lehigh.edu/gunn_transcripts/4523.txt,https://pfaffs-web.lib.lehigh.edu/gunn_transcripts/4523.txt
287677,digitalcollections:gunn_4524,https://pfaffs-web.lib.lehigh.edu/gunn_transcripts/4524.txt,https://pfaffs-web.lib.lehigh.edu/gunn_transcripts/4524.txt
287678,digitalcollections:gunn_4525,https://pfaffs-web.lib.lehigh.edu/gunn_transcripts/4525.txt,https://pfaffs-web.lib.lehigh.edu/gunn_transcripts/4525.txt
287679,digitalcollections:gunn_4526,https://pfaffs-web.lib.lehigh.edu/gunn_transcripts/4526.txt,https://pfaffs-web.lib.lehigh.edu/gunn_transcripts/4526.txt
287680,digitalcollections:gunn_4527,https://pfaffs-web.lib.lehigh.edu/gunn_transcripts/4527.txt,https://pfaffs-web.lib.lehigh.edu/gunn_transcripts/4527.txt
287681,digitalcollections:gunn_4528,https://pfaffs-web.lib.lehigh.edu/gunn_transcripts/4528.txt,https://pfaffs-web.lib.lehigh.edu/gunn_transcripts/4528.txt
287682,digitalcollections:gunn_4529,https://pfaffs-web.lib.lehigh.edu/gunn_transcripts/4529.txt,https://pfaffs-web.lib.lehigh.edu/gunn_transcripts/4529.txt
287683,digitalcollections:gunn_4450,https://pfaffs-web.lib.lehigh.edu/gunn_transcripts/4450.txt,https://pfaffs-web.lib.lehigh.edu/gunn_transcripts/4450.txt
287684,digitalcollections:gunn_4451,https://pfaffs-web.lib.lehigh.edu/gunn_transcripts/4451.txt,https://pfaffs-web.lib.lehigh.edu/gunn_transcripts/4451.txt
287685,digitalcollections:gunn_4452,https://pfaffs-web.lib.lehigh.edu/gunn_transcripts/4452.txt,https://pfaffs-web.lib.lehigh.edu/gunn_transcripts/4452.txt
287686,digitalcollections:gunn_4453,https://pfaffs-web.lib.lehigh.edu/gunn_transcripts/4453.txt,https://pfaffs-web.lib.lehigh.edu/gunn_transcripts/4453.txt
287687,digitalcollections:gunn_4454,https://pfaffs-web.lib.lehigh.edu/gunn_transcripts/4454.txt,https://pfaffs-web.lib.lehigh.edu/gunn_transcripts/4454.txt
287688,digitalcollections:gunn_4455,https://pfaffs-web.lib.lehigh.edu/gunn_transcripts/4455.txt,https://pfaffs-web.lib.lehigh.edu/gunn_transcripts/4455.txt
287689,digitalcollections:gunn_4456,https://pfaffs-web.lib.lehigh.edu/gunn_transcripts/4456.txt,https://pfaffs-web.lib.lehigh.edu/gunn_transcripts/4456.txt
287690,digitalcollections:gunn_4457,https://pfaffs-web.lib.lehigh.edu/gunn_transcripts/4457.txt,https://pfaffs-web.lib.lehigh.edu/gunn_transcripts/4457.txt
287691,digitalcollections:gunn_4502,https://pfaffs-web.lib.lehigh.edu/gunn_transcripts/4502.txt,https://pfaffs-web.lib.lehigh.edu/gunn_transcripts/4502.txt
287692,digitalcollections:gunn_4503,https://pfaffs-web.lib.lehigh.edu/gunn_transcripts/4503.txt,https://pfaffs-web.lib.lehigh.edu/gunn_transcripts/4503.txt
287693,digitalcollections:gunn_4504,https://pfaffs-web.lib.lehigh.edu/gunn_transcripts/4504.txt,https://pfaffs-web.lib.lehigh.edu/gunn_transcripts/4504.txt
287694,digitalcollections:gunn_4505,https://pfaffs-web.lib.lehigh.edu/gunn_transcripts/4505.txt,https://pfaffs-web.lib.lehigh.edu/gunn_transcripts/4505.txt
287695,digitalcollections:gunn_4506,https://pfaffs-web.lib.lehigh.edu/gunn_transcripts/4506.txt,https://pfaffs-web.lib.lehigh.edu/gunn_transcripts/4506.txt
287696,digitalcollections:gunn_4507,https://pfaffs-web.lib.lehigh.edu/gunn_transcripts/4507.txt,https://pfaffs-web.lib.lehigh.edu/gunn_transcripts/4507.txt
287697,digitalcollections:gunn_4508,https://pfaffs-web.lib.lehigh.edu/gunn_transcripts/4508.txt,https://pfaffs-web.lib.lehigh.edu/gunn_transcripts/4508.txt
287698,digitalcollections:gunn_4509,https://pfaffs-web.lib.lehigh.edu/gunn_transcripts/4509.txt,https://pfaffs-web.lib.lehigh.edu/gunn_transcripts/4509.txt
287699,digitalcollections:gunn_4589,https://pfaffs-web.lib.lehigh.edu/gunn_transcripts/4589.txt,https://pfaffs-web.lib.lehigh.edu/gunn_transcripts/4589.txt
287700,digitalcollections:gunn_4590,https://pfaffs-web.lib.lehigh.edu/gunn_transcripts/4590.txt,https://pfaffs-web.lib.lehigh.edu/gunn_transcripts/4590.txt
287701,digitalcollections:gunn_4591,https://pfaffs-web.lib.lehigh.edu/gunn_transcripts/4591.txt,https://pfaffs-web.lib.lehigh.edu/gunn_transcripts/4591.txt
287702,digitalcollections:gunn_4592,https://pfaffs-web.lib.lehigh.edu/gunn_transcripts/4592.txt,https://pfaffs-web.lib.lehigh.edu/gunn_transcripts/4592.txt
287703,digitalcollections:gunn_4593,https://pfaffs-web.lib.lehigh.edu/gunn_transcripts/4593.txt,https://pfaffs-web.lib.lehigh.edu/gunn_transcripts/4593.txt
287704,digitalcollections:gunn_4594,https://pfaffs-web.lib.lehigh.edu/gunn_transcripts/4594.txt,https://pfaffs-web.lib.lehigh.edu/gunn_transcripts/4594.txt
287705,digitalcollections:gunn_4595,https://pfaffs-web.lib.lehigh.edu/gunn_transcripts/4595.txt,https://pfaffs-web.lib.lehigh.edu/gunn_transcripts/4595.txt
287706,digitalcollections:gunn_4596,https://pfaffs-web.lib.lehigh.edu/gunn_transcripts/4596.txt,https://pfaffs-web.lib.lehigh.edu/gunn_transcripts/4596.txt
287707,digitalcollections:gunn_4597,https://pfaffs-web.lib.lehigh.edu/gunn_transcripts/4597.txt,https://pfaffs-web.lib.lehigh.edu/gunn_transcripts/4597.txt
287708,digitalcollections:gunn_4598,https://pfaffs-web.lib.lehigh.edu/gunn_transcripts/4598.txt,https://pfaffs-web.lib.lehigh.edu/gunn_transcripts/4598.txt
287709,digitalcollections:gunn_4599,https://pfaffs-web.lib.lehigh.edu/gunn_transcripts/4599.txt,https://pfaffs-web.lib.lehigh.edu/gunn_transcripts/4599.txt
287710,digitalcollections:gunn_4600,https://pfaffs-web.lib.lehigh.edu/gunn_transcripts/4600.txt,https://pfaffs-web.lib.lehigh.edu/gunn_transcripts/4600.txt
287711,digitalcollections:gunn_4601,https://pfaffs-web.lib.lehigh.edu/gunn_transcripts/4601.txt,https://pfaffs-web.lib.lehigh.edu/gunn_transcripts/4601.txt
287712,digitalcollections:gunn_4602,https://pfaffs-web.lib.lehigh.edu/gunn_transcripts/4602.txt,https://pfaffs-web.lib.lehigh.edu/gunn_transcripts/4602.txt
287713,digitalcollections:gunn_4557,https://pfaffs-web.lib.lehigh.edu/gunn_transcripts/4557.txt,https://pfaffs-web.lib.lehigh.edu/gunn_transcripts/4557.txt
287714,digitalcollections:gunn_4558,https://pfaffs-web.lib.lehigh.edu/gunn_transcripts/4558.txt,https://pfaffs-web.lib.lehigh.edu/gunn_transcripts/4558.txt
287715,digitalcollections:gunn_4559,https://pfaffs-web.lib.lehigh.edu/gunn_transcripts/4559.txt,https://pfaffs-web.lib.lehigh.edu/gunn_transcripts/4559.txt
287716,digitalcollections:gunn_4560,https://pfaffs-web.lib.lehigh.edu/gunn_transcripts/4560.txt,https://pfaffs-web.lib.lehigh.edu/gunn_transcripts/4560.txt
287717,digitalcollections:gunn_4561,https://pfaffs-web.lib.lehigh.edu/gunn_transcripts/4561.txt,https://pfaffs-web.lib.lehigh.edu/gunn_transcripts/4561.txt
287718,digitalcollections:gunn_4562,https://pfaffs-web.lib.lehigh.edu/gunn_transcripts/4562.txt,https://pfaffs-web.lib.lehigh.edu/gunn_transcripts/4562.txt
287719,digitalcollections:gunn_4563,https://pfaffs-web.lib.lehigh.edu/gunn_transcripts/4563.txt,https://pfaffs-web.lib.lehigh.edu/gunn_transcripts/4563.txt
287720,digitalcollections:gunn_4564,https://pfaffs-web.lib.lehigh.edu/gunn_transcripts/4564.txt,https://pfaffs-web.lib.lehigh.edu/gunn_transcripts/4564.txt
287721,digitalcollections:gunn_4565,https://pfaffs-web.lib.lehigh.edu/gunn_transcripts/4565.txt,https://pfaffs-web.lib.lehigh.edu/gunn_transcripts/4565.txt
287722,digitalcollections:gunn_4566,https://pfaffs-web.lib.lehigh.edu/gunn_transcripts/4566.txt,https://pfaffs-web.lib.lehigh.edu/gunn_transcripts/4566.txt
287723,digitalcollections:gunn_4567,https://pfaffs-web.lib.lehigh.edu/gunn_transcripts/4567.txt,https://pfaffs-web.lib.lehigh.edu/gunn_transcripts/4567.txt
287724,digitalcollections:gunn_4568,https://pfaffs-web.lib.lehigh.edu/gunn_transcripts/4568.txt,https://pfaffs-web.lib.lehigh.edu/gunn_transcripts/4568.txt
287725,digitalcollections:gunn_4569,https://pfaffs-web.lib.lehigh.edu/gunn_transcripts/4569.txt,https://pfaffs-web.lib.lehigh.edu/gunn_transcripts/4569.txt
287726,digitalcollections:gunn_4570,https://pfaffs-web.lib.lehigh.edu/gunn_transcripts/4570.txt,https://pfaffs-web.lib.lehigh.edu/gunn_transcripts/4570.txt
287727,digitalcollections:gunn_4571,https://pfaffs-web.lib.lehigh.edu/gunn_transcripts/4571.txt,https://pfaffs-web.lib.lehigh.edu/gunn_transcripts/4571.txt
287728,digitalcollections:gunn_4572,https://pfaffs-web.lib.lehigh.edu/gunn_transcripts/4572.txt,https://pfaffs-web.lib.lehigh.edu/gunn_transcripts/4572.txt
287729,digitalcollections:gunn_4603,https://pfaffs-web.lib.lehigh.edu/gunn_transcripts/4603.txt,https://pfaffs-web.lib.lehigh.edu/gunn_transcripts/4603.txt
287730,digitalcollections:gunn_4604,https://pfaffs-web.lib.lehigh.edu/gunn_transcripts/4604.txt,https://pfaffs-web.lib.lehigh.edu/gunn_transcripts/4604.txt
287731,digitalcollections:gunn_4605,https://pfaffs-web.lib.lehigh.edu/gunn_transcripts/4605.txt,https://pfaffs-web.lib.lehigh.edu/gunn_transcripts/4605.txt
287732,digitalcollections:gunn_4606,https://pfaffs-web.lib.lehigh.edu/gunn_transcripts/4606.txt,https://pfaffs-web.lib.lehigh.edu/gunn_transcripts/4606.txt
287733,digitalcollections:gunn_4607,https://pfaffs-web.lib.lehigh.edu/gunn_transcripts/4607.txt,https://pfaffs-web.lib.lehigh.edu/gunn_transcripts/4607.txt
287734,digitalcollections:gunn_4608,https://pfaffs-web.lib.lehigh.edu/gunn_transcripts/4608.txt,https://pfaffs-web.lib.lehigh.edu/gunn_transcripts/4608.txt
287735,digitalcollections:gunn_4609,https://pfaffs-web.lib.lehigh.edu/gunn_transcripts/4609.txt,https://pfaffs-web.lib.lehigh.edu/gunn_transcripts/4609.txt
287736,digitalcollections:gunn_4551,https://pfaffs-web.lib.lehigh.edu/gunn_transcripts/4551.txt,https://pfaffs-web.lib.lehigh.edu/gunn_transcripts/4551.txt
287737,digitalcollections:gunn_4552,https://pfaffs-web.lib.lehigh.edu/gunn_transcripts/4552.txt,https://pfaffs-web.lib.lehigh.edu/gunn_transcripts/4552.txt
287738,digitalcollections:gunn_4553,https://pfaffs-web.lib.lehigh.edu/gunn_transcripts/4553.txt,https://pfaffs-web.lib.lehigh.edu/gunn_transcripts/4553.txt
287739,digitalcollections:gunn_4554,https://pfaffs-web.lib.lehigh.edu/gunn_transcripts/4554.txt,https://pfaffs-web.lib.lehigh.edu/gunn_transcripts/4554.txt
287740,digitalcollections:gunn_4555,https://pfaffs-web.lib.lehigh.edu/gunn_transcripts/4555.txt,https://pfaffs-web.lib.lehigh.edu/gunn_transcripts/4555.txt
287741,digitalcollections:gunn_4556,https://pfaffs-web.lib.lehigh.edu/gunn_transcripts/4556.txt,https://pfaffs-web.lib.lehigh.edu/gunn_transcripts/4556.txt
287742,digitalcollections:gunn_4573,https://pfaffs-web.lib.lehigh.edu/gunn_transcripts/4573.txt,https://pfaffs-web.lib.lehigh.edu/gunn_transcripts/4573.txt
287743,digitalcollections:gunn_4530,https://pfaffs-web.lib.lehigh.edu/gunn_transcripts/4530.txt,https://pfaffs-web.lib.lehigh.edu/gunn_transcripts/4530.txt
287744,digitalcollections:gunn_4531,https://pfaffs-web.lib.lehigh.edu/gunn_transcripts/4531.txt,https://pfaffs-web.lib.lehigh.edu/gunn_transcripts/4531.txt
287745,digitalcollections:gunn_4532,https://pfaffs-web.lib.lehigh.edu/gunn_transcripts/4532.txt,https://pfaffs-web.lib.lehigh.edu/gunn_transcripts/4532.txt
287746,digitalcollections:gunn_4533,https://pfaffs-web.lib.lehigh.edu/gunn_transcripts/4533.txt,https://pfaffs-web.lib.lehigh.edu/gunn_transcripts/4533.txt
287747,digitalcollections:gunn_4534,https://pfaffs-web.lib.lehigh.edu/gunn_transcripts/4534.txt,https://pfaffs-web.lib.lehigh.edu/gunn_transcripts/4534.txt
287748,digitalcollections:gunn_4535,https://pfaffs-web.lib.lehigh.edu/gunn_transcripts/4535.txt,https://pfaffs-web.lib.lehigh.edu/gunn_transcripts/4535.txt
287749,digitalcollections:gunn_4536,https://pfaffs-web.lib.lehigh.edu/gunn_transcripts/4536.txt,https://pfaffs-web.lib.lehigh.edu/gunn_transcripts/4536.txt
287750,digitalcollections:gunn_4442,https://pfaffs-web.lib.lehigh.edu/gunn_transcripts/4442.txt,https://pfaffs-web.lib.lehigh.edu/gunn_transcripts/4442.txt
287751,digitalcollections:gunn_4443,https://pfaffs-web.lib.lehigh.edu/gunn_transcripts/4443.txt,https://pfaffs-web.lib.lehigh.edu/gunn_transcripts/4443.txt
287752,digitalcollections:gunn_4444,https://pfaffs-web.lib.lehigh.edu/gunn_transcripts/4444.txt,https://pfaffs-web.lib.lehigh.edu/gunn_transcripts/4444.txt
287753,digitalcollections:gunn_4445,https://pfaffs-web.lib.lehigh.edu/gunn_transcripts/4445.txt,https://pfaffs-web.lib.lehigh.edu/gunn_transcripts/4445.txt
287754,digitalcollections:gunn_4446,https://pfaffs-web.lib.lehigh.edu/gunn_transcripts/4446.txt,https://pfaffs-web.lib.lehigh.edu/gunn_transcripts/4446.txt
287755,digitalcollections:gunn_4447,https://pfaffs-web.lib.lehigh.edu/gunn_transcripts/4447.txt,https://pfaffs-web.lib.lehigh.edu/gunn_transcripts/4447.txt
287756,digitalcollections:gunn_4448,https://pfaffs-web.lib.lehigh.edu/gunn_transcripts/4448.txt,https://pfaffs-web.lib.lehigh.edu/gunn_transcripts/4448.txt
287757,digitalcollections:gunn_4449,https://pfaffs-web.lib.lehigh.edu/gunn_transcripts/4449.txt,https://pfaffs-web.lib.lehigh.edu/gunn_transcripts/4449.txt
287758,digitalcollections:gunn_4488,https://pfaffs-web.lib.lehigh.edu/gunn_transcripts/4488.txt,https://pfaffs-web.lib.lehigh.edu/gunn_transcripts/4488.txt
287759,digitalcollections:gunn_4489,https://pfaffs-web.lib.lehigh.edu/gunn_transcripts/4489.txt,https://pfaffs-web.lib.lehigh.edu/gunn_transcripts/4489.txt
287760,digitalcollections:gunn_4490,https://pfaffs-web.lib.lehigh.edu/gunn_transcripts/4490.txt,https://pfaffs-web.lib.lehigh.edu/gunn_transcripts/4490.txt
287761,digitalcollections:gunn_4491,https://pfaffs-web.lib.lehigh.edu/gunn_transcripts/4491.txt,https://pfaffs-web.lib.lehigh.edu/gunn_transcripts/4491.txt
287762,digitalcollections:gunn_4492,https://pfaffs-web.lib.lehigh.edu/gunn_transcripts/4492.txt,https://pfaffs-web.lib.lehigh.edu/gunn_transcripts/4492.txt
287763,digitalcollections:gunn_4493,https://pfaffs-web.lib.lehigh.edu/gunn_transcripts/4493.txt,https://pfaffs-web.lib.lehigh.edu/gunn_transcripts/4493.txt
287764,digitalcollections:gunn_4494,https://pfaffs-web.lib.lehigh.edu/gunn_transcripts/4494.txt,https://pfaffs-web.lib.lehigh.edu/gunn_transcripts/4494.txt
287765,digitalcollections:gunn_4405,https://pfaffs-web.lib.lehigh.edu/gunn_transcripts/4405.txt,https://pfaffs-web.lib.lehigh.edu/gunn_transcripts/4405.txt
287766,digitalcollections:gunn_4406,https://pfaffs-web.lib.lehigh.edu/gunn_transcripts/4406.txt,https://pfaffs-web.lib.lehigh.edu/gunn_transcripts/4406.txt
287767,digitalcollections:gunn_4407,https://pfaffs-web.lib.lehigh.edu/gunn_transcripts/4407.txt,https://pfaffs-web.lib.lehigh.edu/gunn_transcripts/4407.txt
287768,digitalcollections:gunn_4408,https://pfaffs-web.lib.lehigh.edu/gunn_transcripts/4408.txt,https://pfaffs-web.lib.lehigh.edu/gunn_transcripts/4408.txt
287769,digitalcollections:gunn_4409,https://pfaffs-web.lib.lehigh.edu/gunn_transcripts/4409.txt,https://pfaffs-web.lib.lehigh.edu/gunn_transcripts/4409.txt
287770,digitalcollections:gunn_4410,https://pfaffs-web.lib.lehigh.edu/gunn_transcripts/4410.txt,https://pfaffs-web.lib.lehigh.edu/gunn_transcripts/4410.txt
287771,digitalcollections:gunn_4411,https://pfaffs-web.lib.lehigh.edu/gunn_transcripts/4411.txt,https://pfaffs-web.lib.lehigh.edu/gunn_transcripts/4411.txt
287772,digitalcollections:gunn_4412,https://pfaffs-web.lib.lehigh.edu/gunn_transcripts/4412.txt,https://pfaffs-web.lib.lehigh.edu/gunn_transcripts/4412.txt
287773,digitalcollections:gunn_4538,https://pfaffs-web.lib.lehigh.edu/gunn_transcripts/4538.txt,https://pfaffs-web.lib.lehigh.edu/gunn_transcripts/4538.txt
287774,digitalcollections:gunn_4539,https://pfaffs-web.lib.lehigh.edu/gunn_transcripts/4539.txt,https://pfaffs-web.lib.lehigh.edu/gunn_transcripts/4539.txt
287775,digitalcollections:gunn_4540,https://pfaffs-web.lib.lehigh.edu/gunn_transcripts/4540.txt,https://pfaffs-web.lib.lehigh.edu/gunn_transcripts/4540.txt
287776,digitalcollections:gunn_4541,https://pfaffs-web.lib.lehigh.edu/gunn_transcripts/4541.txt,https://pfaffs-web.lib.lehigh.edu/gunn_transcripts/4541.txt
287777,digitalcollections:gunn_4542,https://pfaffs-web.lib.lehigh.edu/gunn_transcripts/4542.txt,https://pfaffs-web.lib.lehigh.edu/gunn_transcripts/4542.txt
287778,digitalcollections:gunn_4543,https://pfaffs-web.lib.lehigh.edu/gunn_transcripts/4543.txt,https://pfaffs-web.lib.lehigh.edu/gunn_transcripts/4543.txt
287779,digitalcollections:gunn_4544,https://pfaffs-web.lib.lehigh.edu/gunn_transcripts/4544.txt,https://pfaffs-web.lib.lehigh.edu/gunn_transcripts/4544.txt
287780,digitalcollections:gunn_4545,https://pfaffs-web.lib.lehigh.edu/gunn_transcripts/4545.txt,https://pfaffs-web.lib.lehigh.edu/gunn_transcripts/4545.txt
287781,digitalcollections:gunn_4546,https://pfaffs-web.lib.lehigh.edu/gunn_transcripts/4546.txt,https://pfaffs-web.lib.lehigh.edu/gunn_transcripts/4546.txt
287782,digitalcollections:gunn_4547,https://pfaffs-web.lib.lehigh.edu/gunn_transcripts/4547.txt,https://pfaffs-web.lib.lehigh.edu/gunn_transcripts/4547.txt
287783,digitalcollections:gunn_4548,https://pfaffs-web.lib.lehigh.edu/gunn_transcripts/4548.txt,https://pfaffs-web.lib.lehigh.edu/gunn_transcripts/4548.txt
287784,digitalcollections:gunn_4549,https://pfaffs-web.lib.lehigh.edu/gunn_transcripts/4549.txt,https://pfaffs-web.lib.lehigh.edu/gunn_transcripts/4549.txt
287785,digitalcollections:gunn_4510,https://pfaffs-web.lib.lehigh.edu/gunn_transcripts/4510.txt,https://pfaffs-web.lib.lehigh.edu/gunn_transcripts/4510.txt
287786,digitalcollections:gunn_4511,https://pfaffs-web.lib.lehigh.edu/gunn_transcripts/4511.txt,https://pfaffs-web.lib.lehigh.edu/gunn_transcripts/4511.txt
287787,digitalcollections:gunn_4512,https://pfaffs-web.lib.lehigh.edu/gunn_transcripts/4512.txt,https://pfaffs-web.lib.lehigh.edu/gunn_transcripts/4512.txt
287788,digitalcollections:gunn_4513,https://pfaffs-web.lib.lehigh.edu/gunn_transcripts/4513.txt,https://pfaffs-web.lib.lehigh.edu/gunn_transcripts/4513.txt
287789,digitalcollections:gunn_4514,https://pfaffs-web.lib.lehigh.edu/gunn_transcripts/4514.txt,https://pfaffs-web.lib.lehigh.edu/gunn_transcripts/4514.txt
287790,digitalcollections:gunn_4515,https://pfaffs-web.lib.lehigh.edu/gunn_transcripts/4515.txt,https://pfaffs-web.lib.lehigh.edu/gunn_transcripts/4515.txt
287791,digitalcollections:gunn_4516,https://pfaffs-web.lib.lehigh.edu/gunn_transcripts/4516.txt,https://pfaffs-web.lib.lehigh.edu/gunn_transcripts/4516.txt
287792,digitalcollections:gunn_4517,https://pfaffs-web.lib.lehigh.edu/gunn_transcripts/4517.txt,https://pfaffs-web.lib.lehigh.edu/gunn_transcripts/4517.txt
287793,digitalcollections:gunn_4518,https://pfaffs-web.lib.lehigh.edu/gunn_transcripts/4518.txt,https://pfaffs-web.lib.lehigh.edu/gunn_transcripts/4518.txt
287794,digitalcollections:gunn_4519,https://pfaffs-web.lib.lehigh.edu/gunn_transcripts/4519.txt,https://pfaffs-web.lib.lehigh.edu/gunn_transcripts/4519.txt
287795,digitalcollections:gunn_4520,https://pfaffs-web.lib.lehigh.edu/gunn_transcripts/4520.txt,https://pfaffs-web.lib.lehigh.edu/gunn_transcripts/4520.txt
287796,digitalcollections:gunn_4521,https://pfaffs-web.lib.lehigh.edu/gunn_transcripts/4521.txt,https://pfaffs-web.lib.lehigh.edu/gunn_transcripts/4521.txt
287797,digitalcollections:gunn_4537,https://pfaffs-web.lib.lehigh.edu/gunn_transcripts/4537.txt,https://pfaffs-web.lib.lehigh.edu/gunn_transcripts/4537.txt
287798,digitalcollections:gunn_4550,https://pfaffs-web.lib.lehigh.edu/gunn_transcripts/4550.txt,https://pfaffs-web.lib.lehigh.edu/gunn_transcripts/4550.txt
287799,digitalcollections:gunn_4419,https://pfaffs-web.lib.lehigh.edu/gunn_transcripts/4419.txt,https://pfaffs-web.lib.lehigh.edu/gunn_transcripts/4419.txt
287800,digitalcollections:gunn_4420,https://pfaffs-web.lib.lehigh.edu/gunn_transcripts/4420.txt,https://pfaffs-web.lib.lehigh.edu/gunn_transcripts/4420.txt
287801,digitalcollections:gunn_4421,https://pfaffs-web.lib.lehigh.edu/gunn_transcripts/4421.txt,https://pfaffs-web.lib.lehigh.edu/gunn_transcripts/4421.txt
287802,digitalcollections:gunn_4422,https://pfaffs-web.lib.lehigh.edu/gunn_transcripts/4422.txt,https://pfaffs-web.lib.lehigh.edu/gunn_transcripts/4422.txt
287803,digitalcollections:gunn_4423,https://pfaffs-web.lib.lehigh.edu/gunn_transcripts/4423.txt,https://pfaffs-web.lib.lehigh.edu/gunn_transcripts/4423.txt
287804,digitalcollections:gunn_4424,https://pfaffs-web.lib.lehigh.edu/gunn_transcripts/4424.txt,https://pfaffs-web.lib.lehigh.edu/gunn_transcripts/4424.txt
287805,digitalcollections:gunn_4385,https://pfaffs-web.lib.lehigh.edu/gunn_transcripts/4385.txt,https://pfaffs-web.lib.lehigh.edu/gunn_transcripts/4385.txt
287806,digitalcollections:gunn_4386,https://pfaffs-web.lib.lehigh.edu/gunn_transcripts/4386.txt,https://pfaffs-web.lib.lehigh.edu/gunn_transcripts/4386.txt
287807,digitalcollections:gunn_4387,https://pfaffs-web.lib.lehigh.edu/gunn_transcripts/4387.txt,https://pfaffs-web.lib.lehigh.edu/gunn_transcripts/4387.txt
287808,digitalcollections:gunn_4388,https://pfaffs-web.lib.lehigh.edu/gunn_transcripts/4388.txt,https://pfaffs-web.lib.lehigh.edu/gunn_transcripts/4388.txt
287809,digitalcollections:gunn_4389,https://pfaffs-web.lib.lehigh.edu/gunn_transcripts/4389.txt,https://pfaffs-web.lib.lehigh.edu/gunn_transcripts/4389.txt
287810,digitalcollections:gunn_4390,https://pfaffs-web.lib.lehigh.edu/gunn_transcripts/4390.txt,https://pfaffs-web.lib.lehigh.edu/gunn_transcripts/4390.txt
287811,digitalcollections:gunn_4413,https://pfaffs-web.lib.lehigh.edu/gunn_transcripts/4413.txt,https://pfaffs-web.lib.lehigh.edu/gunn_transcripts/4413.txt
287812,digitalcollections:gunn_4414,https://pfaffs-web.lib.lehigh.edu/gunn_transcripts/4414.txt,https://pfaffs-web.lib.lehigh.edu/gunn_transcripts/4414.txt
287813,digitalcollections:gunn_4415,https://pfaffs-web.lib.lehigh.edu/gunn_transcripts/4415.txt,https://pfaffs-web.lib.lehigh.edu/gunn_transcripts/4415.txt
287814,digitalcollections:gunn_4416,https://pfaffs-web.lib.lehigh.edu/gunn_transcripts/4416.txt,https://pfaffs-web.lib.lehigh.edu/gunn_transcripts/4416.txt
287815,digitalcollections:gunn_4417,https://pfaffs-web.lib.lehigh.edu/gunn_transcripts/4417.txt,https://pfaffs-web.lib.lehigh.edu/gunn_transcripts/4417.txt
287816,digitalcollections:gunn_4441,https://pfaffs-web.lib.lehigh.edu/gunn_transcripts/4441.txt,https://pfaffs-web.lib.lehigh.edu/gunn_transcripts/4441.txt
287817,digitalcollections:gunn_4398,https://pfaffs-web.lib.lehigh.edu/gunn_transcripts/4398.txt,https://pfaffs-web.lib.lehigh.edu/gunn_transcripts/4398.txt
287818,digitalcollections:gunn_4418,https://pfaffs-web.lib.lehigh.edu/gunn_transcripts/4418.txt,https://pfaffs-web.lib.lehigh.edu/gunn_transcripts/4418.txt
287819,digitalcollections:gunn_4636,https://pfaffs-web.lib.lehigh.edu/gunn_transcripts/4636.txt,https://pfaffs-web.lib.lehigh.edu/gunn_transcripts/4636.txt
287820,digitalcollections:gunn_4433,https://pfaffs-web.lib.lehigh.edu/gunn_transcripts/4433.txt,https://pfaffs-web.lib.lehigh.edu/gunn_transcripts/4433.txt
287821,digitalcollections:gunn_4434,https://pfaffs-web.lib.lehigh.edu/gunn_transcripts/4434.txt,https://pfaffs-web.lib.lehigh.edu/gunn_transcripts/4434.txt
287822,digitalcollections:gunn_4435,https://pfaffs-web.lib.lehigh.edu/gunn_transcripts/4435.txt,https://pfaffs-web.lib.lehigh.edu/gunn_transcripts/4435.txt
287823,digitalcollections:gunn_4436,https://pfaffs-web.lib.lehigh.edu/gunn_transcripts/4436.txt,https://pfaffs-web.lib.lehigh.edu/gunn_transcripts/4436.txt
287824,digitalcollections:gunn_4437,https://pfaffs-web.lib.lehigh.edu/gunn_transcripts/4437.txt,https://pfaffs-web.lib.lehigh.edu/gunn_transcripts/4437.txt
287825,digitalcollections:gunn_4438,https://pfaffs-web.lib.lehigh.edu/gunn_transcripts/4438.txt,https://pfaffs-web.lib.lehigh.edu/gunn_transcripts/4438.txt
287826,digitalcollections:gunn_4439,https://pfaffs-web.lib.lehigh.edu/gunn_transcripts/4439.txt,https://pfaffs-web.lib.lehigh.edu/gunn_transcripts/4439.txt
287827,digitalcollections:gunn_4440,https://pfaffs-web.lib.lehigh.edu/gunn_transcripts/4440.txt,https://pfaffs-web.lib.lehigh.edu/gunn_transcripts/4440.txt
287828,digitalcollections:gunn_4425,https://pfaffs-web.lib.lehigh.edu/gunn_transcripts/4425.txt,https://pfaffs-web.lib.lehigh.edu/gunn_transcripts/4425.txt
287829,digitalcollections:gunn_4426,https://pfaffs-web.lib.lehigh.edu/gunn_transcripts/4426.txt,https://pfaffs-web.lib.lehigh.edu/gunn_transcripts/4426.txt
287830,digitalcollections:gunn_4427,https://pfaffs-web.lib.lehigh.edu/gunn_transcripts/4427.txt,https://pfaffs-web.lib.lehigh.edu/gunn_transcripts/4427.txt
287831,digitalcollections:gunn_4428,https://pfaffs-web.lib.lehigh.edu/gunn_transcripts/4428.txt,https://pfaffs-web.lib.lehigh.edu/gunn_transcripts/4428.txt
287832,digitalcollections:gunn_4429,https://pfaffs-web.lib.lehigh.edu/gunn_transcripts/4429.txt,https://pfaffs-web.lib.lehigh.edu/gunn_transcripts/4429.txt
287833,digitalcollections:gunn_4430,https://pfaffs-web.lib.lehigh.edu/gunn_transcripts/4430.txt,https://pfaffs-web.lib.lehigh.edu/gunn_transcripts/4430.txt
287834,digitalcollections:gunn_4431,https://pfaffs-web.lib.lehigh.edu/gunn_transcripts/4431.txt,https://pfaffs-web.lib.lehigh.edu/gunn_transcripts/4431.txt
287835,digitalcollections:gunn_4432,https://pfaffs-web.lib.lehigh.edu/gunn_transcripts/4432.txt,https://pfaffs-web.lib.lehigh.edu/gunn_transcripts/4432.txt
287836,digitalcollections:gunn_4458,https://pfaffs-web.lib.lehigh.edu/gunn_transcripts/4458.txt,https://pfaffs-web.lib.lehigh.edu/gunn_transcripts/4458.txt
287837,digitalcollections:gunn_4459,https://pfaffs-web.lib.lehigh.edu/gunn_transcripts/4459.txt,https://pfaffs-web.lib.lehigh.edu/gunn_transcripts/4459.txt
287838,digitalcollections:gunn_4460,https://pfaffs-web.lib.lehigh.edu/gunn_transcripts/4460.txt,https://pfaffs-web.lib.lehigh.edu/gunn_transcripts/4460.txt
287839,digitalcollections:gunn_4461,https://pfaffs-web.lib.lehigh.edu/gunn_transcripts/4461.txt,https://pfaffs-web.lib.lehigh.edu/gunn_transcripts/4461.txt
287840,digitalcollections:gunn_4462,https://pfaffs-web.lib.lehigh.edu/gunn_transcripts/4462.txt,https://pfaffs-web.lib.lehigh.edu/gunn_transcripts/4462.txt
287841,digitalcollections:gunn_4463,https://pfaffs-web.lib.lehigh.edu/gunn_transcripts/4463.txt,https://pfaffs-web.lib.lehigh.edu/gunn_transcripts/4463.txt
287842,digitalcollections:gunn_4464,https://pfaffs-web.lib.lehigh.edu/gunn_transcripts/4464.txt,https://pfaffs-web.lib.lehigh.edu/gunn_transcripts/4464.txt
287843,digitalcollections:gunn_4465,https://pfaffs-web.lib.lehigh.edu/gunn_transcripts/4465.txt,https://pfaffs-web.lib.lehigh.edu/gunn_transcripts/4465.txt
287844,digitalcollections:gunn_4481,https://pfaffs-web.lib.lehigh.edu/gunn_transcripts/4481.txt,https://pfaffs-web.lib.lehigh.edu/gunn_transcripts/4481.txt
287845,digitalcollections:gunn_4482,https://pfaffs-web.lib.lehigh.edu/gunn_transcripts/4482.txt,https://pfaffs-web.lib.lehigh.edu/gunn_transcripts/4482.txt
287846,digitalcollections:gunn_4483,https://pfaffs-web.lib.lehigh.edu/gunn_transcripts/4483.txt,https://pfaffs-web.lib.lehigh.edu/gunn_transcripts/4483.txt
287847,digitalcollections:gunn_4484,https://pfaffs-web.lib.lehigh.edu/gunn_transcripts/4484.txt,https://pfaffs-web.lib.lehigh.edu/gunn_transcripts/4484.txt
287848,digitalcollections:gunn_4485,https://pfaffs-web.lib.lehigh.edu/gunn_transcripts/4485.txt,https://pfaffs-web.lib.lehigh.edu/gunn_transcripts/4485.txt
287849,digitalcollections:gunn_4486,https://pfaffs-web.lib.lehigh.edu/gunn_transcripts/4486.txt,https://pfaffs-web.lib.lehigh.edu/gunn_transcripts/4486.txt
287850,digitalcollections:gunn_4487,https://pfaffs-web.lib.lehigh.edu/gunn_transcripts/4487.txt,https://pfaffs-web.lib.lehigh.edu/gunn_transcripts/4487.txt
287851,digitalcollections:gunn_4474,https://pfaffs-web.lib.lehigh.edu/gunn_transcripts/4474.txt,https://pfaffs-web.lib.lehigh.edu/gunn_transcripts/4474.txt
287852,digitalcollections:gunn_4475,https://pfaffs-web.lib.lehigh.edu/gunn_transcripts/4475.txt,https://pfaffs-web.lib.lehigh.edu/gunn_transcripts/4475.txt
287853,digitalcollections:gunn_4476,https://pfaffs-web.lib.lehigh.edu/gunn_transcripts/4476.txt,https://pfaffs-web.lib.lehigh.edu/gunn_transcripts/4476.txt
287854,digitalcollections:gunn_4477,https://pfaffs-web.lib.lehigh.edu/gunn_transcripts/4477.txt,https://pfaffs-web.lib.lehigh.edu/gunn_transcripts/4477.txt
287855,digitalcollections:gunn_4478,https://pfaffs-web.lib.lehigh.edu/gunn_transcripts/4478.txt,https://pfaffs-web.lib.lehigh.edu/gunn_transcripts/4478.txt
287856,digitalcollections:gunn_4479,https://pfaffs-web.lib.lehigh.edu/gunn_transcripts/4479.txt,https://pfaffs-web.lib.lehigh.edu/gunn_transcripts/4479.txt
287857,digitalcollections:gunn_4480,https://pfaffs-web.lib.lehigh.edu/gunn_transcripts/4480.txt,https://pfaffs-web.lib.lehigh.edu/gunn_transcripts/4480.txt
287858,digitalcollections:gunn_4466,https://pfaffs-web.lib.lehigh.edu/gunn_transcripts/4466.txt,https://pfaffs-web.lib.lehigh.edu/gunn_transcripts/4466.txt
287859,digitalcollections:gunn_4467,https://pfaffs-web.lib.lehigh.edu/gunn_transcripts/4467.txt,https://pfaffs-web.lib.lehigh.edu/gunn_transcripts/4467.txt
287860,digitalcollections:gunn_4468,https://pfaffs-web.lib.lehigh.edu/gunn_transcripts/4468.txt,https://pfaffs-web.lib.lehigh.edu/gunn_transcripts/4468.txt
287861,digitalcollections:gunn_4469,https://pfaffs-web.lib.lehigh.edu/gunn_transcripts/4469.txt,https://pfaffs-web.lib.lehigh.edu/gunn_transcripts/4469.txt
287862,digitalcollections:gunn_4470,https://pfaffs-web.lib.lehigh.edu/gunn_transcripts/4470.txt,https://pfaffs-web.lib.lehigh.edu/gunn_transcripts/4470.txt
287863,digitalcollections:gunn_4471,https://pfaffs-web.lib.lehigh.edu/gunn_transcripts/4471.txt,https://pfaffs-web.lib.lehigh.edu/gunn_transcripts/4471.txt
287864,digitalcollections:gunn_4472,https://pfaffs-web.lib.lehigh.edu/gunn_transcripts/4472.txt,https://pfaffs-web.lib.lehigh.edu/gunn_transcripts/4472.txt
287865,digitalcollections:gunn_4399,https://pfaffs-web.lib.lehigh.edu/gunn_transcripts/4399.txt,https://pfaffs-web.lib.lehigh.edu/gunn_transcripts/4399.txt
287866,digitalcollections:gunn_4400,https://pfaffs-web.lib.lehigh.edu/gunn_transcripts/4400.txt,https://pfaffs-web.lib.lehigh.edu/gunn_transcripts/4400.txt
287867,digitalcollections:gunn_4401,https://pfaffs-web.lib.lehigh.edu/gunn_transcripts/4401.txt,https://pfaffs-web.lib.lehigh.edu/gunn_transcripts/4401.txt
287868,digitalcollections:gunn_4402,https://pfaffs-web.lib.lehigh.edu/gunn_transcripts/4402.txt,https://pfaffs-web.lib.lehigh.edu/gunn_transcripts/4402.txt
287869,digitalcollections:gunn_4403,https://pfaffs-web.lib.lehigh.edu/gunn_transcripts/4403.txt,https://pfaffs-web.lib.lehigh.edu/gunn_transcripts/4403.txt
287870,digitalcollections:gunn_4404,https://pfaffs-web.lib.lehigh.edu/gunn_transcripts/4404.txt,https://pfaffs-web.lib.lehigh.edu/gunn_transcripts/4404.txt
287871,digitalcollections:gunn_4496,https://pfaffs-web.lib.lehigh.edu/gunn_transcripts/4496.txt,https://pfaffs-web.lib.lehigh.edu/gunn_transcripts/4496.txt
287872,digitalcollections:gunn_4497,https://pfaffs-web.lib.lehigh.edu/gunn_transcripts/4497.txt,https://pfaffs-web.lib.lehigh.edu/gunn_transcripts/4497.txt
287873,digitalcollections:gunn_4498,https://pfaffs-web.lib.lehigh.edu/gunn_transcripts/4498.txt,https://pfaffs-web.lib.lehigh.edu/gunn_transcripts/4498.txt
287874,digitalcollections:gunn_4499,https://pfaffs-web.lib.lehigh.edu/gunn_transcripts/4499.txt,https://pfaffs-web.lib.lehigh.edu/gunn_transcripts/4499.txt
287875,digitalcollections:gunn_4500,https://pfaffs-web.lib.lehigh.edu/gunn_transcripts/4500.txt,https://pfaffs-web.lib.lehigh.edu/gunn_transcripts/4500.txt
287876,digitalcollections:gunn_4501,https://pfaffs-web.lib.lehigh.edu/gunn_transcripts/4501.txt,https://pfaffs-web.lib.lehigh.edu/gunn_transcripts/4501.txt
287877,digitalcollections:gunn_4495,https://pfaffs-web.lib.lehigh.edu/gunn_transcripts/4495.txt,https://pfaffs-web.lib.lehigh.edu/gunn_transcripts/4495.txt
287878,digitalcollections:gunn_4473,https://pfaffs-web.lib.lehigh.edu/gunn_transcripts/4473.txt,https://pfaffs-web.lib.lehigh.edu/gunn_transcripts/4473.txt
287879,digitalcollections:gunn_4581,https://pfaffs-web.lib.lehigh.edu/gunn_transcripts/4581.txt,https://pfaffs-web.lib.lehigh.edu/gunn_transcripts/4581.txt
287880,digitalcollections:gunn_4582,https://pfaffs-web.lib.lehigh.edu/gunn_transcripts/4582.txt,https://pfaffs-web.lib.lehigh.edu/gunn_transcripts/4582.txt
287881,digitalcollections:gunn_4583,https://pfaffs-web.lib.lehigh.edu/gunn_transcripts/4583.txt,https://pfaffs-web.lib.lehigh.edu/gunn_transcripts/4583.txt
287882,digitalcollections:gunn_4584,https://pfaffs-web.lib.lehigh.edu/gunn_transcripts/4584.txt,https://pfaffs-web.lib.lehigh.edu/gunn_transcripts/4584.txt
287883,digitalcollections:gunn_4585,https://pfaffs-web.lib.lehigh.edu/gunn_transcripts/4585.txt,https://pfaffs-web.lib.lehigh.edu/gunn_transcripts/4585.txt
287884,digitalcollections:gunn_4586,https://pfaffs-web.lib.lehigh.edu/gunn_transcripts/4586.txt,https://pfaffs-web.lib.lehigh.edu/gunn_transcripts/4586.txt
287885,digitalcollections:gunn_4587,https://pfaffs-web.lib.lehigh.edu/gunn_transcripts/4587.txt,https://pfaffs-web.lib.lehigh.edu/gunn_transcripts/4587.txt
287886,digitalcollections:gunn_4588,https://pfaffs-web.lib.lehigh.edu/gunn_transcripts/4588.txt,https://pfaffs-web.lib.lehigh.edu/gunn_transcripts/4588.txt
287887,digitalcollections:gunn_4574,https://pfaffs-web.lib.lehigh.edu/gunn_transcripts/4574.txt,https://pfaffs-web.lib.lehigh.edu/gunn_transcripts/4574.txt
287888,digitalcollections:gunn_4575,https://pfaffs-web.lib.lehigh.edu/gunn_transcripts/4575.txt,https://pfaffs-web.lib.lehigh.edu/gunn_transcripts/4575.txt
287889,digitalcollections:gunn_4576,https://pfaffs-web.lib.lehigh.edu/gunn_transcripts/4576.txt,https://pfaffs-web.lib.lehigh.edu/gunn_transcripts/4576.txt
287890,digitalcollections:gunn_4577,https://pfaffs-web.lib.lehigh.edu/gunn_transcripts/4577.txt,https://pfaffs-web.lib.lehigh.edu/gunn_transcripts/4577.txt
287891,digitalcollections:gunn_4578,https://pfaffs-web.lib.lehigh.edu/gunn_transcripts/4578.txt,https://pfaffs-web.lib.lehigh.edu/gunn_transcripts/4578.txt
287892,digitalcollections:gunn_4579,https://pfaffs-web.lib.lehigh.edu/gunn_transcripts/4579.txt,https://pfaffs-web.lib.lehigh.edu/gunn_transcripts/4579.txt
287893,digitalcollections:gunn_4580,https://pfaffs-web.lib.lehigh.edu/gunn_transcripts/4580.txt,https://pfaffs-web.lib.lehigh.edu/gunn_transcripts/4580.txt
287894,digitalcollections:gunn_4618,https://pfaffs-web.lib.lehigh.edu/gunn_transcripts/4618.txt,https://pfaffs-web.lib.lehigh.edu/gunn_transcripts/4618.txt
287895,digitalcollections:gunn_4619,https://pfaffs-web.lib.lehigh.edu/gunn_transcripts/4619.txt,https://pfaffs-web.lib.lehigh.edu/gunn_transcripts/4619.txt
287896,digitalcollections:gunn_4620,https://pfaffs-web.lib.lehigh.edu/gunn_transcripts/4620.txt,https://pfaffs-web.lib.lehigh.edu/gunn_transcripts/4620.txt
287897,digitalcollections:gunn_4621,https://pfaffs-web.lib.lehigh.edu/gunn_transcripts/4621.txt,https://pfaffs-web.lib.lehigh.edu/gunn_transcripts/4621.txt
287898,digitalcollections:gunn_4629,https://pfaffs-web.lib.lehigh.edu/gunn_transcripts/4629.txt,https://pfaffs-web.lib.lehigh.edu/gunn_transcripts/4629.txt
287899,digitalcollections:gunn_4630,https://pfaffs-web.lib.lehigh.edu/gunn_transcripts/4630.txt,https://pfaffs-web.lib.lehigh.edu/gunn_transcripts/4630.txt
287900,digitalcollections:gunn_4631,https://pfaffs-web.lib.lehigh.edu/gunn_transcripts/4631.txt,https://pfaffs-web.lib.lehigh.edu/gunn_transcripts/4631.txt
287901,digitalcollections:gunn_4632,https://pfaffs-web.lib.lehigh.edu/gunn_transcripts/4632.txt,https://pfaffs-web.lib.lehigh.edu/gunn_transcripts/4632.txt
287902,digitalcollections:gunn_4633,https://pfaffs-web.lib.lehigh.edu/gunn_transcripts/4633.txt,https://pfaffs-web.lib.lehigh.edu/gunn_transcripts/4633.txt
287903,digitalcollections:gunn_4634,https://pfaffs-web.lib.lehigh.edu/gunn_transcripts/4634.txt,https://pfaffs-web.lib.lehigh.edu/gunn_transcripts/4634.txt
287904,digitalcollections:gunn_4635,https://pfaffs-web.lib.lehigh.edu/gunn_transcripts/4635.txt,https://pfaffs-web.lib.lehigh.edu/gunn_transcripts/4635.txt
287905,digitalcollections:gunn_4610,https://pfaffs-web.lib.lehigh.edu/gunn_transcripts/4610.txt,https://pfaffs-web.lib.lehigh.edu/gunn_transcripts/4610.txt
287906,digitalcollections:gunn_4611,https://pfaffs-web.lib.lehigh.edu/gunn_transcripts/4611.txt,https://pfaffs-web.lib.lehigh.edu/gunn_transcripts/4611.txt
287907,digitalcollections:gunn_4612,https://pfaffs-web.lib.lehigh.edu/gunn_transcripts/4612.txt,https://pfaffs-web.lib.lehigh.edu/gunn_transcripts/4612.txt
287908,digitalcollections:gunn_4613,https://pfaffs-web.lib.lehigh.edu/gunn_transcripts/4613.txt,https://pfaffs-web.lib.lehigh.edu/gunn_transcripts/4613.txt
287909,digitalcollections:gunn_4614,https://pfaffs-web.lib.lehigh.edu/gunn_transcripts/4614.txt,https://pfaffs-web.lib.lehigh.edu/gunn_transcripts/4614.txt
287910,digitalcollections:gunn_4615,https://pfaffs-web.lib.lehigh.edu/gunn_transcripts/4615.txt,https://pfaffs-web.lib.lehigh.edu/gunn_transcripts/4615.txt
287911,digitalcollections:gunn_4616,https://pfaffs-web.lib.lehigh.edu/gunn_transcripts/4616.txt,https://pfaffs-web.lib.lehigh.edu/gunn_transcripts/4616.txt
287912,digitalcollections:gunn_4617,https://pfaffs-web.lib.lehigh.edu/gunn_transcripts/4617.txt,https://pfaffs-web.lib.lehigh.edu/gunn_transcripts/4617.txt
287913,digitalcollections:gunn_4622,https://pfaffs-web.lib.lehigh.edu/gunn_transcripts/4622.txt,https://pfaffs-web.lib.lehigh.edu/gunn_transcripts/4622.txt
287914,digitalcollections:gunn_4623,https://pfaffs-web.lib.lehigh.edu/gunn_transcripts/4623.txt,https://pfaffs-web.lib.lehigh.edu/gunn_transcripts/4623.txt
287915,digitalcollections:gunn_4624,https://pfaffs-web.lib.lehigh.edu/gunn_transcripts/4624.txt,https://pfaffs-web.lib.lehigh.edu/gunn_transcripts/4624.txt
287916,digitalcollections:gunn_4625,https://pfaffs-web.lib.lehigh.edu/gunn_transcripts/4625.txt,https://pfaffs-web.lib.lehigh.edu/gunn_transcripts/4625.txt
287917,digitalcollections:gunn_4626,https://pfaffs-web.lib.lehigh.edu/gunn_transcripts/4626.txt,https://pfaffs-web.lib.lehigh.edu/gunn_transcripts/4626.txt
287918,digitalcollections:gunn_4627,https://pfaffs-web.lib.lehigh.edu/gunn_transcripts/4627.txt,https://pfaffs-web.lib.lehigh.edu/gunn_transcripts/4627.txt
287919,digitalcollections:gunn_4628,https://pfaffs-web.lib.lehigh.edu/gunn_transcripts/4628.txt,https://pfaffs-web.lib.lehigh.edu/gunn_transcripts/4628.txt
287920,digitalcollections:gunn_4779,https://pfaffs-web.lib.lehigh.edu/gunn_transcripts/4779.txt,https://pfaffs-web.lib.lehigh.edu/gunn_transcripts/4779.txt
287921,digitalcollections:gunn_4780,https://pfaffs-web.lib.lehigh.edu/gunn_transcripts/4780.txt,https://pfaffs-web.lib.lehigh.edu/gunn_transcripts/4780.txt
287922,digitalcollections:gunn_4781,https://pfaffs-web.lib.lehigh.edu/gunn_transcripts/4781.txt,https://pfaffs-web.lib.lehigh.edu/gunn_transcripts/4781.txt
287923,digitalcollections:gunn_4782,https://pfaffs-web.lib.lehigh.edu/gunn_transcripts/4782.txt,https://pfaffs-web.lib.lehigh.edu/gunn_transcripts/4782.txt
287924,digitalcollections:gunn_4783,https://pfaffs-web.lib.lehigh.edu/gunn_transcripts/4783.txt,https://pfaffs-web.lib.lehigh.edu/gunn_transcripts/4783.txt
287925,digitalcollections:gunn_4784,https://pfaffs-web.lib.lehigh.edu/gunn_transcripts/4784.txt,https://pfaffs-web.lib.lehigh.edu/gunn_transcripts/4784.txt
287926,digitalcollections:gunn_4785,https://pfaffs-web.lib.lehigh.edu/gunn_transcripts/4785.txt,https://pfaffs-web.lib.lehigh.edu/gunn_transcripts/4785.txt
287927,digitalcollections:gunn_4786,https://pfaffs-web.lib.lehigh.edu/gunn_transcripts/4786.txt,https://pfaffs-web.lib.lehigh.edu/gunn_transcripts/4786.txt
287928,digitalcollections:gunn_4771,https://pfaffs-web.lib.lehigh.edu/gunn_transcripts/4771.txt,https://pfaffs-web.lib.lehigh.edu/gunn_transcripts/4771.txt
287929,digitalcollections:gunn_4772,https://pfaffs-web.lib.lehigh.edu/gunn_transcripts/4772.txt,https://pfaffs-web.lib.lehigh.edu/gunn_transcripts/4772.txt
287930,digitalcollections:gunn_4773,https://pfaffs-web.lib.lehigh.edu/gunn_transcripts/4773.txt,https://pfaffs-web.lib.lehigh.edu/gunn_transcripts/4773.txt
287931,digitalcollections:gunn_4774,https://pfaffs-web.lib.lehigh.edu/gunn_transcripts/4774.txt,https://pfaffs-web.lib.lehigh.edu/gunn_transcripts/4774.txt
287932,digitalcollections:gunn_4775,https://pfaffs-web.lib.lehigh.edu/gunn_transcripts/4775.txt,https://pfaffs-web.lib.lehigh.edu/gunn_transcripts/4775.txt
287933,digitalcollections:gunn_4776,https://pfaffs-web.lib.lehigh.edu/gunn_transcripts/4776.txt,https://pfaffs-web.lib.lehigh.edu/gunn_transcripts/4776.txt
287934,digitalcollections:gunn_4777,https://pfaffs-web.lib.lehigh.edu/gunn_transcripts/4777.txt,https://pfaffs-web.lib.lehigh.edu/gunn_transcripts/4777.txt
287935,digitalcollections:gunn_4778,https://pfaffs-web.lib.lehigh.edu/gunn_transcripts/4778.txt,https://pfaffs-web.lib.lehigh.edu/gunn_transcripts/4778.txt
287936,digitalcollections:gunn_4794,https://pfaffs-web.lib.lehigh.edu/gunn_transcripts/4794.txt,https://pfaffs-web.lib.lehigh.edu/gunn_transcripts/4794.txt
287937,digitalcollections:gunn_4795,https://pfaffs-web.lib.lehigh.edu/gunn_transcripts/4795.txt,https://pfaffs-web.lib.lehigh.edu/gunn_transcripts/4795.txt
287938,digitalcollections:gunn_4796,https://pfaffs-web.lib.lehigh.edu/gunn_transcripts/4796.txt,https://pfaffs-web.lib.lehigh.edu/gunn_transcripts/4796.txt
287939,digitalcollections:gunn_4797,https://pfaffs-web.lib.lehigh.edu/gunn_transcripts/4797.txt,https://pfaffs-web.lib.lehigh.edu/gunn_transcripts/4797.txt
287940,digitalcollections:gunn_4798,https://pfaffs-web.lib.lehigh.edu/gunn_transcripts/4798.txt,https://pfaffs-web.lib.lehigh.edu/gunn_transcripts/4798.txt
287941,digitalcollections:gunn_4799,https://pfaffs-web.lib.lehigh.edu/gunn_transcripts/4799.txt,https://pfaffs-web.lib.lehigh.edu/gunn_transcripts/4799.txt
287942,digitalcollections:gunn_4800,https://pfaffs-web.lib.lehigh.edu/gunn_transcripts/4800.txt,https://pfaffs-web.lib.lehigh.edu/gunn_transcripts/4800.txt
287943,digitalcollections:gunn_4802,https://pfaffs-web.lib.lehigh.edu/gunn_transcripts/4802.txt,https://pfaffs-web.lib.lehigh.edu/gunn_transcripts/4802.txt
287944,digitalcollections:gunn_4803,https://pfaffs-web.lib.lehigh.edu/gunn_transcripts/4803.txt,https://pfaffs-web.lib.lehigh.edu/gunn_transcripts/4803.txt
287945,digitalcollections:gunn_4804,https://pfaffs-web.lib.lehigh.edu/gunn_transcripts/4804.txt,https://pfaffs-web.lib.lehigh.edu/gunn_transcripts/4804.txt
287946,digitalcollections:gunn_4805,https://pfaffs-web.lib.lehigh.edu/gunn_transcripts/4805.txt,https://pfaffs-web.lib.lehigh.edu/gunn_transcripts/4805.txt
287947,digitalcollections:gunn_4806,https://pfaffs-web.lib.lehigh.edu/gunn_transcripts/4806.txt,https://pfaffs-web.lib.lehigh.edu/gunn_transcripts/4806.txt
287948,digitalcollections:gunn_4807,https://pfaffs-web.lib.lehigh.edu/gunn_transcripts/4807.txt,https://pfaffs-web.lib.lehigh.edu/gunn_transcripts/4807.txt
287949,digitalcollections:gunn_4808,https://pfaffs-web.lib.lehigh.edu/gunn_transcripts/4808.txt,https://pfaffs-web.lib.lehigh.edu/gunn_transcripts/4808.txt
287950,digitalcollections:gunn_4787,https://pfaffs-web.lib.lehigh.edu/gunn_transcripts/4787.txt,https://pfaffs-web.lib.lehigh.edu/gunn_transcripts/4787.txt
287951,digitalcollections:gunn_4788,https://pfaffs-web.lib.lehigh.edu/gunn_transcripts/4788.txt,https://pfaffs-web.lib.lehigh.edu/gunn_transcripts/4788.txt
287952,digitalcollections:gunn_4789,https://pfaffs-web.lib.lehigh.edu/gunn_transcripts/4789.txt,https://pfaffs-web.lib.lehigh.edu/gunn_transcripts/4789.txt
287953,digitalcollections:gunn_4790,https://pfaffs-web.lib.lehigh.edu/gunn_transcripts/4790.txt,https://pfaffs-web.lib.lehigh.edu/gunn_transcripts/4790.txt
287954,digitalcollections:gunn_4791,https://pfaffs-web.lib.lehigh.edu/gunn_transcripts/4791.txt,https://pfaffs-web.lib.lehigh.edu/gunn_transcripts/4791.txt
287955,digitalcollections:gunn_4792,https://pfaffs-web.lib.lehigh.edu/gunn_transcripts/4792.txt,https://pfaffs-web.lib.lehigh.edu/gunn_transcripts/4792.txt
287956,digitalcollections:gunn_4793,https://pfaffs-web.lib.lehigh.edu/gunn_transcripts/4793.txt,https://pfaffs-web.lib.lehigh.edu/gunn_transcripts/4793.txt
287957,digitalcollections:gunn_4758,https://pfaffs-web.lib.lehigh.edu/gunn_transcripts/4758.txt,https://pfaffs-web.lib.lehigh.edu/gunn_transcripts/4758.txt
287958,digitalcollections:gunn_4759,https://pfaffs-web.lib.lehigh.edu/gunn_transcripts/4759.txt,https://pfaffs-web.lib.lehigh.edu/gunn_transcripts/4759.txt
287959,digitalcollections:gunn_4760,https://pfaffs-web.lib.lehigh.edu/gunn_transcripts/4760.txt,https://pfaffs-web.lib.lehigh.edu/gunn_transcripts/4760.txt
287960,digitalcollections:gunn_4761,https://pfaffs-web.lib.lehigh.edu/gunn_transcripts/4761.txt,https://pfaffs-web.lib.lehigh.edu/gunn_transcripts/4761.txt
287961,digitalcollections:gunn_4762,https://pfaffs-web.lib.lehigh.edu/gunn_transcripts/4762.txt,https://pfaffs-web.lib.lehigh.edu/gunn_transcripts/4762.txt
287962,digitalcollections:gunn_4763,https://pfaffs-web.lib.lehigh.edu/gunn_transcripts/4763.txt,https://pfaffs-web.lib.lehigh.edu/gunn_transcripts/4763.txt
287963,digitalcollections:gunn_4765,https://pfaffs-web.lib.lehigh.edu/gunn_transcripts/4765.txt,https://pfaffs-web.lib.lehigh.edu/gunn_transcripts/4765.txt
287964,digitalcollections:gunn_4766,https://pfaffs-web.lib.lehigh.edu/gunn_transcripts/4766.txt,https://pfaffs-web.lib.lehigh.edu/gunn_transcripts/4766.txt
287965,digitalcollections:gunn_4767,https://pfaffs-web.lib.lehigh.edu/gunn_transcripts/4767.txt,https://pfaffs-web.lib.lehigh.edu/gunn_transcripts/4767.txt
287966,digitalcollections:gunn_4768,https://pfaffs-web.lib.lehigh.edu/gunn_transcripts/4768.txt,https://pfaffs-web.lib.lehigh.edu/gunn_transcripts/4768.txt
287967,digitalcollections:gunn_4769,https://pfaffs-web.lib.lehigh.edu/gunn_transcripts/4769.txt,https://pfaffs-web.lib.lehigh.edu/gunn_transcripts/4769.txt
287968,digitalcollections:gunn_4770,https://pfaffs-web.lib.lehigh.edu/gunn_transcripts/4770.txt,https://pfaffs-web.lib.lehigh.edu/gunn_transcripts/4770.txt
287969,digitalcollections:gunn_4801,https://pfaffs-web.lib.lehigh.edu/gunn_transcripts/4801.txt,https://pfaffs-web.lib.lehigh.edu/gunn_transcripts/4801.txt
287970,digitalcollections:gunn_4764,https://pfaffs-web.lib.lehigh.edu/gunn_transcripts/4764.txt,https://pfaffs-web.lib.lehigh.edu/gunn_transcripts/4764.txt
287971,digitalcollections:gunn_4809,https://pfaffs-web.lib.lehigh.edu/gunn_transcripts/4809.txt,https://pfaffs-web.lib.lehigh.edu/gunn_transcripts/4809.txt
287972,digitalcollections:gunn_4810,https://pfaffs-web.lib.lehigh.edu/gunn_transcripts/4810.txt,https://pfaffs-web.lib.lehigh.edu/gunn_transcripts/4810.txt
287973,digitalcollections:gunn_4811,https://pfaffs-web.lib.lehigh.edu/gunn_transcripts/4811.txt,https://pfaffs-web.lib.lehigh.edu/gunn_transcripts/4811.txt
287974,digitalcollections:gunn_4812,https://pfaffs-web.lib.lehigh.edu/gunn_transcripts/4812.txt,https://pfaffs-web.lib.lehigh.edu/gunn_transcripts/4812.txt
287975,digitalcollections:gunn_4813,https://pfaffs-web.lib.lehigh.edu/gunn_transcripts/4813.txt,https://pfaffs-web.lib.lehigh.edu/gunn_transcripts/4813.txt
287976,digitalcollections:gunn_4644,https://pfaffs-web.lib.lehigh.edu/gunn_transcripts/4644.txt,https://pfaffs-web.lib.lehigh.edu/gunn_transcripts/4644.txt
287977,digitalcollections:gunn_4645,https://pfaffs-web.lib.lehigh.edu/gunn_transcripts/4645.txt,https://pfaffs-web.lib.lehigh.edu/gunn_transcripts/4645.txt
287978,digitalcollections:gunn_4646,https://pfaffs-web.lib.lehigh.edu/gunn_transcripts/4646.txt,https://pfaffs-web.lib.lehigh.edu/gunn_transcripts/4646.txt
287979,digitalcollections:gunn_4647,https://pfaffs-web.lib.lehigh.edu/gunn_transcripts/4647.txt,https://pfaffs-web.lib.lehigh.edu/gunn_transcripts/4647.txt
287980,digitalcollections:gunn_4648,https://pfaffs-web.lib.lehigh.edu/gunn_transcripts/4648.txt,https://pfaffs-web.lib.lehigh.edu/gunn_transcripts/4648.txt
287981,digitalcollections:gunn_4649,https://pfaffs-web.lib.lehigh.edu/gunn_transcripts/4649.txt,https://pfaffs-web.lib.lehigh.edu/gunn_transcripts/4649.txt
287982,digitalcollections:gunn_4650,https://pfaffs-web.lib.lehigh.edu/gunn_transcripts/4650.txt,https://pfaffs-web.lib.lehigh.edu/gunn_transcripts/4650.txt
287983,digitalcollections:gunn_4638,https://pfaffs-web.lib.lehigh.edu/gunn_transcripts/4638.txt,https://pfaffs-web.lib.lehigh.edu/gunn_transcripts/4638.txt
287984,digitalcollections:gunn_4639,https://pfaffs-web.lib.lehigh.edu/gunn_transcripts/4639.txt,https://pfaffs-web.lib.lehigh.edu/gunn_transcripts/4639.txt
287985,digitalcollections:gunn_4640,https://pfaffs-web.lib.lehigh.edu/gunn_transcripts/4640.txt,https://pfaffs-web.lib.lehigh.edu/gunn_transcripts/4640.txt
287986,digitalcollections:gunn_4641,https://pfaffs-web.lib.lehigh.edu/gunn_transcripts/4641.txt,https://pfaffs-web.lib.lehigh.edu/gunn_transcripts/4641.txt
287987,digitalcollections:gunn_4642,https://pfaffs-web.lib.lehigh.edu/gunn_transcripts/4642.txt,https://pfaffs-web.lib.lehigh.edu/gunn_transcripts/4642.txt
287988,digitalcollections:gunn_4643,https://pfaffs-web.lib.lehigh.edu/gunn_transcripts/4643.txt,https://pfaffs-web.lib.lehigh.edu/gunn_transcripts/4643.txt
287989,digitalcollections:gunn_4721,https://pfaffs-web.lib.lehigh.edu/gunn_transcripts/4721.txt,https://pfaffs-web.lib.lehigh.edu/gunn_transcripts/4721.txt
287990,digitalcollections:gunn_4722,https://pfaffs-web.lib.lehigh.edu/gunn_transcripts/4722.txt,https://pfaffs-web.lib.lehigh.edu/gunn_transcripts/4722.txt
287991,digitalcollections:gunn_4723,https://pfaffs-web.lib.lehigh.edu/gunn_transcripts/4723.txt,https://pfaffs-web.lib.lehigh.edu/gunn_transcripts/4723.txt
287992,digitalcollections:gunn_4724,https://pfaffs-web.lib.lehigh.edu/gunn_transcripts/4724.txt,https://pfaffs-web.lib.lehigh.edu/gunn_transcripts/4724.txt
287993,digitalcollections:gunn_4725,https://pfaffs-web.lib.lehigh.edu/gunn_transcripts/4725.txt,https://pfaffs-web.lib.lehigh.edu/gunn_transcripts/4725.txt
287994,digitalcollections:gunn_4726,https://pfaffs-web.lib.lehigh.edu/gunn_transcripts/4726.txt,https://pfaffs-web.lib.lehigh.edu/gunn_transcripts/4726.txt
287995,digitalcollections:gunn_4727,https://pfaffs-web.lib.lehigh.edu/gunn_transcripts/4727.txt,https://pfaffs-web.lib.lehigh.edu/gunn_transcripts/4727.txt
287996,digitalcollections:gunn_4728,https://pfaffs-web.lib.lehigh.edu/gunn_transcripts/4728.txt,https://pfaffs-web.lib.lehigh.edu/gunn_transcripts/4728.txt
287997,digitalcollections:gunn_4729,https://pfaffs-web.lib.lehigh.edu/gunn_transcripts/4729.txt,https://pfaffs-web.lib.lehigh.edu/gunn_transcripts/4729.txt
287998,digitalcollections:gunn_4730,https://pfaffs-web.lib.lehigh.edu/gunn_transcripts/4730.txt,https://pfaffs-web.lib.lehigh.edu/gunn_transcripts/4730.txt
287999,digitalcollections:gunn_4731,https://pfaffs-web.lib.lehigh.edu/gunn_transcripts/4731.txt,https://pfaffs-web.lib.lehigh.edu/gunn_transcripts/4731.txt
288000,digitalcollections:gunn_4732,https://pfaffs-web.lib.lehigh.edu/gunn_transcripts/4732.txt,https://pfaffs-web.lib.lehigh.edu/gunn_transcripts/4732.txt
288001,digitalcollections:gunn_4733,https://pfaffs-web.lib.lehigh.edu/gunn_transcripts/4733.txt,https://pfaffs-web.lib.lehigh.edu/gunn_transcripts/4733.txt
288002,digitalcollections:gunn_4734,https://pfaffs-web.lib.lehigh.edu/gunn_transcripts/4734.txt,https://pfaffs-web.lib.lehigh.edu/gunn_transcripts/4734.txt
288003,digitalcollections:gunn_4735,https://pfaffs-web.lib.lehigh.edu/gunn_transcripts/4735.txt,https://pfaffs-web.lib.lehigh.edu/gunn_transcripts/4735.txt
288004,digitalcollections:gunn_4736,https://pfaffs-web.lib.lehigh.edu/gunn_transcripts/4736.txt,https://pfaffs-web.lib.lehigh.edu/gunn_transcripts/4736.txt
288005,digitalcollections:gunn_4737,https://pfaffs-web.lib.lehigh.edu/gunn_transcripts/4737.txt,https://pfaffs-web.lib.lehigh.edu/gunn_transcripts/4737.txt
288006,digitalcollections:gunn_4738,https://pfaffs-web.lib.lehigh.edu/gunn_transcripts/4738.txt,https://pfaffs-web.lib.lehigh.edu/gunn_transcripts/4738.txt
288007,digitalcollections:gunn_4739,https://pfaffs-web.lib.lehigh.edu/gunn_transcripts/4739.txt,https://pfaffs-web.lib.lehigh.edu/gunn_transcripts/4739.txt
288008,digitalcollections:gunn_4740,https://pfaffs-web.lib.lehigh.edu/gunn_transcripts/4740.txt,https://pfaffs-web.lib.lehigh.edu/gunn_transcripts/4740.txt
288009,digitalcollections:gunn_4741,https://pfaffs-web.lib.lehigh.edu/gunn_transcripts/4741.txt,https://pfaffs-web.lib.lehigh.edu/gunn_transcripts/4741.txt
288010,digitalcollections:gunn_4742,https://pfaffs-web.lib.lehigh.edu/gunn_transcripts/4742.txt,https://pfaffs-web.lib.lehigh.edu/gunn_transcripts/4742.txt
288011,digitalcollections:gunn_4743,https://pfaffs-web.lib.lehigh.edu/gunn_transcripts/4743.txt,https://pfaffs-web.lib.lehigh.edu/gunn_transcripts/4743.txt
288012,digitalcollections:gunn_4744,https://pfaffs-web.lib.lehigh.edu/gunn_transcripts/4744.txt,https://pfaffs-web.lib.lehigh.edu/gunn_transcripts/4744.txt
288013,digitalcollections:gunn_4745,https://pfaffs-web.lib.lehigh.edu/gunn_transcripts/4745.txt,https://pfaffs-web.lib.lehigh.edu/gunn_transcripts/4745.txt
288014,digitalcollections:gunn_4746,https://pfaffs-web.lib.lehigh.edu/gunn_transcripts/4746.txt,https://pfaffs-web.lib.lehigh.edu/gunn_transcripts/4746.txt
288015,digitalcollections:gunn_4747,https://pfaffs-web.lib.lehigh.edu/gunn_transcripts/4747.txt,https://pfaffs-web.lib.lehigh.edu/gunn_transcripts/4747.txt
288016,digitalcollections:gunn_4748,https://pfaffs-web.lib.lehigh.edu/gunn_transcripts/4748.txt,https://pfaffs-web.lib.lehigh.edu/gunn_transcripts/4748.txt
288017,digitalcollections:gunn_4749,https://pfaffs-web.lib.lehigh.edu/gunn_transcripts/4749.txt,https://pfaffs-web.lib.lehigh.edu/gunn_transcripts/4749.txt
288018,digitalcollections:gunn_4714,https://pfaffs-web.lib.lehigh.edu/gunn_transcripts/4714.txt,https://pfaffs-web.lib.lehigh.edu/gunn_transcripts/4714.txt
288019,digitalcollections:gunn_4715,https://pfaffs-web.lib.lehigh.edu/gunn_transcripts/4715.txt,https://pfaffs-web.lib.lehigh.edu/gunn_transcripts/4715.txt
288020,digitalcollections:gunn_4716,https://pfaffs-web.lib.lehigh.edu/gunn_transcripts/4716.txt,https://pfaffs-web.lib.lehigh.edu/gunn_transcripts/4716.txt
288021,digitalcollections:gunn_4717,https://pfaffs-web.lib.lehigh.edu/gunn_transcripts/4717.txt,https://pfaffs-web.lib.lehigh.edu/gunn_transcripts/4717.txt
288022,digitalcollections:gunn_4718,https://pfaffs-web.lib.lehigh.edu/gunn_transcripts/4718.txt,https://pfaffs-web.lib.lehigh.edu/gunn_transcripts/4718.txt
288023,digitalcollections:gunn_4719,https://pfaffs-web.lib.lehigh.edu/gunn_transcripts/4719.txt,https://pfaffs-web.lib.lehigh.edu/gunn_transcripts/4719.txt
288024,digitalcollections:gunn_4720,https://pfaffs-web.lib.lehigh.edu/gunn_transcripts/4720.txt,https://pfaffs-web.lib.lehigh.edu/gunn_transcripts/4720.txt
288025,digitalcollections:gunn_4708,https://pfaffs-web.lib.lehigh.edu/gunn_transcripts/4708.txt,https://pfaffs-web.lib.lehigh.edu/gunn_transcripts/4708.txt
288026,digitalcollections:gunn_4709,https://pfaffs-web.lib.lehigh.edu/gunn_transcripts/4709.txt,https://pfaffs-web.lib.lehigh.edu/gunn_transcripts/4709.txt
288027,digitalcollections:gunn_4710,https://pfaffs-web.lib.lehigh.edu/gunn_transcripts/4710.txt,https://pfaffs-web.lib.lehigh.edu/gunn_transcripts/4710.txt
288028,digitalcollections:gunn_4711,https://pfaffs-web.lib.lehigh.edu/gunn_transcripts/4711.txt,https://pfaffs-web.lib.lehigh.edu/gunn_transcripts/4711.txt
288029,digitalcollections:gunn_4712,https://pfaffs-web.lib.lehigh.edu/gunn_transcripts/4712.txt,https://pfaffs-web.lib.lehigh.edu/gunn_transcripts/4712.txt
288030,digitalcollections:gunn_4713,https://pfaffs-web.lib.lehigh.edu/gunn_transcripts/4713.txt,https://pfaffs-web.lib.lehigh.edu/gunn_transcripts/4713.txt
288031,digitalcollections:gunn_4751,https://pfaffs-web.lib.lehigh.edu/gunn_transcripts/4751.txt,https://pfaffs-web.lib.lehigh.edu/gunn_transcripts/4751.txt
288032,digitalcollections:gunn_4752,https://pfaffs-web.lib.lehigh.edu/gunn_transcripts/4752.txt,https://pfaffs-web.lib.lehigh.edu/gunn_transcripts/4752.txt
288033,digitalcollections:gunn_4753,https://pfaffs-web.lib.lehigh.edu/gunn_transcripts/4753.txt,https://pfaffs-web.lib.lehigh.edu/gunn_transcripts/4753.txt
288034,digitalcollections:gunn_4754,https://pfaffs-web.lib.lehigh.edu/gunn_transcripts/4754.txt,https://pfaffs-web.lib.lehigh.edu/gunn_transcripts/4754.txt
288035,digitalcollections:gunn_4755,https://pfaffs-web.lib.lehigh.edu/gunn_transcripts/4755.txt,https://pfaffs-web.lib.lehigh.edu/gunn_transcripts/4755.txt
288036,digitalcollections:gunn_4756,https://pfaffs-web.lib.lehigh.edu/gunn_transcripts/4756.txt,https://pfaffs-web.lib.lehigh.edu/gunn_transcripts/4756.txt
288037,digitalcollections:gunn_4750,https://pfaffs-web.lib.lehigh.edu/gunn_transcripts/4750.txt,https://pfaffs-web.lib.lehigh.edu/gunn_transcripts/4750.txt
288038,digitalcollections:gunn_4757,https://pfaffs-web.lib.lehigh.edu/gunn_transcripts/4757.txt,https://pfaffs-web.lib.lehigh.edu/gunn_transcripts/4757.txt
288039,digitalcollections:gunn_4678,https://pfaffs-web.lib.lehigh.edu/gunn_transcripts/4678.txt,https://pfaffs-web.lib.lehigh.edu/gunn_transcripts/4678.txt
288040,digitalcollections:gunn_4679,https://pfaffs-web.lib.lehigh.edu/gunn_transcripts/4679.txt,https://pfaffs-web.lib.lehigh.edu/gunn_transcripts/4679.txt
288041,digitalcollections:gunn_4680,https://pfaffs-web.lib.lehigh.edu/gunn_transcripts/4680.txt,https://pfaffs-web.lib.lehigh.edu/gunn_transcripts/4680.txt
288042,digitalcollections:gunn_4681,https://pfaffs-web.lib.lehigh.edu/gunn_transcripts/4681.txt,https://pfaffs-web.lib.lehigh.edu/gunn_transcripts/4681.txt
288043,digitalcollections:gunn_4682,https://pfaffs-web.lib.lehigh.edu/gunn_transcripts/4682.txt,https://pfaffs-web.lib.lehigh.edu/gunn_transcripts/4682.txt
288044,digitalcollections:gunn_4683,https://pfaffs-web.lib.lehigh.edu/gunn_transcripts/4683.txt,https://pfaffs-web.lib.lehigh.edu/gunn_transcripts/4683.txt
288045,digitalcollections:gunn_4684,https://pfaffs-web.lib.lehigh.edu/gunn_transcripts/4684.txt,https://pfaffs-web.lib.lehigh.edu/gunn_transcripts/4684.txt
288046,digitalcollections:gunn_4685,https://pfaffs-web.lib.lehigh.edu/gunn_transcripts/4685.txt,https://pfaffs-web.lib.lehigh.edu/gunn_transcripts/4685.txt
288047,digitalcollections:gunn_4671,https://pfaffs-web.lib.lehigh.edu/gunn_transcripts/4671.txt,https://pfaffs-web.lib.lehigh.edu/gunn_transcripts/4671.txt
288048,digitalcollections:gunn_4672,https://pfaffs-web.lib.lehigh.edu/gunn_transcripts/4672.txt,https://pfaffs-web.lib.lehigh.edu/gunn_transcripts/4672.txt
288049,digitalcollections:gunn_4673,https://pfaffs-web.lib.lehigh.edu/gunn_transcripts/4673.txt,https://pfaffs-web.lib.lehigh.edu/gunn_transcripts/4673.txt
288050,digitalcollections:gunn_4674,https://pfaffs-web.lib.lehigh.edu/gunn_transcripts/4674.txt,https://pfaffs-web.lib.lehigh.edu/gunn_transcripts/4674.txt
288051,digitalcollections:gunn_4675,https://pfaffs-web.lib.lehigh.edu/gunn_transcripts/4675.txt,https://pfaffs-web.lib.lehigh.edu/gunn_transcripts/4675.txt
288052,digitalcollections:gunn_4676,https://pfaffs-web.lib.lehigh.edu/gunn_transcripts/4676.txt,https://pfaffs-web.lib.lehigh.edu/gunn_transcripts/4676.txt
288053,digitalcollections:gunn_4677,https://pfaffs-web.lib.lehigh.edu/gunn_transcripts/4677.txt,https://pfaffs-web.lib.lehigh.edu/gunn_transcripts/4677.txt
288054,digitalcollections:gunn_4657,https://pfaffs-web.lib.lehigh.edu/gunn_transcripts/4657.txt,https://pfaffs-web.lib.lehigh.edu/gunn_transcripts/4657.txt
288055,digitalcollections:gunn_4658,https://pfaffs-web.lib.lehigh.edu/gunn_transcripts/4658.txt,https://pfaffs-web.lib.lehigh.edu/gunn_transcripts/4658.txt
288056,digitalcollections:gunn_4659,https://pfaffs-web.lib.lehigh.edu/gunn_transcripts/4659.txt,https://pfaffs-web.lib.lehigh.edu/gunn_transcripts/4659.txt
288057,digitalcollections:gunn_4660,https://pfaffs-web.lib.lehigh.edu/gunn_transcripts/4660.txt,https://pfaffs-web.lib.lehigh.edu/gunn_transcripts/4660.txt
288058,digitalcollections:gunn_4661,https://pfaffs-web.lib.lehigh.edu/gunn_transcripts/4661.txt,https://pfaffs-web.lib.lehigh.edu/gunn_transcripts/4661.txt
288059,digitalcollections:gunn_4662,https://pfaffs-web.lib.lehigh.edu/gunn_transcripts/4662.txt,https://pfaffs-web.lib.lehigh.edu/gunn_transcripts/4662.txt
288060,digitalcollections:gunn_4663,https://pfaffs-web.lib.lehigh.edu/gunn_transcripts/4663.txt,https://pfaffs-web.lib.lehigh.edu/gunn_transcripts/4663.txt
288061,digitalcollections:gunn_4664,https://pfaffs-web.lib.lehigh.edu/gunn_transcripts/4664.txt,https://pfaffs-web.lib.lehigh.edu/gunn_transcripts/4664.txt
288062,digitalcollections:gunn_4665,https://pfaffs-web.lib.lehigh.edu/gunn_transcripts/4665.txt,https://pfaffs-web.lib.lehigh.edu/gunn_transcripts/4665.txt
288063,digitalcollections:gunn_4666,https://pfaffs-web.lib.lehigh.edu/gunn_transcripts/4666.txt,https://pfaffs-web.lib.lehigh.edu/gunn_transcripts/4666.txt
288064,digitalcollections:gunn_4667,https://pfaffs-web.lib.lehigh.edu/gunn_transcripts/4667.txt,https://pfaffs-web.lib.lehigh.edu/gunn_transcripts/4667.txt
288065,digitalcollections:gunn_4668,https://pfaffs-web.lib.lehigh.edu/gunn_transcripts/4668.txt,https://pfaffs-web.lib.lehigh.edu/gunn_transcripts/4668.txt
288066,digitalcollections:gunn_4669,https://pfaffs-web.lib.lehigh.edu/gunn_transcripts/4669.txt,https://pfaffs-web.lib.lehigh.edu/gunn_transcripts/4669.txt
288067,digitalcollections:gunn_4670,https://pfaffs-web.lib.lehigh.edu/gunn_transcripts/4670.txt,https://pfaffs-web.lib.lehigh.edu/gunn_transcripts/4670.txt
288068,digitalcollections:gunn_4693,https://pfaffs-web.lib.lehigh.edu/gunn_transcripts/4693.txt,https://pfaffs-web.lib.lehigh.edu/gunn_transcripts/4693.txt
288069,digitalcollections:gunn_4694,https://pfaffs-web.lib.lehigh.edu/gunn_transcripts/4694.txt,https://pfaffs-web.lib.lehigh.edu/gunn_transcripts/4694.txt
288070,digitalcollections:gunn_4695,https://pfaffs-web.lib.lehigh.edu/gunn_transcripts/4695.txt,https://pfaffs-web.lib.lehigh.edu/gunn_transcripts/4695.txt
288071,digitalcollections:gunn_4696,https://pfaffs-web.lib.lehigh.edu/gunn_transcripts/4696.txt,https://pfaffs-web.lib.lehigh.edu/gunn_transcripts/4696.txt
288072,digitalcollections:gunn_4697,https://pfaffs-web.lib.lehigh.edu/gunn_transcripts/4697.txt,https://pfaffs-web.lib.lehigh.edu/gunn_transcripts/4697.txt
288073,digitalcollections:gunn_4698,https://pfaffs-web.lib.lehigh.edu/gunn_transcripts/4698.txt,https://pfaffs-web.lib.lehigh.edu/gunn_transcripts/4698.txt
288074,digitalcollections:gunn_4699,https://pfaffs-web.lib.lehigh.edu/gunn_transcripts/4699.txt,https://pfaffs-web.lib.lehigh.edu/gunn_transcripts/4699.txt
288075,digitalcollections:gunn_4686,https://pfaffs-web.lib.lehigh.edu/gunn_transcripts/4686.txt,https://pfaffs-web.lib.lehigh.edu/gunn_transcripts/4686.txt
288076,digitalcollections:gunn_4687,https://pfaffs-web.lib.lehigh.edu/gunn_transcripts/4687.txt,https://pfaffs-web.lib.lehigh.edu/gunn_transcripts/4687.txt
288077,digitalcollections:gunn_4688,https://pfaffs-web.lib.lehigh.edu/gunn_transcripts/4688.txt,https://pfaffs-web.lib.lehigh.edu/gunn_transcripts/4688.txt
288078,digitalcollections:gunn_4689,https://pfaffs-web.lib.lehigh.edu/gunn_transcripts/4689.txt,https://pfaffs-web.lib.lehigh.edu/gunn_transcripts/4689.txt
288079,digitalcollections:gunn_4690,https://pfaffs-web.lib.lehigh.edu/gunn_transcripts/4690.txt,https://pfaffs-web.lib.lehigh.edu/gunn_transcripts/4690.txt
288080,digitalcollections:gunn_4691,https://pfaffs-web.lib.lehigh.edu/gunn_transcripts/4691.txt,https://pfaffs-web.lib.lehigh.edu/gunn_transcripts/4691.txt
288081,digitalcollections:gunn_4692,https://pfaffs-web.lib.lehigh.edu/gunn_transcripts/4692.txt,https://pfaffs-web.lib.lehigh.edu/gunn_transcripts/4692.txt
288082,digitalcollections:gunn_4700,https://pfaffs-web.lib.lehigh.edu/gunn_transcripts/4700.txt,https://pfaffs-web.lib.lehigh.edu/gunn_transcripts/4700.txt
288083,digitalcollections:gunn_4701,https://pfaffs-web.lib.lehigh.edu/gunn_transcripts/4701.txt,https://pfaffs-web.lib.lehigh.edu/gunn_transcripts/4701.txt
288084,digitalcollections:gunn_4702,https://pfaffs-web.lib.lehigh.edu/gunn_transcripts/4702.txt,https://pfaffs-web.lib.lehigh.edu/gunn_transcripts/4702.txt
288085,digitalcollections:gunn_4703,https://pfaffs-web.lib.lehigh.edu/gunn_transcripts/4703.txt,https://pfaffs-web.lib.lehigh.edu/gunn_transcripts/4703.txt
288086,digitalcollections:gunn_4704,https://pfaffs-web.lib.lehigh.edu/gunn_transcripts/4704.txt,https://pfaffs-web.lib.lehigh.edu/gunn_transcripts/4704.txt
288087,digitalcollections:gunn_4705,https://pfaffs-web.lib.lehigh.edu/gunn_transcripts/4705.txt,https://pfaffs-web.lib.lehigh.edu/gunn_transcripts/4705.txt
288088,digitalcollections:gunn_4706,https://pfaffs-web.lib.lehigh.edu/gunn_transcripts/4706.txt,https://pfaffs-web.lib.lehigh.edu/gunn_transcripts/4706.txt
288089,digitalcollections:gunn_4651,https://pfaffs-web.lib.lehigh.edu/gunn_transcripts/4651.txt,https://pfaffs-web.lib.lehigh.edu/gunn_transcripts/4651.txt
288090,digitalcollections:gunn_4652,https://pfaffs-web.lib.lehigh.edu/gunn_transcripts/4652.txt,https://pfaffs-web.lib.lehigh.edu/gunn_transcripts/4652.txt
288091,digitalcollections:gunn_4653,https://pfaffs-web.lib.lehigh.edu/gunn_transcripts/4653.txt,https://pfaffs-web.lib.lehigh.edu/gunn_transcripts/4653.txt
288092,digitalcollections:gunn_4654,https://pfaffs-web.lib.lehigh.edu/gunn_transcripts/4654.txt,https://pfaffs-web.lib.lehigh.edu/gunn_transcripts/4654.txt
288093,digitalcollections:gunn_4655,https://pfaffs-web.lib.lehigh.edu/gunn_transcripts/4655.txt,https://pfaffs-web.lib.lehigh.edu/gunn_transcripts/4655.txt
288094,digitalcollections:gunn_4656,https://pfaffs-web.lib.lehigh.edu/gunn_transcripts/4656.txt,https://pfaffs-web.lib.lehigh.edu/gunn_transcripts/4656.txt
288095,digitalcollections:gunn_4707,https://pfaffs-web.lib.lehigh.edu/gunn_transcripts/4707.txt,https://pfaffs-web.lib.lehigh.edu/gunn_transcripts/4707.txt
288096,digitalcollections:gunn_4860,https://pfaffs-web.lib.lehigh.edu/gunn_transcripts/4860.txt,https://pfaffs-web.lib.lehigh.edu/gunn_transcripts/4860.txt
288097,digitalcollections:gunn_4852,https://pfaffs-web.lib.lehigh.edu/gunn_transcripts/4852.txt,https://pfaffs-web.lib.lehigh.edu/gunn_transcripts/4852.txt
288098,digitalcollections:gunn_4853,https://pfaffs-web.lib.lehigh.edu/gunn_transcripts/4853.txt,https://pfaffs-web.lib.lehigh.edu/gunn_transcripts/4853.txt
288099,digitalcollections:gunn_4854,https://pfaffs-web.lib.lehigh.edu/gunn_transcripts/4854.txt,https://pfaffs-web.lib.lehigh.edu/gunn_transcripts/4854.txt
288100,digitalcollections:gunn_4855,https://pfaffs-web.lib.lehigh.edu/gunn_transcripts/4855.txt,https://pfaffs-web.lib.lehigh.edu/gunn_transcripts/4855.txt
288101,digitalcollections:gunn_4856,https://pfaffs-web.lib.lehigh.edu/gunn_transcripts/4856.txt,https://pfaffs-web.lib.lehigh.edu/gunn_transcripts/4856.txt
288102,digitalcollections:gunn_4857,https://pfaffs-web.lib.lehigh.edu/gunn_transcripts/4857.txt,https://pfaffs-web.lib.lehigh.edu/gunn_transcripts/4857.txt
288103,digitalcollections:gunn_4858,https://pfaffs-web.lib.lehigh.edu/gunn_transcripts/4858.txt,https://pfaffs-web.lib.lehigh.edu/gunn_transcripts/4858.txt
288104,digitalcollections:gunn_4859,https://pfaffs-web.lib.lehigh.edu/gunn_transcripts/4859.txt,https://pfaffs-web.lib.lehigh.edu/gunn_transcripts/4859.txt
288105,digitalcollections:gunn_4836,https://pfaffs-web.lib.lehigh.edu/gunn_transcripts/4836.txt,https://pfaffs-web.lib.lehigh.edu/gunn_transcripts/4836.txt
288106,digitalcollections:gunn_4837,https://pfaffs-web.lib.lehigh.edu/gunn_transcripts/4837.txt,https://pfaffs-web.lib.lehigh.edu/gunn_transcripts/4837.txt
288107,digitalcollections:gunn_4838,https://pfaffs-web.lib.lehigh.edu/gunn_transcripts/4838.txt,https://pfaffs-web.lib.lehigh.edu/gunn_transcripts/4838.txt
288108,digitalcollections:gunn_4839,https://pfaffs-web.lib.lehigh.edu/gunn_transcripts/4839.txt,https://pfaffs-web.lib.lehigh.edu/gunn_transcripts/4839.txt
288109,digitalcollections:gunn_4840,https://pfaffs-web.lib.lehigh.edu/gunn_transcripts/4840.txt,https://pfaffs-web.lib.lehigh.edu/gunn_transcripts/4840.txt
288110,digitalcollections:gunn_4841,https://pfaffs-web.lib.lehigh.edu/gunn_transcripts/4841.txt,https://pfaffs-web.lib.lehigh.edu/gunn_transcripts/4841.txt
288111,digitalcollections:gunn_4842,https://pfaffs-web.lib.lehigh.edu/gunn_transcripts/4842.txt,https://pfaffs-web.lib.lehigh.edu/gunn_transcripts/4842.txt
288112,digitalcollections:gunn_4843,https://pfaffs-web.lib.lehigh.edu/gunn_transcripts/4843.txt,https://pfaffs-web.lib.lehigh.edu/gunn_transcripts/4843.txt
288113,digitalcollections:gunn_4814,https://pfaffs-web.lib.lehigh.edu/gunn_transcripts/4814.txt,https://pfaffs-web.lib.lehigh.edu/gunn_transcripts/4814.txt
288114,digitalcollections:gunn_4815,https://pfaffs-web.lib.lehigh.edu/gunn_transcripts/4815.txt,https://pfaffs-web.lib.lehigh.edu/gunn_transcripts/4815.txt
288115,digitalcollections:gunn_4816,https://pfaffs-web.lib.lehigh.edu/gunn_transcripts/4816.txt,https://pfaffs-web.lib.lehigh.edu/gunn_transcripts/4816.txt
288116,digitalcollections:gunn_4817,https://pfaffs-web.lib.lehigh.edu/gunn_transcripts/4817.txt,https://pfaffs-web.lib.lehigh.edu/gunn_transcripts/4817.txt
288117,digitalcollections:gunn_4818,https://pfaffs-web.lib.lehigh.edu/gunn_transcripts/4818.txt,https://pfaffs-web.lib.lehigh.edu/gunn_transcripts/4818.txt
288118,digitalcollections:gunn_4819,https://pfaffs-web.lib.lehigh.edu/gunn_transcripts/4819.txt,https://pfaffs-web.lib.lehigh.edu/gunn_transcripts/4819.txt
288119,digitalcollections:gunn_4820,https://pfaffs-web.lib.lehigh.edu/gunn_transcripts/4820.txt,https://pfaffs-web.lib.lehigh.edu/gunn_transcripts/4820.txt
288120,digitalcollections:gunn_4821,https://pfaffs-web.lib.lehigh.edu/gunn_transcripts/4821.txt,https://pfaffs-web.lib.lehigh.edu/gunn_transcripts/4821.txt
288121,digitalcollections:gunn_4844,https://pfaffs-web.lib.lehigh.edu/gunn_transcripts/4844.txt,https://pfaffs-web.lib.lehigh.edu/gunn_transcripts/4844.txt
288122,digitalcollections:gunn_4845,https://pfaffs-web.lib.lehigh.edu/gunn_transcripts/4845.txt,https://pfaffs-web.lib.lehigh.edu/gunn_transcripts/4845.txt
288123,digitalcollections:gunn_4846,https://pfaffs-web.lib.lehigh.edu/gunn_transcripts/4846.txt,https://pfaffs-web.lib.lehigh.edu/gunn_transcripts/4846.txt
288124,digitalcollections:gunn_4847,https://pfaffs-web.lib.lehigh.edu/gunn_transcripts/4847.txt,https://pfaffs-web.lib.lehigh.edu/gunn_transcripts/4847.txt
288125,digitalcollections:gunn_4848,https://pfaffs-web.lib.lehigh.edu/gunn_transcripts/4848.txt,https://pfaffs-web.lib.lehigh.edu/gunn_transcripts/4848.txt
288126,digitalcollections:gunn_4849,https://pfaffs-web.lib.lehigh.edu/gunn_transcripts/4849.txt,https://pfaffs-web.lib.lehigh.edu/gunn_transcripts/4849.txt
288127,digitalcollections:gunn_4850,https://pfaffs-web.lib.lehigh.edu/gunn_transcripts/4850.txt,https://pfaffs-web.lib.lehigh.edu/gunn_transcripts/4850.txt
288128,digitalcollections:gunn_4851,https://pfaffs-web.lib.lehigh.edu/gunn_transcripts/4851.txt,https://pfaffs-web.lib.lehigh.edu/gunn_transcripts/4851.txt
288129,digitalcollections:gunn_4828,https://pfaffs-web.lib.lehigh.edu/gunn_transcripts/4828.txt,https://pfaffs-web.lib.lehigh.edu/gunn_transcripts/4828.txt
288130,digitalcollections:gunn_4829,https://pfaffs-web.lib.lehigh.edu/gunn_transcripts/4829.txt,https://pfaffs-web.lib.lehigh.edu/gunn_transcripts/4829.txt
288131,digitalcollections:gunn_4830,https://pfaffs-web.lib.lehigh.edu/gunn_transcripts/4830.txt,https://pfaffs-web.lib.lehigh.edu/gunn_transcripts/4830.txt
288132,digitalcollections:gunn_4831,https://pfaffs-web.lib.lehigh.edu/gunn_transcripts/4831.txt,https://pfaffs-web.lib.lehigh.edu/gunn_transcripts/4831.txt
288133,digitalcollections:gunn_4832,https://pfaffs-web.lib.lehigh.edu/gunn_transcripts/4832.txt,https://pfaffs-web.lib.lehigh.edu/gunn_transcripts/4832.txt
288134,digitalcollections:gunn_4833,https://pfaffs-web.lib.lehigh.edu/gunn_transcripts/4833.txt,https://pfaffs-web.lib.lehigh.edu/gunn_transcripts/4833.txt
288135,digitalcollections:gunn_4834,https://pfaffs-web.lib.lehigh.edu/gunn_transcripts/4834.txt,https://pfaffs-web.lib.lehigh.edu/gunn_transcripts/4834.txt
288136,digitalcollections:gunn_4835,https://pfaffs-web.lib.lehigh.edu/gunn_transcripts/4835.txt,https://pfaffs-web.lib.lehigh.edu/gunn_transcripts/4835.txt
288137,digitalcollections:gunn_4822,https://pfaffs-web.lib.lehigh.edu/gunn_transcripts/4822.txt,https://pfaffs-web.lib.lehigh.edu/gunn_transcripts/4822.txt
288138,digitalcollections:gunn_4823,https://pfaffs-web.lib.lehigh.edu/gunn_transcripts/4823.txt,https://pfaffs-web.lib.lehigh.edu/gunn_transcripts/4823.txt
288139,digitalcollections:gunn_4824,https://pfaffs-web.lib.lehigh.edu/gunn_transcripts/4824.txt,https://pfaffs-web.lib.lehigh.edu/gunn_transcripts/4824.txt
288140,digitalcollections:gunn_4825,https://pfaffs-web.lib.lehigh.edu/gunn_transcripts/4825.txt,https://pfaffs-web.lib.lehigh.edu/gunn_transcripts/4825.txt
288141,digitalcollections:gunn_4826,https://pfaffs-web.lib.lehigh.edu/gunn_transcripts/4826.txt,https://pfaffs-web.lib.lehigh.edu/gunn_transcripts/4826.txt
288142,digitalcollections:gunn_4827,https://pfaffs-web.lib.lehigh.edu/gunn_transcripts/4827.txt,https://pfaffs-web.lib.lehigh.edu/gunn_transcripts/4827.txt
288143,digitalcollections:gunn_2900,https://pfaffs-web.lib.lehigh.edu/gunn_transcripts/2900.txt,https://pfaffs-web.lib.lehigh.edu/gunn_transcripts/2900.txt
288144,digitalcollections:gunn_2901,https://pfaffs-web.lib.lehigh.edu/gunn_transcripts/2901.txt,https://pfaffs-web.lib.lehigh.edu/gunn_transcripts/2901.txt
288145,digitalcollections:gunn_2902,https://pfaffs-web.lib.lehigh.edu/gunn_transcripts/2902.txt,https://pfaffs-web.lib.lehigh.edu/gunn_transcripts/2902.txt
288146,digitalcollections:gunn_2903,https://pfaffs-web.lib.lehigh.edu/gunn_transcripts/2903.txt,https://pfaffs-web.lib.lehigh.edu/gunn_transcripts/2903.txt
288147,digitalcollections:gunn_2904,https://pfaffs-web.lib.lehigh.edu/gunn_transcripts/2904.txt,https://pfaffs-web.lib.lehigh.edu/gunn_transcripts/2904.txt
288148,digitalcollections:gunn_2905,https://pfaffs-web.lib.lehigh.edu/gunn_transcripts/2905.txt,https://pfaffs-web.lib.lehigh.edu/gunn_transcripts/2905.txt
288149,digitalcollections:gunn_2906,https://pfaffs-web.lib.lehigh.edu/gunn_transcripts/2906.txt,https://pfaffs-web.lib.lehigh.edu/gunn_transcripts/2906.txt
288150,digitalcollections:gunn_2907,https://pfaffs-web.lib.lehigh.edu/gunn_transcripts/2907.txt,https://pfaffs-web.lib.lehigh.edu/gunn_transcripts/2907.txt
288151,digitalcollections:gunn_3040,https://pfaffs-web.lib.lehigh.edu/gunn_transcripts/3040.txt,https://pfaffs-web.lib.lehigh.edu/gunn_transcripts/3040.txt
288152,digitalcollections:gunn_3041,https://pfaffs-web.lib.lehigh.edu/gunn_transcripts/3041.txt,https://pfaffs-web.lib.lehigh.edu/gunn_transcripts/3041.txt
288153,digitalcollections:gunn_3042,https://pfaffs-web.lib.lehigh.edu/gunn_transcripts/3042.txt,https://pfaffs-web.lib.lehigh.edu/gunn_transcripts/3042.txt
288154,digitalcollections:gunn_3043,https://pfaffs-web.lib.lehigh.edu/gunn_transcripts/3043.txt,https://pfaffs-web.lib.lehigh.edu/gunn_transcripts/3043.txt
288155,digitalcollections:gunn_3044,https://pfaffs-web.lib.lehigh.edu/gunn_transcripts/3044.txt,https://pfaffs-web.lib.lehigh.edu/gunn_transcripts/3044.txt
288156,digitalcollections:gunn_3045,https://pfaffs-web.lib.lehigh.edu/gunn_transcripts/3045.txt,https://pfaffs-web.lib.lehigh.edu/gunn_transcripts/3045.txt
288157,digitalcollections:gunn_3046,https://pfaffs-web.lib.lehigh.edu/gunn_transcripts/3046.txt,https://pfaffs-web.lib.lehigh.edu/gunn_transcripts/3046.txt
288158,digitalcollections:gunn_3047,https://pfaffs-web.lib.lehigh.edu/gunn_transcripts/3047.txt,https://pfaffs-web.lib.lehigh.edu/gunn_transcripts/3047.txt
288159,digitalcollections:gunn_2908,https://pfaffs-web.lib.lehigh.edu/gunn_transcripts/2908.txt,https://pfaffs-web.lib.lehigh.edu/gunn_transcripts/2908.txt
288160,digitalcollections:gunn_2909,https://pfaffs-web.lib.lehigh.edu/gunn_transcripts/2909.txt,https://pfaffs-web.lib.lehigh.edu/gunn_transcripts/2909.txt
288161,digitalcollections:gunn_2910,https://pfaffs-web.lib.lehigh.edu/gunn_transcripts/2910.txt,https://pfaffs-web.lib.lehigh.edu/gunn_transcripts/2910.txt
288162,digitalcollections:gunn_2911,https://pfaffs-web.lib.lehigh.edu/gunn_transcripts/2911.txt,https://pfaffs-web.lib.lehigh.edu/gunn_transcripts/2911.txt
288163,digitalcollections:gunn_2912,https://pfaffs-web.lib.lehigh.edu/gunn_transcripts/2912.txt,https://pfaffs-web.lib.lehigh.edu/gunn_transcripts/2912.txt
288164,digitalcollections:gunn_2913,https://pfaffs-web.lib.lehigh.edu/gunn_transcripts/2913.txt,https://pfaffs-web.lib.lehigh.edu/gunn_transcripts/2913.txt
288165,digitalcollections:gunn_2914,https://pfaffs-web.lib.lehigh.edu/gunn_transcripts/2914.txt,https://pfaffs-web.lib.lehigh.edu/gunn_transcripts/2914.txt
288166,digitalcollections:gunn_2915,https://pfaffs-web.lib.lehigh.edu/gunn_transcripts/2915.txt,https://pfaffs-web.lib.lehigh.edu/gunn_transcripts/2915.txt
288167,digitalcollections:gunn_3048,https://pfaffs-web.lib.lehigh.edu/gunn_transcripts/3048.txt,https://pfaffs-web.lib.lehigh.edu/gunn_transcripts/3048.txt
288168,digitalcollections:gunn_3049,https://pfaffs-web.lib.lehigh.edu/gunn_transcripts/3049.txt,https://pfaffs-web.lib.lehigh.edu/gunn_transcripts/3049.txt
288169,digitalcollections:gunn_3050,https://pfaffs-web.lib.lehigh.edu/gunn_transcripts/3050.txt,https://pfaffs-web.lib.lehigh.edu/gunn_transcripts/3050.txt
288170,digitalcollections:gunn_3051,https://pfaffs-web.lib.lehigh.edu/gunn_transcripts/3051.txt,https://pfaffs-web.lib.lehigh.edu/gunn_transcripts/3051.txt
288171,digitalcollections:gunn_3052,https://pfaffs-web.lib.lehigh.edu/gunn_transcripts/3052.txt,https://pfaffs-web.lib.lehigh.edu/gunn_transcripts/3052.txt
288172,digitalcollections:gunn_3053,https://pfaffs-web.lib.lehigh.edu/gunn_transcripts/3053.txt,https://pfaffs-web.lib.lehigh.edu/gunn_transcripts/3053.txt
288173,digitalcollections:gunn_3054,https://pfaffs-web.lib.lehigh.edu/gunn_transcripts/3054.txt,https://pfaffs-web.lib.lehigh.edu/gunn_transcripts/3054.txt
288174,digitalcollections:gunn_3055,https://pfaffs-web.lib.lehigh.edu/gunn_transcripts/3055.txt,https://pfaffs-web.lib.lehigh.edu/gunn_transcripts/3055.txt
288175,digitalcollections:gunn_3095,https://pfaffs-web.lib.lehigh.edu/gunn_transcripts/3095.txt,https://pfaffs-web.lib.lehigh.edu/gunn_transcripts/3095.txt
288176,digitalcollections:gunn_3096,https://pfaffs-web.lib.lehigh.edu/gunn_transcripts/3096.txt,https://pfaffs-web.lib.lehigh.edu/gunn_transcripts/3096.txt
288177,digitalcollections:gunn_3097,https://pfaffs-web.lib.lehigh.edu/gunn_transcripts/3097.txt,https://pfaffs-web.lib.lehigh.edu/gunn_transcripts/3097.txt
288178,digitalcollections:gunn_3098,https://pfaffs-web.lib.lehigh.edu/gunn_transcripts/3098.txt,https://pfaffs-web.lib.lehigh.edu/gunn_transcripts/3098.txt
288179,digitalcollections:gunn_3099,https://pfaffs-web.lib.lehigh.edu/gunn_transcripts/3099.txt,https://pfaffs-web.lib.lehigh.edu/gunn_transcripts/3099.txt
288180,digitalcollections:gunn_3100,https://pfaffs-web.lib.lehigh.edu/gunn_transcripts/3100.txt,https://pfaffs-web.lib.lehigh.edu/gunn_transcripts/3100.txt
288181,digitalcollections:gunn_3101,https://pfaffs-web.lib.lehigh.edu/gunn_transcripts/3101.txt,https://pfaffs-web.lib.lehigh.edu/gunn_transcripts/3101.txt
288182,digitalcollections:gunn_3056,https://pfaffs-web.lib.lehigh.edu/gunn_transcripts/3056.txt,https://pfaffs-web.lib.lehigh.edu/gunn_transcripts/3056.txt
288183,digitalcollections:gunn_3057,https://pfaffs-web.lib.lehigh.edu/gunn_transcripts/3057.txt,https://pfaffs-web.lib.lehigh.edu/gunn_transcripts/3057.txt
288184,digitalcollections:gunn_3058,https://pfaffs-web.lib.lehigh.edu/gunn_transcripts/3058.txt,https://pfaffs-web.lib.lehigh.edu/gunn_transcripts/3058.txt
288185,digitalcollections:gunn_3059,https://pfaffs-web.lib.lehigh.edu/gunn_transcripts/3059.txt,https://pfaffs-web.lib.lehigh.edu/gunn_transcripts/3059.txt
288186,digitalcollections:gunn_3060,https://pfaffs-web.lib.lehigh.edu/gunn_transcripts/3060.txt,https://pfaffs-web.lib.lehigh.edu/gunn_transcripts/3060.txt
288187,digitalcollections:gunn_3061,https://pfaffs-web.lib.lehigh.edu/gunn_transcripts/3061.txt,https://pfaffs-web.lib.lehigh.edu/gunn_transcripts/3061.txt
288188,digitalcollections:gunn_3062,https://pfaffs-web.lib.lehigh.edu/gunn_transcripts/3062.txt,https://pfaffs-web.lib.lehigh.edu/gunn_transcripts/3062.txt
288189,digitalcollections:gunn_3063,https://pfaffs-web.lib.lehigh.edu/gunn_transcripts/3063.txt,https://pfaffs-web.lib.lehigh.edu/gunn_transcripts/3063.txt
288190,digitalcollections:gunn_3079,https://pfaffs-web.lib.lehigh.edu/gunn_transcripts/3079.txt,https://pfaffs-web.lib.lehigh.edu/gunn_transcripts/3079.txt
288191,digitalcollections:gunn_3080,https://pfaffs-web.lib.lehigh.edu/gunn_transcripts/3080.txt,https://pfaffs-web.lib.lehigh.edu/gunn_transcripts/3080.txt
288192,digitalcollections:gunn_3081,https://pfaffs-web.lib.lehigh.edu/gunn_transcripts/3081.txt,https://pfaffs-web.lib.lehigh.edu/gunn_transcripts/3081.txt
288193,digitalcollections:gunn_3082,https://pfaffs-web.lib.lehigh.edu/gunn_transcripts/3082.txt,https://pfaffs-web.lib.lehigh.edu/gunn_transcripts/3082.txt
288194,digitalcollections:gunn_3083,https://pfaffs-web.lib.lehigh.edu/gunn_transcripts/3083.txt,https://pfaffs-web.lib.lehigh.edu/gunn_transcripts/3083.txt
288195,digitalcollections:gunn_3084,https://pfaffs-web.lib.lehigh.edu/gunn_transcripts/3084.txt,https://pfaffs-web.lib.lehigh.edu/gunn_transcripts/3084.txt
288196,digitalcollections:gunn_3085,https://pfaffs-web.lib.lehigh.edu/gunn_transcripts/3085.txt,https://pfaffs-web.lib.lehigh.edu/gunn_transcripts/3085.txt
288197,digitalcollections:gunn_3086,https://pfaffs-web.lib.lehigh.edu/gunn_transcripts/3086.txt,https://pfaffs-web.lib.lehigh.edu/gunn_transcripts/3086.txt
288198,digitalcollections:gunn_3087,https://pfaffs-web.lib.lehigh.edu/gunn_transcripts/3087.txt,https://pfaffs-web.lib.lehigh.edu/gunn_transcripts/3087.txt
288199,digitalcollections:gunn_3088,https://pfaffs-web.lib.lehigh.edu/gunn_transcripts/3088.txt,https://pfaffs-web.lib.lehigh.edu/gunn_transcripts/3088.txt
288200,digitalcollections:gunn_3089,https://pfaffs-web.lib.lehigh.edu/gunn_transcripts/3089.txt,https://pfaffs-web.lib.lehigh.edu/gunn_transcripts/3089.txt
288201,digitalcollections:gunn_3090,https://pfaffs-web.lib.lehigh.edu/gunn_transcripts/3090.txt,https://pfaffs-web.lib.lehigh.edu/gunn_transcripts/3090.txt
288202,digitalcollections:gunn_3091,https://pfaffs-web.lib.lehigh.edu/gunn_transcripts/3091.txt,https://pfaffs-web.lib.lehigh.edu/gunn_transcripts/3091.txt
288203,digitalcollections:gunn_3092,https://pfaffs-web.lib.lehigh.edu/gunn_transcripts/3092.txt,https://pfaffs-web.lib.lehigh.edu/gunn_transcripts/3092.txt
288204,digitalcollections:gunn_3093,https://pfaffs-web.lib.lehigh.edu/gunn_transcripts/3093.txt,https://pfaffs-web.lib.lehigh.edu/gunn_transcripts/3093.txt
288205,digitalcollections:gunn_3094,https://pfaffs-web.lib.lehigh.edu/gunn_transcripts/3094.txt,https://pfaffs-web.lib.lehigh.edu/gunn_transcripts/3094.txt
288206,digitalcollections:gunn_3071,https://pfaffs-web.lib.lehigh.edu/gunn_transcripts/3071.txt,https://pfaffs-web.lib.lehigh.edu/gunn_transcripts/3071.txt
288207,digitalcollections:gunn_3072,https://pfaffs-web.lib.lehigh.edu/gunn_transcripts/3072.txt,https://pfaffs-web.lib.lehigh.edu/gunn_transcripts/3072.txt
288208,digitalcollections:gunn_3073,https://pfaffs-web.lib.lehigh.edu/gunn_transcripts/3073.txt,https://pfaffs-web.lib.lehigh.edu/gunn_transcripts/3073.txt
288209,digitalcollections:gunn_3074,https://pfaffs-web.lib.lehigh.edu/gunn_transcripts/3074.txt,https://pfaffs-web.lib.lehigh.edu/gunn_transcripts/3074.txt
288210,digitalcollections:gunn_3075,https://pfaffs-web.lib.lehigh.edu/gunn_transcripts/3075.txt,https://pfaffs-web.lib.lehigh.edu/gunn_transcripts/3075.txt
288211,digitalcollections:gunn_3076,https://pfaffs-web.lib.lehigh.edu/gunn_transcripts/3076.txt,https://pfaffs-web.lib.lehigh.edu/gunn_transcripts/3076.txt
288212,digitalcollections:gunn_3077,https://pfaffs-web.lib.lehigh.edu/gunn_transcripts/3077.txt,https://pfaffs-web.lib.lehigh.edu/gunn_transcripts/3077.txt
288213,digitalcollections:gunn_3078,https://pfaffs-web.lib.lehigh.edu/gunn_transcripts/3078.txt,https://pfaffs-web.lib.lehigh.edu/gunn_transcripts/3078.txt
288214,digitalcollections:gunn_3064,https://pfaffs-web.lib.lehigh.edu/gunn_transcripts/3064.txt,https://pfaffs-web.lib.lehigh.edu/gunn_transcripts/3064.txt
288215,digitalcollections:gunn_3065,https://pfaffs-web.lib.lehigh.edu/gunn_transcripts/3065.txt,https://pfaffs-web.lib.lehigh.edu/gunn_transcripts/3065.txt
288216,digitalcollections:gunn_3066,https://pfaffs-web.lib.lehigh.edu/gunn_transcripts/3066.txt,https://pfaffs-web.lib.lehigh.edu/gunn_transcripts/3066.txt
288217,digitalcollections:gunn_3067,https://pfaffs-web.lib.lehigh.edu/gunn_transcripts/3067.txt,https://pfaffs-web.lib.lehigh.edu/gunn_transcripts/3067.txt
288218,digitalcollections:gunn_3068,https://pfaffs-web.lib.lehigh.edu/gunn_transcripts/3068.txt,https://pfaffs-web.lib.lehigh.edu/gunn_transcripts/3068.txt
288219,digitalcollections:gunn_3069,https://pfaffs-web.lib.lehigh.edu/gunn_transcripts/3069.txt,https://pfaffs-web.lib.lehigh.edu/gunn_transcripts/3069.txt
288220,digitalcollections:gunn_3070,https://pfaffs-web.lib.lehigh.edu/gunn_transcripts/3070.txt,https://pfaffs-web.lib.lehigh.edu/gunn_transcripts/3070.txt
288221,digitalcollections:gunn_2877,https://pfaffs-web.lib.lehigh.edu/gunn_transcripts/2877.txt,https://pfaffs-web.lib.lehigh.edu/gunn_transcripts/2877.txt
288222,digitalcollections:gunn_2878,https://pfaffs-web.lib.lehigh.edu/gunn_transcripts/2878.txt,https://pfaffs-web.lib.lehigh.edu/gunn_transcripts/2878.txt
288223,digitalcollections:gunn_2879,https://pfaffs-web.lib.lehigh.edu/gunn_transcripts/2879.txt,https://pfaffs-web.lib.lehigh.edu/gunn_transcripts/2879.txt
288224,digitalcollections:gunn_2880,https://pfaffs-web.lib.lehigh.edu/gunn_transcripts/2880.txt,https://pfaffs-web.lib.lehigh.edu/gunn_transcripts/2880.txt
288225,digitalcollections:gunn_2881,https://pfaffs-web.lib.lehigh.edu/gunn_transcripts/2881.txt,https://pfaffs-web.lib.lehigh.edu/gunn_transcripts/2881.txt
288226,digitalcollections:gunn_2882,https://pfaffs-web.lib.lehigh.edu/gunn_transcripts/2882.txt,https://pfaffs-web.lib.lehigh.edu/gunn_transcripts/2882.txt
288227,digitalcollections:gunn_2883,https://pfaffs-web.lib.lehigh.edu/gunn_transcripts/2883.txt,https://pfaffs-web.lib.lehigh.edu/gunn_transcripts/2883.txt
288228,digitalcollections:gunn_2884,https://pfaffs-web.lib.lehigh.edu/gunn_transcripts/2884.txt,https://pfaffs-web.lib.lehigh.edu/gunn_transcripts/2884.txt
288229,digitalcollections:gunn_2861,https://pfaffs-web.lib.lehigh.edu/gunn_transcripts/2861.txt,https://pfaffs-web.lib.lehigh.edu/gunn_transcripts/2861.txt
288230,digitalcollections:gunn_2862,https://pfaffs-web.lib.lehigh.edu/gunn_transcripts/2862.txt,https://pfaffs-web.lib.lehigh.edu/gunn_transcripts/2862.txt
288231,digitalcollections:gunn_2863,https://pfaffs-web.lib.lehigh.edu/gunn_transcripts/2863.txt,https://pfaffs-web.lib.lehigh.edu/gunn_transcripts/2863.txt
288232,digitalcollections:gunn_2864,https://pfaffs-web.lib.lehigh.edu/gunn_transcripts/2864.txt,https://pfaffs-web.lib.lehigh.edu/gunn_transcripts/2864.txt
288233,digitalcollections:gunn_2865,https://pfaffs-web.lib.lehigh.edu/gunn_transcripts/2865.txt,https://pfaffs-web.lib.lehigh.edu/gunn_transcripts/2865.txt
288234,digitalcollections:gunn_2866,https://pfaffs-web.lib.lehigh.edu/gunn_transcripts/2866.txt,https://pfaffs-web.lib.lehigh.edu/gunn_transcripts/2866.txt
288235,digitalcollections:gunn_2867,https://pfaffs-web.lib.lehigh.edu/gunn_transcripts/2867.txt,https://pfaffs-web.lib.lehigh.edu/gunn_transcripts/2867.txt
288236,digitalcollections:gunn_2868,https://pfaffs-web.lib.lehigh.edu/gunn_transcripts/2868.txt,https://pfaffs-web.lib.lehigh.edu/gunn_transcripts/2868.txt
288237,digitalcollections:gunn_2869,https://pfaffs-web.lib.lehigh.edu/gunn_transcripts/2869.txt,https://pfaffs-web.lib.lehigh.edu/gunn_transcripts/2869.txt
288238,digitalcollections:gunn_2860,https://pfaffs-web.lib.lehigh.edu/gunn_transcripts/2860.txt,https://pfaffs-web.lib.lehigh.edu/gunn_transcripts/2860.txt
288239,digitalcollections:gunn_2959,https://pfaffs-web.lib.lehigh.edu/gunn_transcripts/2959.txt,https://pfaffs-web.lib.lehigh.edu/gunn_transcripts/2959.txt
288240,digitalcollections:gunn_2960,https://pfaffs-web.lib.lehigh.edu/gunn_transcripts/2960.txt,https://pfaffs-web.lib.lehigh.edu/gunn_transcripts/2960.txt
288241,digitalcollections:gunn_2961,https://pfaffs-web.lib.lehigh.edu/gunn_transcripts/2961.txt,https://pfaffs-web.lib.lehigh.edu/gunn_transcripts/2961.txt
288242,digitalcollections:gunn_2962,https://pfaffs-web.lib.lehigh.edu/gunn_transcripts/2962.txt,https://pfaffs-web.lib.lehigh.edu/gunn_transcripts/2962.txt
288243,digitalcollections:gunn_2963,https://pfaffs-web.lib.lehigh.edu/gunn_transcripts/2963.txt,https://pfaffs-web.lib.lehigh.edu/gunn_transcripts/2963.txt
288244,digitalcollections:gunn_2964,https://pfaffs-web.lib.lehigh.edu/gunn_transcripts/2964.txt,https://pfaffs-web.lib.lehigh.edu/gunn_transcripts/2964.txt
288245,digitalcollections:gunn_2965,https://pfaffs-web.lib.lehigh.edu/gunn_transcripts/2965.txt,https://pfaffs-web.lib.lehigh.edu/gunn_transcripts/2965.txt
288246,digitalcollections:gunn_2966,https://pfaffs-web.lib.lehigh.edu/gunn_transcripts/2966.txt,https://pfaffs-web.lib.lehigh.edu/gunn_transcripts/2966.txt
288247,digitalcollections:gunn_2936,https://pfaffs-web.lib.lehigh.edu/gunn_transcripts/2936.txt,https://pfaffs-web.lib.lehigh.edu/gunn_transcripts/2936.txt
288248,digitalcollections:gunn_2937,https://pfaffs-web.lib.lehigh.edu/gunn_transcripts/2937.txt,https://pfaffs-web.lib.lehigh.edu/gunn_transcripts/2937.txt
288249,digitalcollections:gunn_2938,https://pfaffs-web.lib.lehigh.edu/gunn_transcripts/2938.txt,https://pfaffs-web.lib.lehigh.edu/gunn_transcripts/2938.txt
288250,digitalcollections:gunn_2939,https://pfaffs-web.lib.lehigh.edu/gunn_transcripts/2939.txt,https://pfaffs-web.lib.lehigh.edu/gunn_transcripts/2939.txt
288251,digitalcollections:gunn_2940,https://pfaffs-web.lib.lehigh.edu/gunn_transcripts/2940.txt,https://pfaffs-web.lib.lehigh.edu/gunn_transcripts/2940.txt
288252,digitalcollections:gunn_2941,https://pfaffs-web.lib.lehigh.edu/gunn_transcripts/2941.txt,https://pfaffs-web.lib.lehigh.edu/gunn_transcripts/2941.txt
288253,digitalcollections:gunn_2942,https://pfaffs-web.lib.lehigh.edu/gunn_transcripts/2942.txt,https://pfaffs-web.lib.lehigh.edu/gunn_transcripts/2942.txt
288254,digitalcollections:gunn_2943,https://pfaffs-web.lib.lehigh.edu/gunn_transcripts/2943.txt,https://pfaffs-web.lib.lehigh.edu/gunn_transcripts/2943.txt
288255,digitalcollections:gunn_2952,https://pfaffs-web.lib.lehigh.edu/gunn_transcripts/2952.txt,https://pfaffs-web.lib.lehigh.edu/gunn_transcripts/2952.txt
288256,digitalcollections:gunn_2953,https://pfaffs-web.lib.lehigh.edu/gunn_transcripts/2953.txt,https://pfaffs-web.lib.lehigh.edu/gunn_transcripts/2953.txt
288257,digitalcollections:gunn_2954,https://pfaffs-web.lib.lehigh.edu/gunn_transcripts/2954.txt,https://pfaffs-web.lib.lehigh.edu/gunn_transcripts/2954.txt
288258,digitalcollections:gunn_2955,https://pfaffs-web.lib.lehigh.edu/gunn_transcripts/2955.txt,https://pfaffs-web.lib.lehigh.edu/gunn_transcripts/2955.txt
288259,digitalcollections:gunn_2956,https://pfaffs-web.lib.lehigh.edu/gunn_transcripts/2956.txt,https://pfaffs-web.lib.lehigh.edu/gunn_transcripts/2956.txt
288260,digitalcollections:gunn_2957,https://pfaffs-web.lib.lehigh.edu/gunn_transcripts/2957.txt,https://pfaffs-web.lib.lehigh.edu/gunn_transcripts/2957.txt
288261,digitalcollections:gunn_2958,https://pfaffs-web.lib.lehigh.edu/gunn_transcripts/2958.txt,https://pfaffs-web.lib.lehigh.edu/gunn_transcripts/2958.txt
288262,digitalcollections:gunn_2944,https://pfaffs-web.lib.lehigh.edu/gunn_transcripts/2944.txt,https://pfaffs-web.lib.lehigh.edu/gunn_transcripts/2944.txt
288263,digitalcollections:gunn_2945,https://pfaffs-web.lib.lehigh.edu/gunn_transcripts/2945.txt,https://pfaffs-web.lib.lehigh.edu/gunn_transcripts/2945.txt
288264,digitalcollections:gunn_2946,https://pfaffs-web.lib.lehigh.edu/gunn_transcripts/2946.txt,https://pfaffs-web.lib.lehigh.edu/gunn_transcripts/2946.txt
288265,digitalcollections:gunn_2947,https://pfaffs-web.lib.lehigh.edu/gunn_transcripts/2947.txt,https://pfaffs-web.lib.lehigh.edu/gunn_transcripts/2947.txt
288266,digitalcollections:gunn_2948,https://pfaffs-web.lib.lehigh.edu/gunn_transcripts/2948.txt,https://pfaffs-web.lib.lehigh.edu/gunn_transcripts/2948.txt
288267,digitalcollections:gunn_2949,https://pfaffs-web.lib.lehigh.edu/gunn_transcripts/2949.txt,https://pfaffs-web.lib.lehigh.edu/gunn_transcripts/2949.txt
288268,digitalcollections:gunn_2950,https://pfaffs-web.lib.lehigh.edu/gunn_transcripts/2950.txt,https://pfaffs-web.lib.lehigh.edu/gunn_transcripts/2950.txt
288269,digitalcollections:gunn_2924,https://pfaffs-web.lib.lehigh.edu/gunn_transcripts/2924.txt,https://pfaffs-web.lib.lehigh.edu/gunn_transcripts/2924.txt
288270,digitalcollections:gunn_2925,https://pfaffs-web.lib.lehigh.edu/gunn_transcripts/2925.txt,https://pfaffs-web.lib.lehigh.edu/gunn_transcripts/2925.txt
288271,digitalcollections:gunn_2926,https://pfaffs-web.lib.lehigh.edu/gunn_transcripts/2926.txt,https://pfaffs-web.lib.lehigh.edu/gunn_transcripts/2926.txt
288272,digitalcollections:gunn_2927,https://pfaffs-web.lib.lehigh.edu/gunn_transcripts/2927.txt,https://pfaffs-web.lib.lehigh.edu/gunn_transcripts/2927.txt
288273,digitalcollections:gunn_2928,https://pfaffs-web.lib.lehigh.edu/gunn_transcripts/2928.txt,https://pfaffs-web.lib.lehigh.edu/gunn_transcripts/2928.txt
288274,digitalcollections:gunn_2929,https://pfaffs-web.lib.lehigh.edu/gunn_transcripts/2929.txt,https://pfaffs-web.lib.lehigh.edu/gunn_transcripts/2929.txt
288275,digitalcollections:gunn_2930,https://pfaffs-web.lib.lehigh.edu/gunn_transcripts/2930.txt,https://pfaffs-web.lib.lehigh.edu/gunn_transcripts/2930.txt
288276,digitalcollections:gunn_2931,https://pfaffs-web.lib.lehigh.edu/gunn_transcripts/2931.txt,https://pfaffs-web.lib.lehigh.edu/gunn_transcripts/2931.txt
288277,digitalcollections:gunn_2932,https://pfaffs-web.lib.lehigh.edu/gunn_transcripts/2932.txt,https://pfaffs-web.lib.lehigh.edu/gunn_transcripts/2932.txt
288278,digitalcollections:gunn_2933,https://pfaffs-web.lib.lehigh.edu/gunn_transcripts/2933.txt,https://pfaffs-web.lib.lehigh.edu/gunn_transcripts/2933.txt
288279,digitalcollections:gunn_2934,https://pfaffs-web.lib.lehigh.edu/gunn_transcripts/2934.txt,https://pfaffs-web.lib.lehigh.edu/gunn_transcripts/2934.txt
288280,digitalcollections:gunn_2935,https://pfaffs-web.lib.lehigh.edu/gunn_transcripts/2935.txt,https://pfaffs-web.lib.lehigh.edu/gunn_transcripts/2935.txt
288281,digitalcollections:gunn_2951,https://pfaffs-web.lib.lehigh.edu/gunn_transcripts/2951.txt,https://pfaffs-web.lib.lehigh.edu/gunn_transcripts/2951.txt
288282,digitalcollections:gunn_2916,https://pfaffs-web.lib.lehigh.edu/gunn_transcripts/2916.txt,https://pfaffs-web.lib.lehigh.edu/gunn_transcripts/2916.txt
288283,digitalcollections:gunn_2917,https://pfaffs-web.lib.lehigh.edu/gunn_transcripts/2917.txt,https://pfaffs-web.lib.lehigh.edu/gunn_transcripts/2917.txt
288284,digitalcollections:gunn_2918,https://pfaffs-web.lib.lehigh.edu/gunn_transcripts/2918.txt,https://pfaffs-web.lib.lehigh.edu/gunn_transcripts/2918.txt
288285,digitalcollections:gunn_2919,https://pfaffs-web.lib.lehigh.edu/gunn_transcripts/2919.txt,https://pfaffs-web.lib.lehigh.edu/gunn_transcripts/2919.txt
288286,digitalcollections:gunn_2920,https://pfaffs-web.lib.lehigh.edu/gunn_transcripts/2920.txt,https://pfaffs-web.lib.lehigh.edu/gunn_transcripts/2920.txt
288287,digitalcollections:gunn_2921,https://pfaffs-web.lib.lehigh.edu/gunn_transcripts/2921.txt,https://pfaffs-web.lib.lehigh.edu/gunn_transcripts/2921.txt
288288,digitalcollections:gunn_2922,https://pfaffs-web.lib.lehigh.edu/gunn_transcripts/2922.txt,https://pfaffs-web.lib.lehigh.edu/gunn_transcripts/2922.txt
288289,digitalcollections:gunn_2923,https://pfaffs-web.lib.lehigh.edu/gunn_transcripts/2923.txt,https://pfaffs-web.lib.lehigh.edu/gunn_transcripts/2923.txt
288290,digitalcollections:gunn_2975,https://pfaffs-web.lib.lehigh.edu/gunn_transcripts/2975.txt,https://pfaffs-web.lib.lehigh.edu/gunn_transcripts/2975.txt
288291,digitalcollections:gunn_2976,https://pfaffs-web.lib.lehigh.edu/gunn_transcripts/2976.txt,https://pfaffs-web.lib.lehigh.edu/gunn_transcripts/2976.txt
288292,digitalcollections:gunn_2977,https://pfaffs-web.lib.lehigh.edu/gunn_transcripts/2977.txt,https://pfaffs-web.lib.lehigh.edu/gunn_transcripts/2977.txt
288293,digitalcollections:gunn_2978,https://pfaffs-web.lib.lehigh.edu/gunn_transcripts/2978.txt,https://pfaffs-web.lib.lehigh.edu/gunn_transcripts/2978.txt
288294,digitalcollections:gunn_2979,https://pfaffs-web.lib.lehigh.edu/gunn_transcripts/2979.txt,https://pfaffs-web.lib.lehigh.edu/gunn_transcripts/2979.txt
288295,digitalcollections:gunn_2980,https://pfaffs-web.lib.lehigh.edu/gunn_transcripts/2980.txt,https://pfaffs-web.lib.lehigh.edu/gunn_transcripts/2980.txt
288296,digitalcollections:gunn_2981,https://pfaffs-web.lib.lehigh.edu/gunn_transcripts/2981.txt,https://pfaffs-web.lib.lehigh.edu/gunn_transcripts/2981.txt
288297,digitalcollections:gunn_2982,https://pfaffs-web.lib.lehigh.edu/gunn_transcripts/2982.txt,https://pfaffs-web.lib.lehigh.edu/gunn_transcripts/2982.txt
288298,digitalcollections:gunn_2983,https://pfaffs-web.lib.lehigh.edu/gunn_transcripts/2983.txt,https://pfaffs-web.lib.lehigh.edu/gunn_transcripts/2983.txt
288299,digitalcollections:gunn_3015,https://pfaffs-web.lib.lehigh.edu/gunn_transcripts/3015.txt,https://pfaffs-web.lib.lehigh.edu/gunn_transcripts/3015.txt
288300,digitalcollections:gunn_3016,https://pfaffs-web.lib.lehigh.edu/gunn_transcripts/3016.txt,https://pfaffs-web.lib.lehigh.edu/gunn_transcripts/3016.txt
288301,digitalcollections:gunn_3017,https://pfaffs-web.lib.lehigh.edu/gunn_transcripts/3017.txt,https://pfaffs-web.lib.lehigh.edu/gunn_transcripts/3017.txt
288302,digitalcollections:gunn_3018,https://pfaffs-web.lib.lehigh.edu/gunn_transcripts/3018.txt,https://pfaffs-web.lib.lehigh.edu/gunn_transcripts/3018.txt
288303,digitalcollections:gunn_3019,https://pfaffs-web.lib.lehigh.edu/gunn_transcripts/3019.txt,https://pfaffs-web.lib.lehigh.edu/gunn_transcripts/3019.txt
288304,digitalcollections:gunn_3020,https://pfaffs-web.lib.lehigh.edu/gunn_transcripts/3020.txt,https://pfaffs-web.lib.lehigh.edu/gunn_transcripts/3020.txt
288305,digitalcollections:gunn_3021,https://pfaffs-web.lib.lehigh.edu/gunn_transcripts/3021.txt,https://pfaffs-web.lib.lehigh.edu/gunn_transcripts/3021.txt
288306,digitalcollections:gunn_3022,https://pfaffs-web.lib.lehigh.edu/gunn_transcripts/3022.txt,https://pfaffs-web.lib.lehigh.edu/gunn_transcripts/3022.txt
288307,digitalcollections:gunn_2991,https://pfaffs-web.lib.lehigh.edu/gunn_transcripts/2991.txt,https://pfaffs-web.lib.lehigh.edu/gunn_transcripts/2991.txt
288308,digitalcollections:gunn_2992,https://pfaffs-web.lib.lehigh.edu/gunn_transcripts/2992.txt,https://pfaffs-web.lib.lehigh.edu/gunn_transcripts/2992.txt
288309,digitalcollections:gunn_2993,https://pfaffs-web.lib.lehigh.edu/gunn_transcripts/2993.txt,https://pfaffs-web.lib.lehigh.edu/gunn_transcripts/2993.txt
288310,digitalcollections:gunn_2994,https://pfaffs-web.lib.lehigh.edu/gunn_transcripts/2994.txt,https://pfaffs-web.lib.lehigh.edu/gunn_transcripts/2994.txt
288311,digitalcollections:gunn_2995,https://pfaffs-web.lib.lehigh.edu/gunn_transcripts/2995.txt,https://pfaffs-web.lib.lehigh.edu/gunn_transcripts/2995.txt
288312,digitalcollections:gunn_2996,https://pfaffs-web.lib.lehigh.edu/gunn_transcripts/2996.txt,https://pfaffs-web.lib.lehigh.edu/gunn_transcripts/2996.txt
288313,digitalcollections:gunn_2997,https://pfaffs-web.lib.lehigh.edu/gunn_transcripts/2997.txt,https://pfaffs-web.lib.lehigh.edu/gunn_transcripts/2997.txt
288314,digitalcollections:gunn_2998,https://pfaffs-web.lib.lehigh.edu/gunn_transcripts/2998.txt,https://pfaffs-web.lib.lehigh.edu/gunn_transcripts/2998.txt
288315,digitalcollections:gunn_3007,https://pfaffs-web.lib.lehigh.edu/gunn_transcripts/3007.txt,https://pfaffs-web.lib.lehigh.edu/gunn_transcripts/3007.txt
288316,digitalcollections:gunn_3008,https://pfaffs-web.lib.lehigh.edu/gunn_transcripts/3008.txt,https://pfaffs-web.lib.lehigh.edu/gunn_transcripts/3008.txt
288317,digitalcollections:gunn_3009,https://pfaffs-web.lib.lehigh.edu/gunn_transcripts/3009.txt,https://pfaffs-web.lib.lehigh.edu/gunn_transcripts/3009.txt
288318,digitalcollections:gunn_3010,https://pfaffs-web.lib.lehigh.edu/gunn_transcripts/3010.txt,https://pfaffs-web.lib.lehigh.edu/gunn_transcripts/3010.txt
288319,digitalcollections:gunn_3011,https://pfaffs-web.lib.lehigh.edu/gunn_transcripts/3011.txt,https://pfaffs-web.lib.lehigh.edu/gunn_transcripts/3011.txt
288320,digitalcollections:gunn_3012,https://pfaffs-web.lib.lehigh.edu/gunn_transcripts/3012.txt,https://pfaffs-web.lib.lehigh.edu/gunn_transcripts/3012.txt
288321,digitalcollections:gunn_3013,https://pfaffs-web.lib.lehigh.edu/gunn_transcripts/3013.txt,https://pfaffs-web.lib.lehigh.edu/gunn_transcripts/3013.txt
288322,digitalcollections:gunn_3014,https://pfaffs-web.lib.lehigh.edu/gunn_transcripts/3014.txt,https://pfaffs-web.lib.lehigh.edu/gunn_transcripts/3014.txt
288323,digitalcollections:gunn_2967,https://pfaffs-web.lib.lehigh.edu/gunn_transcripts/2967.txt,https://pfaffs-web.lib.lehigh.edu/gunn_transcripts/2967.txt
288324,digitalcollections:gunn_2968,https://pfaffs-web.lib.lehigh.edu/gunn_transcripts/2968.txt,https://pfaffs-web.lib.lehigh.edu/gunn_transcripts/2968.txt
288325,digitalcollections:gunn_2969,https://pfaffs-web.lib.lehigh.edu/gunn_transcripts/2969.txt,https://pfaffs-web.lib.lehigh.edu/gunn_transcripts/2969.txt
288326,digitalcollections:gunn_2970,https://pfaffs-web.lib.lehigh.edu/gunn_transcripts/2970.txt,https://pfaffs-web.lib.lehigh.edu/gunn_transcripts/2970.txt
288327,digitalcollections:gunn_2971,https://pfaffs-web.lib.lehigh.edu/gunn_transcripts/2971.txt,https://pfaffs-web.lib.lehigh.edu/gunn_transcripts/2971.txt
288328,digitalcollections:gunn_2972,https://pfaffs-web.lib.lehigh.edu/gunn_transcripts/2972.txt,https://pfaffs-web.lib.lehigh.edu/gunn_transcripts/2972.txt
288329,digitalcollections:gunn_2973,https://pfaffs-web.lib.lehigh.edu/gunn_transcripts/2973.txt,https://pfaffs-web.lib.lehigh.edu/gunn_transcripts/2973.txt
288330,digitalcollections:gunn_2974,https://pfaffs-web.lib.lehigh.edu/gunn_transcripts/2974.txt,https://pfaffs-web.lib.lehigh.edu/gunn_transcripts/2974.txt
288331,digitalcollections:gunn_2999,https://pfaffs-web.lib.lehigh.edu/gunn_transcripts/2999.txt,https://pfaffs-web.lib.lehigh.edu/gunn_transcripts/2999.txt
288332,digitalcollections:gunn_3000,https://pfaffs-web.lib.lehigh.edu/gunn_transcripts/3000.txt,https://pfaffs-web.lib.lehigh.edu/gunn_transcripts/3000.txt
288333,digitalcollections:gunn_3001,https://pfaffs-web.lib.lehigh.edu/gunn_transcripts/3001.txt,https://pfaffs-web.lib.lehigh.edu/gunn_transcripts/3001.txt
288334,digitalcollections:gunn_3002,https://pfaffs-web.lib.lehigh.edu/gunn_transcripts/3002.txt,https://pfaffs-web.lib.lehigh.edu/gunn_transcripts/3002.txt
288335,digitalcollections:gunn_3003,https://pfaffs-web.lib.lehigh.edu/gunn_transcripts/3003.txt,https://pfaffs-web.lib.lehigh.edu/gunn_transcripts/3003.txt
288336,digitalcollections:gunn_3004,https://pfaffs-web.lib.lehigh.edu/gunn_transcripts/3004.txt,https://pfaffs-web.lib.lehigh.edu/gunn_transcripts/3004.txt
288337,digitalcollections:gunn_3005,https://pfaffs-web.lib.lehigh.edu/gunn_transcripts/3005.txt,https://pfaffs-web.lib.lehigh.edu/gunn_transcripts/3005.txt
288338,digitalcollections:gunn_3006,https://pfaffs-web.lib.lehigh.edu/gunn_transcripts/3006.txt,https://pfaffs-web.lib.lehigh.edu/gunn_transcripts/3006.txt
288339,digitalcollections:gunn_2984,https://pfaffs-web.lib.lehigh.edu/gunn_transcripts/2984.txt,https://pfaffs-web.lib.lehigh.edu/gunn_transcripts/2984.txt
288340,digitalcollections:gunn_2985,https://pfaffs-web.lib.lehigh.edu/gunn_transcripts/2985.txt,https://pfaffs-web.lib.lehigh.edu/gunn_transcripts/2985.txt
288341,digitalcollections:gunn_2986,https://pfaffs-web.lib.lehigh.edu/gunn_transcripts/2986.txt,https://pfaffs-web.lib.lehigh.edu/gunn_transcripts/2986.txt
288342,digitalcollections:gunn_2987,https://pfaffs-web.lib.lehigh.edu/gunn_transcripts/2987.txt,https://pfaffs-web.lib.lehigh.edu/gunn_transcripts/2987.txt
288343,digitalcollections:gunn_2988,https://pfaffs-web.lib.lehigh.edu/gunn_transcripts/2988.txt,https://pfaffs-web.lib.lehigh.edu/gunn_transcripts/2988.txt
288344,digitalcollections:gunn_2989,https://pfaffs-web.lib.lehigh.edu/gunn_transcripts/2989.txt,https://pfaffs-web.lib.lehigh.edu/gunn_transcripts/2989.txt
288345,digitalcollections:gunn_2990,https://pfaffs-web.lib.lehigh.edu/gunn_transcripts/2990.txt,https://pfaffs-web.lib.lehigh.edu/gunn_transcripts/2990.txt
288346,digitalcollections:gunn_3024,https://pfaffs-web.lib.lehigh.edu/gunn_transcripts/3024.txt,https://pfaffs-web.lib.lehigh.edu/gunn_transcripts/3024.txt
288347,digitalcollections:gunn_3025,https://pfaffs-web.lib.lehigh.edu/gunn_transcripts/3025.txt,https://pfaffs-web.lib.lehigh.edu/gunn_transcripts/3025.txt
288348,digitalcollections:gunn_3026,https://pfaffs-web.lib.lehigh.edu/gunn_transcripts/3026.txt,https://pfaffs-web.lib.lehigh.edu/gunn_transcripts/3026.txt
288349,digitalcollections:gunn_3027,https://pfaffs-web.lib.lehigh.edu/gunn_transcripts/3027.txt,https://pfaffs-web.lib.lehigh.edu/gunn_transcripts/3027.txt
288350,digitalcollections:gunn_3028,https://pfaffs-web.lib.lehigh.edu/gunn_transcripts/3028.txt,https://pfaffs-web.lib.lehigh.edu/gunn_transcripts/3028.txt
288351,digitalcollections:gunn_3029,https://pfaffs-web.lib.lehigh.edu/gunn_transcripts/3029.txt,https://pfaffs-web.lib.lehigh.edu/gunn_transcripts/3029.txt
288352,digitalcollections:gunn_3030,https://pfaffs-web.lib.lehigh.edu/gunn_transcripts/3030.txt,https://pfaffs-web.lib.lehigh.edu/gunn_transcripts/3030.txt
288353,digitalcollections:gunn_3023,https://pfaffs-web.lib.lehigh.edu/gunn_transcripts/3023.txt,https://pfaffs-web.lib.lehigh.edu/gunn_transcripts/3023.txt
288354,digitalcollections:gunn_2892,https://pfaffs-web.lib.lehigh.edu/gunn_transcripts/2892.txt,https://pfaffs-web.lib.lehigh.edu/gunn_transcripts/2892.txt
288355,digitalcollections:gunn_2893,https://pfaffs-web.lib.lehigh.edu/gunn_transcripts/2893.txt,https://pfaffs-web.lib.lehigh.edu/gunn_transcripts/2893.txt
288356,digitalcollections:gunn_2894,https://pfaffs-web.lib.lehigh.edu/gunn_transcripts/2894.txt,https://pfaffs-web.lib.lehigh.edu/gunn_transcripts/2894.txt
288357,digitalcollections:gunn_2895,https://pfaffs-web.lib.lehigh.edu/gunn_transcripts/2895.txt,https://pfaffs-web.lib.lehigh.edu/gunn_transcripts/2895.txt
288358,digitalcollections:gunn_2896,https://pfaffs-web.lib.lehigh.edu/gunn_transcripts/2896.txt,https://pfaffs-web.lib.lehigh.edu/gunn_transcripts/2896.txt
288359,digitalcollections:gunn_2897,https://pfaffs-web.lib.lehigh.edu/gunn_transcripts/2897.txt,https://pfaffs-web.lib.lehigh.edu/gunn_transcripts/2897.txt
288360,digitalcollections:gunn_2898,https://pfaffs-web.lib.lehigh.edu/gunn_transcripts/2898.txt,https://pfaffs-web.lib.lehigh.edu/gunn_transcripts/2898.txt
288361,digitalcollections:gunn_2899,https://pfaffs-web.lib.lehigh.edu/gunn_transcripts/2899.txt,https://pfaffs-web.lib.lehigh.edu/gunn_transcripts/2899.txt
288362,digitalcollections:gunn_2870,https://pfaffs-web.lib.lehigh.edu/gunn_transcripts/2870.txt,https://pfaffs-web.lib.lehigh.edu/gunn_transcripts/2870.txt
288363,digitalcollections:gunn_2871,https://pfaffs-web.lib.lehigh.edu/gunn_transcripts/2871.txt,https://pfaffs-web.lib.lehigh.edu/gunn_transcripts/2871.txt
288364,digitalcollections:gunn_2872,https://pfaffs-web.lib.lehigh.edu/gunn_transcripts/2872.txt,https://pfaffs-web.lib.lehigh.edu/gunn_transcripts/2872.txt
288365,digitalcollections:gunn_2873,https://pfaffs-web.lib.lehigh.edu/gunn_transcripts/2873.txt,https://pfaffs-web.lib.lehigh.edu/gunn_transcripts/2873.txt
288366,digitalcollections:gunn_2874,https://pfaffs-web.lib.lehigh.edu/gunn_transcripts/2874.txt,https://pfaffs-web.lib.lehigh.edu/gunn_transcripts/2874.txt
288367,digitalcollections:gunn_2875,https://pfaffs-web.lib.lehigh.edu/gunn_transcripts/2875.txt,https://pfaffs-web.lib.lehigh.edu/gunn_transcripts/2875.txt
288368,digitalcollections:gunn_2876,https://pfaffs-web.lib.lehigh.edu/gunn_transcripts/2876.txt,https://pfaffs-web.lib.lehigh.edu/gunn_transcripts/2876.txt
288369,digitalcollections:gunn_2885,https://pfaffs-web.lib.lehigh.edu/gunn_transcripts/2885.txt,https://pfaffs-web.lib.lehigh.edu/gunn_transcripts/2885.txt
288370,digitalcollections:gunn_2886,https://pfaffs-web.lib.lehigh.edu/gunn_transcripts/2886.txt,https://pfaffs-web.lib.lehigh.edu/gunn_transcripts/2886.txt
288371,digitalcollections:gunn_2887,https://pfaffs-web.lib.lehigh.edu/gunn_transcripts/2887.txt,https://pfaffs-web.lib.lehigh.edu/gunn_transcripts/2887.txt
288372,digitalcollections:gunn_2888,https://pfaffs-web.lib.lehigh.edu/gunn_transcripts/2888.txt,https://pfaffs-web.lib.lehigh.edu/gunn_transcripts/2888.txt
288373,digitalcollections:gunn_2889,https://pfaffs-web.lib.lehigh.edu/gunn_transcripts/2889.txt,https://pfaffs-web.lib.lehigh.edu/gunn_transcripts/2889.txt
288374,digitalcollections:gunn_2890,https://pfaffs-web.lib.lehigh.edu/gunn_transcripts/2890.txt,https://pfaffs-web.lib.lehigh.edu/gunn_transcripts/2890.txt
288375,digitalcollections:gunn_2891,https://pfaffs-web.lib.lehigh.edu/gunn_transcripts/2891.txt,https://pfaffs-web.lib.lehigh.edu/gunn_transcripts/2891.txt
288376,digitalcollections:gunn_3031,https://pfaffs-web.lib.lehigh.edu/gunn_transcripts/3031.txt,https://pfaffs-web.lib.lehigh.edu/gunn_transcripts/3031.txt
288377,digitalcollections:gunn_3032,https://pfaffs-web.lib.lehigh.edu/gunn_transcripts/3032.txt,https://pfaffs-web.lib.lehigh.edu/gunn_transcripts/3032.txt
288378,digitalcollections:gunn_3033,https://pfaffs-web.lib.lehigh.edu/gunn_transcripts/3033.txt,https://pfaffs-web.lib.lehigh.edu/gunn_transcripts/3033.txt
288379,digitalcollections:gunn_3034,https://pfaffs-web.lib.lehigh.edu/gunn_transcripts/3034.txt,https://pfaffs-web.lib.lehigh.edu/gunn_transcripts/3034.txt
288380,digitalcollections:gunn_3035,https://pfaffs-web.lib.lehigh.edu/gunn_transcripts/3035.txt,https://pfaffs-web.lib.lehigh.edu/gunn_transcripts/3035.txt
288381,digitalcollections:gunn_3036,https://pfaffs-web.lib.lehigh.edu/gunn_transcripts/3036.txt,https://pfaffs-web.lib.lehigh.edu/gunn_transcripts/3036.txt
288382,digitalcollections:gunn_3037,https://pfaffs-web.lib.lehigh.edu/gunn_transcripts/3037.txt,https://pfaffs-web.lib.lehigh.edu/gunn_transcripts/3037.txt
288383,digitalcollections:gunn_3038,https://pfaffs-web.lib.lehigh.edu/gunn_transcripts/3038.txt,https://pfaffs-web.lib.lehigh.edu/gunn_transcripts/3038.txt
288384,digitalcollections:gunn_3039,https://pfaffs-web.lib.lehigh.edu/gunn_transcripts/3039.txt,https://pfaffs-web.lib.lehigh.edu/gunn_transcripts/3039.txt
288385,digitalcollections:gunn_2567,https://pfaffs-web.lib.lehigh.edu/gunn_transcripts/2567.txt,https://pfaffs-web.lib.lehigh.edu/gunn_transcripts/2567.txt
288386,digitalcollections:gunn_2568,https://pfaffs-web.lib.lehigh.edu/gunn_transcripts/2568.txt,https://pfaffs-web.lib.lehigh.edu/gunn_transcripts/2568.txt
288387,digitalcollections:gunn_2569,https://pfaffs-web.lib.lehigh.edu/gunn_transcripts/2569.txt,https://pfaffs-web.lib.lehigh.edu/gunn_transcripts/2569.txt
288388,digitalcollections:gunn_2570,https://pfaffs-web.lib.lehigh.edu/gunn_transcripts/2570.txt,https://pfaffs-web.lib.lehigh.edu/gunn_transcripts/2570.txt
288389,digitalcollections:gunn_2571,https://pfaffs-web.lib.lehigh.edu/gunn_transcripts/2571.txt,https://pfaffs-web.lib.lehigh.edu/gunn_transcripts/2571.txt
288390,digitalcollections:gunn_2572,https://pfaffs-web.lib.lehigh.edu/gunn_transcripts/2572.txt,https://pfaffs-web.lib.lehigh.edu/gunn_transcripts/2572.txt
288391,digitalcollections:gunn_2573,https://pfaffs-web.lib.lehigh.edu/gunn_transcripts/2573.txt,https://pfaffs-web.lib.lehigh.edu/gunn_transcripts/2573.txt
288392,digitalcollections:gunn_2574,https://pfaffs-web.lib.lehigh.edu/gunn_transcripts/2574.txt,https://pfaffs-web.lib.lehigh.edu/gunn_transcripts/2574.txt
288393,digitalcollections:gunn_2575,https://pfaffs-web.lib.lehigh.edu/gunn_transcripts/2575.txt,https://pfaffs-web.lib.lehigh.edu/gunn_transcripts/2575.txt
288394,digitalcollections:gunn_2576,https://pfaffs-web.lib.lehigh.edu/gunn_transcripts/2576.txt,https://pfaffs-web.lib.lehigh.edu/gunn_transcripts/2576.txt
288395,digitalcollections:gunn_2577,https://pfaffs-web.lib.lehigh.edu/gunn_transcripts/2577.txt,https://pfaffs-web.lib.lehigh.edu/gunn_transcripts/2577.txt
288396,digitalcollections:gunn_2578,https://pfaffs-web.lib.lehigh.edu/gunn_transcripts/2578.txt,https://pfaffs-web.lib.lehigh.edu/gunn_transcripts/2578.txt
288397,digitalcollections:gunn_2579,https://pfaffs-web.lib.lehigh.edu/gunn_transcripts/2579.txt,https://pfaffs-web.lib.lehigh.edu/gunn_transcripts/2579.txt
288398,digitalcollections:gunn_2580,https://pfaffs-web.lib.lehigh.edu/gunn_transcripts/2580.txt,https://pfaffs-web.lib.lehigh.edu/gunn_transcripts/2580.txt
288399,digitalcollections:gunn_2581,https://pfaffs-web.lib.lehigh.edu/gunn_transcripts/2581.txt,https://pfaffs-web.lib.lehigh.edu/gunn_transcripts/2581.txt
288400,digitalcollections:gunn_2582,https://pfaffs-web.lib.lehigh.edu/gunn_transcripts/2582.txt,https://pfaffs-web.lib.lehigh.edu/gunn_transcripts/2582.txt
288401,digitalcollections:gunn_2583,https://pfaffs-web.lib.lehigh.edu/gunn_transcripts/2583.txt,https://pfaffs-web.lib.lehigh.edu/gunn_transcripts/2583.txt
288402,digitalcollections:gunn_2559,https://pfaffs-web.lib.lehigh.edu/gunn_transcripts/2559.txt,https://pfaffs-web.lib.lehigh.edu/gunn_transcripts/2559.txt
288403,digitalcollections:gunn_2560,https://pfaffs-web.lib.lehigh.edu/gunn_transcripts/2560.txt,https://pfaffs-web.lib.lehigh.edu/gunn_transcripts/2560.txt
288404,digitalcollections:gunn_2561,https://pfaffs-web.lib.lehigh.edu/gunn_transcripts/2561.txt,https://pfaffs-web.lib.lehigh.edu/gunn_transcripts/2561.txt
288405,digitalcollections:gunn_2562,https://pfaffs-web.lib.lehigh.edu/gunn_transcripts/2562.txt,https://pfaffs-web.lib.lehigh.edu/gunn_transcripts/2562.txt
288406,digitalcollections:gunn_2563,https://pfaffs-web.lib.lehigh.edu/gunn_transcripts/2563.txt,https://pfaffs-web.lib.lehigh.edu/gunn_transcripts/2563.txt
288407,digitalcollections:gunn_2564,https://pfaffs-web.lib.lehigh.edu/gunn_transcripts/2564.txt,https://pfaffs-web.lib.lehigh.edu/gunn_transcripts/2564.txt
288408,digitalcollections:gunn_2565,https://pfaffs-web.lib.lehigh.edu/gunn_transcripts/2565.txt,https://pfaffs-web.lib.lehigh.edu/gunn_transcripts/2565.txt
288409,digitalcollections:gunn_2566,https://pfaffs-web.lib.lehigh.edu/gunn_transcripts/2566.txt,https://pfaffs-web.lib.lehigh.edu/gunn_transcripts/2566.txt
288410,digitalcollections:gunn_2552,https://pfaffs-web.lib.lehigh.edu/gunn_transcripts/2552.txt,https://pfaffs-web.lib.lehigh.edu/gunn_transcripts/2552.txt
288411,digitalcollections:gunn_2553,https://pfaffs-web.lib.lehigh.edu/gunn_transcripts/2553.txt,https://pfaffs-web.lib.lehigh.edu/gunn_transcripts/2553.txt
288412,digitalcollections:gunn_2554,https://pfaffs-web.lib.lehigh.edu/gunn_transcripts/2554.txt,https://pfaffs-web.lib.lehigh.edu/gunn_transcripts/2554.txt
288413,digitalcollections:gunn_2555,https://pfaffs-web.lib.lehigh.edu/gunn_transcripts/2555.txt,https://pfaffs-web.lib.lehigh.edu/gunn_transcripts/2555.txt
288414,digitalcollections:gunn_2556,https://pfaffs-web.lib.lehigh.edu/gunn_transcripts/2556.txt,https://pfaffs-web.lib.lehigh.edu/gunn_transcripts/2556.txt
288415,digitalcollections:gunn_2557,https://pfaffs-web.lib.lehigh.edu/gunn_transcripts/2557.txt,https://pfaffs-web.lib.lehigh.edu/gunn_transcripts/2557.txt
288416,digitalcollections:gunn_2558,https://pfaffs-web.lib.lehigh.edu/gunn_transcripts/2558.txt,https://pfaffs-web.lib.lehigh.edu/gunn_transcripts/2558.txt
288417,digitalcollections:gunn_2585,https://pfaffs-web.lib.lehigh.edu/gunn_transcripts/2585.txt,https://pfaffs-web.lib.lehigh.edu/gunn_transcripts/2585.txt
288418,digitalcollections:gunn_2586,https://pfaffs-web.lib.lehigh.edu/gunn_transcripts/2586.txt,https://pfaffs-web.lib.lehigh.edu/gunn_transcripts/2586.txt
288419,digitalcollections:gunn_2587,https://pfaffs-web.lib.lehigh.edu/gunn_transcripts/2587.txt,https://pfaffs-web.lib.lehigh.edu/gunn_transcripts/2587.txt
288420,digitalcollections:gunn_2588,https://pfaffs-web.lib.lehigh.edu/gunn_transcripts/2588.txt,https://pfaffs-web.lib.lehigh.edu/gunn_transcripts/2588.txt
288421,digitalcollections:gunn_2589,https://pfaffs-web.lib.lehigh.edu/gunn_transcripts/2589.txt,https://pfaffs-web.lib.lehigh.edu/gunn_transcripts/2589.txt
288422,digitalcollections:gunn_2590,https://pfaffs-web.lib.lehigh.edu/gunn_transcripts/2590.txt,https://pfaffs-web.lib.lehigh.edu/gunn_transcripts/2590.txt
288423,digitalcollections:gunn_2591,https://pfaffs-web.lib.lehigh.edu/gunn_transcripts/2591.txt,https://pfaffs-web.lib.lehigh.edu/gunn_transcripts/2591.txt
288424,digitalcollections:gunn_2593,https://pfaffs-web.lib.lehigh.edu/gunn_transcripts/2593.txt,https://pfaffs-web.lib.lehigh.edu/gunn_transcripts/2593.txt
288425,digitalcollections:gunn_2594,https://pfaffs-web.lib.lehigh.edu/gunn_transcripts/2594.txt,https://pfaffs-web.lib.lehigh.edu/gunn_transcripts/2594.txt
288426,digitalcollections:gunn_2595,https://pfaffs-web.lib.lehigh.edu/gunn_transcripts/2595.txt,https://pfaffs-web.lib.lehigh.edu/gunn_transcripts/2595.txt
288427,digitalcollections:gunn_2596,https://pfaffs-web.lib.lehigh.edu/gunn_transcripts/2596.txt,https://pfaffs-web.lib.lehigh.edu/gunn_transcripts/2596.txt
288428,digitalcollections:gunn_2597,https://pfaffs-web.lib.lehigh.edu/gunn_transcripts/2597.txt,https://pfaffs-web.lib.lehigh.edu/gunn_transcripts/2597.txt
288429,digitalcollections:gunn_2598,https://pfaffs-web.lib.lehigh.edu/gunn_transcripts/2598.txt,https://pfaffs-web.lib.lehigh.edu/gunn_transcripts/2598.txt
288430,digitalcollections:gunn_2599,https://pfaffs-web.lib.lehigh.edu/gunn_transcripts/2599.txt,https://pfaffs-web.lib.lehigh.edu/gunn_transcripts/2599.txt
288431,digitalcollections:gunn_2600,https://pfaffs-web.lib.lehigh.edu/gunn_transcripts/2600.txt,https://pfaffs-web.lib.lehigh.edu/gunn_transcripts/2600.txt
288432,digitalcollections:gunn_2601,https://pfaffs-web.lib.lehigh.edu/gunn_transcripts/2601.txt,https://pfaffs-web.lib.lehigh.edu/gunn_transcripts/2601.txt
288433,digitalcollections:gunn_2602,https://pfaffs-web.lib.lehigh.edu/gunn_transcripts/2602.txt,https://pfaffs-web.lib.lehigh.edu/gunn_transcripts/2602.txt
288434,digitalcollections:gunn_2603,https://pfaffs-web.lib.lehigh.edu/gunn_transcripts/2603.txt,https://pfaffs-web.lib.lehigh.edu/gunn_transcripts/2603.txt
288435,digitalcollections:gunn_2604,https://pfaffs-web.lib.lehigh.edu/gunn_transcripts/2604.txt,https://pfaffs-web.lib.lehigh.edu/gunn_transcripts/2604.txt
288436,digitalcollections:gunn_2605,https://pfaffs-web.lib.lehigh.edu/gunn_transcripts/2605.txt,https://pfaffs-web.lib.lehigh.edu/gunn_transcripts/2605.txt
288437,digitalcollections:gunn_2606,https://pfaffs-web.lib.lehigh.edu/gunn_transcripts/2606.txt,https://pfaffs-web.lib.lehigh.edu/gunn_transcripts/2606.txt
288438,digitalcollections:gunn_2607,https://pfaffs-web.lib.lehigh.edu/gunn_transcripts/2607.txt,https://pfaffs-web.lib.lehigh.edu/gunn_transcripts/2607.txt
288439,digitalcollections:gunn_2592,https://pfaffs-web.lib.lehigh.edu/gunn_transcripts/2592.txt,https://pfaffs-web.lib.lehigh.edu/gunn_transcripts/2592.txt
288440,digitalcollections:gunn_2584,https://pfaffs-web.lib.lehigh.edu/gunn_transcripts/2584.txt,https://pfaffs-web.lib.lehigh.edu/gunn_transcripts/2584.txt
288441,digitalcollections:gunn_2414,https://pfaffs-web.lib.lehigh.edu/gunn_transcripts/2414.txt,https://pfaffs-web.lib.lehigh.edu/gunn_transcripts/2414.txt
288442,digitalcollections:gunn_2415,https://pfaffs-web.lib.lehigh.edu/gunn_transcripts/2415.txt,https://pfaffs-web.lib.lehigh.edu/gunn_transcripts/2415.txt
288443,digitalcollections:gunn_2416,https://pfaffs-web.lib.lehigh.edu/gunn_transcripts/2416.txt,https://pfaffs-web.lib.lehigh.edu/gunn_transcripts/2416.txt
288444,digitalcollections:gunn_2417,https://pfaffs-web.lib.lehigh.edu/gunn_transcripts/2417.txt,https://pfaffs-web.lib.lehigh.edu/gunn_transcripts/2417.txt
288445,digitalcollections:gunn_2418,https://pfaffs-web.lib.lehigh.edu/gunn_transcripts/2418.txt,https://pfaffs-web.lib.lehigh.edu/gunn_transcripts/2418.txt
288446,digitalcollections:gunn_2419,https://pfaffs-web.lib.lehigh.edu/gunn_transcripts/2419.txt,https://pfaffs-web.lib.lehigh.edu/gunn_transcripts/2419.txt
288447,digitalcollections:gunn_2420,https://pfaffs-web.lib.lehigh.edu/gunn_transcripts/2420.txt,https://pfaffs-web.lib.lehigh.edu/gunn_transcripts/2420.txt
288448,digitalcollections:gunn_2421,https://pfaffs-web.lib.lehigh.edu/gunn_transcripts/2421.txt,https://pfaffs-web.lib.lehigh.edu/gunn_transcripts/2421.txt
288449,digitalcollections:gunn_2399,https://pfaffs-web.lib.lehigh.edu/gunn_transcripts/2399.txt,https://pfaffs-web.lib.lehigh.edu/gunn_transcripts/2399.txt
288450,digitalcollections:gunn_2400,https://pfaffs-web.lib.lehigh.edu/gunn_transcripts/2400.txt,https://pfaffs-web.lib.lehigh.edu/gunn_transcripts/2400.txt
288451,digitalcollections:gunn_2401,https://pfaffs-web.lib.lehigh.edu/gunn_transcripts/2401.txt,https://pfaffs-web.lib.lehigh.edu/gunn_transcripts/2401.txt
288452,digitalcollections:gunn_2402,https://pfaffs-web.lib.lehigh.edu/gunn_transcripts/2402.txt,https://pfaffs-web.lib.lehigh.edu/gunn_transcripts/2402.txt
288453,digitalcollections:gunn_2403,https://pfaffs-web.lib.lehigh.edu/gunn_transcripts/2403.txt,https://pfaffs-web.lib.lehigh.edu/gunn_transcripts/2403.txt
288454,digitalcollections:gunn_2404,https://pfaffs-web.lib.lehigh.edu/gunn_transcripts/2404.txt,https://pfaffs-web.lib.lehigh.edu/gunn_transcripts/2404.txt
288455,digitalcollections:gunn_2405,https://pfaffs-web.lib.lehigh.edu/gunn_transcripts/2405.txt,https://pfaffs-web.lib.lehigh.edu/gunn_transcripts/2405.txt
288456,digitalcollections:gunn_2406,https://pfaffs-web.lib.lehigh.edu/gunn_transcripts/2406.txt,https://pfaffs-web.lib.lehigh.edu/gunn_transcripts/2406.txt
288457,digitalcollections:gunn_2430,https://pfaffs-web.lib.lehigh.edu/gunn_transcripts/2430.txt,https://pfaffs-web.lib.lehigh.edu/gunn_transcripts/2430.txt
288458,digitalcollections:gunn_2431,https://pfaffs-web.lib.lehigh.edu/gunn_transcripts/2431.txt,https://pfaffs-web.lib.lehigh.edu/gunn_transcripts/2431.txt
288459,digitalcollections:gunn_2432,https://pfaffs-web.lib.lehigh.edu/gunn_transcripts/2432.txt,https://pfaffs-web.lib.lehigh.edu/gunn_transcripts/2432.txt
288460,digitalcollections:gunn_2433,https://pfaffs-web.lib.lehigh.edu/gunn_transcripts/2433.txt,https://pfaffs-web.lib.lehigh.edu/gunn_transcripts/2433.txt
288461,digitalcollections:gunn_2434,https://pfaffs-web.lib.lehigh.edu/gunn_transcripts/2434.txt,https://pfaffs-web.lib.lehigh.edu/gunn_transcripts/2434.txt
288462,digitalcollections:gunn_2435,https://pfaffs-web.lib.lehigh.edu/gunn_transcripts/2435.txt,https://pfaffs-web.lib.lehigh.edu/gunn_transcripts/2435.txt
288463,digitalcollections:gunn_2436,https://pfaffs-web.lib.lehigh.edu/gunn_transcripts/2436.txt,https://pfaffs-web.lib.lehigh.edu/gunn_transcripts/2436.txt
288464,digitalcollections:gunn_2437,https://pfaffs-web.lib.lehigh.edu/gunn_transcripts/2437.txt,https://pfaffs-web.lib.lehigh.edu/gunn_transcripts/2437.txt
288465,digitalcollections:gunn_2445,https://pfaffs-web.lib.lehigh.edu/gunn_transcripts/2445.txt,https://pfaffs-web.lib.lehigh.edu/gunn_transcripts/2445.txt
288466,digitalcollections:gunn_2446,https://pfaffs-web.lib.lehigh.edu/gunn_transcripts/2446.txt,https://pfaffs-web.lib.lehigh.edu/gunn_transcripts/2446.txt
288467,digitalcollections:gunn_2447,https://pfaffs-web.lib.lehigh.edu/gunn_transcripts/2447.txt,https://pfaffs-web.lib.lehigh.edu/gunn_transcripts/2447.txt
288468,digitalcollections:gunn_2448,https://pfaffs-web.lib.lehigh.edu/gunn_transcripts/2448.txt,https://pfaffs-web.lib.lehigh.edu/gunn_transcripts/2448.txt
288469,digitalcollections:gunn_2449,https://pfaffs-web.lib.lehigh.edu/gunn_transcripts/2449.txt,https://pfaffs-web.lib.lehigh.edu/gunn_transcripts/2449.txt
288470,digitalcollections:gunn_2450,https://pfaffs-web.lib.lehigh.edu/gunn_transcripts/2450.txt,https://pfaffs-web.lib.lehigh.edu/gunn_transcripts/2450.txt
288471,digitalcollections:gunn_2451,https://pfaffs-web.lib.lehigh.edu/gunn_transcripts/2451.txt,https://pfaffs-web.lib.lehigh.edu/gunn_transcripts/2451.txt
288472,digitalcollections:gunn_2452,https://pfaffs-web.lib.lehigh.edu/gunn_transcripts/2452.txt,https://pfaffs-web.lib.lehigh.edu/gunn_transcripts/2452.txt
288473,digitalcollections:gunn_2422,https://pfaffs-web.lib.lehigh.edu/gunn_transcripts/2422.txt,https://pfaffs-web.lib.lehigh.edu/gunn_transcripts/2422.txt
288474,digitalcollections:gunn_2423,https://pfaffs-web.lib.lehigh.edu/gunn_transcripts/2423.txt,https://pfaffs-web.lib.lehigh.edu/gunn_transcripts/2423.txt
288475,digitalcollections:gunn_2424,https://pfaffs-web.lib.lehigh.edu/gunn_transcripts/2424.txt,https://pfaffs-web.lib.lehigh.edu/gunn_transcripts/2424.txt
288476,digitalcollections:gunn_2425,https://pfaffs-web.lib.lehigh.edu/gunn_transcripts/2425.txt,https://pfaffs-web.lib.lehigh.edu/gunn_transcripts/2425.txt
288477,digitalcollections:gunn_2426,https://pfaffs-web.lib.lehigh.edu/gunn_transcripts/2426.txt,https://pfaffs-web.lib.lehigh.edu/gunn_transcripts/2426.txt
288478,digitalcollections:gunn_2427,https://pfaffs-web.lib.lehigh.edu/gunn_transcripts/2427.txt,https://pfaffs-web.lib.lehigh.edu/gunn_transcripts/2427.txt
288479,digitalcollections:gunn_2428,https://pfaffs-web.lib.lehigh.edu/gunn_transcripts/2428.txt,https://pfaffs-web.lib.lehigh.edu/gunn_transcripts/2428.txt
288480,digitalcollections:gunn_2429,https://pfaffs-web.lib.lehigh.edu/gunn_transcripts/2429.txt,https://pfaffs-web.lib.lehigh.edu/gunn_transcripts/2429.txt
288481,digitalcollections:gunn_2392,https://pfaffs-web.lib.lehigh.edu/gunn_transcripts/2392.txt,https://pfaffs-web.lib.lehigh.edu/gunn_transcripts/2392.txt
288482,digitalcollections:gunn_2393,https://pfaffs-web.lib.lehigh.edu/gunn_transcripts/2393.txt,https://pfaffs-web.lib.lehigh.edu/gunn_transcripts/2393.txt
288483,digitalcollections:gunn_2394,https://pfaffs-web.lib.lehigh.edu/gunn_transcripts/2394.txt,https://pfaffs-web.lib.lehigh.edu/gunn_transcripts/2394.txt
288484,digitalcollections:gunn_2395,https://pfaffs-web.lib.lehigh.edu/gunn_transcripts/2395.txt,https://pfaffs-web.lib.lehigh.edu/gunn_transcripts/2395.txt
288485,digitalcollections:gunn_2396,https://pfaffs-web.lib.lehigh.edu/gunn_transcripts/2396.txt,https://pfaffs-web.lib.lehigh.edu/gunn_transcripts/2396.txt
288486,digitalcollections:gunn_2397,https://pfaffs-web.lib.lehigh.edu/gunn_transcripts/2397.txt,https://pfaffs-web.lib.lehigh.edu/gunn_transcripts/2397.txt
288487,digitalcollections:gunn_2398,https://pfaffs-web.lib.lehigh.edu/gunn_transcripts/2398.txt,https://pfaffs-web.lib.lehigh.edu/gunn_transcripts/2398.txt
288495,digitalcollections:gunn_2438,https://pfaffs-web.lib.lehigh.edu/gunn_transcripts/2438.txt,https://pfaffs-web.lib.lehigh.edu/gunn_transcripts/2438.txt
288496,digitalcollections:gunn_2439,https://pfaffs-web.lib.lehigh.edu/gunn_transcripts/2439.txt,https://pfaffs-web.lib.lehigh.edu/gunn_transcripts/2439.txt
288497,digitalcollections:gunn_2440,https://pfaffs-web.lib.lehigh.edu/gunn_transcripts/2440.txt,https://pfaffs-web.lib.lehigh.edu/gunn_transcripts/2440.txt
288498,digitalcollections:gunn_2441,https://pfaffs-web.lib.lehigh.edu/gunn_transcripts/2441.txt,https://pfaffs-web.lib.lehigh.edu/gunn_transcripts/2441.txt
288499,digitalcollections:gunn_2442,https://pfaffs-web.lib.lehigh.edu/gunn_transcripts/2442.txt,https://pfaffs-web.lib.lehigh.edu/gunn_transcripts/2442.txt
288500,digitalcollections:gunn_2443,https://pfaffs-web.lib.lehigh.edu/gunn_transcripts/2443.txt,https://pfaffs-web.lib.lehigh.edu/gunn_transcripts/2443.txt
288501,digitalcollections:gunn_2444,https://pfaffs-web.lib.lehigh.edu/gunn_transcripts/2444.txt,https://pfaffs-web.lib.lehigh.edu/gunn_transcripts/2444.txt
288502,digitalcollections:gunn_2407,https://pfaffs-web.lib.lehigh.edu/gunn_transcripts/2407.txt,https://pfaffs-web.lib.lehigh.edu/gunn_transcripts/2407.txt
288503,digitalcollections:gunn_2408,https://pfaffs-web.lib.lehigh.edu/gunn_transcripts/2408.txt,https://pfaffs-web.lib.lehigh.edu/gunn_transcripts/2408.txt
288504,digitalcollections:gunn_2409,https://pfaffs-web.lib.lehigh.edu/gunn_transcripts/2409.txt,https://pfaffs-web.lib.lehigh.edu/gunn_transcripts/2409.txt
288505,digitalcollections:gunn_2410,https://pfaffs-web.lib.lehigh.edu/gunn_transcripts/2410.txt,https://pfaffs-web.lib.lehigh.edu/gunn_transcripts/2410.txt
288506,digitalcollections:gunn_2411,https://pfaffs-web.lib.lehigh.edu/gunn_transcripts/2411.txt,https://pfaffs-web.lib.lehigh.edu/gunn_transcripts/2411.txt
288507,digitalcollections:gunn_2412,https://pfaffs-web.lib.lehigh.edu/gunn_transcripts/2412.txt,https://pfaffs-web.lib.lehigh.edu/gunn_transcripts/2412.txt
288508,digitalcollections:gunn_2413,https://pfaffs-web.lib.lehigh.edu/gunn_transcripts/2413.txt,https://pfaffs-web.lib.lehigh.edu/gunn_transcripts/2413.txt
288509,digitalcollections:gunn_2391,https://pfaffs-web.lib.lehigh.edu/gunn_transcripts/2391.txt,https://pfaffs-web.lib.lehigh.edu/gunn_transcripts/2391.txt
288510,digitalcollections:gunn_2532,https://pfaffs-web.lib.lehigh.edu/gunn_transcripts/2532.txt,https://pfaffs-web.lib.lehigh.edu/gunn_transcripts/2532.txt
288511,digitalcollections:gunn_2533,https://pfaffs-web.lib.lehigh.edu/gunn_transcripts/2533.txt,https://pfaffs-web.lib.lehigh.edu/gunn_transcripts/2533.txt
288512,digitalcollections:gunn_2534,https://pfaffs-web.lib.lehigh.edu/gunn_transcripts/2534.txt,https://pfaffs-web.lib.lehigh.edu/gunn_transcripts/2534.txt
288513,digitalcollections:gunn_2535,https://pfaffs-web.lib.lehigh.edu/gunn_transcripts/2535.txt,https://pfaffs-web.lib.lehigh.edu/gunn_transcripts/2535.txt
288514,digitalcollections:gunn_2536,https://pfaffs-web.lib.lehigh.edu/gunn_transcripts/2536.txt,https://pfaffs-web.lib.lehigh.edu/gunn_transcripts/2536.txt
288515,digitalcollections:gunn_2537,https://pfaffs-web.lib.lehigh.edu/gunn_transcripts/2537.txt,https://pfaffs-web.lib.lehigh.edu/gunn_transcripts/2537.txt
288516,digitalcollections:gunn_2538,https://pfaffs-web.lib.lehigh.edu/gunn_transcripts/2538.txt,https://pfaffs-web.lib.lehigh.edu/gunn_transcripts/2538.txt
288517,digitalcollections:gunn_2539,https://pfaffs-web.lib.lehigh.edu/gunn_transcripts/2539.txt,https://pfaffs-web.lib.lehigh.edu/gunn_transcripts/2539.txt
288518,digitalcollections:gunn_2540,https://pfaffs-web.lib.lehigh.edu/gunn_transcripts/2540.txt,https://pfaffs-web.lib.lehigh.edu/gunn_transcripts/2540.txt
288519,digitalcollections:gunn_2524,https://pfaffs-web.lib.lehigh.edu/gunn_transcripts/2524.txt,https://pfaffs-web.lib.lehigh.edu/gunn_transcripts/2524.txt
288520,digitalcollections:gunn_2525,https://pfaffs-web.lib.lehigh.edu/gunn_transcripts/2525.txt,https://pfaffs-web.lib.lehigh.edu/gunn_transcripts/2525.txt
288521,digitalcollections:gunn_2526,https://pfaffs-web.lib.lehigh.edu/gunn_transcripts/2526.txt,https://pfaffs-web.lib.lehigh.edu/gunn_transcripts/2526.txt
288522,digitalcollections:gunn_2527,https://pfaffs-web.lib.lehigh.edu/gunn_transcripts/2527.txt,https://pfaffs-web.lib.lehigh.edu/gunn_transcripts/2527.txt
288523,digitalcollections:gunn_2528,https://pfaffs-web.lib.lehigh.edu/gunn_transcripts/2528.txt,https://pfaffs-web.lib.lehigh.edu/gunn_transcripts/2528.txt
288524,digitalcollections:gunn_2529,https://pfaffs-web.lib.lehigh.edu/gunn_transcripts/2529.txt,https://pfaffs-web.lib.lehigh.edu/gunn_transcripts/2529.txt
288525,digitalcollections:gunn_2530,https://pfaffs-web.lib.lehigh.edu/gunn_transcripts/2530.txt,https://pfaffs-web.lib.lehigh.edu/gunn_transcripts/2530.txt
288526,digitalcollections:gunn_2531,https://pfaffs-web.lib.lehigh.edu/gunn_transcripts/2531.txt,https://pfaffs-web.lib.lehigh.edu/gunn_transcripts/2531.txt
288527,digitalcollections:gunn_2516,https://pfaffs-web.lib.lehigh.edu/gunn_transcripts/2516.txt,https://pfaffs-web.lib.lehigh.edu/gunn_transcripts/2516.txt
288528,digitalcollections:gunn_2517,https://pfaffs-web.lib.lehigh.edu/gunn_transcripts/2517.txt,https://pfaffs-web.lib.lehigh.edu/gunn_transcripts/2517.txt
288529,digitalcollections:gunn_2518,https://pfaffs-web.lib.lehigh.edu/gunn_transcripts/2518.txt,https://pfaffs-web.lib.lehigh.edu/gunn_transcripts/2518.txt
288530,digitalcollections:gunn_2519,https://pfaffs-web.lib.lehigh.edu/gunn_transcripts/2519.txt,https://pfaffs-web.lib.lehigh.edu/gunn_transcripts/2519.txt
288531,digitalcollections:gunn_2520,https://pfaffs-web.lib.lehigh.edu/gunn_transcripts/2520.txt,https://pfaffs-web.lib.lehigh.edu/gunn_transcripts/2520.txt
288532,digitalcollections:gunn_2521,https://pfaffs-web.lib.lehigh.edu/gunn_transcripts/2521.txt,https://pfaffs-web.lib.lehigh.edu/gunn_transcripts/2521.txt
288533,digitalcollections:gunn_2522,https://pfaffs-web.lib.lehigh.edu/gunn_transcripts/2522.txt,https://pfaffs-web.lib.lehigh.edu/gunn_transcripts/2522.txt
288534,digitalcollections:gunn_2523,https://pfaffs-web.lib.lehigh.edu/gunn_transcripts/2523.txt,https://pfaffs-web.lib.lehigh.edu/gunn_transcripts/2523.txt
288535,digitalcollections:gunn_2500,https://pfaffs-web.lib.lehigh.edu/gunn_transcripts/2500.txt,https://pfaffs-web.lib.lehigh.edu/gunn_transcripts/2500.txt
288536,digitalcollections:gunn_2501,https://pfaffs-web.lib.lehigh.edu/gunn_transcripts/2501.txt,https://pfaffs-web.lib.lehigh.edu/gunn_transcripts/2501.txt
288537,digitalcollections:gunn_2502,https://pfaffs-web.lib.lehigh.edu/gunn_transcripts/2502.txt,https://pfaffs-web.lib.lehigh.edu/gunn_transcripts/2502.txt
288538,digitalcollections:gunn_2503,https://pfaffs-web.lib.lehigh.edu/gunn_transcripts/2503.txt,https://pfaffs-web.lib.lehigh.edu/gunn_transcripts/2503.txt
288539,digitalcollections:gunn_2504,https://pfaffs-web.lib.lehigh.edu/gunn_transcripts/2504.txt,https://pfaffs-web.lib.lehigh.edu/gunn_transcripts/2504.txt
288540,digitalcollections:gunn_2505,https://pfaffs-web.lib.lehigh.edu/gunn_transcripts/2505.txt,https://pfaffs-web.lib.lehigh.edu/gunn_transcripts/2505.txt
288541,digitalcollections:gunn_2506,https://pfaffs-web.lib.lehigh.edu/gunn_transcripts/2506.txt,https://pfaffs-web.lib.lehigh.edu/gunn_transcripts/2506.txt
288542,digitalcollections:gunn_2507,https://pfaffs-web.lib.lehigh.edu/gunn_transcripts/2507.txt,https://pfaffs-web.lib.lehigh.edu/gunn_transcripts/2507.txt
288543,digitalcollections:gunn_2508,https://pfaffs-web.lib.lehigh.edu/gunn_transcripts/2508.txt,https://pfaffs-web.lib.lehigh.edu/gunn_transcripts/2508.txt
288544,digitalcollections:gunn_2509,https://pfaffs-web.lib.lehigh.edu/gunn_transcripts/2509.txt,https://pfaffs-web.lib.lehigh.edu/gunn_transcripts/2509.txt
288545,digitalcollections:gunn_2510,https://pfaffs-web.lib.lehigh.edu/gunn_transcripts/2510.txt,https://pfaffs-web.lib.lehigh.edu/gunn_transcripts/2510.txt
288546,digitalcollections:gunn_2511,https://pfaffs-web.lib.lehigh.edu/gunn_transcripts/2511.txt,https://pfaffs-web.lib.lehigh.edu/gunn_transcripts/2511.txt
288547,digitalcollections:gunn_2512,https://pfaffs-web.lib.lehigh.edu/gunn_transcripts/2512.txt,https://pfaffs-web.lib.lehigh.edu/gunn_transcripts/2512.txt
288548,digitalcollections:gunn_2513,https://pfaffs-web.lib.lehigh.edu/gunn_transcripts/2513.txt,https://pfaffs-web.lib.lehigh.edu/gunn_transcripts/2513.txt
288549,digitalcollections:gunn_2514,https://pfaffs-web.lib.lehigh.edu/gunn_transcripts/2514.txt,https://pfaffs-web.lib.lehigh.edu/gunn_transcripts/2514.txt
288550,digitalcollections:gunn_2515,https://pfaffs-web.lib.lehigh.edu/gunn_transcripts/2515.txt,https://pfaffs-web.lib.lehigh.edu/gunn_transcripts/2515.txt
288551,digitalcollections:gunn_2543,https://pfaffs-web.lib.lehigh.edu/gunn_transcripts/2543.txt,https://pfaffs-web.lib.lehigh.edu/gunn_transcripts/2543.txt
288552,digitalcollections:gunn_2544,https://pfaffs-web.lib.lehigh.edu/gunn_transcripts/2544.txt,https://pfaffs-web.lib.lehigh.edu/gunn_transcripts/2544.txt
288553,digitalcollections:gunn_2545,https://pfaffs-web.lib.lehigh.edu/gunn_transcripts/2545.txt,https://pfaffs-web.lib.lehigh.edu/gunn_transcripts/2545.txt
288554,digitalcollections:gunn_2546,https://pfaffs-web.lib.lehigh.edu/gunn_transcripts/2546.txt,https://pfaffs-web.lib.lehigh.edu/gunn_transcripts/2546.txt
288555,digitalcollections:gunn_2547,https://pfaffs-web.lib.lehigh.edu/gunn_transcripts/2547.txt,https://pfaffs-web.lib.lehigh.edu/gunn_transcripts/2547.txt
288556,digitalcollections:gunn_2548,https://pfaffs-web.lib.lehigh.edu/gunn_transcripts/2548.txt,https://pfaffs-web.lib.lehigh.edu/gunn_transcripts/2548.txt
288557,digitalcollections:gunn_2549,https://pfaffs-web.lib.lehigh.edu/gunn_transcripts/2549.txt,https://pfaffs-web.lib.lehigh.edu/gunn_transcripts/2549.txt
288558,digitalcollections:gunn_2550,https://pfaffs-web.lib.lehigh.edu/gunn_transcripts/2550.txt,https://pfaffs-web.lib.lehigh.edu/gunn_transcripts/2550.txt
288559,digitalcollections:gunn_2493,https://pfaffs-web.lib.lehigh.edu/gunn_transcripts/2493.txt,https://pfaffs-web.lib.lehigh.edu/gunn_transcripts/2493.txt
288560,digitalcollections:gunn_2494,https://pfaffs-web.lib.lehigh.edu/gunn_transcripts/2494.txt,https://pfaffs-web.lib.lehigh.edu/gunn_transcripts/2494.txt
288561,digitalcollections:gunn_2495,https://pfaffs-web.lib.lehigh.edu/gunn_transcripts/2495.txt,https://pfaffs-web.lib.lehigh.edu/gunn_transcripts/2495.txt
288562,digitalcollections:gunn_2496,https://pfaffs-web.lib.lehigh.edu/gunn_transcripts/2496.txt,https://pfaffs-web.lib.lehigh.edu/gunn_transcripts/2496.txt
288563,digitalcollections:gunn_2497,https://pfaffs-web.lib.lehigh.edu/gunn_transcripts/2497.txt,https://pfaffs-web.lib.lehigh.edu/gunn_transcripts/2497.txt
288564,digitalcollections:gunn_2498,https://pfaffs-web.lib.lehigh.edu/gunn_transcripts/2498.txt,https://pfaffs-web.lib.lehigh.edu/gunn_transcripts/2498.txt
288565,digitalcollections:gunn_2499,https://pfaffs-web.lib.lehigh.edu/gunn_transcripts/2499.txt,https://pfaffs-web.lib.lehigh.edu/gunn_transcripts/2499.txt
288566,digitalcollections:gunn_2541,https://pfaffs-web.lib.lehigh.edu/gunn_transcripts/2541.txt,https://pfaffs-web.lib.lehigh.edu/gunn_transcripts/2541.txt
288567,digitalcollections:gunn_2542,https://pfaffs-web.lib.lehigh.edu/gunn_transcripts/2542.txt,https://pfaffs-web.lib.lehigh.edu/gunn_transcripts/2542.txt
288568,digitalcollections:gunn_2551,https://pfaffs-web.lib.lehigh.edu/gunn_transcripts/2551.txt,https://pfaffs-web.lib.lehigh.edu/gunn_transcripts/2551.txt
288569,digitalcollections:gunn_2476,https://pfaffs-web.lib.lehigh.edu/gunn_transcripts/2476.txt,https://pfaffs-web.lib.lehigh.edu/gunn_transcripts/2476.txt
288570,digitalcollections:gunn_2477,https://pfaffs-web.lib.lehigh.edu/gunn_transcripts/2477.txt,https://pfaffs-web.lib.lehigh.edu/gunn_transcripts/2477.txt
288571,digitalcollections:gunn_2478,https://pfaffs-web.lib.lehigh.edu/gunn_transcripts/2478.txt,https://pfaffs-web.lib.lehigh.edu/gunn_transcripts/2478.txt
288572,digitalcollections:gunn_2479,https://pfaffs-web.lib.lehigh.edu/gunn_transcripts/2479.txt,https://pfaffs-web.lib.lehigh.edu/gunn_transcripts/2479.txt
288573,digitalcollections:gunn_2480,https://pfaffs-web.lib.lehigh.edu/gunn_transcripts/2480.txt,https://pfaffs-web.lib.lehigh.edu/gunn_transcripts/2480.txt
288574,digitalcollections:gunn_2481,https://pfaffs-web.lib.lehigh.edu/gunn_transcripts/2481.txt,https://pfaffs-web.lib.lehigh.edu/gunn_transcripts/2481.txt
288575,digitalcollections:gunn_2482,https://pfaffs-web.lib.lehigh.edu/gunn_transcripts/2482.txt,https://pfaffs-web.lib.lehigh.edu/gunn_transcripts/2482.txt
288576,digitalcollections:gunn_2483,https://pfaffs-web.lib.lehigh.edu/gunn_transcripts/2483.txt,https://pfaffs-web.lib.lehigh.edu/gunn_transcripts/2483.txt
288577,digitalcollections:gunn_2484,https://pfaffs-web.lib.lehigh.edu/gunn_transcripts/2484.txt,https://pfaffs-web.lib.lehigh.edu/gunn_transcripts/2484.txt
288578,digitalcollections:gunn_2454,https://pfaffs-web.lib.lehigh.edu/gunn_transcripts/2454.txt,https://pfaffs-web.lib.lehigh.edu/gunn_transcripts/2454.txt
288579,digitalcollections:gunn_2455,https://pfaffs-web.lib.lehigh.edu/gunn_transcripts/2455.txt,https://pfaffs-web.lib.lehigh.edu/gunn_transcripts/2455.txt
288580,digitalcollections:gunn_2456,https://pfaffs-web.lib.lehigh.edu/gunn_transcripts/2456.txt,https://pfaffs-web.lib.lehigh.edu/gunn_transcripts/2456.txt
288581,digitalcollections:gunn_2457,https://pfaffs-web.lib.lehigh.edu/gunn_transcripts/2457.txt,https://pfaffs-web.lib.lehigh.edu/gunn_transcripts/2457.txt
288582,digitalcollections:gunn_2458,https://pfaffs-web.lib.lehigh.edu/gunn_transcripts/2458.txt,https://pfaffs-web.lib.lehigh.edu/gunn_transcripts/2458.txt
288583,digitalcollections:gunn_2459,https://pfaffs-web.lib.lehigh.edu/gunn_transcripts/2459.txt,https://pfaffs-web.lib.lehigh.edu/gunn_transcripts/2459.txt
288584,digitalcollections:gunn_2460,https://pfaffs-web.lib.lehigh.edu/gunn_transcripts/2460.txt,https://pfaffs-web.lib.lehigh.edu/gunn_transcripts/2460.txt
288585,digitalcollections:gunn_2485,https://pfaffs-web.lib.lehigh.edu/gunn_transcripts/2485.txt,https://pfaffs-web.lib.lehigh.edu/gunn_transcripts/2485.txt
288586,digitalcollections:gunn_2486,https://pfaffs-web.lib.lehigh.edu/gunn_transcripts/2486.txt,https://pfaffs-web.lib.lehigh.edu/gunn_transcripts/2486.txt
288587,digitalcollections:gunn_2487,https://pfaffs-web.lib.lehigh.edu/gunn_transcripts/2487.txt,https://pfaffs-web.lib.lehigh.edu/gunn_transcripts/2487.txt
288588,digitalcollections:gunn_2488,https://pfaffs-web.lib.lehigh.edu/gunn_transcripts/2488.txt,https://pfaffs-web.lib.lehigh.edu/gunn_transcripts/2488.txt
288589,digitalcollections:gunn_2489,https://pfaffs-web.lib.lehigh.edu/gunn_transcripts/2489.txt,https://pfaffs-web.lib.lehigh.edu/gunn_transcripts/2489.txt
288590,digitalcollections:gunn_2490,https://pfaffs-web.lib.lehigh.edu/gunn_transcripts/2490.txt,https://pfaffs-web.lib.lehigh.edu/gunn_transcripts/2490.txt
288591,digitalcollections:gunn_2491,https://pfaffs-web.lib.lehigh.edu/gunn_transcripts/2491.txt,https://pfaffs-web.lib.lehigh.edu/gunn_transcripts/2491.txt
288592,digitalcollections:gunn_2469,https://pfaffs-web.lib.lehigh.edu/gunn_transcripts/2469.txt,https://pfaffs-web.lib.lehigh.edu/gunn_transcripts/2469.txt
288593,digitalcollections:gunn_2470,https://pfaffs-web.lib.lehigh.edu/gunn_transcripts/2470.txt,https://pfaffs-web.lib.lehigh.edu/gunn_transcripts/2470.txt
288594,digitalcollections:gunn_2471,https://pfaffs-web.lib.lehigh.edu/gunn_transcripts/2471.txt,https://pfaffs-web.lib.lehigh.edu/gunn_transcripts/2471.txt
288595,digitalcollections:gunn_2472,https://pfaffs-web.lib.lehigh.edu/gunn_transcripts/2472.txt,https://pfaffs-web.lib.lehigh.edu/gunn_transcripts/2472.txt
288596,digitalcollections:gunn_2473,https://pfaffs-web.lib.lehigh.edu/gunn_transcripts/2473.txt,https://pfaffs-web.lib.lehigh.edu/gunn_transcripts/2473.txt
288597,digitalcollections:gunn_2474,https://pfaffs-web.lib.lehigh.edu/gunn_transcripts/2474.txt,https://pfaffs-web.lib.lehigh.edu/gunn_transcripts/2474.txt
288598,digitalcollections:gunn_2475,https://pfaffs-web.lib.lehigh.edu/gunn_transcripts/2475.txt,https://pfaffs-web.lib.lehigh.edu/gunn_transcripts/2475.txt
288599,digitalcollections:gunn_2462,https://pfaffs-web.lib.lehigh.edu/gunn_transcripts/2462.txt,https://pfaffs-web.lib.lehigh.edu/gunn_transcripts/2462.txt
288600,digitalcollections:gunn_2463,https://pfaffs-web.lib.lehigh.edu/gunn_transcripts/2463.txt,https://pfaffs-web.lib.lehigh.edu/gunn_transcripts/2463.txt
288601,digitalcollections:gunn_2464,https://pfaffs-web.lib.lehigh.edu/gunn_transcripts/2464.txt,https://pfaffs-web.lib.lehigh.edu/gunn_transcripts/2464.txt
288602,digitalcollections:gunn_2465,https://pfaffs-web.lib.lehigh.edu/gunn_transcripts/2465.txt,https://pfaffs-web.lib.lehigh.edu/gunn_transcripts/2465.txt
288603,digitalcollections:gunn_2466,https://pfaffs-web.lib.lehigh.edu/gunn_transcripts/2466.txt,https://pfaffs-web.lib.lehigh.edu/gunn_transcripts/2466.txt
288604,digitalcollections:gunn_2467,https://pfaffs-web.lib.lehigh.edu/gunn_transcripts/2467.txt,https://pfaffs-web.lib.lehigh.edu/gunn_transcripts/2467.txt
288605,digitalcollections:gunn_2461,https://pfaffs-web.lib.lehigh.edu/gunn_transcripts/2461.txt,https://pfaffs-web.lib.lehigh.edu/gunn_transcripts/2461.txt
288606,digitalcollections:gunn_2453,https://pfaffs-web.lib.lehigh.edu/gunn_transcripts/2453.txt,https://pfaffs-web.lib.lehigh.edu/gunn_transcripts/2453.txt
288607,digitalcollections:gunn_2492,https://pfaffs-web.lib.lehigh.edu/gunn_transcripts/2492.txt,https://pfaffs-web.lib.lehigh.edu/gunn_transcripts/2492.txt
288608,digitalcollections:gunn_2468,https://pfaffs-web.lib.lehigh.edu/gunn_transcripts/2468.txt,https://pfaffs-web.lib.lehigh.edu/gunn_transcripts/2468.txt
288609,digitalcollections:gunn_2609,https://pfaffs-web.lib.lehigh.edu/gunn_transcripts/2609.txt,https://pfaffs-web.lib.lehigh.edu/gunn_transcripts/2609.txt
288610,digitalcollections:gunn_2610,https://pfaffs-web.lib.lehigh.edu/gunn_transcripts/2610.txt,https://pfaffs-web.lib.lehigh.edu/gunn_transcripts/2610.txt
288611,digitalcollections:gunn_2611,https://pfaffs-web.lib.lehigh.edu/gunn_transcripts/2611.txt,https://pfaffs-web.lib.lehigh.edu/gunn_transcripts/2611.txt
288612,digitalcollections:gunn_2369,https://pfaffs-web.lib.lehigh.edu/gunn_transcripts/2369.txt,https://pfaffs-web.lib.lehigh.edu/gunn_transcripts/2369.txt
288613,digitalcollections:gunn_2370,https://pfaffs-web.lib.lehigh.edu/gunn_transcripts/2370.txt,https://pfaffs-web.lib.lehigh.edu/gunn_transcripts/2370.txt
288614,digitalcollections:gunn_2371,https://pfaffs-web.lib.lehigh.edu/gunn_transcripts/2371.txt,https://pfaffs-web.lib.lehigh.edu/gunn_transcripts/2371.txt
288615,digitalcollections:gunn_2372,https://pfaffs-web.lib.lehigh.edu/gunn_transcripts/2372.txt,https://pfaffs-web.lib.lehigh.edu/gunn_transcripts/2372.txt
288616,digitalcollections:gunn_2373,https://pfaffs-web.lib.lehigh.edu/gunn_transcripts/2373.txt,https://pfaffs-web.lib.lehigh.edu/gunn_transcripts/2373.txt
288617,digitalcollections:gunn_2374,https://pfaffs-web.lib.lehigh.edu/gunn_transcripts/2374.txt,https://pfaffs-web.lib.lehigh.edu/gunn_transcripts/2374.txt
288618,digitalcollections:gunn_2375,https://pfaffs-web.lib.lehigh.edu/gunn_transcripts/2375.txt,https://pfaffs-web.lib.lehigh.edu/gunn_transcripts/2375.txt
288619,digitalcollections:gunn_2376,https://pfaffs-web.lib.lehigh.edu/gunn_transcripts/2376.txt,https://pfaffs-web.lib.lehigh.edu/gunn_transcripts/2376.txt
288620,digitalcollections:gunn_2377,https://pfaffs-web.lib.lehigh.edu/gunn_transcripts/2377.txt,https://pfaffs-web.lib.lehigh.edu/gunn_transcripts/2377.txt
288621,digitalcollections:gunn_2378,https://pfaffs-web.lib.lehigh.edu/gunn_transcripts/2378.txt,https://pfaffs-web.lib.lehigh.edu/gunn_transcripts/2378.txt
288622,digitalcollections:gunn_2379,https://pfaffs-web.lib.lehigh.edu/gunn_transcripts/2379.txt,https://pfaffs-web.lib.lehigh.edu/gunn_transcripts/2379.txt
288623,digitalcollections:gunn_2380,https://pfaffs-web.lib.lehigh.edu/gunn_transcripts/2380.txt,https://pfaffs-web.lib.lehigh.edu/gunn_transcripts/2380.txt
288624,digitalcollections:gunn_2381,https://pfaffs-web.lib.lehigh.edu/gunn_transcripts/2381.txt,https://pfaffs-web.lib.lehigh.edu/gunn_transcripts/2381.txt
288625,digitalcollections:gunn_2382,https://pfaffs-web.lib.lehigh.edu/gunn_transcripts/2382.txt,https://pfaffs-web.lib.lehigh.edu/gunn_transcripts/2382.txt
288626,digitalcollections:gunn_2383,https://pfaffs-web.lib.lehigh.edu/gunn_transcripts/2383.txt,https://pfaffs-web.lib.lehigh.edu/gunn_transcripts/2383.txt
288627,digitalcollections:gunn_2385,https://pfaffs-web.lib.lehigh.edu/gunn_transcripts/2385.txt,https://pfaffs-web.lib.lehigh.edu/gunn_transcripts/2385.txt
288628,digitalcollections:gunn_2386,https://pfaffs-web.lib.lehigh.edu/gunn_transcripts/2386.txt,https://pfaffs-web.lib.lehigh.edu/gunn_transcripts/2386.txt
288629,digitalcollections:gunn_2387,https://pfaffs-web.lib.lehigh.edu/gunn_transcripts/2387.txt,https://pfaffs-web.lib.lehigh.edu/gunn_transcripts/2387.txt
288630,digitalcollections:gunn_2388,https://pfaffs-web.lib.lehigh.edu/gunn_transcripts/2388.txt,https://pfaffs-web.lib.lehigh.edu/gunn_transcripts/2388.txt
288631,digitalcollections:gunn_2389,https://pfaffs-web.lib.lehigh.edu/gunn_transcripts/2389.txt,https://pfaffs-web.lib.lehigh.edu/gunn_transcripts/2389.txt
288632,digitalcollections:gunn_2390,https://pfaffs-web.lib.lehigh.edu/gunn_transcripts/2390.txt,https://pfaffs-web.lib.lehigh.edu/gunn_transcripts/2390.txt
288633,digitalcollections:gunn_2384,https://pfaffs-web.lib.lehigh.edu/gunn_transcripts/2384.txt,https://pfaffs-web.lib.lehigh.edu/gunn_transcripts/2384.txt
288634,digitalcollections:gunn_2608,https://pfaffs-web.lib.lehigh.edu/gunn_transcripts/2608.txt,https://pfaffs-web.lib.lehigh.edu/gunn_transcripts/2608.txt
288635,digitalcollections:gunn_4053,https://pfaffs-web.lib.lehigh.edu/gunn_transcripts/4053.txt,https://pfaffs-web.lib.lehigh.edu/gunn_transcripts/4053.txt
288636,digitalcollections:gunn_4054,https://pfaffs-web.lib.lehigh.edu/gunn_transcripts/4054.txt,https://pfaffs-web.lib.lehigh.edu/gunn_transcripts/4054.txt
288637,digitalcollections:gunn_4055,https://pfaffs-web.lib.lehigh.edu/gunn_transcripts/4055.txt,https://pfaffs-web.lib.lehigh.edu/gunn_transcripts/4055.txt
288638,digitalcollections:gunn_4056,https://pfaffs-web.lib.lehigh.edu/gunn_transcripts/4056.txt,https://pfaffs-web.lib.lehigh.edu/gunn_transcripts/4056.txt
288639,digitalcollections:gunn_4057,https://pfaffs-web.lib.lehigh.edu/gunn_transcripts/4057.txt,https://pfaffs-web.lib.lehigh.edu/gunn_transcripts/4057.txt
288640,digitalcollections:gunn_4058,https://pfaffs-web.lib.lehigh.edu/gunn_transcripts/4058.txt,https://pfaffs-web.lib.lehigh.edu/gunn_transcripts/4058.txt
288641,digitalcollections:gunn_4059,https://pfaffs-web.lib.lehigh.edu/gunn_transcripts/4059.txt,https://pfaffs-web.lib.lehigh.edu/gunn_transcripts/4059.txt
288642,digitalcollections:gunn_4060,https://pfaffs-web.lib.lehigh.edu/gunn_transcripts/4060.txt,https://pfaffs-web.lib.lehigh.edu/gunn_transcripts/4060.txt
288643,digitalcollections:gunn_4061,https://pfaffs-web.lib.lehigh.edu/gunn_transcripts/4061.txt,https://pfaffs-web.lib.lehigh.edu/gunn_transcripts/4061.txt
288644,digitalcollections:gunn_4044,https://pfaffs-web.lib.lehigh.edu/gunn_transcripts/4044.txt,https://pfaffs-web.lib.lehigh.edu/gunn_transcripts/4044.txt
288645,digitalcollections:gunn_4045,https://pfaffs-web.lib.lehigh.edu/gunn_transcripts/4045.txt,https://pfaffs-web.lib.lehigh.edu/gunn_transcripts/4045.txt
288646,digitalcollections:gunn_4046,https://pfaffs-web.lib.lehigh.edu/gunn_transcripts/4046.txt,https://pfaffs-web.lib.lehigh.edu/gunn_transcripts/4046.txt
288647,digitalcollections:gunn_4047,https://pfaffs-web.lib.lehigh.edu/gunn_transcripts/4047.txt,https://pfaffs-web.lib.lehigh.edu/gunn_transcripts/4047.txt
288648,digitalcollections:gunn_4048,https://pfaffs-web.lib.lehigh.edu/gunn_transcripts/4048.txt,https://pfaffs-web.lib.lehigh.edu/gunn_transcripts/4048.txt
288649,digitalcollections:gunn_4049,https://pfaffs-web.lib.lehigh.edu/gunn_transcripts/4049.txt,https://pfaffs-web.lib.lehigh.edu/gunn_transcripts/4049.txt
288650,digitalcollections:gunn_4050,https://pfaffs-web.lib.lehigh.edu/gunn_transcripts/4050.txt,https://pfaffs-web.lib.lehigh.edu/gunn_transcripts/4050.txt
288651,digitalcollections:gunn_4051,https://pfaffs-web.lib.lehigh.edu/gunn_transcripts/4051.txt,https://pfaffs-web.lib.lehigh.edu/gunn_transcripts/4051.txt
288652,digitalcollections:gunn_4052,https://pfaffs-web.lib.lehigh.edu/gunn_transcripts/4052.txt,https://pfaffs-web.lib.lehigh.edu/gunn_transcripts/4052.txt
288653,digitalcollections:gunn_4000,https://pfaffs-web.lib.lehigh.edu/gunn_transcripts/4000.txt,https://pfaffs-web.lib.lehigh.edu/gunn_transcripts/4000.txt
288654,digitalcollections:gunn_4001,https://pfaffs-web.lib.lehigh.edu/gunn_transcripts/4001.txt,https://pfaffs-web.lib.lehigh.edu/gunn_transcripts/4001.txt
288655,digitalcollections:gunn_4002,https://pfaffs-web.lib.lehigh.edu/gunn_transcripts/4002.txt,https://pfaffs-web.lib.lehigh.edu/gunn_transcripts/4002.txt
288656,digitalcollections:gunn_4003,https://pfaffs-web.lib.lehigh.edu/gunn_transcripts/4003.txt,https://pfaffs-web.lib.lehigh.edu/gunn_transcripts/4003.txt
288657,digitalcollections:gunn_4004,https://pfaffs-web.lib.lehigh.edu/gunn_transcripts/4004.txt,https://pfaffs-web.lib.lehigh.edu/gunn_transcripts/4004.txt
288658,digitalcollections:gunn_4005,https://pfaffs-web.lib.lehigh.edu/gunn_transcripts/4005.txt,https://pfaffs-web.lib.lehigh.edu/gunn_transcripts/4005.txt
288659,digitalcollections:gunn_4006,https://pfaffs-web.lib.lehigh.edu/gunn_transcripts/4006.txt,https://pfaffs-web.lib.lehigh.edu/gunn_transcripts/4006.txt
288660,digitalcollections:gunn_4007,https://pfaffs-web.lib.lehigh.edu/gunn_transcripts/4007.txt,https://pfaffs-web.lib.lehigh.edu/gunn_transcripts/4007.txt
288661,digitalcollections:gunn_3992,https://pfaffs-web.lib.lehigh.edu/gunn_transcripts/3992.txt,https://pfaffs-web.lib.lehigh.edu/gunn_transcripts/3992.txt
288662,digitalcollections:gunn_3993,https://pfaffs-web.lib.lehigh.edu/gunn_transcripts/3993.txt,https://pfaffs-web.lib.lehigh.edu/gunn_transcripts/3993.txt
288663,digitalcollections:gunn_3994,https://pfaffs-web.lib.lehigh.edu/gunn_transcripts/3994.txt,https://pfaffs-web.lib.lehigh.edu/gunn_transcripts/3994.txt
288664,digitalcollections:gunn_3995,https://pfaffs-web.lib.lehigh.edu/gunn_transcripts/3995.txt,https://pfaffs-web.lib.lehigh.edu/gunn_transcripts/3995.txt
288665,digitalcollections:gunn_3996,https://pfaffs-web.lib.lehigh.edu/gunn_transcripts/3996.txt,https://pfaffs-web.lib.lehigh.edu/gunn_transcripts/3996.txt
288666,digitalcollections:gunn_3997,https://pfaffs-web.lib.lehigh.edu/gunn_transcripts/3997.txt,https://pfaffs-web.lib.lehigh.edu/gunn_transcripts/3997.txt
288667,digitalcollections:gunn_3998,https://pfaffs-web.lib.lehigh.edu/gunn_transcripts/3998.txt,https://pfaffs-web.lib.lehigh.edu/gunn_transcripts/3998.txt
288668,digitalcollections:gunn_3999,https://pfaffs-web.lib.lehigh.edu/gunn_transcripts/3999.txt,https://pfaffs-web.lib.lehigh.edu/gunn_transcripts/3999.txt
288669,digitalcollections:gunn_4021,https://pfaffs-web.lib.lehigh.edu/gunn_transcripts/4021.txt,https://pfaffs-web.lib.lehigh.edu/gunn_transcripts/4021.txt
288670,digitalcollections:gunn_4022,https://pfaffs-web.lib.lehigh.edu/gunn_transcripts/4022.txt,https://pfaffs-web.lib.lehigh.edu/gunn_transcripts/4022.txt
288671,digitalcollections:gunn_4023,https://pfaffs-web.lib.lehigh.edu/gunn_transcripts/4023.txt,https://pfaffs-web.lib.lehigh.edu/gunn_transcripts/4023.txt
288672,digitalcollections:gunn_4024,https://pfaffs-web.lib.lehigh.edu/gunn_transcripts/4024.txt,https://pfaffs-web.lib.lehigh.edu/gunn_transcripts/4024.txt
288673,digitalcollections:gunn_4025,https://pfaffs-web.lib.lehigh.edu/gunn_transcripts/4025.txt,https://pfaffs-web.lib.lehigh.edu/gunn_transcripts/4025.txt
288674,digitalcollections:gunn_4026,https://pfaffs-web.lib.lehigh.edu/gunn_transcripts/4026.txt,https://pfaffs-web.lib.lehigh.edu/gunn_transcripts/4026.txt
288675,digitalcollections:gunn_4027,https://pfaffs-web.lib.lehigh.edu/gunn_transcripts/4027.txt,https://pfaffs-web.lib.lehigh.edu/gunn_transcripts/4027.txt
288676,digitalcollections:gunn_4028,https://pfaffs-web.lib.lehigh.edu/gunn_transcripts/4028.txt,https://pfaffs-web.lib.lehigh.edu/gunn_transcripts/4028.txt
288677,digitalcollections:gunn_4036,https://pfaffs-web.lib.lehigh.edu/gunn_transcripts/4036.txt,https://pfaffs-web.lib.lehigh.edu/gunn_transcripts/4036.txt
288678,digitalcollections:gunn_4037,https://pfaffs-web.lib.lehigh.edu/gunn_transcripts/4037.txt,https://pfaffs-web.lib.lehigh.edu/gunn_transcripts/4037.txt
288679,digitalcollections:gunn_4038,https://pfaffs-web.lib.lehigh.edu/gunn_transcripts/4038.txt,https://pfaffs-web.lib.lehigh.edu/gunn_transcripts/4038.txt
288680,digitalcollections:gunn_4039,https://pfaffs-web.lib.lehigh.edu/gunn_transcripts/4039.txt,https://pfaffs-web.lib.lehigh.edu/gunn_transcripts/4039.txt
288681,digitalcollections:gunn_4040,https://pfaffs-web.lib.lehigh.edu/gunn_transcripts/4040.txt,https://pfaffs-web.lib.lehigh.edu/gunn_transcripts/4040.txt
288682,digitalcollections:gunn_4041,https://pfaffs-web.lib.lehigh.edu/gunn_transcripts/4041.txt,https://pfaffs-web.lib.lehigh.edu/gunn_transcripts/4041.txt
288683,digitalcollections:gunn_4042,https://pfaffs-web.lib.lehigh.edu/gunn_transcripts/4042.txt,https://pfaffs-web.lib.lehigh.edu/gunn_transcripts/4042.txt
288684,digitalcollections:gunn_4043,https://pfaffs-web.lib.lehigh.edu/gunn_transcripts/4043.txt,https://pfaffs-web.lib.lehigh.edu/gunn_transcripts/4043.txt
288685,digitalcollections:gunn_4008,https://pfaffs-web.lib.lehigh.edu/gunn_transcripts/4008.txt,https://pfaffs-web.lib.lehigh.edu/gunn_transcripts/4008.txt
288686,digitalcollections:gunn_4009,https://pfaffs-web.lib.lehigh.edu/gunn_transcripts/4009.txt,https://pfaffs-web.lib.lehigh.edu/gunn_transcripts/4009.txt
288687,digitalcollections:gunn_4010,https://pfaffs-web.lib.lehigh.edu/gunn_transcripts/4010.txt,https://pfaffs-web.lib.lehigh.edu/gunn_transcripts/4010.txt
288688,digitalcollections:gunn_4011,https://pfaffs-web.lib.lehigh.edu/gunn_transcripts/4011.txt,https://pfaffs-web.lib.lehigh.edu/gunn_transcripts/4011.txt
288689,digitalcollections:gunn_4012,https://pfaffs-web.lib.lehigh.edu/gunn_transcripts/4012.txt,https://pfaffs-web.lib.lehigh.edu/gunn_transcripts/4012.txt
288690,digitalcollections:gunn_4013,https://pfaffs-web.lib.lehigh.edu/gunn_transcripts/4013.txt,https://pfaffs-web.lib.lehigh.edu/gunn_transcripts/4013.txt
288691,digitalcollections:gunn_4014,https://pfaffs-web.lib.lehigh.edu/gunn_transcripts/4014.txt,https://pfaffs-web.lib.lehigh.edu/gunn_transcripts/4014.txt
288692,digitalcollections:gunn_4029,https://pfaffs-web.lib.lehigh.edu/gunn_transcripts/4029.txt,https://pfaffs-web.lib.lehigh.edu/gunn_transcripts/4029.txt
288693,digitalcollections:gunn_4030,https://pfaffs-web.lib.lehigh.edu/gunn_transcripts/4030.txt,https://pfaffs-web.lib.lehigh.edu/gunn_transcripts/4030.txt
288694,digitalcollections:gunn_4031,https://pfaffs-web.lib.lehigh.edu/gunn_transcripts/4031.txt,https://pfaffs-web.lib.lehigh.edu/gunn_transcripts/4031.txt
288695,digitalcollections:gunn_4032,https://pfaffs-web.lib.lehigh.edu/gunn_transcripts/4032.txt,https://pfaffs-web.lib.lehigh.edu/gunn_transcripts/4032.txt
288696,digitalcollections:gunn_4033,https://pfaffs-web.lib.lehigh.edu/gunn_transcripts/4033.txt,https://pfaffs-web.lib.lehigh.edu/gunn_transcripts/4033.txt
288697,digitalcollections:gunn_4034,https://pfaffs-web.lib.lehigh.edu/gunn_transcripts/4034.txt,https://pfaffs-web.lib.lehigh.edu/gunn_transcripts/4034.txt
288698,digitalcollections:gunn_4035,https://pfaffs-web.lib.lehigh.edu/gunn_transcripts/4035.txt,https://pfaffs-web.lib.lehigh.edu/gunn_transcripts/4035.txt
288699,digitalcollections:gunn_4015,https://pfaffs-web.lib.lehigh.edu/gunn_transcripts/4015.txt,https://pfaffs-web.lib.lehigh.edu/gunn_transcripts/4015.txt
288700,digitalcollections:gunn_4016,https://pfaffs-web.lib.lehigh.edu/gunn_transcripts/4016.txt,https://pfaffs-web.lib.lehigh.edu/gunn_transcripts/4016.txt
288701,digitalcollections:gunn_4017,https://pfaffs-web.lib.lehigh.edu/gunn_transcripts/4017.txt,https://pfaffs-web.lib.lehigh.edu/gunn_transcripts/4017.txt
288702,digitalcollections:gunn_4018,https://pfaffs-web.lib.lehigh.edu/gunn_transcripts/4018.txt,https://pfaffs-web.lib.lehigh.edu/gunn_transcripts/4018.txt
288703,digitalcollections:gunn_4019,https://pfaffs-web.lib.lehigh.edu/gunn_transcripts/4019.txt,https://pfaffs-web.lib.lehigh.edu/gunn_transcripts/4019.txt
288704,digitalcollections:gunn_4020,https://pfaffs-web.lib.lehigh.edu/gunn_transcripts/4020.txt,https://pfaffs-web.lib.lehigh.edu/gunn_transcripts/4020.txt
288705,digitalcollections:gunn_3828,https://pfaffs-web.lib.lehigh.edu/gunn_transcripts/3828.txt,https://pfaffs-web.lib.lehigh.edu/gunn_transcripts/3828.txt
288706,digitalcollections:gunn_3829,https://pfaffs-web.lib.lehigh.edu/gunn_transcripts/3829.txt,https://pfaffs-web.lib.lehigh.edu/gunn_transcripts/3829.txt
288707,digitalcollections:gunn_3830,https://pfaffs-web.lib.lehigh.edu/gunn_transcripts/3830.txt,https://pfaffs-web.lib.lehigh.edu/gunn_transcripts/3830.txt
288708,digitalcollections:gunn_3831,https://pfaffs-web.lib.lehigh.edu/gunn_transcripts/3831.txt,https://pfaffs-web.lib.lehigh.edu/gunn_transcripts/3831.txt
288709,digitalcollections:gunn_3832,https://pfaffs-web.lib.lehigh.edu/gunn_transcripts/3832.txt,https://pfaffs-web.lib.lehigh.edu/gunn_transcripts/3832.txt
288710,digitalcollections:gunn_3833,https://pfaffs-web.lib.lehigh.edu/gunn_transcripts/3833.txt,https://pfaffs-web.lib.lehigh.edu/gunn_transcripts/3833.txt
288711,digitalcollections:gunn_3834,https://pfaffs-web.lib.lehigh.edu/gunn_transcripts/3834.txt,https://pfaffs-web.lib.lehigh.edu/gunn_transcripts/3834.txt
288712,digitalcollections:gunn_3877,https://pfaffs-web.lib.lehigh.edu/gunn_transcripts/3877.txt,https://pfaffs-web.lib.lehigh.edu/gunn_transcripts/3877.txt
288713,digitalcollections:gunn_3878,https://pfaffs-web.lib.lehigh.edu/gunn_transcripts/3878.txt,https://pfaffs-web.lib.lehigh.edu/gunn_transcripts/3878.txt
288714,digitalcollections:gunn_3879,https://pfaffs-web.lib.lehigh.edu/gunn_transcripts/3879.txt,https://pfaffs-web.lib.lehigh.edu/gunn_transcripts/3879.txt
288715,digitalcollections:gunn_3880,https://pfaffs-web.lib.lehigh.edu/gunn_transcripts/3880.txt,https://pfaffs-web.lib.lehigh.edu/gunn_transcripts/3880.txt
288716,digitalcollections:gunn_3881,https://pfaffs-web.lib.lehigh.edu/gunn_transcripts/3881.txt,https://pfaffs-web.lib.lehigh.edu/gunn_transcripts/3881.txt
288717,digitalcollections:gunn_3882,https://pfaffs-web.lib.lehigh.edu/gunn_transcripts/3882.txt,https://pfaffs-web.lib.lehigh.edu/gunn_transcripts/3882.txt
288718,digitalcollections:gunn_3883,https://pfaffs-web.lib.lehigh.edu/gunn_transcripts/3883.txt,https://pfaffs-web.lib.lehigh.edu/gunn_transcripts/3883.txt
288719,digitalcollections:gunn_3884,https://pfaffs-web.lib.lehigh.edu/gunn_transcripts/3884.txt,https://pfaffs-web.lib.lehigh.edu/gunn_transcripts/3884.txt
288720,digitalcollections:gunn_3885,https://pfaffs-web.lib.lehigh.edu/gunn_transcripts/3885.txt,https://pfaffs-web.lib.lehigh.edu/gunn_transcripts/3885.txt
288721,digitalcollections:gunn_3886,https://pfaffs-web.lib.lehigh.edu/gunn_transcripts/3886.txt,https://pfaffs-web.lib.lehigh.edu/gunn_transcripts/3886.txt
288722,digitalcollections:gunn_3887,https://pfaffs-web.lib.lehigh.edu/gunn_transcripts/3887.txt,https://pfaffs-web.lib.lehigh.edu/gunn_transcripts/3887.txt
288723,digitalcollections:gunn_3888,https://pfaffs-web.lib.lehigh.edu/gunn_transcripts/3888.txt,https://pfaffs-web.lib.lehigh.edu/gunn_transcripts/3888.txt
288724,digitalcollections:gunn_3889,https://pfaffs-web.lib.lehigh.edu/gunn_transcripts/3889.txt,https://pfaffs-web.lib.lehigh.edu/gunn_transcripts/3889.txt
288725,digitalcollections:gunn_3890,https://pfaffs-web.lib.lehigh.edu/gunn_transcripts/3890.txt,https://pfaffs-web.lib.lehigh.edu/gunn_transcripts/3890.txt
288726,digitalcollections:gunn_3891,https://pfaffs-web.lib.lehigh.edu/gunn_transcripts/3891.txt,https://pfaffs-web.lib.lehigh.edu/gunn_transcripts/3891.txt
288727,digitalcollections:gunn_3892,https://pfaffs-web.lib.lehigh.edu/gunn_transcripts/3892.txt,https://pfaffs-web.lib.lehigh.edu/gunn_transcripts/3892.txt
288728,digitalcollections:gunn_3893,https://pfaffs-web.lib.lehigh.edu/gunn_transcripts/3893.txt,https://pfaffs-web.lib.lehigh.edu/gunn_transcripts/3893.txt
288729,digitalcollections:gunn_3835,https://pfaffs-web.lib.lehigh.edu/gunn_transcripts/3835.txt,https://pfaffs-web.lib.lehigh.edu/gunn_transcripts/3835.txt
288730,digitalcollections:gunn_3836,https://pfaffs-web.lib.lehigh.edu/gunn_transcripts/3836.txt,https://pfaffs-web.lib.lehigh.edu/gunn_transcripts/3836.txt
288731,digitalcollections:gunn_3837,https://pfaffs-web.lib.lehigh.edu/gunn_transcripts/3837.txt,https://pfaffs-web.lib.lehigh.edu/gunn_transcripts/3837.txt
288732,digitalcollections:gunn_3838,https://pfaffs-web.lib.lehigh.edu/gunn_transcripts/3838.txt,https://pfaffs-web.lib.lehigh.edu/gunn_transcripts/3838.txt
288733,digitalcollections:gunn_3839,https://pfaffs-web.lib.lehigh.edu/gunn_transcripts/3839.txt,https://pfaffs-web.lib.lehigh.edu/gunn_transcripts/3839.txt
288734,digitalcollections:gunn_3840,https://pfaffs-web.lib.lehigh.edu/gunn_transcripts/3840.txt,https://pfaffs-web.lib.lehigh.edu/gunn_transcripts/3840.txt
288735,digitalcollections:gunn_3841,https://pfaffs-web.lib.lehigh.edu/gunn_transcripts/3841.txt,https://pfaffs-web.lib.lehigh.edu/gunn_transcripts/3841.txt
288736,digitalcollections:gunn_3862,https://pfaffs-web.lib.lehigh.edu/gunn_transcripts/3862.txt,https://pfaffs-web.lib.lehigh.edu/gunn_transcripts/3862.txt
288737,digitalcollections:gunn_3863,https://pfaffs-web.lib.lehigh.edu/gunn_transcripts/3863.txt,https://pfaffs-web.lib.lehigh.edu/gunn_transcripts/3863.txt
288738,digitalcollections:gunn_3864,https://pfaffs-web.lib.lehigh.edu/gunn_transcripts/3864.txt,https://pfaffs-web.lib.lehigh.edu/gunn_transcripts/3864.txt
288739,digitalcollections:gunn_3865,https://pfaffs-web.lib.lehigh.edu/gunn_transcripts/3865.txt,https://pfaffs-web.lib.lehigh.edu/gunn_transcripts/3865.txt
288740,digitalcollections:gunn_3866,https://pfaffs-web.lib.lehigh.edu/gunn_transcripts/3866.txt,https://pfaffs-web.lib.lehigh.edu/gunn_transcripts/3866.txt
288741,digitalcollections:gunn_3867,https://pfaffs-web.lib.lehigh.edu/gunn_transcripts/3867.txt,https://pfaffs-web.lib.lehigh.edu/gunn_transcripts/3867.txt
288742,digitalcollections:gunn_3868,https://pfaffs-web.lib.lehigh.edu/gunn_transcripts/3868.txt,https://pfaffs-web.lib.lehigh.edu/gunn_transcripts/3868.txt
288743,digitalcollections:gunn_3869,https://pfaffs-web.lib.lehigh.edu/gunn_transcripts/3869.txt,https://pfaffs-web.lib.lehigh.edu/gunn_transcripts/3869.txt
288744,digitalcollections:gunn_3855,https://pfaffs-web.lib.lehigh.edu/gunn_transcripts/3855.txt,https://pfaffs-web.lib.lehigh.edu/gunn_transcripts/3855.txt
288745,digitalcollections:gunn_3856,https://pfaffs-web.lib.lehigh.edu/gunn_transcripts/3856.txt,https://pfaffs-web.lib.lehigh.edu/gunn_transcripts/3856.txt
288746,digitalcollections:gunn_3857,https://pfaffs-web.lib.lehigh.edu/gunn_transcripts/3857.txt,https://pfaffs-web.lib.lehigh.edu/gunn_transcripts/3857.txt
288747,digitalcollections:gunn_3858,https://pfaffs-web.lib.lehigh.edu/gunn_transcripts/3858.txt,https://pfaffs-web.lib.lehigh.edu/gunn_transcripts/3858.txt
288748,digitalcollections:gunn_3859,https://pfaffs-web.lib.lehigh.edu/gunn_transcripts/3859.txt,https://pfaffs-web.lib.lehigh.edu/gunn_transcripts/3859.txt
288749,digitalcollections:gunn_3860,https://pfaffs-web.lib.lehigh.edu/gunn_transcripts/3860.txt,https://pfaffs-web.lib.lehigh.edu/gunn_transcripts/3860.txt
288750,digitalcollections:gunn_3861,https://pfaffs-web.lib.lehigh.edu/gunn_transcripts/3861.txt,https://pfaffs-web.lib.lehigh.edu/gunn_transcripts/3861.txt
288751,digitalcollections:gunn_3870,https://pfaffs-web.lib.lehigh.edu/gunn_transcripts/3870.txt,https://pfaffs-web.lib.lehigh.edu/gunn_transcripts/3870.txt
288752,digitalcollections:gunn_3871,https://pfaffs-web.lib.lehigh.edu/gunn_transcripts/3871.txt,https://pfaffs-web.lib.lehigh.edu/gunn_transcripts/3871.txt
288753,digitalcollections:gunn_3872,https://pfaffs-web.lib.lehigh.edu/gunn_transcripts/3872.txt,https://pfaffs-web.lib.lehigh.edu/gunn_transcripts/3872.txt
288754,digitalcollections:gunn_3873,https://pfaffs-web.lib.lehigh.edu/gunn_transcripts/3873.txt,https://pfaffs-web.lib.lehigh.edu/gunn_transcripts/3873.txt
288755,digitalcollections:gunn_3874,https://pfaffs-web.lib.lehigh.edu/gunn_transcripts/3874.txt,https://pfaffs-web.lib.lehigh.edu/gunn_transcripts/3874.txt
288756,digitalcollections:gunn_3875,https://pfaffs-web.lib.lehigh.edu/gunn_transcripts/3875.txt,https://pfaffs-web.lib.lehigh.edu/gunn_transcripts/3875.txt
288757,digitalcollections:gunn_3876,https://pfaffs-web.lib.lehigh.edu/gunn_transcripts/3876.txt,https://pfaffs-web.lib.lehigh.edu/gunn_transcripts/3876.txt
288758,digitalcollections:gunn_3842,https://pfaffs-web.lib.lehigh.edu/gunn_transcripts/3842.txt,https://pfaffs-web.lib.lehigh.edu/gunn_transcripts/3842.txt
288759,digitalcollections:gunn_3843,https://pfaffs-web.lib.lehigh.edu/gunn_transcripts/3843.txt,https://pfaffs-web.lib.lehigh.edu/gunn_transcripts/3843.txt
288760,digitalcollections:gunn_3844,https://pfaffs-web.lib.lehigh.edu/gunn_transcripts/3844.txt,https://pfaffs-web.lib.lehigh.edu/gunn_transcripts/3844.txt
288761,digitalcollections:gunn_3845,https://pfaffs-web.lib.lehigh.edu/gunn_transcripts/3845.txt,https://pfaffs-web.lib.lehigh.edu/gunn_transcripts/3845.txt
288762,digitalcollections:gunn_3846,https://pfaffs-web.lib.lehigh.edu/gunn_transcripts/3846.txt,https://pfaffs-web.lib.lehigh.edu/gunn_transcripts/3846.txt
288763,digitalcollections:gunn_3847,https://pfaffs-web.lib.lehigh.edu/gunn_transcripts/3847.txt,https://pfaffs-web.lib.lehigh.edu/gunn_transcripts/3847.txt
288764,digitalcollections:gunn_3848,https://pfaffs-web.lib.lehigh.edu/gunn_transcripts/3848.txt,https://pfaffs-web.lib.lehigh.edu/gunn_transcripts/3848.txt
288765,digitalcollections:gunn_3849,https://pfaffs-web.lib.lehigh.edu/gunn_transcripts/3849.txt,https://pfaffs-web.lib.lehigh.edu/gunn_transcripts/3849.txt
288766,digitalcollections:gunn_3850,https://pfaffs-web.lib.lehigh.edu/gunn_transcripts/3850.txt,https://pfaffs-web.lib.lehigh.edu/gunn_transcripts/3850.txt
288767,digitalcollections:gunn_3851,https://pfaffs-web.lib.lehigh.edu/gunn_transcripts/3851.txt,https://pfaffs-web.lib.lehigh.edu/gunn_transcripts/3851.txt
288768,digitalcollections:gunn_3852,https://pfaffs-web.lib.lehigh.edu/gunn_transcripts/3852.txt,https://pfaffs-web.lib.lehigh.edu/gunn_transcripts/3852.txt
288769,digitalcollections:gunn_3853,https://pfaffs-web.lib.lehigh.edu/gunn_transcripts/3853.txt,https://pfaffs-web.lib.lehigh.edu/gunn_transcripts/3853.txt
288770,digitalcollections:gunn_3854,https://pfaffs-web.lib.lehigh.edu/gunn_transcripts/3854.txt,https://pfaffs-web.lib.lehigh.edu/gunn_transcripts/3854.txt
288771,digitalcollections:gunn_3984,https://pfaffs-web.lib.lehigh.edu/gunn_transcripts/3984.txt,https://pfaffs-web.lib.lehigh.edu/gunn_transcripts/3984.txt
288772,digitalcollections:gunn_3985,https://pfaffs-web.lib.lehigh.edu/gunn_transcripts/3985.txt,https://pfaffs-web.lib.lehigh.edu/gunn_transcripts/3985.txt
288773,digitalcollections:gunn_3986,https://pfaffs-web.lib.lehigh.edu/gunn_transcripts/3986.txt,https://pfaffs-web.lib.lehigh.edu/gunn_transcripts/3986.txt
288774,digitalcollections:gunn_3987,https://pfaffs-web.lib.lehigh.edu/gunn_transcripts/3987.txt,https://pfaffs-web.lib.lehigh.edu/gunn_transcripts/3987.txt
288775,digitalcollections:gunn_3988,https://pfaffs-web.lib.lehigh.edu/gunn_transcripts/3988.txt,https://pfaffs-web.lib.lehigh.edu/gunn_transcripts/3988.txt
288776,digitalcollections:gunn_3989,https://pfaffs-web.lib.lehigh.edu/gunn_transcripts/3989.txt,https://pfaffs-web.lib.lehigh.edu/gunn_transcripts/3989.txt
288777,digitalcollections:gunn_3990,https://pfaffs-web.lib.lehigh.edu/gunn_transcripts/3990.txt,https://pfaffs-web.lib.lehigh.edu/gunn_transcripts/3990.txt
288778,digitalcollections:gunn_3991,https://pfaffs-web.lib.lehigh.edu/gunn_transcripts/3991.txt,https://pfaffs-web.lib.lehigh.edu/gunn_transcripts/3991.txt
288779,digitalcollections:gunn_3949,https://pfaffs-web.lib.lehigh.edu/gunn_transcripts/3949.txt,https://pfaffs-web.lib.lehigh.edu/gunn_transcripts/3949.txt
288780,digitalcollections:gunn_3950,https://pfaffs-web.lib.lehigh.edu/gunn_transcripts/3950.txt,https://pfaffs-web.lib.lehigh.edu/gunn_transcripts/3950.txt
288781,digitalcollections:gunn_3951,https://pfaffs-web.lib.lehigh.edu/gunn_transcripts/3951.txt,https://pfaffs-web.lib.lehigh.edu/gunn_transcripts/3951.txt
288782,digitalcollections:gunn_3952,https://pfaffs-web.lib.lehigh.edu/gunn_transcripts/3952.txt,https://pfaffs-web.lib.lehigh.edu/gunn_transcripts/3952.txt
288783,digitalcollections:gunn_3953,https://pfaffs-web.lib.lehigh.edu/gunn_transcripts/3953.txt,https://pfaffs-web.lib.lehigh.edu/gunn_transcripts/3953.txt
288784,digitalcollections:gunn_3954,https://pfaffs-web.lib.lehigh.edu/gunn_transcripts/3954.txt,https://pfaffs-web.lib.lehigh.edu/gunn_transcripts/3954.txt
288785,digitalcollections:gunn_3955,https://pfaffs-web.lib.lehigh.edu/gunn_transcripts/3955.txt,https://pfaffs-web.lib.lehigh.edu/gunn_transcripts/3955.txt
288786,digitalcollections:gunn_3957,https://pfaffs-web.lib.lehigh.edu/gunn_transcripts/3957.txt,https://pfaffs-web.lib.lehigh.edu/gunn_transcripts/3957.txt
288787,digitalcollections:gunn_3958,https://pfaffs-web.lib.lehigh.edu/gunn_transcripts/3958.txt,https://pfaffs-web.lib.lehigh.edu/gunn_transcripts/3958.txt
288788,digitalcollections:gunn_3959,https://pfaffs-web.lib.lehigh.edu/gunn_transcripts/3959.txt,https://pfaffs-web.lib.lehigh.edu/gunn_transcripts/3959.txt
288789,digitalcollections:gunn_3960,https://pfaffs-web.lib.lehigh.edu/gunn_transcripts/3960.txt,https://pfaffs-web.lib.lehigh.edu/gunn_transcripts/3960.txt
288790,digitalcollections:gunn_3961,https://pfaffs-web.lib.lehigh.edu/gunn_transcripts/3961.txt,https://pfaffs-web.lib.lehigh.edu/gunn_transcripts/3961.txt
288791,digitalcollections:gunn_3962,https://pfaffs-web.lib.lehigh.edu/gunn_transcripts/3962.txt,https://pfaffs-web.lib.lehigh.edu/gunn_transcripts/3962.txt
288792,digitalcollections:gunn_3970,https://pfaffs-web.lib.lehigh.edu/gunn_transcripts/3970.txt,https://pfaffs-web.lib.lehigh.edu/gunn_transcripts/3970.txt
288793,digitalcollections:gunn_3971,https://pfaffs-web.lib.lehigh.edu/gunn_transcripts/3971.txt,https://pfaffs-web.lib.lehigh.edu/gunn_transcripts/3971.txt
288794,digitalcollections:gunn_3972,https://pfaffs-web.lib.lehigh.edu/gunn_transcripts/3972.txt,https://pfaffs-web.lib.lehigh.edu/gunn_transcripts/3972.txt
288795,digitalcollections:gunn_3973,https://pfaffs-web.lib.lehigh.edu/gunn_transcripts/3973.txt,https://pfaffs-web.lib.lehigh.edu/gunn_transcripts/3973.txt
288796,digitalcollections:gunn_3974,https://pfaffs-web.lib.lehigh.edu/gunn_transcripts/3974.txt,https://pfaffs-web.lib.lehigh.edu/gunn_transcripts/3974.txt
288797,digitalcollections:gunn_3975,https://pfaffs-web.lib.lehigh.edu/gunn_transcripts/3975.txt,https://pfaffs-web.lib.lehigh.edu/gunn_transcripts/3975.txt
288798,digitalcollections:gunn_3976,https://pfaffs-web.lib.lehigh.edu/gunn_transcripts/3976.txt,https://pfaffs-web.lib.lehigh.edu/gunn_transcripts/3976.txt
288799,digitalcollections:gunn_3978,https://pfaffs-web.lib.lehigh.edu/gunn_transcripts/3978.txt,https://pfaffs-web.lib.lehigh.edu/gunn_transcripts/3978.txt
288800,digitalcollections:gunn_3979,https://pfaffs-web.lib.lehigh.edu/gunn_transcripts/3979.txt,https://pfaffs-web.lib.lehigh.edu/gunn_transcripts/3979.txt
288801,digitalcollections:gunn_3980,https://pfaffs-web.lib.lehigh.edu/gunn_transcripts/3980.txt,https://pfaffs-web.lib.lehigh.edu/gunn_transcripts/3980.txt
288802,digitalcollections:gunn_3981,https://pfaffs-web.lib.lehigh.edu/gunn_transcripts/3981.txt,https://pfaffs-web.lib.lehigh.edu/gunn_transcripts/3981.txt
288803,digitalcollections:gunn_3982,https://pfaffs-web.lib.lehigh.edu/gunn_transcripts/3982.txt,https://pfaffs-web.lib.lehigh.edu/gunn_transcripts/3982.txt
288804,digitalcollections:gunn_3983,https://pfaffs-web.lib.lehigh.edu/gunn_transcripts/3983.txt,https://pfaffs-web.lib.lehigh.edu/gunn_transcripts/3983.txt
288805,digitalcollections:gunn_3964,https://pfaffs-web.lib.lehigh.edu/gunn_transcripts/3964.txt,https://pfaffs-web.lib.lehigh.edu/gunn_transcripts/3964.txt
288806,digitalcollections:gunn_3965,https://pfaffs-web.lib.lehigh.edu/gunn_transcripts/3965.txt,https://pfaffs-web.lib.lehigh.edu/gunn_transcripts/3965.txt
288807,digitalcollections:gunn_3966,https://pfaffs-web.lib.lehigh.edu/gunn_transcripts/3966.txt,https://pfaffs-web.lib.lehigh.edu/gunn_transcripts/3966.txt
288808,digitalcollections:gunn_3967,https://pfaffs-web.lib.lehigh.edu/gunn_transcripts/3967.txt,https://pfaffs-web.lib.lehigh.edu/gunn_transcripts/3967.txt
288809,digitalcollections:gunn_3968,https://pfaffs-web.lib.lehigh.edu/gunn_transcripts/3968.txt,https://pfaffs-web.lib.lehigh.edu/gunn_transcripts/3968.txt
288810,digitalcollections:gunn_3969,https://pfaffs-web.lib.lehigh.edu/gunn_transcripts/3969.txt,https://pfaffs-web.lib.lehigh.edu/gunn_transcripts/3969.txt
288811,digitalcollections:gunn_3956,https://pfaffs-web.lib.lehigh.edu/gunn_transcripts/3956.txt,https://pfaffs-web.lib.lehigh.edu/gunn_transcripts/3956.txt
288812,digitalcollections:gunn_3977,https://pfaffs-web.lib.lehigh.edu/gunn_transcripts/3977.txt,https://pfaffs-web.lib.lehigh.edu/gunn_transcripts/3977.txt
288813,digitalcollections:gunn_3963,https://pfaffs-web.lib.lehigh.edu/gunn_transcripts/3963.txt,https://pfaffs-web.lib.lehigh.edu/gunn_transcripts/3963.txt
288814,digitalcollections:gunn_3939,https://pfaffs-web.lib.lehigh.edu/gunn_transcripts/3939.txt,https://pfaffs-web.lib.lehigh.edu/gunn_transcripts/3939.txt
288815,digitalcollections:gunn_3940,https://pfaffs-web.lib.lehigh.edu/gunn_transcripts/3940.txt,https://pfaffs-web.lib.lehigh.edu/gunn_transcripts/3940.txt
288816,digitalcollections:gunn_3941,https://pfaffs-web.lib.lehigh.edu/gunn_transcripts/3941.txt,https://pfaffs-web.lib.lehigh.edu/gunn_transcripts/3941.txt
288817,digitalcollections:gunn_3942,https://pfaffs-web.lib.lehigh.edu/gunn_transcripts/3942.txt,https://pfaffs-web.lib.lehigh.edu/gunn_transcripts/3942.txt
288818,digitalcollections:gunn_3943,https://pfaffs-web.lib.lehigh.edu/gunn_transcripts/3943.txt,https://pfaffs-web.lib.lehigh.edu/gunn_transcripts/3943.txt
288819,digitalcollections:gunn_3944,https://pfaffs-web.lib.lehigh.edu/gunn_transcripts/3944.txt,https://pfaffs-web.lib.lehigh.edu/gunn_transcripts/3944.txt
288820,digitalcollections:gunn_3945,https://pfaffs-web.lib.lehigh.edu/gunn_transcripts/3945.txt,https://pfaffs-web.lib.lehigh.edu/gunn_transcripts/3945.txt
288821,digitalcollections:gunn_3946,https://pfaffs-web.lib.lehigh.edu/gunn_transcripts/3946.txt,https://pfaffs-web.lib.lehigh.edu/gunn_transcripts/3946.txt
288822,digitalcollections:gunn_3947,https://pfaffs-web.lib.lehigh.edu/gunn_transcripts/3947.txt,https://pfaffs-web.lib.lehigh.edu/gunn_transcripts/3947.txt
288823,digitalcollections:gunn_3923,https://pfaffs-web.lib.lehigh.edu/gunn_transcripts/3923.txt,https://pfaffs-web.lib.lehigh.edu/gunn_transcripts/3923.txt
288824,digitalcollections:gunn_3924,https://pfaffs-web.lib.lehigh.edu/gunn_transcripts/3924.txt,https://pfaffs-web.lib.lehigh.edu/gunn_transcripts/3924.txt
288825,digitalcollections:gunn_3925,https://pfaffs-web.lib.lehigh.edu/gunn_transcripts/3925.txt,https://pfaffs-web.lib.lehigh.edu/gunn_transcripts/3925.txt
288826,digitalcollections:gunn_3926,https://pfaffs-web.lib.lehigh.edu/gunn_transcripts/3926.txt,https://pfaffs-web.lib.lehigh.edu/gunn_transcripts/3926.txt
288827,digitalcollections:gunn_3927,https://pfaffs-web.lib.lehigh.edu/gunn_transcripts/3927.txt,https://pfaffs-web.lib.lehigh.edu/gunn_transcripts/3927.txt
288828,digitalcollections:gunn_3928,https://pfaffs-web.lib.lehigh.edu/gunn_transcripts/3928.txt,https://pfaffs-web.lib.lehigh.edu/gunn_transcripts/3928.txt
288829,digitalcollections:gunn_3929,https://pfaffs-web.lib.lehigh.edu/gunn_transcripts/3929.txt,https://pfaffs-web.lib.lehigh.edu/gunn_transcripts/3929.txt
288830,digitalcollections:gunn_3930,https://pfaffs-web.lib.lehigh.edu/gunn_transcripts/3930.txt,https://pfaffs-web.lib.lehigh.edu/gunn_transcripts/3930.txt
288831,digitalcollections:gunn_3900,https://pfaffs-web.lib.lehigh.edu/gunn_transcripts/3900.txt,https://pfaffs-web.lib.lehigh.edu/gunn_transcripts/3900.txt
288832,digitalcollections:gunn_3901,https://pfaffs-web.lib.lehigh.edu/gunn_transcripts/3901.txt,https://pfaffs-web.lib.lehigh.edu/gunn_transcripts/3901.txt
288833,digitalcollections:gunn_3902,https://pfaffs-web.lib.lehigh.edu/gunn_transcripts/3902.txt,https://pfaffs-web.lib.lehigh.edu/gunn_transcripts/3902.txt
288834,digitalcollections:gunn_3903,https://pfaffs-web.lib.lehigh.edu/gunn_transcripts/3903.txt,https://pfaffs-web.lib.lehigh.edu/gunn_transcripts/3903.txt
288835,digitalcollections:gunn_3904,https://pfaffs-web.lib.lehigh.edu/gunn_transcripts/3904.txt,https://pfaffs-web.lib.lehigh.edu/gunn_transcripts/3904.txt
288836,digitalcollections:gunn_3905,https://pfaffs-web.lib.lehigh.edu/gunn_transcripts/3905.txt,https://pfaffs-web.lib.lehigh.edu/gunn_transcripts/3905.txt
288837,digitalcollections:gunn_3906,https://pfaffs-web.lib.lehigh.edu/gunn_transcripts/3906.txt,https://pfaffs-web.lib.lehigh.edu/gunn_transcripts/3906.txt
288838,digitalcollections:gunn_3907,https://pfaffs-web.lib.lehigh.edu/gunn_transcripts/3907.txt,https://pfaffs-web.lib.lehigh.edu/gunn_transcripts/3907.txt
288839,digitalcollections:gunn_3931,https://pfaffs-web.lib.lehigh.edu/gunn_transcripts/3931.txt,https://pfaffs-web.lib.lehigh.edu/gunn_transcripts/3931.txt
288840,digitalcollections:gunn_3932,https://pfaffs-web.lib.lehigh.edu/gunn_transcripts/3932.txt,https://pfaffs-web.lib.lehigh.edu/gunn_transcripts/3932.txt
288841,digitalcollections:gunn_3933,https://pfaffs-web.lib.lehigh.edu/gunn_transcripts/3933.txt,https://pfaffs-web.lib.lehigh.edu/gunn_transcripts/3933.txt
288842,digitalcollections:gunn_3934,https://pfaffs-web.lib.lehigh.edu/gunn_transcripts/3934.txt,https://pfaffs-web.lib.lehigh.edu/gunn_transcripts/3934.txt
288843,digitalcollections:gunn_3935,https://pfaffs-web.lib.lehigh.edu/gunn_transcripts/3935.txt,https://pfaffs-web.lib.lehigh.edu/gunn_transcripts/3935.txt
288844,digitalcollections:gunn_3936,https://pfaffs-web.lib.lehigh.edu/gunn_transcripts/3936.txt,https://pfaffs-web.lib.lehigh.edu/gunn_transcripts/3936.txt
288845,digitalcollections:gunn_3937,https://pfaffs-web.lib.lehigh.edu/gunn_transcripts/3937.txt,https://pfaffs-web.lib.lehigh.edu/gunn_transcripts/3937.txt
288846,digitalcollections:gunn_3938,https://pfaffs-web.lib.lehigh.edu/gunn_transcripts/3938.txt,https://pfaffs-web.lib.lehigh.edu/gunn_transcripts/3938.txt
288847,digitalcollections:gunn_3916,https://pfaffs-web.lib.lehigh.edu/gunn_transcripts/3916.txt,https://pfaffs-web.lib.lehigh.edu/gunn_transcripts/3916.txt
288848,digitalcollections:gunn_3917,https://pfaffs-web.lib.lehigh.edu/gunn_transcripts/3917.txt,https://pfaffs-web.lib.lehigh.edu/gunn_transcripts/3917.txt
288849,digitalcollections:gunn_3918,https://pfaffs-web.lib.lehigh.edu/gunn_transcripts/3918.txt,https://pfaffs-web.lib.lehigh.edu/gunn_transcripts/3918.txt
288850,digitalcollections:gunn_3919,https://pfaffs-web.lib.lehigh.edu/gunn_transcripts/3919.txt,https://pfaffs-web.lib.lehigh.edu/gunn_transcripts/3919.txt
288851,digitalcollections:gunn_3920,https://pfaffs-web.lib.lehigh.edu/gunn_transcripts/3920.txt,https://pfaffs-web.lib.lehigh.edu/gunn_transcripts/3920.txt
288852,digitalcollections:gunn_3921,https://pfaffs-web.lib.lehigh.edu/gunn_transcripts/3921.txt,https://pfaffs-web.lib.lehigh.edu/gunn_transcripts/3921.txt
288853,digitalcollections:gunn_3922,https://pfaffs-web.lib.lehigh.edu/gunn_transcripts/3922.txt,https://pfaffs-web.lib.lehigh.edu/gunn_transcripts/3922.txt
288854,digitalcollections:gunn_3908,https://pfaffs-web.lib.lehigh.edu/gunn_transcripts/3908.txt,https://pfaffs-web.lib.lehigh.edu/gunn_transcripts/3908.txt
288855,digitalcollections:gunn_3909,https://pfaffs-web.lib.lehigh.edu/gunn_transcripts/3909.txt,https://pfaffs-web.lib.lehigh.edu/gunn_transcripts/3909.txt
288856,digitalcollections:gunn_3910,https://pfaffs-web.lib.lehigh.edu/gunn_transcripts/3910.txt,https://pfaffs-web.lib.lehigh.edu/gunn_transcripts/3910.txt
288857,digitalcollections:gunn_3911,https://pfaffs-web.lib.lehigh.edu/gunn_transcripts/3911.txt,https://pfaffs-web.lib.lehigh.edu/gunn_transcripts/3911.txt
288858,digitalcollections:gunn_3912,https://pfaffs-web.lib.lehigh.edu/gunn_transcripts/3912.txt,https://pfaffs-web.lib.lehigh.edu/gunn_transcripts/3912.txt
288859,digitalcollections:gunn_3913,https://pfaffs-web.lib.lehigh.edu/gunn_transcripts/3913.txt,https://pfaffs-web.lib.lehigh.edu/gunn_transcripts/3913.txt
288860,digitalcollections:gunn_3914,https://pfaffs-web.lib.lehigh.edu/gunn_transcripts/3914.txt,https://pfaffs-web.lib.lehigh.edu/gunn_transcripts/3914.txt
288861,digitalcollections:gunn_3894,https://pfaffs-web.lib.lehigh.edu/gunn_transcripts/3894.txt,https://pfaffs-web.lib.lehigh.edu/gunn_transcripts/3894.txt
288862,digitalcollections:gunn_3895,https://pfaffs-web.lib.lehigh.edu/gunn_transcripts/3895.txt,https://pfaffs-web.lib.lehigh.edu/gunn_transcripts/3895.txt
288863,digitalcollections:gunn_3896,https://pfaffs-web.lib.lehigh.edu/gunn_transcripts/3896.txt,https://pfaffs-web.lib.lehigh.edu/gunn_transcripts/3896.txt
288864,digitalcollections:gunn_3897,https://pfaffs-web.lib.lehigh.edu/gunn_transcripts/3897.txt,https://pfaffs-web.lib.lehigh.edu/gunn_transcripts/3897.txt
288865,digitalcollections:gunn_3898,https://pfaffs-web.lib.lehigh.edu/gunn_transcripts/3898.txt,https://pfaffs-web.lib.lehigh.edu/gunn_transcripts/3898.txt
288866,digitalcollections:gunn_3899,https://pfaffs-web.lib.lehigh.edu/gunn_transcripts/3899.txt,https://pfaffs-web.lib.lehigh.edu/gunn_transcripts/3899.txt
288867,digitalcollections:gunn_3948,https://pfaffs-web.lib.lehigh.edu/gunn_transcripts/3948.txt,https://pfaffs-web.lib.lehigh.edu/gunn_transcripts/3948.txt
288868,digitalcollections:gunn_3915,https://pfaffs-web.lib.lehigh.edu/gunn_transcripts/3915.txt,https://pfaffs-web.lib.lehigh.edu/gunn_transcripts/3915.txt
288869,digitalcollections:gunn_4083,https://pfaffs-web.lib.lehigh.edu/gunn_transcripts/4083.txt,https://pfaffs-web.lib.lehigh.edu/gunn_transcripts/4083.txt
288870,digitalcollections:gunn_4084,https://pfaffs-web.lib.lehigh.edu/gunn_transcripts/4084.txt,https://pfaffs-web.lib.lehigh.edu/gunn_transcripts/4084.txt
288871,digitalcollections:gunn_4085,https://pfaffs-web.lib.lehigh.edu/gunn_transcripts/4085.txt,https://pfaffs-web.lib.lehigh.edu/gunn_transcripts/4085.txt
288872,digitalcollections:gunn_4086,https://pfaffs-web.lib.lehigh.edu/gunn_transcripts/4086.txt,https://pfaffs-web.lib.lehigh.edu/gunn_transcripts/4086.txt
288873,digitalcollections:gunn_4087,https://pfaffs-web.lib.lehigh.edu/gunn_transcripts/4087.txt,https://pfaffs-web.lib.lehigh.edu/gunn_transcripts/4087.txt
288874,digitalcollections:gunn_4088,https://pfaffs-web.lib.lehigh.edu/gunn_transcripts/4088.txt,https://pfaffs-web.lib.lehigh.edu/gunn_transcripts/4088.txt
288875,digitalcollections:gunn_4063,https://pfaffs-web.lib.lehigh.edu/gunn_transcripts/4063.txt,https://pfaffs-web.lib.lehigh.edu/gunn_transcripts/4063.txt
288876,digitalcollections:gunn_4064,https://pfaffs-web.lib.lehigh.edu/gunn_transcripts/4064.txt,https://pfaffs-web.lib.lehigh.edu/gunn_transcripts/4064.txt
288877,digitalcollections:gunn_4065,https://pfaffs-web.lib.lehigh.edu/gunn_transcripts/4065.txt,https://pfaffs-web.lib.lehigh.edu/gunn_transcripts/4065.txt
288878,digitalcollections:gunn_4066,https://pfaffs-web.lib.lehigh.edu/gunn_transcripts/4066.txt,https://pfaffs-web.lib.lehigh.edu/gunn_transcripts/4066.txt
288879,digitalcollections:gunn_4067,https://pfaffs-web.lib.lehigh.edu/gunn_transcripts/4067.txt,https://pfaffs-web.lib.lehigh.edu/gunn_transcripts/4067.txt
288880,digitalcollections:gunn_4068,https://pfaffs-web.lib.lehigh.edu/gunn_transcripts/4068.txt,https://pfaffs-web.lib.lehigh.edu/gunn_transcripts/4068.txt
288881,digitalcollections:gunn_4069,https://pfaffs-web.lib.lehigh.edu/gunn_transcripts/4069.txt,https://pfaffs-web.lib.lehigh.edu/gunn_transcripts/4069.txt
288882,digitalcollections:gunn_4076,https://pfaffs-web.lib.lehigh.edu/gunn_transcripts/4076.txt,https://pfaffs-web.lib.lehigh.edu/gunn_transcripts/4076.txt
288883,digitalcollections:gunn_4077,https://pfaffs-web.lib.lehigh.edu/gunn_transcripts/4077.txt,https://pfaffs-web.lib.lehigh.edu/gunn_transcripts/4077.txt
288884,digitalcollections:gunn_4078,https://pfaffs-web.lib.lehigh.edu/gunn_transcripts/4078.txt,https://pfaffs-web.lib.lehigh.edu/gunn_transcripts/4078.txt
288885,digitalcollections:gunn_4079,https://pfaffs-web.lib.lehigh.edu/gunn_transcripts/4079.txt,https://pfaffs-web.lib.lehigh.edu/gunn_transcripts/4079.txt
288886,digitalcollections:gunn_4080,https://pfaffs-web.lib.lehigh.edu/gunn_transcripts/4080.txt,https://pfaffs-web.lib.lehigh.edu/gunn_transcripts/4080.txt
288887,digitalcollections:gunn_4081,https://pfaffs-web.lib.lehigh.edu/gunn_transcripts/4081.txt,https://pfaffs-web.lib.lehigh.edu/gunn_transcripts/4081.txt
288888,digitalcollections:gunn_4082,https://pfaffs-web.lib.lehigh.edu/gunn_transcripts/4082.txt,https://pfaffs-web.lib.lehigh.edu/gunn_transcripts/4082.txt
288889,digitalcollections:gunn_4070,https://pfaffs-web.lib.lehigh.edu/gunn_transcripts/4070.txt,https://pfaffs-web.lib.lehigh.edu/gunn_transcripts/4070.txt
288890,digitalcollections:gunn_4071,https://pfaffs-web.lib.lehigh.edu/gunn_transcripts/4071.txt,https://pfaffs-web.lib.lehigh.edu/gunn_transcripts/4071.txt
288891,digitalcollections:gunn_4072,https://pfaffs-web.lib.lehigh.edu/gunn_transcripts/4072.txt,https://pfaffs-web.lib.lehigh.edu/gunn_transcripts/4072.txt
288892,digitalcollections:gunn_4073,https://pfaffs-web.lib.lehigh.edu/gunn_transcripts/4073.txt,https://pfaffs-web.lib.lehigh.edu/gunn_transcripts/4073.txt
288893,digitalcollections:gunn_4074,https://pfaffs-web.lib.lehigh.edu/gunn_transcripts/4074.txt,https://pfaffs-web.lib.lehigh.edu/gunn_transcripts/4074.txt
288894,digitalcollections:gunn_4075,https://pfaffs-web.lib.lehigh.edu/gunn_transcripts/4075.txt,https://pfaffs-web.lib.lehigh.edu/gunn_transcripts/4075.txt
288895,digitalcollections:gunn_4062,https://pfaffs-web.lib.lehigh.edu/gunn_transcripts/4062.txt,https://pfaffs-web.lib.lehigh.edu/gunn_transcripts/4062.txt
288896,digitalcollections:gunn_1679,https://pfaffs-web.lib.lehigh.edu/gunn_transcripts/1679.txt,https://pfaffs-web.lib.lehigh.edu/gunn_transcripts/1679.txt
288897,digitalcollections:gunn_1680,https://pfaffs-web.lib.lehigh.edu/gunn_transcripts/1680.txt,https://pfaffs-web.lib.lehigh.edu/gunn_transcripts/1680.txt
288898,digitalcollections:gunn_1681,https://pfaffs-web.lib.lehigh.edu/gunn_transcripts/1681.txt,https://pfaffs-web.lib.lehigh.edu/gunn_transcripts/1681.txt
288899,digitalcollections:gunn_1682,https://pfaffs-web.lib.lehigh.edu/gunn_transcripts/1682.txt,https://pfaffs-web.lib.lehigh.edu/gunn_transcripts/1682.txt
288900,digitalcollections:gunn_1683,https://pfaffs-web.lib.lehigh.edu/gunn_transcripts/1683.txt,https://pfaffs-web.lib.lehigh.edu/gunn_transcripts/1683.txt
288901,digitalcollections:gunn_1684,https://pfaffs-web.lib.lehigh.edu/gunn_transcripts/1684.txt,https://pfaffs-web.lib.lehigh.edu/gunn_transcripts/1684.txt
288902,digitalcollections:gunn_1685,https://pfaffs-web.lib.lehigh.edu/gunn_transcripts/1685.txt,https://pfaffs-web.lib.lehigh.edu/gunn_transcripts/1685.txt
288903,digitalcollections:gunn_1686,https://pfaffs-web.lib.lehigh.edu/gunn_transcripts/1686.txt,https://pfaffs-web.lib.lehigh.edu/gunn_transcripts/1686.txt
288904,digitalcollections:gunn_1687,https://pfaffs-web.lib.lehigh.edu/gunn_transcripts/1687.txt,https://pfaffs-web.lib.lehigh.edu/gunn_transcripts/1687.txt
288905,digitalcollections:gunn_1688,https://pfaffs-web.lib.lehigh.edu/gunn_transcripts/1688.txt,https://pfaffs-web.lib.lehigh.edu/gunn_transcripts/1688.txt
288906,digitalcollections:gunn_1689,https://pfaffs-web.lib.lehigh.edu/gunn_transcripts/1689.txt,https://pfaffs-web.lib.lehigh.edu/gunn_transcripts/1689.txt
288907,digitalcollections:gunn_1690,https://pfaffs-web.lib.lehigh.edu/gunn_transcripts/1690.txt,https://pfaffs-web.lib.lehigh.edu/gunn_transcripts/1690.txt
288908,digitalcollections:gunn_1691,https://pfaffs-web.lib.lehigh.edu/gunn_transcripts/1691.txt,https://pfaffs-web.lib.lehigh.edu/gunn_transcripts/1691.txt
288909,digitalcollections:gunn_1692,https://pfaffs-web.lib.lehigh.edu/gunn_transcripts/1692.txt,https://pfaffs-web.lib.lehigh.edu/gunn_transcripts/1692.txt
288910,digitalcollections:gunn_1693,https://pfaffs-web.lib.lehigh.edu/gunn_transcripts/1693.txt,https://pfaffs-web.lib.lehigh.edu/gunn_transcripts/1693.txt
288911,digitalcollections:gunn_1796,https://pfaffs-web.lib.lehigh.edu/gunn_transcripts/1796.txt,https://pfaffs-web.lib.lehigh.edu/gunn_transcripts/1796.txt
288912,digitalcollections:gunn_1797,https://pfaffs-web.lib.lehigh.edu/gunn_transcripts/1797.txt,https://pfaffs-web.lib.lehigh.edu/gunn_transcripts/1797.txt
288913,digitalcollections:gunn_1798,https://pfaffs-web.lib.lehigh.edu/gunn_transcripts/1798.txt,https://pfaffs-web.lib.lehigh.edu/gunn_transcripts/1798.txt
288914,digitalcollections:gunn_1799,https://pfaffs-web.lib.lehigh.edu/gunn_transcripts/1799.txt,https://pfaffs-web.lib.lehigh.edu/gunn_transcripts/1799.txt
288915,digitalcollections:gunn_1800,https://pfaffs-web.lib.lehigh.edu/gunn_transcripts/1800.txt,https://pfaffs-web.lib.lehigh.edu/gunn_transcripts/1800.txt
288916,digitalcollections:gunn_1801,https://pfaffs-web.lib.lehigh.edu/gunn_transcripts/1801.txt,https://pfaffs-web.lib.lehigh.edu/gunn_transcripts/1801.txt
288917,digitalcollections:gunn_1802,https://pfaffs-web.lib.lehigh.edu/gunn_transcripts/1802.txt,https://pfaffs-web.lib.lehigh.edu/gunn_transcripts/1802.txt
288918,digitalcollections:gunn_1803,https://pfaffs-web.lib.lehigh.edu/gunn_transcripts/1803.txt,https://pfaffs-web.lib.lehigh.edu/gunn_transcripts/1803.txt
288919,digitalcollections:gunn_1804,https://pfaffs-web.lib.lehigh.edu/gunn_transcripts/1804.txt,https://pfaffs-web.lib.lehigh.edu/gunn_transcripts/1804.txt
288920,digitalcollections:gunn_1821,https://pfaffs-web.lib.lehigh.edu/gunn_transcripts/1821.txt,https://pfaffs-web.lib.lehigh.edu/gunn_transcripts/1821.txt
288921,digitalcollections:gunn_1822,https://pfaffs-web.lib.lehigh.edu/gunn_transcripts/1822.txt,https://pfaffs-web.lib.lehigh.edu/gunn_transcripts/1822.txt
288922,digitalcollections:gunn_1823,https://pfaffs-web.lib.lehigh.edu/gunn_transcripts/1823.txt,https://pfaffs-web.lib.lehigh.edu/gunn_transcripts/1823.txt
288923,digitalcollections:gunn_1824,https://pfaffs-web.lib.lehigh.edu/gunn_transcripts/1824.txt,https://pfaffs-web.lib.lehigh.edu/gunn_transcripts/1824.txt
288924,digitalcollections:gunn_1825,https://pfaffs-web.lib.lehigh.edu/gunn_transcripts/1825.txt,https://pfaffs-web.lib.lehigh.edu/gunn_transcripts/1825.txt
288925,digitalcollections:gunn_1826,https://pfaffs-web.lib.lehigh.edu/gunn_transcripts/1826.txt,https://pfaffs-web.lib.lehigh.edu/gunn_transcripts/1826.txt
288926,digitalcollections:gunn_1827,https://pfaffs-web.lib.lehigh.edu/gunn_transcripts/1827.txt,https://pfaffs-web.lib.lehigh.edu/gunn_transcripts/1827.txt
288927,digitalcollections:gunn_1828,https://pfaffs-web.lib.lehigh.edu/gunn_transcripts/1828.txt,https://pfaffs-web.lib.lehigh.edu/gunn_transcripts/1828.txt
288928,digitalcollections:gunn_1829,https://pfaffs-web.lib.lehigh.edu/gunn_transcripts/1829.txt,https://pfaffs-web.lib.lehigh.edu/gunn_transcripts/1829.txt
288929,digitalcollections:gunn_1838,https://pfaffs-web.lib.lehigh.edu/gunn_transcripts/1838.txt,https://pfaffs-web.lib.lehigh.edu/gunn_transcripts/1838.txt
288930,digitalcollections:gunn_1839,https://pfaffs-web.lib.lehigh.edu/gunn_transcripts/1839.txt,https://pfaffs-web.lib.lehigh.edu/gunn_transcripts/1839.txt
288931,digitalcollections:gunn_1840,https://pfaffs-web.lib.lehigh.edu/gunn_transcripts/1840.txt,https://pfaffs-web.lib.lehigh.edu/gunn_transcripts/1840.txt
288932,digitalcollections:gunn_1841,https://pfaffs-web.lib.lehigh.edu/gunn_transcripts/1841.txt,https://pfaffs-web.lib.lehigh.edu/gunn_transcripts/1841.txt
288933,digitalcollections:gunn_1842,https://pfaffs-web.lib.lehigh.edu/gunn_transcripts/1842.txt,https://pfaffs-web.lib.lehigh.edu/gunn_transcripts/1842.txt
288934,digitalcollections:gunn_1843,https://pfaffs-web.lib.lehigh.edu/gunn_transcripts/1843.txt,https://pfaffs-web.lib.lehigh.edu/gunn_transcripts/1843.txt
288935,digitalcollections:gunn_1844,https://pfaffs-web.lib.lehigh.edu/gunn_transcripts/1844.txt,https://pfaffs-web.lib.lehigh.edu/gunn_transcripts/1844.txt
288936,digitalcollections:gunn_1845,https://pfaffs-web.lib.lehigh.edu/gunn_transcripts/1845.txt,https://pfaffs-web.lib.lehigh.edu/gunn_transcripts/1845.txt
288937,digitalcollections:gunn_1805,https://pfaffs-web.lib.lehigh.edu/gunn_transcripts/1805.txt,https://pfaffs-web.lib.lehigh.edu/gunn_transcripts/1805.txt
288938,digitalcollections:gunn_1806,https://pfaffs-web.lib.lehigh.edu/gunn_transcripts/1806.txt,https://pfaffs-web.lib.lehigh.edu/gunn_transcripts/1806.txt
288939,digitalcollections:gunn_1807,https://pfaffs-web.lib.lehigh.edu/gunn_transcripts/1807.txt,https://pfaffs-web.lib.lehigh.edu/gunn_transcripts/1807.txt
288940,digitalcollections:gunn_1808,https://pfaffs-web.lib.lehigh.edu/gunn_transcripts/1808.txt,https://pfaffs-web.lib.lehigh.edu/gunn_transcripts/1808.txt
288941,digitalcollections:gunn_1809,https://pfaffs-web.lib.lehigh.edu/gunn_transcripts/1809.txt,https://pfaffs-web.lib.lehigh.edu/gunn_transcripts/1809.txt
288942,digitalcollections:gunn_1810,https://pfaffs-web.lib.lehigh.edu/gunn_transcripts/1810.txt,https://pfaffs-web.lib.lehigh.edu/gunn_transcripts/1810.txt
288943,digitalcollections:gunn_1811,https://pfaffs-web.lib.lehigh.edu/gunn_transcripts/1811.txt,https://pfaffs-web.lib.lehigh.edu/gunn_transcripts/1811.txt
288944,digitalcollections:gunn_1812,https://pfaffs-web.lib.lehigh.edu/gunn_transcripts/1812.txt,https://pfaffs-web.lib.lehigh.edu/gunn_transcripts/1812.txt
288945,digitalcollections:gunn_1830,https://pfaffs-web.lib.lehigh.edu/gunn_transcripts/1830.txt,https://pfaffs-web.lib.lehigh.edu/gunn_transcripts/1830.txt
288946,digitalcollections:gunn_1831,https://pfaffs-web.lib.lehigh.edu/gunn_transcripts/1831.txt,https://pfaffs-web.lib.lehigh.edu/gunn_transcripts/1831.txt
288947,digitalcollections:gunn_1832,https://pfaffs-web.lib.lehigh.edu/gunn_transcripts/1832.txt,https://pfaffs-web.lib.lehigh.edu/gunn_transcripts/1832.txt
288948,digitalcollections:gunn_1833,https://pfaffs-web.lib.lehigh.edu/gunn_transcripts/1833.txt,https://pfaffs-web.lib.lehigh.edu/gunn_transcripts/1833.txt
288949,digitalcollections:gunn_1834,https://pfaffs-web.lib.lehigh.edu/gunn_transcripts/1834.txt,https://pfaffs-web.lib.lehigh.edu/gunn_transcripts/1834.txt
288950,digitalcollections:gunn_1835,https://pfaffs-web.lib.lehigh.edu/gunn_transcripts/1835.txt,https://pfaffs-web.lib.lehigh.edu/gunn_transcripts/1835.txt
288951,digitalcollections:gunn_1836,https://pfaffs-web.lib.lehigh.edu/gunn_transcripts/1836.txt,https://pfaffs-web.lib.lehigh.edu/gunn_transcripts/1836.txt
288952,digitalcollections:gunn_1837,https://pfaffs-web.lib.lehigh.edu/gunn_transcripts/1837.txt,https://pfaffs-web.lib.lehigh.edu/gunn_transcripts/1837.txt
288953,digitalcollections:gunn_1788,https://pfaffs-web.lib.lehigh.edu/gunn_transcripts/1788.txt,https://pfaffs-web.lib.lehigh.edu/gunn_transcripts/1788.txt
288954,digitalcollections:gunn_1789,https://pfaffs-web.lib.lehigh.edu/gunn_transcripts/1789.txt,https://pfaffs-web.lib.lehigh.edu/gunn_transcripts/1789.txt
288955,digitalcollections:gunn_1790,https://pfaffs-web.lib.lehigh.edu/gunn_transcripts/1790.txt,https://pfaffs-web.lib.lehigh.edu/gunn_transcripts/1790.txt
288956,digitalcollections:gunn_1791,https://pfaffs-web.lib.lehigh.edu/gunn_transcripts/1791.txt,https://pfaffs-web.lib.lehigh.edu/gunn_transcripts/1791.txt
288957,digitalcollections:gunn_1792,https://pfaffs-web.lib.lehigh.edu/gunn_transcripts/1792.txt,https://pfaffs-web.lib.lehigh.edu/gunn_transcripts/1792.txt
288958,digitalcollections:gunn_1793,https://pfaffs-web.lib.lehigh.edu/gunn_transcripts/1793.txt,https://pfaffs-web.lib.lehigh.edu/gunn_transcripts/1793.txt
288959,digitalcollections:gunn_1794,https://pfaffs-web.lib.lehigh.edu/gunn_transcripts/1794.txt,https://pfaffs-web.lib.lehigh.edu/gunn_transcripts/1794.txt
288960,digitalcollections:gunn_1795,https://pfaffs-web.lib.lehigh.edu/gunn_transcripts/1795.txt,https://pfaffs-web.lib.lehigh.edu/gunn_transcripts/1795.txt
288961,digitalcollections:gunn_1813,https://pfaffs-web.lib.lehigh.edu/gunn_transcripts/1813.txt,https://pfaffs-web.lib.lehigh.edu/gunn_transcripts/1813.txt
288962,digitalcollections:gunn_1814,https://pfaffs-web.lib.lehigh.edu/gunn_transcripts/1814.txt,https://pfaffs-web.lib.lehigh.edu/gunn_transcripts/1814.txt
288963,digitalcollections:gunn_1815,https://pfaffs-web.lib.lehigh.edu/gunn_transcripts/1815.txt,https://pfaffs-web.lib.lehigh.edu/gunn_transcripts/1815.txt
288964,digitalcollections:gunn_1816,https://pfaffs-web.lib.lehigh.edu/gunn_transcripts/1816.txt,https://pfaffs-web.lib.lehigh.edu/gunn_transcripts/1816.txt
288965,digitalcollections:gunn_1817,https://pfaffs-web.lib.lehigh.edu/gunn_transcripts/1817.txt,https://pfaffs-web.lib.lehigh.edu/gunn_transcripts/1817.txt
288966,digitalcollections:gunn_1818,https://pfaffs-web.lib.lehigh.edu/gunn_transcripts/1818.txt,https://pfaffs-web.lib.lehigh.edu/gunn_transcripts/1818.txt
288967,digitalcollections:gunn_1819,https://pfaffs-web.lib.lehigh.edu/gunn_transcripts/1819.txt,https://pfaffs-web.lib.lehigh.edu/gunn_transcripts/1819.txt
288968,digitalcollections:gunn_1820,https://pfaffs-web.lib.lehigh.edu/gunn_transcripts/1820.txt,https://pfaffs-web.lib.lehigh.edu/gunn_transcripts/1820.txt
288969,digitalcollections:gunn_1846,https://pfaffs-web.lib.lehigh.edu/gunn_transcripts/1846.txt,https://pfaffs-web.lib.lehigh.edu/gunn_transcripts/1846.txt
288970,digitalcollections:gunn_1847,https://pfaffs-web.lib.lehigh.edu/gunn_transcripts/1847.txt,https://pfaffs-web.lib.lehigh.edu/gunn_transcripts/1847.txt
288971,digitalcollections:gunn_1848,https://pfaffs-web.lib.lehigh.edu/gunn_transcripts/1848.txt,https://pfaffs-web.lib.lehigh.edu/gunn_transcripts/1848.txt
288972,digitalcollections:gunn_1849,https://pfaffs-web.lib.lehigh.edu/gunn_transcripts/1849.txt,https://pfaffs-web.lib.lehigh.edu/gunn_transcripts/1849.txt
288973,digitalcollections:gunn_1850,https://pfaffs-web.lib.lehigh.edu/gunn_transcripts/1850.txt,https://pfaffs-web.lib.lehigh.edu/gunn_transcripts/1850.txt
288974,digitalcollections:gunn_1851,https://pfaffs-web.lib.lehigh.edu/gunn_transcripts/1851.txt,https://pfaffs-web.lib.lehigh.edu/gunn_transcripts/1851.txt
288975,digitalcollections:gunn_1852,https://pfaffs-web.lib.lehigh.edu/gunn_transcripts/1852.txt,https://pfaffs-web.lib.lehigh.edu/gunn_transcripts/1852.txt
288976,digitalcollections:gunn_1853,https://pfaffs-web.lib.lehigh.edu/gunn_transcripts/1853.txt,https://pfaffs-web.lib.lehigh.edu/gunn_transcripts/1853.txt
288977,digitalcollections:gunn_1723,https://pfaffs-web.lib.lehigh.edu/gunn_transcripts/1723.txt,https://pfaffs-web.lib.lehigh.edu/gunn_transcripts/1723.txt
288978,digitalcollections:gunn_1724,https://pfaffs-web.lib.lehigh.edu/gunn_transcripts/1724.txt,https://pfaffs-web.lib.lehigh.edu/gunn_transcripts/1724.txt
288979,digitalcollections:gunn_1725,https://pfaffs-web.lib.lehigh.edu/gunn_transcripts/1725.txt,https://pfaffs-web.lib.lehigh.edu/gunn_transcripts/1725.txt
288980,digitalcollections:gunn_1726,https://pfaffs-web.lib.lehigh.edu/gunn_transcripts/1726.txt,https://pfaffs-web.lib.lehigh.edu/gunn_transcripts/1726.txt
288981,digitalcollections:gunn_1727,https://pfaffs-web.lib.lehigh.edu/gunn_transcripts/1727.txt,https://pfaffs-web.lib.lehigh.edu/gunn_transcripts/1727.txt
288982,digitalcollections:gunn_1728,https://pfaffs-web.lib.lehigh.edu/gunn_transcripts/1728.txt,https://pfaffs-web.lib.lehigh.edu/gunn_transcripts/1728.txt
288983,digitalcollections:gunn_1729,https://pfaffs-web.lib.lehigh.edu/gunn_transcripts/1729.txt,https://pfaffs-web.lib.lehigh.edu/gunn_transcripts/1729.txt
288984,digitalcollections:gunn_1730,https://pfaffs-web.lib.lehigh.edu/gunn_transcripts/1730.txt,https://pfaffs-web.lib.lehigh.edu/gunn_transcripts/1730.txt
288985,digitalcollections:gunn_1755,https://pfaffs-web.lib.lehigh.edu/gunn_transcripts/1755.txt,https://pfaffs-web.lib.lehigh.edu/gunn_transcripts/1755.txt
288986,digitalcollections:gunn_1756,https://pfaffs-web.lib.lehigh.edu/gunn_transcripts/1756.txt,https://pfaffs-web.lib.lehigh.edu/gunn_transcripts/1756.txt
288987,digitalcollections:gunn_1757,https://pfaffs-web.lib.lehigh.edu/gunn_transcripts/1757.txt,https://pfaffs-web.lib.lehigh.edu/gunn_transcripts/1757.txt
288988,digitalcollections:gunn_1758,https://pfaffs-web.lib.lehigh.edu/gunn_transcripts/1758.txt,https://pfaffs-web.lib.lehigh.edu/gunn_transcripts/1758.txt
288989,digitalcollections:gunn_1759,https://pfaffs-web.lib.lehigh.edu/gunn_transcripts/1759.txt,https://pfaffs-web.lib.lehigh.edu/gunn_transcripts/1759.txt
288990,digitalcollections:gunn_1760,https://pfaffs-web.lib.lehigh.edu/gunn_transcripts/1760.txt,https://pfaffs-web.lib.lehigh.edu/gunn_transcripts/1760.txt
288991,digitalcollections:gunn_1761,https://pfaffs-web.lib.lehigh.edu/gunn_transcripts/1761.txt,https://pfaffs-web.lib.lehigh.edu/gunn_transcripts/1761.txt
288992,digitalcollections:gunn_1762,https://pfaffs-web.lib.lehigh.edu/gunn_transcripts/1762.txt,https://pfaffs-web.lib.lehigh.edu/gunn_transcripts/1762.txt
288993,digitalcollections:gunn_1763,https://pfaffs-web.lib.lehigh.edu/gunn_transcripts/1763.txt,https://pfaffs-web.lib.lehigh.edu/gunn_transcripts/1763.txt
288994,digitalcollections:gunn_1664,https://pfaffs-web.lib.lehigh.edu/gunn_transcripts/1664.txt,https://pfaffs-web.lib.lehigh.edu/gunn_transcripts/1664.txt
288995,digitalcollections:gunn_1665,https://pfaffs-web.lib.lehigh.edu/gunn_transcripts/1665.txt,https://pfaffs-web.lib.lehigh.edu/gunn_transcripts/1665.txt
288996,digitalcollections:gunn_1666,https://pfaffs-web.lib.lehigh.edu/gunn_transcripts/1666.txt,https://pfaffs-web.lib.lehigh.edu/gunn_transcripts/1666.txt
288997,digitalcollections:gunn_1667,https://pfaffs-web.lib.lehigh.edu/gunn_transcripts/1667.txt,https://pfaffs-web.lib.lehigh.edu/gunn_transcripts/1667.txt
288998,digitalcollections:gunn_1668,https://pfaffs-web.lib.lehigh.edu/gunn_transcripts/1668.txt,https://pfaffs-web.lib.lehigh.edu/gunn_transcripts/1668.txt
288999,digitalcollections:gunn_1669,https://pfaffs-web.lib.lehigh.edu/gunn_transcripts/1669.txt,https://pfaffs-web.lib.lehigh.edu/gunn_transcripts/1669.txt
289000,digitalcollections:gunn_1670,https://pfaffs-web.lib.lehigh.edu/gunn_transcripts/1670.txt,https://pfaffs-web.lib.lehigh.edu/gunn_transcripts/1670.txt
289001,digitalcollections:gunn_1671,https://pfaffs-web.lib.lehigh.edu/gunn_transcripts/1671.txt,https://pfaffs-web.lib.lehigh.edu/gunn_transcripts/1671.txt
289002,digitalcollections:gunn_1672,https://pfaffs-web.lib.lehigh.edu/gunn_transcripts/1672.txt,https://pfaffs-web.lib.lehigh.edu/gunn_transcripts/1672.txt
289003,digitalcollections:gunn_1747,https://pfaffs-web.lib.lehigh.edu/gunn_transcripts/1747.txt,https://pfaffs-web.lib.lehigh.edu/gunn_transcripts/1747.txt
289004,digitalcollections:gunn_1748,https://pfaffs-web.lib.lehigh.edu/gunn_transcripts/1748.txt,https://pfaffs-web.lib.lehigh.edu/gunn_transcripts/1748.txt
289005,digitalcollections:gunn_1749,https://pfaffs-web.lib.lehigh.edu/gunn_transcripts/1749.txt,https://pfaffs-web.lib.lehigh.edu/gunn_transcripts/1749.txt
289006,digitalcollections:gunn_1750,https://pfaffs-web.lib.lehigh.edu/gunn_transcripts/1750.txt,https://pfaffs-web.lib.lehigh.edu/gunn_transcripts/1750.txt
289007,digitalcollections:gunn_1751,https://pfaffs-web.lib.lehigh.edu/gunn_transcripts/1751.txt,https://pfaffs-web.lib.lehigh.edu/gunn_transcripts/1751.txt
289008,digitalcollections:gunn_1752,https://pfaffs-web.lib.lehigh.edu/gunn_transcripts/1752.txt,https://pfaffs-web.lib.lehigh.edu/gunn_transcripts/1752.txt
289009,digitalcollections:gunn_1753,https://pfaffs-web.lib.lehigh.edu/gunn_transcripts/1753.txt,https://pfaffs-web.lib.lehigh.edu/gunn_transcripts/1753.txt
289010,digitalcollections:gunn_1754,https://pfaffs-web.lib.lehigh.edu/gunn_transcripts/1754.txt,https://pfaffs-web.lib.lehigh.edu/gunn_transcripts/1754.txt
289011,digitalcollections:gunn_1739,https://pfaffs-web.lib.lehigh.edu/gunn_transcripts/1739.txt,https://pfaffs-web.lib.lehigh.edu/gunn_transcripts/1739.txt
289012,digitalcollections:gunn_1740,https://pfaffs-web.lib.lehigh.edu/gunn_transcripts/1740.txt,https://pfaffs-web.lib.lehigh.edu/gunn_transcripts/1740.txt
289013,digitalcollections:gunn_1741,https://pfaffs-web.lib.lehigh.edu/gunn_transcripts/1741.txt,https://pfaffs-web.lib.lehigh.edu/gunn_transcripts/1741.txt
289014,digitalcollections:gunn_1742,https://pfaffs-web.lib.lehigh.edu/gunn_transcripts/1742.txt,https://pfaffs-web.lib.lehigh.edu/gunn_transcripts/1742.txt
289015,digitalcollections:gunn_1743,https://pfaffs-web.lib.lehigh.edu/gunn_transcripts/1743.txt,https://pfaffs-web.lib.lehigh.edu/gunn_transcripts/1743.txt
289016,digitalcollections:gunn_1744,https://pfaffs-web.lib.lehigh.edu/gunn_transcripts/1744.txt,https://pfaffs-web.lib.lehigh.edu/gunn_transcripts/1744.txt
289017,digitalcollections:gunn_1745,https://pfaffs-web.lib.lehigh.edu/gunn_transcripts/1745.txt,https://pfaffs-web.lib.lehigh.edu/gunn_transcripts/1745.txt
289018,digitalcollections:gunn_1746,https://pfaffs-web.lib.lehigh.edu/gunn_transcripts/1746.txt,https://pfaffs-web.lib.lehigh.edu/gunn_transcripts/1746.txt
289019,digitalcollections:gunn_1780,https://pfaffs-web.lib.lehigh.edu/gunn_transcripts/1780.txt,https://pfaffs-web.lib.lehigh.edu/gunn_transcripts/1780.txt
289020,digitalcollections:gunn_1781,https://pfaffs-web.lib.lehigh.edu/gunn_transcripts/1781.txt,https://pfaffs-web.lib.lehigh.edu/gunn_transcripts/1781.txt
289021,digitalcollections:gunn_1782,https://pfaffs-web.lib.lehigh.edu/gunn_transcripts/1782.txt,https://pfaffs-web.lib.lehigh.edu/gunn_transcripts/1782.txt
289022,digitalcollections:gunn_1783,https://pfaffs-web.lib.lehigh.edu/gunn_transcripts/1783.txt,https://pfaffs-web.lib.lehigh.edu/gunn_transcripts/1783.txt
289023,digitalcollections:gunn_1784,https://pfaffs-web.lib.lehigh.edu/gunn_transcripts/1784.txt,https://pfaffs-web.lib.lehigh.edu/gunn_transcripts/1784.txt
289024,digitalcollections:gunn_1785,https://pfaffs-web.lib.lehigh.edu/gunn_transcripts/1785.txt,https://pfaffs-web.lib.lehigh.edu/gunn_transcripts/1785.txt
289025,digitalcollections:gunn_1786,https://pfaffs-web.lib.lehigh.edu/gunn_transcripts/1786.txt,https://pfaffs-web.lib.lehigh.edu/gunn_transcripts/1786.txt
289026,digitalcollections:gunn_1787,https://pfaffs-web.lib.lehigh.edu/gunn_transcripts/1787.txt,https://pfaffs-web.lib.lehigh.edu/gunn_transcripts/1787.txt
289027,digitalcollections:gunn_1732,https://pfaffs-web.lib.lehigh.edu/gunn_transcripts/1732.txt,https://pfaffs-web.lib.lehigh.edu/gunn_transcripts/1732.txt
289028,digitalcollections:gunn_1733,https://pfaffs-web.lib.lehigh.edu/gunn_transcripts/1733.txt,https://pfaffs-web.lib.lehigh.edu/gunn_transcripts/1733.txt
289029,digitalcollections:gunn_1734,https://pfaffs-web.lib.lehigh.edu/gunn_transcripts/1734.txt,https://pfaffs-web.lib.lehigh.edu/gunn_transcripts/1734.txt
289030,digitalcollections:gunn_1735,https://pfaffs-web.lib.lehigh.edu/gunn_transcripts/1735.txt,https://pfaffs-web.lib.lehigh.edu/gunn_transcripts/1735.txt
289031,digitalcollections:gunn_1736,https://pfaffs-web.lib.lehigh.edu/gunn_transcripts/1736.txt,https://pfaffs-web.lib.lehigh.edu/gunn_transcripts/1736.txt
289032,digitalcollections:gunn_1737,https://pfaffs-web.lib.lehigh.edu/gunn_transcripts/1737.txt,https://pfaffs-web.lib.lehigh.edu/gunn_transcripts/1737.txt
289033,digitalcollections:gunn_1738,https://pfaffs-web.lib.lehigh.edu/gunn_transcripts/1738.txt,https://pfaffs-web.lib.lehigh.edu/gunn_transcripts/1738.txt
289034,digitalcollections:gunn_1764,https://pfaffs-web.lib.lehigh.edu/gunn_transcripts/1764.txt,https://pfaffs-web.lib.lehigh.edu/gunn_transcripts/1764.txt
289035,digitalcollections:gunn_1765,https://pfaffs-web.lib.lehigh.edu/gunn_transcripts/1765.txt,https://pfaffs-web.lib.lehigh.edu/gunn_transcripts/1765.txt
289036,digitalcollections:gunn_1766,https://pfaffs-web.lib.lehigh.edu/gunn_transcripts/1766.txt,https://pfaffs-web.lib.lehigh.edu/gunn_transcripts/1766.txt
289037,digitalcollections:gunn_1767,https://pfaffs-web.lib.lehigh.edu/gunn_transcripts/1767.txt,https://pfaffs-web.lib.lehigh.edu/gunn_transcripts/1767.txt
289038,digitalcollections:gunn_1768,https://pfaffs-web.lib.lehigh.edu/gunn_transcripts/1768.txt,https://pfaffs-web.lib.lehigh.edu/gunn_transcripts/1768.txt
289039,digitalcollections:gunn_1769,https://pfaffs-web.lib.lehigh.edu/gunn_transcripts/1769.txt,https://pfaffs-web.lib.lehigh.edu/gunn_transcripts/1769.txt
289040,digitalcollections:gunn_1770,https://pfaffs-web.lib.lehigh.edu/gunn_transcripts/1770.txt,https://pfaffs-web.lib.lehigh.edu/gunn_transcripts/1770.txt
289041,digitalcollections:gunn_1771,https://pfaffs-web.lib.lehigh.edu/gunn_transcripts/1771.txt,https://pfaffs-web.lib.lehigh.edu/gunn_transcripts/1771.txt
289042,digitalcollections:gunn_1772,https://pfaffs-web.lib.lehigh.edu/gunn_transcripts/1772.txt,https://pfaffs-web.lib.lehigh.edu/gunn_transcripts/1772.txt
289043,digitalcollections:gunn_1773,https://pfaffs-web.lib.lehigh.edu/gunn_transcripts/1773.txt,https://pfaffs-web.lib.lehigh.edu/gunn_transcripts/1773.txt
289044,digitalcollections:gunn_1774,https://pfaffs-web.lib.lehigh.edu/gunn_transcripts/1774.txt,https://pfaffs-web.lib.lehigh.edu/gunn_transcripts/1774.txt
289045,digitalcollections:gunn_1775,https://pfaffs-web.lib.lehigh.edu/gunn_transcripts/1775.txt,https://pfaffs-web.lib.lehigh.edu/gunn_transcripts/1775.txt
289046,digitalcollections:gunn_1776,https://pfaffs-web.lib.lehigh.edu/gunn_transcripts/1776.txt,https://pfaffs-web.lib.lehigh.edu/gunn_transcripts/1776.txt
289047,digitalcollections:gunn_1777,https://pfaffs-web.lib.lehigh.edu/gunn_transcripts/1777.txt,https://pfaffs-web.lib.lehigh.edu/gunn_transcripts/1777.txt
289048,digitalcollections:gunn_1778,https://pfaffs-web.lib.lehigh.edu/gunn_transcripts/1778.txt,https://pfaffs-web.lib.lehigh.edu/gunn_transcripts/1778.txt
289049,digitalcollections:gunn_1779,https://pfaffs-web.lib.lehigh.edu/gunn_transcripts/1779.txt,https://pfaffs-web.lib.lehigh.edu/gunn_transcripts/1779.txt
289050,digitalcollections:gunn_1731,https://pfaffs-web.lib.lehigh.edu/gunn_transcripts/1731.txt,https://pfaffs-web.lib.lehigh.edu/gunn_transcripts/1731.txt
289051,digitalcollections:gunn_1695,https://pfaffs-web.lib.lehigh.edu/gunn_transcripts/1695.txt,https://pfaffs-web.lib.lehigh.edu/gunn_transcripts/1695.txt
289052,digitalcollections:gunn_1696,https://pfaffs-web.lib.lehigh.edu/gunn_transcripts/1696.txt,https://pfaffs-web.lib.lehigh.edu/gunn_transcripts/1696.txt
289053,digitalcollections:gunn_1697,https://pfaffs-web.lib.lehigh.edu/gunn_transcripts/1697.txt,https://pfaffs-web.lib.lehigh.edu/gunn_transcripts/1697.txt
289054,digitalcollections:gunn_1698,https://pfaffs-web.lib.lehigh.edu/gunn_transcripts/1698.txt,https://pfaffs-web.lib.lehigh.edu/gunn_transcripts/1698.txt
289055,digitalcollections:gunn_1699,https://pfaffs-web.lib.lehigh.edu/gunn_transcripts/1699.txt,https://pfaffs-web.lib.lehigh.edu/gunn_transcripts/1699.txt
289056,digitalcollections:gunn_1700,https://pfaffs-web.lib.lehigh.edu/gunn_transcripts/1700.txt,https://pfaffs-web.lib.lehigh.edu/gunn_transcripts/1700.txt
289057,digitalcollections:gunn_1701,https://pfaffs-web.lib.lehigh.edu/gunn_transcripts/1701.txt,https://pfaffs-web.lib.lehigh.edu/gunn_transcripts/1701.txt
289058,digitalcollections:gunn_1702,https://pfaffs-web.lib.lehigh.edu/gunn_transcripts/1702.txt,https://pfaffs-web.lib.lehigh.edu/gunn_transcripts/1702.txt
289059,digitalcollections:gunn_1703,https://pfaffs-web.lib.lehigh.edu/gunn_transcripts/1703.txt,https://pfaffs-web.lib.lehigh.edu/gunn_transcripts/1703.txt
289060,digitalcollections:gunn_1704,https://pfaffs-web.lib.lehigh.edu/gunn_transcripts/1704.txt,https://pfaffs-web.lib.lehigh.edu/gunn_transcripts/1704.txt
289061,digitalcollections:gunn_1705,https://pfaffs-web.lib.lehigh.edu/gunn_transcripts/1705.txt,https://pfaffs-web.lib.lehigh.edu/gunn_transcripts/1705.txt
289062,digitalcollections:gunn_1706,https://pfaffs-web.lib.lehigh.edu/gunn_transcripts/1706.txt,https://pfaffs-web.lib.lehigh.edu/gunn_transcripts/1706.txt
289063,digitalcollections:gunn_1707,https://pfaffs-web.lib.lehigh.edu/gunn_transcripts/1707.txt,https://pfaffs-web.lib.lehigh.edu/gunn_transcripts/1707.txt
289064,digitalcollections:gunn_1708,https://pfaffs-web.lib.lehigh.edu/gunn_transcripts/1708.txt,https://pfaffs-web.lib.lehigh.edu/gunn_transcripts/1708.txt
289065,digitalcollections:gunn_1709,https://pfaffs-web.lib.lehigh.edu/gunn_transcripts/1709.txt,https://pfaffs-web.lib.lehigh.edu/gunn_transcripts/1709.txt
289066,digitalcollections:gunn_1710,https://pfaffs-web.lib.lehigh.edu/gunn_transcripts/1710.txt,https://pfaffs-web.lib.lehigh.edu/gunn_transcripts/1710.txt
289067,digitalcollections:gunn_1715,https://pfaffs-web.lib.lehigh.edu/gunn_transcripts/1715.txt,https://pfaffs-web.lib.lehigh.edu/gunn_transcripts/1715.txt
289068,digitalcollections:gunn_1716,https://pfaffs-web.lib.lehigh.edu/gunn_transcripts/1716.txt,https://pfaffs-web.lib.lehigh.edu/gunn_transcripts/1716.txt
289069,digitalcollections:gunn_1717,https://pfaffs-web.lib.lehigh.edu/gunn_transcripts/1717.txt,https://pfaffs-web.lib.lehigh.edu/gunn_transcripts/1717.txt
289070,digitalcollections:gunn_1718,https://pfaffs-web.lib.lehigh.edu/gunn_transcripts/1718.txt,https://pfaffs-web.lib.lehigh.edu/gunn_transcripts/1718.txt
289071,digitalcollections:gunn_1719,https://pfaffs-web.lib.lehigh.edu/gunn_transcripts/1719.txt,https://pfaffs-web.lib.lehigh.edu/gunn_transcripts/1719.txt
289072,digitalcollections:gunn_1720,https://pfaffs-web.lib.lehigh.edu/gunn_transcripts/1720.txt,https://pfaffs-web.lib.lehigh.edu/gunn_transcripts/1720.txt
289073,digitalcollections:gunn_1721,https://pfaffs-web.lib.lehigh.edu/gunn_transcripts/1721.txt,https://pfaffs-web.lib.lehigh.edu/gunn_transcripts/1721.txt
289074,digitalcollections:gunn_1722,https://pfaffs-web.lib.lehigh.edu/gunn_transcripts/1722.txt,https://pfaffs-web.lib.lehigh.edu/gunn_transcripts/1722.txt
289075,digitalcollections:gunn_1617,https://pfaffs-web.lib.lehigh.edu/gunn_transcripts/1617.txt,https://pfaffs-web.lib.lehigh.edu/gunn_transcripts/1617.txt
289076,digitalcollections:gunn_1618,https://pfaffs-web.lib.lehigh.edu/gunn_transcripts/1618.txt,https://pfaffs-web.lib.lehigh.edu/gunn_transcripts/1618.txt
289077,digitalcollections:gunn_1619,https://pfaffs-web.lib.lehigh.edu/gunn_transcripts/1619.txt,https://pfaffs-web.lib.lehigh.edu/gunn_transcripts/1619.txt
289078,digitalcollections:gunn_1620,https://pfaffs-web.lib.lehigh.edu/gunn_transcripts/1620.txt,https://pfaffs-web.lib.lehigh.edu/gunn_transcripts/1620.txt
289079,digitalcollections:gunn_1621,https://pfaffs-web.lib.lehigh.edu/gunn_transcripts/1621.txt,https://pfaffs-web.lib.lehigh.edu/gunn_transcripts/1621.txt
289080,digitalcollections:gunn_1622,https://pfaffs-web.lib.lehigh.edu/gunn_transcripts/1622.txt,https://pfaffs-web.lib.lehigh.edu/gunn_transcripts/1622.txt
289081,digitalcollections:gunn_1623,https://pfaffs-web.lib.lehigh.edu/gunn_transcripts/1623.txt,https://pfaffs-web.lib.lehigh.edu/gunn_transcripts/1623.txt
289082,digitalcollections:gunn_1624,https://pfaffs-web.lib.lehigh.edu/gunn_transcripts/1624.txt,https://pfaffs-web.lib.lehigh.edu/gunn_transcripts/1624.txt
289083,digitalcollections:gunn_1633,https://pfaffs-web.lib.lehigh.edu/gunn_transcripts/1633.txt,https://pfaffs-web.lib.lehigh.edu/gunn_transcripts/1633.txt
289084,digitalcollections:gunn_1634,https://pfaffs-web.lib.lehigh.edu/gunn_transcripts/1634.txt,https://pfaffs-web.lib.lehigh.edu/gunn_transcripts/1634.txt
289085,digitalcollections:gunn_1635,https://pfaffs-web.lib.lehigh.edu/gunn_transcripts/1635.txt,https://pfaffs-web.lib.lehigh.edu/gunn_transcripts/1635.txt
289086,digitalcollections:gunn_1636,https://pfaffs-web.lib.lehigh.edu/gunn_transcripts/1636.txt,https://pfaffs-web.lib.lehigh.edu/gunn_transcripts/1636.txt
289087,digitalcollections:gunn_1637,https://pfaffs-web.lib.lehigh.edu/gunn_transcripts/1637.txt,https://pfaffs-web.lib.lehigh.edu/gunn_transcripts/1637.txt
289088,digitalcollections:gunn_1638,https://pfaffs-web.lib.lehigh.edu/gunn_transcripts/1638.txt,https://pfaffs-web.lib.lehigh.edu/gunn_transcripts/1638.txt
289089,digitalcollections:gunn_1639,https://pfaffs-web.lib.lehigh.edu/gunn_transcripts/1639.txt,https://pfaffs-web.lib.lehigh.edu/gunn_transcripts/1639.txt
289090,digitalcollections:gunn_1649,https://pfaffs-web.lib.lehigh.edu/gunn_transcripts/1649.txt,https://pfaffs-web.lib.lehigh.edu/gunn_transcripts/1649.txt
289091,digitalcollections:gunn_1650,https://pfaffs-web.lib.lehigh.edu/gunn_transcripts/1650.txt,https://pfaffs-web.lib.lehigh.edu/gunn_transcripts/1650.txt
289092,digitalcollections:gunn_1651,https://pfaffs-web.lib.lehigh.edu/gunn_transcripts/1651.txt,https://pfaffs-web.lib.lehigh.edu/gunn_transcripts/1651.txt
289093,digitalcollections:gunn_1652,https://pfaffs-web.lib.lehigh.edu/gunn_transcripts/1652.txt,https://pfaffs-web.lib.lehigh.edu/gunn_transcripts/1652.txt
289094,digitalcollections:gunn_1653,https://pfaffs-web.lib.lehigh.edu/gunn_transcripts/1653.txt,https://pfaffs-web.lib.lehigh.edu/gunn_transcripts/1653.txt
289095,digitalcollections:gunn_1654,https://pfaffs-web.lib.lehigh.edu/gunn_transcripts/1654.txt,https://pfaffs-web.lib.lehigh.edu/gunn_transcripts/1654.txt
289096,digitalcollections:gunn_1655,https://pfaffs-web.lib.lehigh.edu/gunn_transcripts/1655.txt,https://pfaffs-web.lib.lehigh.edu/gunn_transcripts/1655.txt
289097,digitalcollections:gunn_1673,https://pfaffs-web.lib.lehigh.edu/gunn_transcripts/1673.txt,https://pfaffs-web.lib.lehigh.edu/gunn_transcripts/1673.txt
289098,digitalcollections:gunn_1674,https://pfaffs-web.lib.lehigh.edu/gunn_transcripts/1674.txt,https://pfaffs-web.lib.lehigh.edu/gunn_transcripts/1674.txt
289099,digitalcollections:gunn_1675,https://pfaffs-web.lib.lehigh.edu/gunn_transcripts/1675.txt,https://pfaffs-web.lib.lehigh.edu/gunn_transcripts/1675.txt
289100,digitalcollections:gunn_1676,https://pfaffs-web.lib.lehigh.edu/gunn_transcripts/1676.txt,https://pfaffs-web.lib.lehigh.edu/gunn_transcripts/1676.txt
289101,digitalcollections:gunn_1677,https://pfaffs-web.lib.lehigh.edu/gunn_transcripts/1677.txt,https://pfaffs-web.lib.lehigh.edu/gunn_transcripts/1677.txt
289102,digitalcollections:gunn_1678,https://pfaffs-web.lib.lehigh.edu/gunn_transcripts/1678.txt,https://pfaffs-web.lib.lehigh.edu/gunn_transcripts/1678.txt
289103,digitalcollections:gunn_1602,https://pfaffs-web.lib.lehigh.edu/gunn_transcripts/1602.txt,https://pfaffs-web.lib.lehigh.edu/gunn_transcripts/1602.txt
289104,digitalcollections:gunn_1603,https://pfaffs-web.lib.lehigh.edu/gunn_transcripts/1603.txt,https://pfaffs-web.lib.lehigh.edu/gunn_transcripts/1603.txt
289105,digitalcollections:gunn_1604,https://pfaffs-web.lib.lehigh.edu/gunn_transcripts/1604.txt,https://pfaffs-web.lib.lehigh.edu/gunn_transcripts/1604.txt
289106,digitalcollections:gunn_1605,https://pfaffs-web.lib.lehigh.edu/gunn_transcripts/1605.txt,https://pfaffs-web.lib.lehigh.edu/gunn_transcripts/1605.txt
289107,digitalcollections:gunn_1606,https://pfaffs-web.lib.lehigh.edu/gunn_transcripts/1606.txt,https://pfaffs-web.lib.lehigh.edu/gunn_transcripts/1606.txt
289108,digitalcollections:gunn_1607,https://pfaffs-web.lib.lehigh.edu/gunn_transcripts/1607.txt,https://pfaffs-web.lib.lehigh.edu/gunn_transcripts/1607.txt
289109,digitalcollections:gunn_1608,https://pfaffs-web.lib.lehigh.edu/gunn_transcripts/1608.txt,https://pfaffs-web.lib.lehigh.edu/gunn_transcripts/1608.txt
289110,digitalcollections:gunn_1711,https://pfaffs-web.lib.lehigh.edu/gunn_transcripts/1711.txt,https://pfaffs-web.lib.lehigh.edu/gunn_transcripts/1711.txt
289111,digitalcollections:gunn_1712,https://pfaffs-web.lib.lehigh.edu/gunn_transcripts/1712.txt,https://pfaffs-web.lib.lehigh.edu/gunn_transcripts/1712.txt
289112,digitalcollections:gunn_1713,https://pfaffs-web.lib.lehigh.edu/gunn_transcripts/1713.txt,https://pfaffs-web.lib.lehigh.edu/gunn_transcripts/1713.txt
289113,digitalcollections:gunn_1714,https://pfaffs-web.lib.lehigh.edu/gunn_transcripts/1714.txt,https://pfaffs-web.lib.lehigh.edu/gunn_transcripts/1714.txt
289114,digitalcollections:gunn_1694,https://pfaffs-web.lib.lehigh.edu/gunn_transcripts/1694.txt,https://pfaffs-web.lib.lehigh.edu/gunn_transcripts/1694.txt
289115,digitalcollections:gunn_1854,https://pfaffs-web.lib.lehigh.edu/gunn_transcripts/1854.txt,https://pfaffs-web.lib.lehigh.edu/gunn_transcripts/1854.txt
289116,digitalcollections:gunn_1640,https://pfaffs-web.lib.lehigh.edu/gunn_transcripts/1640.txt,https://pfaffs-web.lib.lehigh.edu/gunn_transcripts/1640.txt
289117,digitalcollections:gunn_1641,https://pfaffs-web.lib.lehigh.edu/gunn_transcripts/1641.txt,https://pfaffs-web.lib.lehigh.edu/gunn_transcripts/1641.txt
289118,digitalcollections:gunn_1642,https://pfaffs-web.lib.lehigh.edu/gunn_transcripts/1642.txt,https://pfaffs-web.lib.lehigh.edu/gunn_transcripts/1642.txt
289119,digitalcollections:gunn_1643,https://pfaffs-web.lib.lehigh.edu/gunn_transcripts/1643.txt,https://pfaffs-web.lib.lehigh.edu/gunn_transcripts/1643.txt
289120,digitalcollections:gunn_1644,https://pfaffs-web.lib.lehigh.edu/gunn_transcripts/1644.txt,https://pfaffs-web.lib.lehigh.edu/gunn_transcripts/1644.txt
289121,digitalcollections:gunn_1645,https://pfaffs-web.lib.lehigh.edu/gunn_transcripts/1645.txt,https://pfaffs-web.lib.lehigh.edu/gunn_transcripts/1645.txt
289122,digitalcollections:gunn_1646,https://pfaffs-web.lib.lehigh.edu/gunn_transcripts/1646.txt,https://pfaffs-web.lib.lehigh.edu/gunn_transcripts/1646.txt
289123,digitalcollections:gunn_1647,https://pfaffs-web.lib.lehigh.edu/gunn_transcripts/1647.txt,https://pfaffs-web.lib.lehigh.edu/gunn_transcripts/1647.txt
289124,digitalcollections:gunn_1648,https://pfaffs-web.lib.lehigh.edu/gunn_transcripts/1648.txt,https://pfaffs-web.lib.lehigh.edu/gunn_transcripts/1648.txt
289125,digitalcollections:gunn_1609,https://pfaffs-web.lib.lehigh.edu/gunn_transcripts/1609.txt,https://pfaffs-web.lib.lehigh.edu/gunn_transcripts/1609.txt
289126,digitalcollections:gunn_1610,https://pfaffs-web.lib.lehigh.edu/gunn_transcripts/1610.txt,https://pfaffs-web.lib.lehigh.edu/gunn_transcripts/1610.txt
289127,digitalcollections:gunn_1611,https://pfaffs-web.lib.lehigh.edu/gunn_transcripts/1611.txt,https://pfaffs-web.lib.lehigh.edu/gunn_transcripts/1611.txt
289128,digitalcollections:gunn_1612,https://pfaffs-web.lib.lehigh.edu/gunn_transcripts/1612.txt,https://pfaffs-web.lib.lehigh.edu/gunn_transcripts/1612.txt
289129,digitalcollections:gunn_1613,https://pfaffs-web.lib.lehigh.edu/gunn_transcripts/1613.txt,https://pfaffs-web.lib.lehigh.edu/gunn_transcripts/1613.txt
289130,digitalcollections:gunn_1614,https://pfaffs-web.lib.lehigh.edu/gunn_transcripts/1614.txt,https://pfaffs-web.lib.lehigh.edu/gunn_transcripts/1614.txt
289131,digitalcollections:gunn_1615,https://pfaffs-web.lib.lehigh.edu/gunn_transcripts/1615.txt,https://pfaffs-web.lib.lehigh.edu/gunn_transcripts/1615.txt
289132,digitalcollections:gunn_1616,https://pfaffs-web.lib.lehigh.edu/gunn_transcripts/1616.txt,https://pfaffs-web.lib.lehigh.edu/gunn_transcripts/1616.txt
289133,digitalcollections:gunn_1625,https://pfaffs-web.lib.lehigh.edu/gunn_transcripts/1625.txt,https://pfaffs-web.lib.lehigh.edu/gunn_transcripts/1625.txt
289134,digitalcollections:gunn_1626,https://pfaffs-web.lib.lehigh.edu/gunn_transcripts/1626.txt,https://pfaffs-web.lib.lehigh.edu/gunn_transcripts/1626.txt
289135,digitalcollections:gunn_1627,https://pfaffs-web.lib.lehigh.edu/gunn_transcripts/1627.txt,https://pfaffs-web.lib.lehigh.edu/gunn_transcripts/1627.txt
289136,digitalcollections:gunn_1628,https://pfaffs-web.lib.lehigh.edu/gunn_transcripts/1628.txt,https://pfaffs-web.lib.lehigh.edu/gunn_transcripts/1628.txt
289137,digitalcollections:gunn_1629,https://pfaffs-web.lib.lehigh.edu/gunn_transcripts/1629.txt,https://pfaffs-web.lib.lehigh.edu/gunn_transcripts/1629.txt
289138,digitalcollections:gunn_1630,https://pfaffs-web.lib.lehigh.edu/gunn_transcripts/1630.txt,https://pfaffs-web.lib.lehigh.edu/gunn_transcripts/1630.txt
289139,digitalcollections:gunn_1631,https://pfaffs-web.lib.lehigh.edu/gunn_transcripts/1631.txt,https://pfaffs-web.lib.lehigh.edu/gunn_transcripts/1631.txt
289140,digitalcollections:gunn_1632,https://pfaffs-web.lib.lehigh.edu/gunn_transcripts/1632.txt,https://pfaffs-web.lib.lehigh.edu/gunn_transcripts/1632.txt
289141,digitalcollections:gunn_1656,https://pfaffs-web.lib.lehigh.edu/gunn_transcripts/1656.txt,https://pfaffs-web.lib.lehigh.edu/gunn_transcripts/1656.txt
289142,digitalcollections:gunn_1657,https://pfaffs-web.lib.lehigh.edu/gunn_transcripts/1657.txt,https://pfaffs-web.lib.lehigh.edu/gunn_transcripts/1657.txt
289143,digitalcollections:gunn_1658,https://pfaffs-web.lib.lehigh.edu/gunn_transcripts/1658.txt,https://pfaffs-web.lib.lehigh.edu/gunn_transcripts/1658.txt
289144,digitalcollections:gunn_1659,https://pfaffs-web.lib.lehigh.edu/gunn_transcripts/1659.txt,https://pfaffs-web.lib.lehigh.edu/gunn_transcripts/1659.txt
289145,digitalcollections:gunn_1660,https://pfaffs-web.lib.lehigh.edu/gunn_transcripts/1660.txt,https://pfaffs-web.lib.lehigh.edu/gunn_transcripts/1660.txt
289146,digitalcollections:gunn_1661,https://pfaffs-web.lib.lehigh.edu/gunn_transcripts/1661.txt,https://pfaffs-web.lib.lehigh.edu/gunn_transcripts/1661.txt
289147,digitalcollections:gunn_1662,https://pfaffs-web.lib.lehigh.edu/gunn_transcripts/1662.txt,https://pfaffs-web.lib.lehigh.edu/gunn_transcripts/1662.txt
289148,digitalcollections:gunn_1663,https://pfaffs-web.lib.lehigh.edu/gunn_transcripts/1663.txt,https://pfaffs-web.lib.lehigh.edu/gunn_transcripts/1663.txt
289149,digitalcollections:gunn_718,https://pfaffs-web.lib.lehigh.edu/gunn_transcripts/718.txt,https://pfaffs-web.lib.lehigh.edu/gunn_transcripts/718.txt
289150,digitalcollections:gunn_719,https://pfaffs-web.lib.lehigh.edu/gunn_transcripts/719.txt,https://pfaffs-web.lib.lehigh.edu/gunn_transcripts/719.txt
289151,digitalcollections:gunn_720,https://pfaffs-web.lib.lehigh.edu/gunn_transcripts/720.txt,https://pfaffs-web.lib.lehigh.edu/gunn_transcripts/720.txt
289152,digitalcollections:gunn_721,https://pfaffs-web.lib.lehigh.edu/gunn_transcripts/721.txt,https://pfaffs-web.lib.lehigh.edu/gunn_transcripts/721.txt
289153,digitalcollections:gunn_722,https://pfaffs-web.lib.lehigh.edu/gunn_transcripts/722.txt,https://pfaffs-web.lib.lehigh.edu/gunn_transcripts/722.txt
289154,digitalcollections:gunn_723,https://pfaffs-web.lib.lehigh.edu/gunn_transcripts/723.txt,https://pfaffs-web.lib.lehigh.edu/gunn_transcripts/723.txt
289155,digitalcollections:gunn_724,https://pfaffs-web.lib.lehigh.edu/gunn_transcripts/724.txt,https://pfaffs-web.lib.lehigh.edu/gunn_transcripts/724.txt
289156,digitalcollections:gunn_725,https://pfaffs-web.lib.lehigh.edu/gunn_transcripts/725.txt,https://pfaffs-web.lib.lehigh.edu/gunn_transcripts/725.txt
289157,digitalcollections:gunn_726,https://pfaffs-web.lib.lehigh.edu/gunn_transcripts/726.txt,https://pfaffs-web.lib.lehigh.edu/gunn_transcripts/726.txt
289158,digitalcollections:gunn_727,https://pfaffs-web.lib.lehigh.edu/gunn_transcripts/727.txt,https://pfaffs-web.lib.lehigh.edu/gunn_transcripts/727.txt
289159,digitalcollections:gunn_728,https://pfaffs-web.lib.lehigh.edu/gunn_transcripts/728.txt,https://pfaffs-web.lib.lehigh.edu/gunn_transcripts/728.txt
289160,digitalcollections:gunn_729,https://pfaffs-web.lib.lehigh.edu/gunn_transcripts/729.txt,https://pfaffs-web.lib.lehigh.edu/gunn_transcripts/729.txt
289161,digitalcollections:gunn_730,https://pfaffs-web.lib.lehigh.edu/gunn_transcripts/730.txt,https://pfaffs-web.lib.lehigh.edu/gunn_transcripts/730.txt
289162,digitalcollections:gunn_731,https://pfaffs-web.lib.lehigh.edu/gunn_transcripts/731.txt,https://pfaffs-web.lib.lehigh.edu/gunn_transcripts/731.txt
289163,digitalcollections:gunn_732,https://pfaffs-web.lib.lehigh.edu/gunn_transcripts/732.txt,https://pfaffs-web.lib.lehigh.edu/gunn_transcripts/732.txt
289164,digitalcollections:gunn_733,https://pfaffs-web.lib.lehigh.edu/gunn_transcripts/733.txt,https://pfaffs-web.lib.lehigh.edu/gunn_transcripts/733.txt
289165,digitalcollections:gunn_734,https://pfaffs-web.lib.lehigh.edu/gunn_transcripts/734.txt,https://pfaffs-web.lib.lehigh.edu/gunn_transcripts/734.txt
289166,digitalcollections:gunn_735,https://pfaffs-web.lib.lehigh.edu/gunn_transcripts/735.txt,https://pfaffs-web.lib.lehigh.edu/gunn_transcripts/735.txt
289167,digitalcollections:gunn_744,https://pfaffs-web.lib.lehigh.edu/gunn_transcripts/744.txt,https://pfaffs-web.lib.lehigh.edu/gunn_transcripts/744.txt
289168,digitalcollections:gunn_745,https://pfaffs-web.lib.lehigh.edu/gunn_transcripts/745.txt,https://pfaffs-web.lib.lehigh.edu/gunn_transcripts/745.txt
289169,digitalcollections:gunn_746,https://pfaffs-web.lib.lehigh.edu/gunn_transcripts/746.txt,https://pfaffs-web.lib.lehigh.edu/gunn_transcripts/746.txt
289170,digitalcollections:gunn_747,https://pfaffs-web.lib.lehigh.edu/gunn_transcripts/747.txt,https://pfaffs-web.lib.lehigh.edu/gunn_transcripts/747.txt
289171,digitalcollections:gunn_748,https://pfaffs-web.lib.lehigh.edu/gunn_transcripts/748.txt,https://pfaffs-web.lib.lehigh.edu/gunn_transcripts/748.txt
289172,digitalcollections:gunn_749,https://pfaffs-web.lib.lehigh.edu/gunn_transcripts/749.txt,https://pfaffs-web.lib.lehigh.edu/gunn_transcripts/749.txt
289173,digitalcollections:gunn_750,https://pfaffs-web.lib.lehigh.edu/gunn_transcripts/750.txt,https://pfaffs-web.lib.lehigh.edu/gunn_transcripts/750.txt
289174,digitalcollections:gunn_751,https://pfaffs-web.lib.lehigh.edu/gunn_transcripts/751.txt,https://pfaffs-web.lib.lehigh.edu/gunn_transcripts/751.txt
289175,digitalcollections:gunn_736,https://pfaffs-web.lib.lehigh.edu/gunn_transcripts/736.txt,https://pfaffs-web.lib.lehigh.edu/gunn_transcripts/736.txt
289176,digitalcollections:gunn_737,https://pfaffs-web.lib.lehigh.edu/gunn_transcripts/737.txt,https://pfaffs-web.lib.lehigh.edu/gunn_transcripts/737.txt
289177,digitalcollections:gunn_738,https://pfaffs-web.lib.lehigh.edu/gunn_transcripts/738.txt,https://pfaffs-web.lib.lehigh.edu/gunn_transcripts/738.txt
289178,digitalcollections:gunn_739,https://pfaffs-web.lib.lehigh.edu/gunn_transcripts/739.txt,https://pfaffs-web.lib.lehigh.edu/gunn_transcripts/739.txt
289179,digitalcollections:gunn_740,https://pfaffs-web.lib.lehigh.edu/gunn_transcripts/740.txt,https://pfaffs-web.lib.lehigh.edu/gunn_transcripts/740.txt
289180,digitalcollections:gunn_741,https://pfaffs-web.lib.lehigh.edu/gunn_transcripts/741.txt,https://pfaffs-web.lib.lehigh.edu/gunn_transcripts/741.txt
289181,digitalcollections:gunn_742,https://pfaffs-web.lib.lehigh.edu/gunn_transcripts/742.txt,https://pfaffs-web.lib.lehigh.edu/gunn_transcripts/742.txt
289182,digitalcollections:gunn_743,https://pfaffs-web.lib.lehigh.edu/gunn_transcripts/743.txt,https://pfaffs-web.lib.lehigh.edu/gunn_transcripts/743.txt
289183,digitalcollections:gunn_702,https://pfaffs-web.lib.lehigh.edu/gunn_transcripts/702.txt,https://pfaffs-web.lib.lehigh.edu/gunn_transcripts/702.txt
289184,digitalcollections:gunn_703,https://pfaffs-web.lib.lehigh.edu/gunn_transcripts/703.txt,https://pfaffs-web.lib.lehigh.edu/gunn_transcripts/703.txt
289185,digitalcollections:gunn_704,https://pfaffs-web.lib.lehigh.edu/gunn_transcripts/704.txt,https://pfaffs-web.lib.lehigh.edu/gunn_transcripts/704.txt
289186,digitalcollections:gunn_705,https://pfaffs-web.lib.lehigh.edu/gunn_transcripts/705.txt,https://pfaffs-web.lib.lehigh.edu/gunn_transcripts/705.txt
289187,digitalcollections:gunn_706,https://pfaffs-web.lib.lehigh.edu/gunn_transcripts/706.txt,https://pfaffs-web.lib.lehigh.edu/gunn_transcripts/706.txt
289188,digitalcollections:gunn_707,https://pfaffs-web.lib.lehigh.edu/gunn_transcripts/707.txt,https://pfaffs-web.lib.lehigh.edu/gunn_transcripts/707.txt
289189,digitalcollections:gunn_708,https://pfaffs-web.lib.lehigh.edu/gunn_transcripts/708.txt,https://pfaffs-web.lib.lehigh.edu/gunn_transcripts/708.txt
289190,digitalcollections:gunn_709,https://pfaffs-web.lib.lehigh.edu/gunn_transcripts/709.txt,https://pfaffs-web.lib.lehigh.edu/gunn_transcripts/709.txt
289191,digitalcollections:gunn_711,https://pfaffs-web.lib.lehigh.edu/gunn_transcripts/711.txt,https://pfaffs-web.lib.lehigh.edu/gunn_transcripts/711.txt
289192,digitalcollections:gunn_712,https://pfaffs-web.lib.lehigh.edu/gunn_transcripts/712.txt,https://pfaffs-web.lib.lehigh.edu/gunn_transcripts/712.txt
289193,digitalcollections:gunn_713,https://pfaffs-web.lib.lehigh.edu/gunn_transcripts/713.txt,https://pfaffs-web.lib.lehigh.edu/gunn_transcripts/713.txt
289194,digitalcollections:gunn_714,https://pfaffs-web.lib.lehigh.edu/gunn_transcripts/714.txt,https://pfaffs-web.lib.lehigh.edu/gunn_transcripts/714.txt
289195,digitalcollections:gunn_715,https://pfaffs-web.lib.lehigh.edu/gunn_transcripts/715.txt,https://pfaffs-web.lib.lehigh.edu/gunn_transcripts/715.txt
289196,digitalcollections:gunn_716,https://pfaffs-web.lib.lehigh.edu/gunn_transcripts/716.txt,https://pfaffs-web.lib.lehigh.edu/gunn_transcripts/716.txt
289197,digitalcollections:gunn_717,https://pfaffs-web.lib.lehigh.edu/gunn_transcripts/717.txt,https://pfaffs-web.lib.lehigh.edu/gunn_transcripts/717.txt
289198,digitalcollections:gunn_752,https://pfaffs-web.lib.lehigh.edu/gunn_transcripts/752.txt,https://pfaffs-web.lib.lehigh.edu/gunn_transcripts/752.txt
289199,digitalcollections:gunn_753,https://pfaffs-web.lib.lehigh.edu/gunn_transcripts/753.txt,https://pfaffs-web.lib.lehigh.edu/gunn_transcripts/753.txt
289200,digitalcollections:gunn_754,https://pfaffs-web.lib.lehigh.edu/gunn_transcripts/754.txt,https://pfaffs-web.lib.lehigh.edu/gunn_transcripts/754.txt
289201,digitalcollections:gunn_755,https://pfaffs-web.lib.lehigh.edu/gunn_transcripts/755.txt,https://pfaffs-web.lib.lehigh.edu/gunn_transcripts/755.txt
289202,digitalcollections:gunn_756,https://pfaffs-web.lib.lehigh.edu/gunn_transcripts/756.txt,https://pfaffs-web.lib.lehigh.edu/gunn_transcripts/756.txt
289203,digitalcollections:gunn_757,https://pfaffs-web.lib.lehigh.edu/gunn_transcripts/757.txt,https://pfaffs-web.lib.lehigh.edu/gunn_transcripts/757.txt
289204,digitalcollections:gunn_758,https://pfaffs-web.lib.lehigh.edu/gunn_transcripts/758.txt,https://pfaffs-web.lib.lehigh.edu/gunn_transcripts/758.txt
289205,digitalcollections:gunn_781,https://pfaffs-web.lib.lehigh.edu/gunn_transcripts/781.txt,https://pfaffs-web.lib.lehigh.edu/gunn_transcripts/781.txt
289206,digitalcollections:gunn_782,https://pfaffs-web.lib.lehigh.edu/gunn_transcripts/782.txt,https://pfaffs-web.lib.lehigh.edu/gunn_transcripts/782.txt
289207,digitalcollections:gunn_783,https://pfaffs-web.lib.lehigh.edu/gunn_transcripts/783.txt,https://pfaffs-web.lib.lehigh.edu/gunn_transcripts/783.txt
289208,digitalcollections:gunn_784,https://pfaffs-web.lib.lehigh.edu/gunn_transcripts/784.txt,https://pfaffs-web.lib.lehigh.edu/gunn_transcripts/784.txt
289209,digitalcollections:gunn_785,https://pfaffs-web.lib.lehigh.edu/gunn_transcripts/785.txt,https://pfaffs-web.lib.lehigh.edu/gunn_transcripts/785.txt
289210,digitalcollections:gunn_786,https://pfaffs-web.lib.lehigh.edu/gunn_transcripts/786.txt,https://pfaffs-web.lib.lehigh.edu/gunn_transcripts/786.txt
289211,digitalcollections:gunn_787,https://pfaffs-web.lib.lehigh.edu/gunn_transcripts/787.txt,https://pfaffs-web.lib.lehigh.edu/gunn_transcripts/787.txt
289212,digitalcollections:gunn_788,https://pfaffs-web.lib.lehigh.edu/gunn_transcripts/788.txt,https://pfaffs-web.lib.lehigh.edu/gunn_transcripts/788.txt
289213,digitalcollections:gunn_789,https://pfaffs-web.lib.lehigh.edu/gunn_transcripts/789.txt,https://pfaffs-web.lib.lehigh.edu/gunn_transcripts/789.txt
289214,digitalcollections:gunn_813,https://pfaffs-web.lib.lehigh.edu/gunn_transcripts/813.txt,https://pfaffs-web.lib.lehigh.edu/gunn_transcripts/813.txt
289215,digitalcollections:gunn_814,https://pfaffs-web.lib.lehigh.edu/gunn_transcripts/814.txt,https://pfaffs-web.lib.lehigh.edu/gunn_transcripts/814.txt
289216,digitalcollections:gunn_815,https://pfaffs-web.lib.lehigh.edu/gunn_transcripts/815.txt,https://pfaffs-web.lib.lehigh.edu/gunn_transcripts/815.txt
289217,digitalcollections:gunn_816,https://pfaffs-web.lib.lehigh.edu/gunn_transcripts/816.txt,https://pfaffs-web.lib.lehigh.edu/gunn_transcripts/816.txt
289218,digitalcollections:gunn_817,https://pfaffs-web.lib.lehigh.edu/gunn_transcripts/817.txt,https://pfaffs-web.lib.lehigh.edu/gunn_transcripts/817.txt
289219,digitalcollections:gunn_818,https://pfaffs-web.lib.lehigh.edu/gunn_transcripts/818.txt,https://pfaffs-web.lib.lehigh.edu/gunn_transcripts/818.txt
289220,digitalcollections:gunn_819,https://pfaffs-web.lib.lehigh.edu/gunn_transcripts/819.txt,https://pfaffs-web.lib.lehigh.edu/gunn_transcripts/819.txt
289221,digitalcollections:gunn_820,https://pfaffs-web.lib.lehigh.edu/gunn_transcripts/820.txt,https://pfaffs-web.lib.lehigh.edu/gunn_transcripts/820.txt
289222,digitalcollections:gunn_806,https://pfaffs-web.lib.lehigh.edu/gunn_transcripts/806.txt,https://pfaffs-web.lib.lehigh.edu/gunn_transcripts/806.txt
289223,digitalcollections:gunn_807,https://pfaffs-web.lib.lehigh.edu/gunn_transcripts/807.txt,https://pfaffs-web.lib.lehigh.edu/gunn_transcripts/807.txt
289224,digitalcollections:gunn_808,https://pfaffs-web.lib.lehigh.edu/gunn_transcripts/808.txt,https://pfaffs-web.lib.lehigh.edu/gunn_transcripts/808.txt
289225,digitalcollections:gunn_809,https://pfaffs-web.lib.lehigh.edu/gunn_transcripts/809.txt,https://pfaffs-web.lib.lehigh.edu/gunn_transcripts/809.txt
289226,digitalcollections:gunn_810,https://pfaffs-web.lib.lehigh.edu/gunn_transcripts/810.txt,https://pfaffs-web.lib.lehigh.edu/gunn_transcripts/810.txt
289227,digitalcollections:gunn_811,https://pfaffs-web.lib.lehigh.edu/gunn_transcripts/811.txt,https://pfaffs-web.lib.lehigh.edu/gunn_transcripts/811.txt
289228,digitalcollections:gunn_812,https://pfaffs-web.lib.lehigh.edu/gunn_transcripts/812.txt,https://pfaffs-web.lib.lehigh.edu/gunn_transcripts/812.txt
289229,digitalcollections:gunn_790,https://pfaffs-web.lib.lehigh.edu/gunn_transcripts/790.txt,https://pfaffs-web.lib.lehigh.edu/gunn_transcripts/790.txt
289230,digitalcollections:gunn_791,https://pfaffs-web.lib.lehigh.edu/gunn_transcripts/791.txt,https://pfaffs-web.lib.lehigh.edu/gunn_transcripts/791.txt
289231,digitalcollections:gunn_792,https://pfaffs-web.lib.lehigh.edu/gunn_transcripts/792.txt,https://pfaffs-web.lib.lehigh.edu/gunn_transcripts/792.txt
289232,digitalcollections:gunn_793,https://pfaffs-web.lib.lehigh.edu/gunn_transcripts/793.txt,https://pfaffs-web.lib.lehigh.edu/gunn_transcripts/793.txt
289233,digitalcollections:gunn_794,https://pfaffs-web.lib.lehigh.edu/gunn_transcripts/794.txt,https://pfaffs-web.lib.lehigh.edu/gunn_transcripts/794.txt
289234,digitalcollections:gunn_795,https://pfaffs-web.lib.lehigh.edu/gunn_transcripts/795.txt,https://pfaffs-web.lib.lehigh.edu/gunn_transcripts/795.txt
289235,digitalcollections:gunn_796,https://pfaffs-web.lib.lehigh.edu/gunn_transcripts/796.txt,https://pfaffs-web.lib.lehigh.edu/gunn_transcripts/796.txt
289236,digitalcollections:gunn_760,https://pfaffs-web.lib.lehigh.edu/gunn_transcripts/760.txt,https://pfaffs-web.lib.lehigh.edu/gunn_transcripts/760.txt
289237,digitalcollections:gunn_761,https://pfaffs-web.lib.lehigh.edu/gunn_transcripts/761.txt,https://pfaffs-web.lib.lehigh.edu/gunn_transcripts/761.txt
289238,digitalcollections:gunn_762,https://pfaffs-web.lib.lehigh.edu/gunn_transcripts/762.txt,https://pfaffs-web.lib.lehigh.edu/gunn_transcripts/762.txt
289239,digitalcollections:gunn_763,https://pfaffs-web.lib.lehigh.edu/gunn_transcripts/763.txt,https://pfaffs-web.lib.lehigh.edu/gunn_transcripts/763.txt
289240,digitalcollections:gunn_764,https://pfaffs-web.lib.lehigh.edu/gunn_transcripts/764.txt,https://pfaffs-web.lib.lehigh.edu/gunn_transcripts/764.txt
289241,digitalcollections:gunn_765,https://pfaffs-web.lib.lehigh.edu/gunn_transcripts/765.txt,https://pfaffs-web.lib.lehigh.edu/gunn_transcripts/765.txt
289242,digitalcollections:gunn_766,https://pfaffs-web.lib.lehigh.edu/gunn_transcripts/766.txt,https://pfaffs-web.lib.lehigh.edu/gunn_transcripts/766.txt
289243,digitalcollections:gunn_774,https://pfaffs-web.lib.lehigh.edu/gunn_transcripts/774.txt,https://pfaffs-web.lib.lehigh.edu/gunn_transcripts/774.txt
289244,digitalcollections:gunn_775,https://pfaffs-web.lib.lehigh.edu/gunn_transcripts/775.txt,https://pfaffs-web.lib.lehigh.edu/gunn_transcripts/775.txt
289245,digitalcollections:gunn_776,https://pfaffs-web.lib.lehigh.edu/gunn_transcripts/776.txt,https://pfaffs-web.lib.lehigh.edu/gunn_transcripts/776.txt
289246,digitalcollections:gunn_777,https://pfaffs-web.lib.lehigh.edu/gunn_transcripts/777.txt,https://pfaffs-web.lib.lehigh.edu/gunn_transcripts/777.txt
289247,digitalcollections:gunn_778,https://pfaffs-web.lib.lehigh.edu/gunn_transcripts/778.txt,https://pfaffs-web.lib.lehigh.edu/gunn_transcripts/778.txt
289248,digitalcollections:gunn_779,https://pfaffs-web.lib.lehigh.edu/gunn_transcripts/779.txt,https://pfaffs-web.lib.lehigh.edu/gunn_transcripts/779.txt
289249,digitalcollections:gunn_780,https://pfaffs-web.lib.lehigh.edu/gunn_transcripts/780.txt,https://pfaffs-web.lib.lehigh.edu/gunn_transcripts/780.txt
289250,digitalcollections:gunn_768,https://pfaffs-web.lib.lehigh.edu/gunn_transcripts/768.txt,https://pfaffs-web.lib.lehigh.edu/gunn_transcripts/768.txt
289251,digitalcollections:gunn_769,https://pfaffs-web.lib.lehigh.edu/gunn_transcripts/769.txt,https://pfaffs-web.lib.lehigh.edu/gunn_transcripts/769.txt
289252,digitalcollections:gunn_770,https://pfaffs-web.lib.lehigh.edu/gunn_transcripts/770.txt,https://pfaffs-web.lib.lehigh.edu/gunn_transcripts/770.txt
289253,digitalcollections:gunn_771,https://pfaffs-web.lib.lehigh.edu/gunn_transcripts/771.txt,https://pfaffs-web.lib.lehigh.edu/gunn_transcripts/771.txt
289254,digitalcollections:gunn_772,https://pfaffs-web.lib.lehigh.edu/gunn_transcripts/772.txt,https://pfaffs-web.lib.lehigh.edu/gunn_transcripts/772.txt
289255,digitalcollections:gunn_773,https://pfaffs-web.lib.lehigh.edu/gunn_transcripts/773.txt,https://pfaffs-web.lib.lehigh.edu/gunn_transcripts/773.txt
289256,digitalcollections:gunn_710,https://pfaffs-web.lib.lehigh.edu/gunn_transcripts/710.txt,https://pfaffs-web.lib.lehigh.edu/gunn_transcripts/710.txt
289257,digitalcollections:gunn_759,https://pfaffs-web.lib.lehigh.edu/gunn_transcripts/759.txt,https://pfaffs-web.lib.lehigh.edu/gunn_transcripts/759.txt
289258,digitalcollections:gunn_767,https://pfaffs-web.lib.lehigh.edu/gunn_transcripts/767.txt,https://pfaffs-web.lib.lehigh.edu/gunn_transcripts/767.txt
289259,digitalcollections:gunn_886,https://pfaffs-web.lib.lehigh.edu/gunn_transcripts/886.txt,https://pfaffs-web.lib.lehigh.edu/gunn_transcripts/886.txt
289260,digitalcollections:gunn_887,https://pfaffs-web.lib.lehigh.edu/gunn_transcripts/887.txt,https://pfaffs-web.lib.lehigh.edu/gunn_transcripts/887.txt
289261,digitalcollections:gunn_888,https://pfaffs-web.lib.lehigh.edu/gunn_transcripts/888.txt,https://pfaffs-web.lib.lehigh.edu/gunn_transcripts/888.txt
289262,digitalcollections:gunn_889,https://pfaffs-web.lib.lehigh.edu/gunn_transcripts/889.txt,https://pfaffs-web.lib.lehigh.edu/gunn_transcripts/889.txt
289263,digitalcollections:gunn_870,https://pfaffs-web.lib.lehigh.edu/gunn_transcripts/870.txt,https://pfaffs-web.lib.lehigh.edu/gunn_transcripts/870.txt
289264,digitalcollections:gunn_871,https://pfaffs-web.lib.lehigh.edu/gunn_transcripts/871.txt,https://pfaffs-web.lib.lehigh.edu/gunn_transcripts/871.txt
289265,digitalcollections:gunn_872,https://pfaffs-web.lib.lehigh.edu/gunn_transcripts/872.txt,https://pfaffs-web.lib.lehigh.edu/gunn_transcripts/872.txt
289266,digitalcollections:gunn_873,https://pfaffs-web.lib.lehigh.edu/gunn_transcripts/873.txt,https://pfaffs-web.lib.lehigh.edu/gunn_transcripts/873.txt
289267,digitalcollections:gunn_874,https://pfaffs-web.lib.lehigh.edu/gunn_transcripts/874.txt,https://pfaffs-web.lib.lehigh.edu/gunn_transcripts/874.txt
289268,digitalcollections:gunn_875,https://pfaffs-web.lib.lehigh.edu/gunn_transcripts/875.txt,https://pfaffs-web.lib.lehigh.edu/gunn_transcripts/875.txt
289269,digitalcollections:gunn_876,https://pfaffs-web.lib.lehigh.edu/gunn_transcripts/876.txt,https://pfaffs-web.lib.lehigh.edu/gunn_transcripts/876.txt
289270,digitalcollections:gunn_877,https://pfaffs-web.lib.lehigh.edu/gunn_transcripts/877.txt,https://pfaffs-web.lib.lehigh.edu/gunn_transcripts/877.txt
289271,digitalcollections:gunn_878,https://pfaffs-web.lib.lehigh.edu/gunn_transcripts/878.txt,https://pfaffs-web.lib.lehigh.edu/gunn_transcripts/878.txt
289272,digitalcollections:gunn_879,https://pfaffs-web.lib.lehigh.edu/gunn_transcripts/879.txt,https://pfaffs-web.lib.lehigh.edu/gunn_transcripts/879.txt
289273,digitalcollections:gunn_880,https://pfaffs-web.lib.lehigh.edu/gunn_transcripts/880.txt,https://pfaffs-web.lib.lehigh.edu/gunn_transcripts/880.txt
289274,digitalcollections:gunn_881,https://pfaffs-web.lib.lehigh.edu/gunn_transcripts/881.txt,https://pfaffs-web.lib.lehigh.edu/gunn_transcripts/881.txt
289275,digitalcollections:gunn_882,https://pfaffs-web.lib.lehigh.edu/gunn_transcripts/882.txt,https://pfaffs-web.lib.lehigh.edu/gunn_transcripts/882.txt
289276,digitalcollections:gunn_883,https://pfaffs-web.lib.lehigh.edu/gunn_transcripts/883.txt,https://pfaffs-web.lib.lehigh.edu/gunn_transcripts/883.txt
289277,digitalcollections:gunn_884,https://pfaffs-web.lib.lehigh.edu/gunn_transcripts/884.txt,https://pfaffs-web.lib.lehigh.edu/gunn_transcripts/884.txt
289278,digitalcollections:gunn_885,https://pfaffs-web.lib.lehigh.edu/gunn_transcripts/885.txt,https://pfaffs-web.lib.lehigh.edu/gunn_transcripts/885.txt
289279,digitalcollections:gunn_853,https://pfaffs-web.lib.lehigh.edu/gunn_transcripts/853.txt,https://pfaffs-web.lib.lehigh.edu/gunn_transcripts/853.txt
289280,digitalcollections:gunn_854,https://pfaffs-web.lib.lehigh.edu/gunn_transcripts/854.txt,https://pfaffs-web.lib.lehigh.edu/gunn_transcripts/854.txt
289281,digitalcollections:gunn_855,https://pfaffs-web.lib.lehigh.edu/gunn_transcripts/855.txt,https://pfaffs-web.lib.lehigh.edu/gunn_transcripts/855.txt
289282,digitalcollections:gunn_856,https://pfaffs-web.lib.lehigh.edu/gunn_transcripts/856.txt,https://pfaffs-web.lib.lehigh.edu/gunn_transcripts/856.txt
289283,digitalcollections:gunn_857,https://pfaffs-web.lib.lehigh.edu/gunn_transcripts/857.txt,https://pfaffs-web.lib.lehigh.edu/gunn_transcripts/857.txt
289284,digitalcollections:gunn_858,https://pfaffs-web.lib.lehigh.edu/gunn_transcripts/858.txt,https://pfaffs-web.lib.lehigh.edu/gunn_transcripts/858.txt
289285,digitalcollections:gunn_859,https://pfaffs-web.lib.lehigh.edu/gunn_transcripts/859.txt,https://pfaffs-web.lib.lehigh.edu/gunn_transcripts/859.txt
289286,digitalcollections:gunn_860,https://pfaffs-web.lib.lehigh.edu/gunn_transcripts/860.txt,https://pfaffs-web.lib.lehigh.edu/gunn_transcripts/860.txt
289287,digitalcollections:gunn_861,https://pfaffs-web.lib.lehigh.edu/gunn_transcripts/861.txt,https://pfaffs-web.lib.lehigh.edu/gunn_transcripts/861.txt
289288,digitalcollections:gunn_797,https://pfaffs-web.lib.lehigh.edu/gunn_transcripts/797.txt,https://pfaffs-web.lib.lehigh.edu/gunn_transcripts/797.txt
289289,digitalcollections:gunn_798,https://pfaffs-web.lib.lehigh.edu/gunn_transcripts/798.txt,https://pfaffs-web.lib.lehigh.edu/gunn_transcripts/798.txt
289290,digitalcollections:gunn_799,https://pfaffs-web.lib.lehigh.edu/gunn_transcripts/799.txt,https://pfaffs-web.lib.lehigh.edu/gunn_transcripts/799.txt
289291,digitalcollections:gunn_800,https://pfaffs-web.lib.lehigh.edu/gunn_transcripts/800.txt,https://pfaffs-web.lib.lehigh.edu/gunn_transcripts/800.txt
289292,digitalcollections:gunn_801,https://pfaffs-web.lib.lehigh.edu/gunn_transcripts/801.txt,https://pfaffs-web.lib.lehigh.edu/gunn_transcripts/801.txt
289293,digitalcollections:gunn_802,https://pfaffs-web.lib.lehigh.edu/gunn_transcripts/802.txt,https://pfaffs-web.lib.lehigh.edu/gunn_transcripts/802.txt
289294,digitalcollections:gunn_803,https://pfaffs-web.lib.lehigh.edu/gunn_transcripts/803.txt,https://pfaffs-web.lib.lehigh.edu/gunn_transcripts/803.txt
289295,digitalcollections:gunn_804,https://pfaffs-web.lib.lehigh.edu/gunn_transcripts/804.txt,https://pfaffs-web.lib.lehigh.edu/gunn_transcripts/804.txt
289296,digitalcollections:gunn_805,https://pfaffs-web.lib.lehigh.edu/gunn_transcripts/805.txt,https://pfaffs-web.lib.lehigh.edu/gunn_transcripts/805.txt
289297,digitalcollections:gunn_837,https://pfaffs-web.lib.lehigh.edu/gunn_transcripts/837.txt,https://pfaffs-web.lib.lehigh.edu/gunn_transcripts/837.txt
289298,digitalcollections:gunn_838,https://pfaffs-web.lib.lehigh.edu/gunn_transcripts/838.txt,https://pfaffs-web.lib.lehigh.edu/gunn_transcripts/838.txt
289299,digitalcollections:gunn_839,https://pfaffs-web.lib.lehigh.edu/gunn_transcripts/839.txt,https://pfaffs-web.lib.lehigh.edu/gunn_transcripts/839.txt
289300,digitalcollections:gunn_840,https://pfaffs-web.lib.lehigh.edu/gunn_transcripts/840.txt,https://pfaffs-web.lib.lehigh.edu/gunn_transcripts/840.txt
289301,digitalcollections:gunn_841,https://pfaffs-web.lib.lehigh.edu/gunn_transcripts/841.txt,https://pfaffs-web.lib.lehigh.edu/gunn_transcripts/841.txt
289302,digitalcollections:gunn_842,https://pfaffs-web.lib.lehigh.edu/gunn_transcripts/842.txt,https://pfaffs-web.lib.lehigh.edu/gunn_transcripts/842.txt
289303,digitalcollections:gunn_843,https://pfaffs-web.lib.lehigh.edu/gunn_transcripts/843.txt,https://pfaffs-web.lib.lehigh.edu/gunn_transcripts/843.txt
289304,digitalcollections:gunn_844,https://pfaffs-web.lib.lehigh.edu/gunn_transcripts/844.txt,https://pfaffs-web.lib.lehigh.edu/gunn_transcripts/844.txt
289305,digitalcollections:gunn_862,https://pfaffs-web.lib.lehigh.edu/gunn_transcripts/862.txt,https://pfaffs-web.lib.lehigh.edu/gunn_transcripts/862.txt
289306,digitalcollections:gunn_863,https://pfaffs-web.lib.lehigh.edu/gunn_transcripts/863.txt,https://pfaffs-web.lib.lehigh.edu/gunn_transcripts/863.txt
289307,digitalcollections:gunn_864,https://pfaffs-web.lib.lehigh.edu/gunn_transcripts/864.txt,https://pfaffs-web.lib.lehigh.edu/gunn_transcripts/864.txt
289308,digitalcollections:gunn_865,https://pfaffs-web.lib.lehigh.edu/gunn_transcripts/865.txt,https://pfaffs-web.lib.lehigh.edu/gunn_transcripts/865.txt
289309,digitalcollections:gunn_866,https://pfaffs-web.lib.lehigh.edu/gunn_transcripts/866.txt,https://pfaffs-web.lib.lehigh.edu/gunn_transcripts/866.txt
289310,digitalcollections:gunn_867,https://pfaffs-web.lib.lehigh.edu/gunn_transcripts/867.txt,https://pfaffs-web.lib.lehigh.edu/gunn_transcripts/867.txt
289311,digitalcollections:gunn_868,https://pfaffs-web.lib.lehigh.edu/gunn_transcripts/868.txt,https://pfaffs-web.lib.lehigh.edu/gunn_transcripts/868.txt
289312,digitalcollections:gunn_869,https://pfaffs-web.lib.lehigh.edu/gunn_transcripts/869.txt,https://pfaffs-web.lib.lehigh.edu/gunn_transcripts/869.txt
289313,digitalcollections:gunn_846,https://pfaffs-web.lib.lehigh.edu/gunn_transcripts/846.txt,https://pfaffs-web.lib.lehigh.edu/gunn_transcripts/846.txt
289314,digitalcollections:gunn_847,https://pfaffs-web.lib.lehigh.edu/gunn_transcripts/847.txt,https://pfaffs-web.lib.lehigh.edu/gunn_transcripts/847.txt
289315,digitalcollections:gunn_848,https://pfaffs-web.lib.lehigh.edu/gunn_transcripts/848.txt,https://pfaffs-web.lib.lehigh.edu/gunn_transcripts/848.txt
289316,digitalcollections:gunn_849,https://pfaffs-web.lib.lehigh.edu/gunn_transcripts/849.txt,https://pfaffs-web.lib.lehigh.edu/gunn_transcripts/849.txt
289317,digitalcollections:gunn_850,https://pfaffs-web.lib.lehigh.edu/gunn_transcripts/850.txt,https://pfaffs-web.lib.lehigh.edu/gunn_transcripts/850.txt
289318,digitalcollections:gunn_851,https://pfaffs-web.lib.lehigh.edu/gunn_transcripts/851.txt,https://pfaffs-web.lib.lehigh.edu/gunn_transcripts/851.txt
289319,digitalcollections:gunn_852,https://pfaffs-web.lib.lehigh.edu/gunn_transcripts/852.txt,https://pfaffs-web.lib.lehigh.edu/gunn_transcripts/852.txt
289320,digitalcollections:gunn_830,https://pfaffs-web.lib.lehigh.edu/gunn_transcripts/830.txt,https://pfaffs-web.lib.lehigh.edu/gunn_transcripts/830.txt
289321,digitalcollections:gunn_831,https://pfaffs-web.lib.lehigh.edu/gunn_transcripts/831.txt,https://pfaffs-web.lib.lehigh.edu/gunn_transcripts/831.txt
289322,digitalcollections:gunn_832,https://pfaffs-web.lib.lehigh.edu/gunn_transcripts/832.txt,https://pfaffs-web.lib.lehigh.edu/gunn_transcripts/832.txt
289323,digitalcollections:gunn_833,https://pfaffs-web.lib.lehigh.edu/gunn_transcripts/833.txt,https://pfaffs-web.lib.lehigh.edu/gunn_transcripts/833.txt
289324,digitalcollections:gunn_834,https://pfaffs-web.lib.lehigh.edu/gunn_transcripts/834.txt,https://pfaffs-web.lib.lehigh.edu/gunn_transcripts/834.txt
289325,digitalcollections:gunn_835,https://pfaffs-web.lib.lehigh.edu/gunn_transcripts/835.txt,https://pfaffs-web.lib.lehigh.edu/gunn_transcripts/835.txt
289326,digitalcollections:gunn_836,https://pfaffs-web.lib.lehigh.edu/gunn_transcripts/836.txt,https://pfaffs-web.lib.lehigh.edu/gunn_transcripts/836.txt
289327,digitalcollections:gunn_822,https://pfaffs-web.lib.lehigh.edu/gunn_transcripts/822.txt,https://pfaffs-web.lib.lehigh.edu/gunn_transcripts/822.txt
289328,digitalcollections:gunn_823,https://pfaffs-web.lib.lehigh.edu/gunn_transcripts/823.txt,https://pfaffs-web.lib.lehigh.edu/gunn_transcripts/823.txt
289329,digitalcollections:gunn_824,https://pfaffs-web.lib.lehigh.edu/gunn_transcripts/824.txt,https://pfaffs-web.lib.lehigh.edu/gunn_transcripts/824.txt
289330,digitalcollections:gunn_825,https://pfaffs-web.lib.lehigh.edu/gunn_transcripts/825.txt,https://pfaffs-web.lib.lehigh.edu/gunn_transcripts/825.txt
289331,digitalcollections:gunn_826,https://pfaffs-web.lib.lehigh.edu/gunn_transcripts/826.txt,https://pfaffs-web.lib.lehigh.edu/gunn_transcripts/826.txt
289332,digitalcollections:gunn_827,https://pfaffs-web.lib.lehigh.edu/gunn_transcripts/827.txt,https://pfaffs-web.lib.lehigh.edu/gunn_transcripts/827.txt
289333,digitalcollections:gunn_828,https://pfaffs-web.lib.lehigh.edu/gunn_transcripts/828.txt,https://pfaffs-web.lib.lehigh.edu/gunn_transcripts/828.txt
289334,digitalcollections:gunn_845,https://pfaffs-web.lib.lehigh.edu/gunn_transcripts/845.txt,https://pfaffs-web.lib.lehigh.edu/gunn_transcripts/845.txt
289335,digitalcollections:gunn_821,https://pfaffs-web.lib.lehigh.edu/gunn_transcripts/821.txt,https://pfaffs-web.lib.lehigh.edu/gunn_transcripts/821.txt
289336,digitalcollections:gunn_829,https://pfaffs-web.lib.lehigh.edu/gunn_transcripts/829.txt,https://pfaffs-web.lib.lehigh.edu/gunn_transcripts/829.txt
289337,digitalcollections:gunn_649,https://pfaffs-web.lib.lehigh.edu/gunn_transcripts/649.txt,https://pfaffs-web.lib.lehigh.edu/gunn_transcripts/649.txt
289338,digitalcollections:gunn_657,https://pfaffs-web.lib.lehigh.edu/gunn_transcripts/657.txt,https://pfaffs-web.lib.lehigh.edu/gunn_transcripts/657.txt
289339,digitalcollections:gunn_658,https://pfaffs-web.lib.lehigh.edu/gunn_transcripts/658.txt,https://pfaffs-web.lib.lehigh.edu/gunn_transcripts/658.txt
289340,digitalcollections:gunn_659,https://pfaffs-web.lib.lehigh.edu/gunn_transcripts/659.txt,https://pfaffs-web.lib.lehigh.edu/gunn_transcripts/659.txt
289341,digitalcollections:gunn_660,https://pfaffs-web.lib.lehigh.edu/gunn_transcripts/660.txt,https://pfaffs-web.lib.lehigh.edu/gunn_transcripts/660.txt
289342,digitalcollections:gunn_661,https://pfaffs-web.lib.lehigh.edu/gunn_transcripts/661.txt,https://pfaffs-web.lib.lehigh.edu/gunn_transcripts/661.txt
289343,digitalcollections:gunn_662,https://pfaffs-web.lib.lehigh.edu/gunn_transcripts/662.txt,https://pfaffs-web.lib.lehigh.edu/gunn_transcripts/662.txt
289344,digitalcollections:gunn_663,https://pfaffs-web.lib.lehigh.edu/gunn_transcripts/663.txt,https://pfaffs-web.lib.lehigh.edu/gunn_transcripts/663.txt
289345,digitalcollections:gunn_664,https://pfaffs-web.lib.lehigh.edu/gunn_transcripts/664.txt,https://pfaffs-web.lib.lehigh.edu/gunn_transcripts/664.txt
289346,digitalcollections:gunn_665,https://pfaffs-web.lib.lehigh.edu/gunn_transcripts/665.txt,https://pfaffs-web.lib.lehigh.edu/gunn_transcripts/665.txt
289347,digitalcollections:gunn_677,https://pfaffs-web.lib.lehigh.edu/gunn_transcripts/677.txt,https://pfaffs-web.lib.lehigh.edu/gunn_transcripts/677.txt
289348,digitalcollections:gunn_678,https://pfaffs-web.lib.lehigh.edu/gunn_transcripts/678.txt,https://pfaffs-web.lib.lehigh.edu/gunn_transcripts/678.txt
289349,digitalcollections:gunn_679,https://pfaffs-web.lib.lehigh.edu/gunn_transcripts/679.txt,https://pfaffs-web.lib.lehigh.edu/gunn_transcripts/679.txt
289350,digitalcollections:gunn_680,https://pfaffs-web.lib.lehigh.edu/gunn_transcripts/680.txt,https://pfaffs-web.lib.lehigh.edu/gunn_transcripts/680.txt
289351,digitalcollections:gunn_681,https://pfaffs-web.lib.lehigh.edu/gunn_transcripts/681.txt,https://pfaffs-web.lib.lehigh.edu/gunn_transcripts/681.txt
289352,digitalcollections:gunn_682,https://pfaffs-web.lib.lehigh.edu/gunn_transcripts/682.txt,https://pfaffs-web.lib.lehigh.edu/gunn_transcripts/682.txt
289353,digitalcollections:gunn_683,https://pfaffs-web.lib.lehigh.edu/gunn_transcripts/683.txt,https://pfaffs-web.lib.lehigh.edu/gunn_transcripts/683.txt
289354,digitalcollections:gunn_684,https://pfaffs-web.lib.lehigh.edu/gunn_transcripts/684.txt,https://pfaffs-web.lib.lehigh.edu/gunn_transcripts/684.txt
289355,digitalcollections:gunn_685,https://pfaffs-web.lib.lehigh.edu/gunn_transcripts/685.txt,https://pfaffs-web.lib.lehigh.edu/gunn_transcripts/685.txt
289356,digitalcollections:gunn_686,https://pfaffs-web.lib.lehigh.edu/gunn_transcripts/686.txt,https://pfaffs-web.lib.lehigh.edu/gunn_transcripts/686.txt
289357,digitalcollections:gunn_687,https://pfaffs-web.lib.lehigh.edu/gunn_transcripts/687.txt,https://pfaffs-web.lib.lehigh.edu/gunn_transcripts/687.txt
289358,digitalcollections:gunn_688,https://pfaffs-web.lib.lehigh.edu/gunn_transcripts/688.txt,https://pfaffs-web.lib.lehigh.edu/gunn_transcripts/688.txt
289359,digitalcollections:gunn_689,https://pfaffs-web.lib.lehigh.edu/gunn_transcripts/689.txt,https://pfaffs-web.lib.lehigh.edu/gunn_transcripts/689.txt
289360,digitalcollections:gunn_690,https://pfaffs-web.lib.lehigh.edu/gunn_transcripts/690.txt,https://pfaffs-web.lib.lehigh.edu/gunn_transcripts/690.txt
289361,digitalcollections:gunn_691,https://pfaffs-web.lib.lehigh.edu/gunn_transcripts/691.txt,https://pfaffs-web.lib.lehigh.edu/gunn_transcripts/691.txt
289362,digitalcollections:gunn_692,https://pfaffs-web.lib.lehigh.edu/gunn_transcripts/692.txt,https://pfaffs-web.lib.lehigh.edu/gunn_transcripts/692.txt
289363,digitalcollections:gunn_693,https://pfaffs-web.lib.lehigh.edu/gunn_transcripts/693.txt,https://pfaffs-web.lib.lehigh.edu/gunn_transcripts/693.txt
289364,digitalcollections:gunn_666,https://pfaffs-web.lib.lehigh.edu/gunn_transcripts/666.txt,https://pfaffs-web.lib.lehigh.edu/gunn_transcripts/666.txt
289365,digitalcollections:gunn_667,https://pfaffs-web.lib.lehigh.edu/gunn_transcripts/667.txt,https://pfaffs-web.lib.lehigh.edu/gunn_transcripts/667.txt
289366,digitalcollections:gunn_668,https://pfaffs-web.lib.lehigh.edu/gunn_transcripts/668.txt,https://pfaffs-web.lib.lehigh.edu/gunn_transcripts/668.txt
289367,digitalcollections:gunn_669,https://pfaffs-web.lib.lehigh.edu/gunn_transcripts/669.txt,https://pfaffs-web.lib.lehigh.edu/gunn_transcripts/669.txt
289368,digitalcollections:gunn_670,https://pfaffs-web.lib.lehigh.edu/gunn_transcripts/670.txt,https://pfaffs-web.lib.lehigh.edu/gunn_transcripts/670.txt
289369,digitalcollections:gunn_671,https://pfaffs-web.lib.lehigh.edu/gunn_transcripts/671.txt,https://pfaffs-web.lib.lehigh.edu/gunn_transcripts/671.txt
289370,digitalcollections:gunn_672,https://pfaffs-web.lib.lehigh.edu/gunn_transcripts/672.txt,https://pfaffs-web.lib.lehigh.edu/gunn_transcripts/672.txt
289371,digitalcollections:gunn_673,https://pfaffs-web.lib.lehigh.edu/gunn_transcripts/673.txt,https://pfaffs-web.lib.lehigh.edu/gunn_transcripts/673.txt
289372,digitalcollections:gunn_694,https://pfaffs-web.lib.lehigh.edu/gunn_transcripts/694.txt,https://pfaffs-web.lib.lehigh.edu/gunn_transcripts/694.txt
289373,digitalcollections:gunn_695,https://pfaffs-web.lib.lehigh.edu/gunn_transcripts/695.txt,https://pfaffs-web.lib.lehigh.edu/gunn_transcripts/695.txt
289374,digitalcollections:gunn_696,https://pfaffs-web.lib.lehigh.edu/gunn_transcripts/696.txt,https://pfaffs-web.lib.lehigh.edu/gunn_transcripts/696.txt
289375,digitalcollections:gunn_697,https://pfaffs-web.lib.lehigh.edu/gunn_transcripts/697.txt,https://pfaffs-web.lib.lehigh.edu/gunn_transcripts/697.txt
289376,digitalcollections:gunn_698,https://pfaffs-web.lib.lehigh.edu/gunn_transcripts/698.txt,https://pfaffs-web.lib.lehigh.edu/gunn_transcripts/698.txt
289377,digitalcollections:gunn_699,https://pfaffs-web.lib.lehigh.edu/gunn_transcripts/699.txt,https://pfaffs-web.lib.lehigh.edu/gunn_transcripts/699.txt
289378,digitalcollections:gunn_700,https://pfaffs-web.lib.lehigh.edu/gunn_transcripts/700.txt,https://pfaffs-web.lib.lehigh.edu/gunn_transcripts/700.txt
289379,digitalcollections:gunn_701,https://pfaffs-web.lib.lehigh.edu/gunn_transcripts/701.txt,https://pfaffs-web.lib.lehigh.edu/gunn_transcripts/701.txt
289380,digitalcollections:gunn_650,https://pfaffs-web.lib.lehigh.edu/gunn_transcripts/650.txt,https://pfaffs-web.lib.lehigh.edu/gunn_transcripts/650.txt
289381,digitalcollections:gunn_651,https://pfaffs-web.lib.lehigh.edu/gunn_transcripts/651.txt,https://pfaffs-web.lib.lehigh.edu/gunn_transcripts/651.txt
289382,digitalcollections:gunn_652,https://pfaffs-web.lib.lehigh.edu/gunn_transcripts/652.txt,https://pfaffs-web.lib.lehigh.edu/gunn_transcripts/652.txt
289383,digitalcollections:gunn_653,https://pfaffs-web.lib.lehigh.edu/gunn_transcripts/653.txt,https://pfaffs-web.lib.lehigh.edu/gunn_transcripts/653.txt
289384,digitalcollections:gunn_654,https://pfaffs-web.lib.lehigh.edu/gunn_transcripts/654.txt,https://pfaffs-web.lib.lehigh.edu/gunn_transcripts/654.txt
289385,digitalcollections:gunn_655,https://pfaffs-web.lib.lehigh.edu/gunn_transcripts/655.txt,https://pfaffs-web.lib.lehigh.edu/gunn_transcripts/655.txt
289386,digitalcollections:gunn_656,https://pfaffs-web.lib.lehigh.edu/gunn_transcripts/656.txt,https://pfaffs-web.lib.lehigh.edu/gunn_transcripts/656.txt
289387,digitalcollections:gunn_674,https://pfaffs-web.lib.lehigh.edu/gunn_transcripts/674.txt,https://pfaffs-web.lib.lehigh.edu/gunn_transcripts/674.txt
289388,digitalcollections:gunn_675,https://pfaffs-web.lib.lehigh.edu/gunn_transcripts/675.txt,https://pfaffs-web.lib.lehigh.edu/gunn_transcripts/675.txt
289389,digitalcollections:gunn_676,https://pfaffs-web.lib.lehigh.edu/gunn_transcripts/676.txt,https://pfaffs-web.lib.lehigh.edu/gunn_transcripts/676.txt
289390,digitalcollections:gunn_378,https://pfaffs-web.lib.lehigh.edu/gunn_transcripts/378.txt,https://pfaffs-web.lib.lehigh.edu/gunn_transcripts/378.txt
289391,digitalcollections:gunn_379,https://pfaffs-web.lib.lehigh.edu/gunn_transcripts/379.txt,https://pfaffs-web.lib.lehigh.edu/gunn_transcripts/379.txt
289392,digitalcollections:gunn_380,https://pfaffs-web.lib.lehigh.edu/gunn_transcripts/380.txt,https://pfaffs-web.lib.lehigh.edu/gunn_transcripts/380.txt
289393,digitalcollections:gunn_381,https://pfaffs-web.lib.lehigh.edu/gunn_transcripts/381.txt,https://pfaffs-web.lib.lehigh.edu/gunn_transcripts/381.txt
289394,digitalcollections:gunn_382,https://pfaffs-web.lib.lehigh.edu/gunn_transcripts/382.txt,https://pfaffs-web.lib.lehigh.edu/gunn_transcripts/382.txt
289395,digitalcollections:gunn_383,https://pfaffs-web.lib.lehigh.edu/gunn_transcripts/383.txt,https://pfaffs-web.lib.lehigh.edu/gunn_transcripts/383.txt
289396,digitalcollections:gunn_384,https://pfaffs-web.lib.lehigh.edu/gunn_transcripts/384.txt,https://pfaffs-web.lib.lehigh.edu/gunn_transcripts/384.txt
289397,digitalcollections:gunn_385,https://pfaffs-web.lib.lehigh.edu/gunn_transcripts/385.txt,https://pfaffs-web.lib.lehigh.edu/gunn_transcripts/385.txt
289398,digitalcollections:gunn_392,https://pfaffs-web.lib.lehigh.edu/gunn_transcripts/392.txt,https://pfaffs-web.lib.lehigh.edu/gunn_transcripts/392.txt
289399,digitalcollections:gunn_393,https://pfaffs-web.lib.lehigh.edu/gunn_transcripts/393.txt,https://pfaffs-web.lib.lehigh.edu/gunn_transcripts/393.txt
289400,digitalcollections:gunn_394,https://pfaffs-web.lib.lehigh.edu/gunn_transcripts/394.txt,https://pfaffs-web.lib.lehigh.edu/gunn_transcripts/394.txt
289401,digitalcollections:gunn_395,https://pfaffs-web.lib.lehigh.edu/gunn_transcripts/395.txt,https://pfaffs-web.lib.lehigh.edu/gunn_transcripts/395.txt
289402,digitalcollections:gunn_396,https://pfaffs-web.lib.lehigh.edu/gunn_transcripts/396.txt,https://pfaffs-web.lib.lehigh.edu/gunn_transcripts/396.txt
289403,digitalcollections:gunn_397,https://pfaffs-web.lib.lehigh.edu/gunn_transcripts/397.txt,https://pfaffs-web.lib.lehigh.edu/gunn_transcripts/397.txt
289404,digitalcollections:gunn_398,https://pfaffs-web.lib.lehigh.edu/gunn_transcripts/398.txt,https://pfaffs-web.lib.lehigh.edu/gunn_transcripts/398.txt
289405,digitalcollections:gunn_399,https://pfaffs-web.lib.lehigh.edu/gunn_transcripts/399.txt,https://pfaffs-web.lib.lehigh.edu/gunn_transcripts/399.txt
289406,digitalcollections:gunn_400,https://pfaffs-web.lib.lehigh.edu/gunn_transcripts/400.txt,https://pfaffs-web.lib.lehigh.edu/gunn_transcripts/400.txt
289407,digitalcollections:gunn_401,https://pfaffs-web.lib.lehigh.edu/gunn_transcripts/401.txt,https://pfaffs-web.lib.lehigh.edu/gunn_transcripts/401.txt
289408,digitalcollections:gunn_402,https://pfaffs-web.lib.lehigh.edu/gunn_transcripts/402.txt,https://pfaffs-web.lib.lehigh.edu/gunn_transcripts/402.txt
289409,digitalcollections:gunn_403,https://pfaffs-web.lib.lehigh.edu/gunn_transcripts/403.txt,https://pfaffs-web.lib.lehigh.edu/gunn_transcripts/403.txt
289410,digitalcollections:gunn_404,https://pfaffs-web.lib.lehigh.edu/gunn_transcripts/404.txt,https://pfaffs-web.lib.lehigh.edu/gunn_transcripts/404.txt
289411,digitalcollections:gunn_405,https://pfaffs-web.lib.lehigh.edu/gunn_transcripts/405.txt,https://pfaffs-web.lib.lehigh.edu/gunn_transcripts/405.txt
289412,digitalcollections:gunn_386,https://pfaffs-web.lib.lehigh.edu/gunn_transcripts/386.txt,https://pfaffs-web.lib.lehigh.edu/gunn_transcripts/386.txt
289413,digitalcollections:gunn_387,https://pfaffs-web.lib.lehigh.edu/gunn_transcripts/387.txt,https://pfaffs-web.lib.lehigh.edu/gunn_transcripts/387.txt
289414,digitalcollections:gunn_388,https://pfaffs-web.lib.lehigh.edu/gunn_transcripts/388.txt,https://pfaffs-web.lib.lehigh.edu/gunn_transcripts/388.txt
289415,digitalcollections:gunn_389,https://pfaffs-web.lib.lehigh.edu/gunn_transcripts/389.txt,https://pfaffs-web.lib.lehigh.edu/gunn_transcripts/389.txt
289416,digitalcollections:gunn_390,https://pfaffs-web.lib.lehigh.edu/gunn_transcripts/390.txt,https://pfaffs-web.lib.lehigh.edu/gunn_transcripts/390.txt
289417,digitalcollections:gunn_391,https://pfaffs-web.lib.lehigh.edu/gunn_transcripts/391.txt,https://pfaffs-web.lib.lehigh.edu/gunn_transcripts/391.txt
289418,digitalcollections:gunn_407,https://pfaffs-web.lib.lehigh.edu/gunn_transcripts/407.txt,https://pfaffs-web.lib.lehigh.edu/gunn_transcripts/407.txt
289419,digitalcollections:gunn_408,https://pfaffs-web.lib.lehigh.edu/gunn_transcripts/408.txt,https://pfaffs-web.lib.lehigh.edu/gunn_transcripts/408.txt
289420,digitalcollections:gunn_409,https://pfaffs-web.lib.lehigh.edu/gunn_transcripts/409.txt,https://pfaffs-web.lib.lehigh.edu/gunn_transcripts/409.txt
289421,digitalcollections:gunn_410,https://pfaffs-web.lib.lehigh.edu/gunn_transcripts/410.txt,https://pfaffs-web.lib.lehigh.edu/gunn_transcripts/410.txt
289422,digitalcollections:gunn_411,https://pfaffs-web.lib.lehigh.edu/gunn_transcripts/411.txt,https://pfaffs-web.lib.lehigh.edu/gunn_transcripts/411.txt
289423,digitalcollections:gunn_406,https://pfaffs-web.lib.lehigh.edu/gunn_transcripts/406.txt,https://pfaffs-web.lib.lehigh.edu/gunn_transcripts/406.txt
289424,digitalcollections:gunn_419,https://pfaffs-web.lib.lehigh.edu/gunn_transcripts/419.txt,https://pfaffs-web.lib.lehigh.edu/gunn_transcripts/419.txt
289425,digitalcollections:gunn_420,https://pfaffs-web.lib.lehigh.edu/gunn_transcripts/420.txt,https://pfaffs-web.lib.lehigh.edu/gunn_transcripts/420.txt
289426,digitalcollections:gunn_421,https://pfaffs-web.lib.lehigh.edu/gunn_transcripts/421.txt,https://pfaffs-web.lib.lehigh.edu/gunn_transcripts/421.txt
289427,digitalcollections:gunn_422,https://pfaffs-web.lib.lehigh.edu/gunn_transcripts/422.txt,https://pfaffs-web.lib.lehigh.edu/gunn_transcripts/422.txt
289428,digitalcollections:gunn_423,https://pfaffs-web.lib.lehigh.edu/gunn_transcripts/423.txt,https://pfaffs-web.lib.lehigh.edu/gunn_transcripts/423.txt
289429,digitalcollections:gunn_424,https://pfaffs-web.lib.lehigh.edu/gunn_transcripts/424.txt,https://pfaffs-web.lib.lehigh.edu/gunn_transcripts/424.txt
289430,digitalcollections:gunn_425,https://pfaffs-web.lib.lehigh.edu/gunn_transcripts/425.txt,https://pfaffs-web.lib.lehigh.edu/gunn_transcripts/425.txt
289431,digitalcollections:gunn_413,https://pfaffs-web.lib.lehigh.edu/gunn_transcripts/413.txt,https://pfaffs-web.lib.lehigh.edu/gunn_transcripts/413.txt
289432,digitalcollections:gunn_414,https://pfaffs-web.lib.lehigh.edu/gunn_transcripts/414.txt,https://pfaffs-web.lib.lehigh.edu/gunn_transcripts/414.txt
289433,digitalcollections:gunn_415,https://pfaffs-web.lib.lehigh.edu/gunn_transcripts/415.txt,https://pfaffs-web.lib.lehigh.edu/gunn_transcripts/415.txt
289434,digitalcollections:gunn_416,https://pfaffs-web.lib.lehigh.edu/gunn_transcripts/416.txt,https://pfaffs-web.lib.lehigh.edu/gunn_transcripts/416.txt
289435,digitalcollections:gunn_417,https://pfaffs-web.lib.lehigh.edu/gunn_transcripts/417.txt,https://pfaffs-web.lib.lehigh.edu/gunn_transcripts/417.txt
289436,digitalcollections:gunn_418,https://pfaffs-web.lib.lehigh.edu/gunn_transcripts/418.txt,https://pfaffs-web.lib.lehigh.edu/gunn_transcripts/418.txt
289437,digitalcollections:gunn_426,https://pfaffs-web.lib.lehigh.edu/gunn_transcripts/426.txt,https://pfaffs-web.lib.lehigh.edu/gunn_transcripts/426.txt
289438,digitalcollections:gunn_427,https://pfaffs-web.lib.lehigh.edu/gunn_transcripts/427.txt,https://pfaffs-web.lib.lehigh.edu/gunn_transcripts/427.txt
289439,digitalcollections:gunn_428,https://pfaffs-web.lib.lehigh.edu/gunn_transcripts/428.txt,https://pfaffs-web.lib.lehigh.edu/gunn_transcripts/428.txt
289440,digitalcollections:gunn_429,https://pfaffs-web.lib.lehigh.edu/gunn_transcripts/429.txt,https://pfaffs-web.lib.lehigh.edu/gunn_transcripts/429.txt
289441,digitalcollections:gunn_430,https://pfaffs-web.lib.lehigh.edu/gunn_transcripts/430.txt,https://pfaffs-web.lib.lehigh.edu/gunn_transcripts/430.txt
289442,digitalcollections:gunn_431,https://pfaffs-web.lib.lehigh.edu/gunn_transcripts/431.txt,https://pfaffs-web.lib.lehigh.edu/gunn_transcripts/431.txt
289443,digitalcollections:gunn_412,https://pfaffs-web.lib.lehigh.edu/gunn_transcripts/412.txt,https://pfaffs-web.lib.lehigh.edu/gunn_transcripts/412.txt
289444,digitalcollections:gunn_5002,https://pfaffs-web.lib.lehigh.edu/gunn_transcripts/5002.txt,https://pfaffs-web.lib.lehigh.edu/gunn_transcripts/5002.txt
289445,digitalcollections:gunn_5003,https://pfaffs-web.lib.lehigh.edu/gunn_transcripts/5003.txt,https://pfaffs-web.lib.lehigh.edu/gunn_transcripts/5003.txt
289446,digitalcollections:gunn_5004,https://pfaffs-web.lib.lehigh.edu/gunn_transcripts/5004.txt,https://pfaffs-web.lib.lehigh.edu/gunn_transcripts/5004.txt
289447,digitalcollections:gunn_5005,https://pfaffs-web.lib.lehigh.edu/gunn_transcripts/5005.txt,https://pfaffs-web.lib.lehigh.edu/gunn_transcripts/5005.txt
289448,digitalcollections:gunn_5006,https://pfaffs-web.lib.lehigh.edu/gunn_transcripts/5006.txt,https://pfaffs-web.lib.lehigh.edu/gunn_transcripts/5006.txt
289449,digitalcollections:gunn_5007,https://pfaffs-web.lib.lehigh.edu/gunn_transcripts/5007.txt,https://pfaffs-web.lib.lehigh.edu/gunn_transcripts/5007.txt
289450,digitalcollections:gunn_5008,https://pfaffs-web.lib.lehigh.edu/gunn_transcripts/5008.txt,https://pfaffs-web.lib.lehigh.edu/gunn_transcripts/5008.txt
289451,digitalcollections:gunn_5009,https://pfaffs-web.lib.lehigh.edu/gunn_transcripts/5009.txt,https://pfaffs-web.lib.lehigh.edu/gunn_transcripts/5009.txt
289452,digitalcollections:gunn_5033,https://pfaffs-web.lib.lehigh.edu/gunn_transcripts/5033.txt,https://pfaffs-web.lib.lehigh.edu/gunn_transcripts/5033.txt
289453,digitalcollections:gunn_5034,https://pfaffs-web.lib.lehigh.edu/gunn_transcripts/5034.txt,https://pfaffs-web.lib.lehigh.edu/gunn_transcripts/5034.txt
289454,digitalcollections:gunn_5035,https://pfaffs-web.lib.lehigh.edu/gunn_transcripts/5035.txt,https://pfaffs-web.lib.lehigh.edu/gunn_transcripts/5035.txt
289455,digitalcollections:gunn_5036,https://pfaffs-web.lib.lehigh.edu/gunn_transcripts/5036.txt,https://pfaffs-web.lib.lehigh.edu/gunn_transcripts/5036.txt
289456,digitalcollections:gunn_5037,https://pfaffs-web.lib.lehigh.edu/gunn_transcripts/5037.txt,https://pfaffs-web.lib.lehigh.edu/gunn_transcripts/5037.txt
289457,digitalcollections:gunn_5038,https://pfaffs-web.lib.lehigh.edu/gunn_transcripts/5038.txt,https://pfaffs-web.lib.lehigh.edu/gunn_transcripts/5038.txt
289458,digitalcollections:gunn_5039,https://pfaffs-web.lib.lehigh.edu/gunn_transcripts/5039.txt,https://pfaffs-web.lib.lehigh.edu/gunn_transcripts/5039.txt
289459,digitalcollections:gunn_5040,https://pfaffs-web.lib.lehigh.edu/gunn_transcripts/5040.txt,https://pfaffs-web.lib.lehigh.edu/gunn_transcripts/5040.txt
289460,digitalcollections:gunn_5025,https://pfaffs-web.lib.lehigh.edu/gunn_transcripts/5025.txt,https://pfaffs-web.lib.lehigh.edu/gunn_transcripts/5025.txt
289461,digitalcollections:gunn_5026,https://pfaffs-web.lib.lehigh.edu/gunn_transcripts/5026.txt,https://pfaffs-web.lib.lehigh.edu/gunn_transcripts/5026.txt
289462,digitalcollections:gunn_5027,https://pfaffs-web.lib.lehigh.edu/gunn_transcripts/5027.txt,https://pfaffs-web.lib.lehigh.edu/gunn_transcripts/5027.txt
289463,digitalcollections:gunn_5028,https://pfaffs-web.lib.lehigh.edu/gunn_transcripts/5028.txt,https://pfaffs-web.lib.lehigh.edu/gunn_transcripts/5028.txt
289464,digitalcollections:gunn_5029,https://pfaffs-web.lib.lehigh.edu/gunn_transcripts/5029.txt,https://pfaffs-web.lib.lehigh.edu/gunn_transcripts/5029.txt
289465,digitalcollections:gunn_5030,https://pfaffs-web.lib.lehigh.edu/gunn_transcripts/5030.txt,https://pfaffs-web.lib.lehigh.edu/gunn_transcripts/5030.txt
289466,digitalcollections:gunn_5031,https://pfaffs-web.lib.lehigh.edu/gunn_transcripts/5031.txt,https://pfaffs-web.lib.lehigh.edu/gunn_transcripts/5031.txt
289467,digitalcollections:gunn_5032,https://pfaffs-web.lib.lehigh.edu/gunn_transcripts/5032.txt,https://pfaffs-web.lib.lehigh.edu/gunn_transcripts/5032.txt
289468,digitalcollections:gunn_4981,https://pfaffs-web.lib.lehigh.edu/gunn_transcripts/4981.txt,https://pfaffs-web.lib.lehigh.edu/gunn_transcripts/4981.txt
289469,digitalcollections:gunn_4982,https://pfaffs-web.lib.lehigh.edu/gunn_transcripts/4982.txt,https://pfaffs-web.lib.lehigh.edu/gunn_transcripts/4982.txt
289470,digitalcollections:gunn_4983,https://pfaffs-web.lib.lehigh.edu/gunn_transcripts/4983.txt,https://pfaffs-web.lib.lehigh.edu/gunn_transcripts/4983.txt
289471,digitalcollections:gunn_4984,https://pfaffs-web.lib.lehigh.edu/gunn_transcripts/4984.txt,https://pfaffs-web.lib.lehigh.edu/gunn_transcripts/4984.txt
289472,digitalcollections:gunn_4985,https://pfaffs-web.lib.lehigh.edu/gunn_transcripts/4985.txt,https://pfaffs-web.lib.lehigh.edu/gunn_transcripts/4985.txt
289473,digitalcollections:gunn_4986,https://pfaffs-web.lib.lehigh.edu/gunn_transcripts/4986.txt,https://pfaffs-web.lib.lehigh.edu/gunn_transcripts/4986.txt
289474,digitalcollections:gunn_5010,https://pfaffs-web.lib.lehigh.edu/gunn_transcripts/5010.txt,https://pfaffs-web.lib.lehigh.edu/gunn_transcripts/5010.txt
289475,digitalcollections:gunn_5011,https://pfaffs-web.lib.lehigh.edu/gunn_transcripts/5011.txt,https://pfaffs-web.lib.lehigh.edu/gunn_transcripts/5011.txt
289476,digitalcollections:gunn_5012,https://pfaffs-web.lib.lehigh.edu/gunn_transcripts/5012.txt,https://pfaffs-web.lib.lehigh.edu/gunn_transcripts/5012.txt
289477,digitalcollections:gunn_5013,https://pfaffs-web.lib.lehigh.edu/gunn_transcripts/5013.txt,https://pfaffs-web.lib.lehigh.edu/gunn_transcripts/5013.txt
289478,digitalcollections:gunn_5014,https://pfaffs-web.lib.lehigh.edu/gunn_transcripts/5014.txt,https://pfaffs-web.lib.lehigh.edu/gunn_transcripts/5014.txt
289479,digitalcollections:gunn_5015,https://pfaffs-web.lib.lehigh.edu/gunn_transcripts/5015.txt,https://pfaffs-web.lib.lehigh.edu/gunn_transcripts/5015.txt
289480,digitalcollections:gunn_5016,https://pfaffs-web.lib.lehigh.edu/gunn_transcripts/5016.txt,https://pfaffs-web.lib.lehigh.edu/gunn_transcripts/5016.txt
289481,digitalcollections:gunn_5017,https://pfaffs-web.lib.lehigh.edu/gunn_transcripts/5017.txt,https://pfaffs-web.lib.lehigh.edu/gunn_transcripts/5017.txt
289482,digitalcollections:gunn_5018,https://pfaffs-web.lib.lehigh.edu/gunn_transcripts/5018.txt,https://pfaffs-web.lib.lehigh.edu/gunn_transcripts/5018.txt
289483,digitalcollections:gunn_5019,https://pfaffs-web.lib.lehigh.edu/gunn_transcripts/5019.txt,https://pfaffs-web.lib.lehigh.edu/gunn_transcripts/5019.txt
289484,digitalcollections:gunn_5020,https://pfaffs-web.lib.lehigh.edu/gunn_transcripts/5020.txt,https://pfaffs-web.lib.lehigh.edu/gunn_transcripts/5020.txt
289485,digitalcollections:gunn_5021,https://pfaffs-web.lib.lehigh.edu/gunn_transcripts/5021.txt,https://pfaffs-web.lib.lehigh.edu/gunn_transcripts/5021.txt
289486,digitalcollections:gunn_5022,https://pfaffs-web.lib.lehigh.edu/gunn_transcripts/5022.txt,https://pfaffs-web.lib.lehigh.edu/gunn_transcripts/5022.txt
289487,digitalcollections:gunn_5023,https://pfaffs-web.lib.lehigh.edu/gunn_transcripts/5023.txt,https://pfaffs-web.lib.lehigh.edu/gunn_transcripts/5023.txt
289488,digitalcollections:gunn_5024,https://pfaffs-web.lib.lehigh.edu/gunn_transcripts/5024.txt,https://pfaffs-web.lib.lehigh.edu/gunn_transcripts/5024.txt
289489,digitalcollections:gunn_4995,https://pfaffs-web.lib.lehigh.edu/gunn_transcripts/4995.txt,https://pfaffs-web.lib.lehigh.edu/gunn_transcripts/4995.txt
289490,digitalcollections:gunn_4996,https://pfaffs-web.lib.lehigh.edu/gunn_transcripts/4996.txt,https://pfaffs-web.lib.lehigh.edu/gunn_transcripts/4996.txt
289491,digitalcollections:gunn_4997,https://pfaffs-web.lib.lehigh.edu/gunn_transcripts/4997.txt,https://pfaffs-web.lib.lehigh.edu/gunn_transcripts/4997.txt
289492,digitalcollections:gunn_4998,https://pfaffs-web.lib.lehigh.edu/gunn_transcripts/4998.txt,https://pfaffs-web.lib.lehigh.edu/gunn_transcripts/4998.txt
289493,digitalcollections:gunn_4999,https://pfaffs-web.lib.lehigh.edu/gunn_transcripts/4999.txt,https://pfaffs-web.lib.lehigh.edu/gunn_transcripts/4999.txt
289494,digitalcollections:gunn_5000,https://pfaffs-web.lib.lehigh.edu/gunn_transcripts/5000.txt,https://pfaffs-web.lib.lehigh.edu/gunn_transcripts/5000.txt
289495,digitalcollections:gunn_5001,https://pfaffs-web.lib.lehigh.edu/gunn_transcripts/5001.txt,https://pfaffs-web.lib.lehigh.edu/gunn_transcripts/5001.txt
289496,digitalcollections:gunn_4988,https://pfaffs-web.lib.lehigh.edu/gunn_transcripts/4988.txt,https://pfaffs-web.lib.lehigh.edu/gunn_transcripts/4988.txt
289497,digitalcollections:gunn_4989,https://pfaffs-web.lib.lehigh.edu/gunn_transcripts/4989.txt,https://pfaffs-web.lib.lehigh.edu/gunn_transcripts/4989.txt
289498,digitalcollections:gunn_4990,https://pfaffs-web.lib.lehigh.edu/gunn_transcripts/4990.txt,https://pfaffs-web.lib.lehigh.edu/gunn_transcripts/4990.txt
289499,digitalcollections:gunn_4991,https://pfaffs-web.lib.lehigh.edu/gunn_transcripts/4991.txt,https://pfaffs-web.lib.lehigh.edu/gunn_transcripts/4991.txt
289500,digitalcollections:gunn_4992,https://pfaffs-web.lib.lehigh.edu/gunn_transcripts/4992.txt,https://pfaffs-web.lib.lehigh.edu/gunn_transcripts/4992.txt
289501,digitalcollections:gunn_4993,https://pfaffs-web.lib.lehigh.edu/gunn_transcripts/4993.txt,https://pfaffs-web.lib.lehigh.edu/gunn_transcripts/4993.txt
289502,digitalcollections:gunn_4994,https://pfaffs-web.lib.lehigh.edu/gunn_transcripts/4994.txt,https://pfaffs-web.lib.lehigh.edu/gunn_transcripts/4994.txt
289503,digitalcollections:gunn_4987,https://pfaffs-web.lib.lehigh.edu/gunn_transcripts/4987.txt,https://pfaffs-web.lib.lehigh.edu/gunn_transcripts/4987.txt
289504,digitalcollections:gunn_4862,https://pfaffs-web.lib.lehigh.edu/gunn_transcripts/4862.txt,https://pfaffs-web.lib.lehigh.edu/gunn_transcripts/4862.txt
289505,digitalcollections:gunn_4863,https://pfaffs-web.lib.lehigh.edu/gunn_transcripts/4863.txt,https://pfaffs-web.lib.lehigh.edu/gunn_transcripts/4863.txt
289506,digitalcollections:gunn_4864,https://pfaffs-web.lib.lehigh.edu/gunn_transcripts/4864.txt,https://pfaffs-web.lib.lehigh.edu/gunn_transcripts/4864.txt
289507,digitalcollections:gunn_4865,https://pfaffs-web.lib.lehigh.edu/gunn_transcripts/4865.txt,https://pfaffs-web.lib.lehigh.edu/gunn_transcripts/4865.txt
289508,digitalcollections:gunn_4873,https://pfaffs-web.lib.lehigh.edu/gunn_transcripts/4873.txt,https://pfaffs-web.lib.lehigh.edu/gunn_transcripts/4873.txt
289509,digitalcollections:gunn_4874,https://pfaffs-web.lib.lehigh.edu/gunn_transcripts/4874.txt,https://pfaffs-web.lib.lehigh.edu/gunn_transcripts/4874.txt
289510,digitalcollections:gunn_4875,https://pfaffs-web.lib.lehigh.edu/gunn_transcripts/4875.txt,https://pfaffs-web.lib.lehigh.edu/gunn_transcripts/4875.txt
289511,digitalcollections:gunn_4876,https://pfaffs-web.lib.lehigh.edu/gunn_transcripts/4876.txt,https://pfaffs-web.lib.lehigh.edu/gunn_transcripts/4876.txt
289512,digitalcollections:gunn_4877,https://pfaffs-web.lib.lehigh.edu/gunn_transcripts/4877.txt,https://pfaffs-web.lib.lehigh.edu/gunn_transcripts/4877.txt
289513,digitalcollections:gunn_4878,https://pfaffs-web.lib.lehigh.edu/gunn_transcripts/4878.txt,https://pfaffs-web.lib.lehigh.edu/gunn_transcripts/4878.txt
289514,digitalcollections:gunn_4879,https://pfaffs-web.lib.lehigh.edu/gunn_transcripts/4879.txt,https://pfaffs-web.lib.lehigh.edu/gunn_transcripts/4879.txt
289515,digitalcollections:gunn_4880,https://pfaffs-web.lib.lehigh.edu/gunn_transcripts/4880.txt,https://pfaffs-web.lib.lehigh.edu/gunn_transcripts/4880.txt
289516,digitalcollections:gunn_4866,https://pfaffs-web.lib.lehigh.edu/gunn_transcripts/4866.txt,https://pfaffs-web.lib.lehigh.edu/gunn_transcripts/4866.txt
289517,digitalcollections:gunn_4867,https://pfaffs-web.lib.lehigh.edu/gunn_transcripts/4867.txt,https://pfaffs-web.lib.lehigh.edu/gunn_transcripts/4867.txt
289518,digitalcollections:gunn_4868,https://pfaffs-web.lib.lehigh.edu/gunn_transcripts/4868.txt,https://pfaffs-web.lib.lehigh.edu/gunn_transcripts/4868.txt
289519,digitalcollections:gunn_4869,https://pfaffs-web.lib.lehigh.edu/gunn_transcripts/4869.txt,https://pfaffs-web.lib.lehigh.edu/gunn_transcripts/4869.txt
289520,digitalcollections:gunn_4870,https://pfaffs-web.lib.lehigh.edu/gunn_transcripts/4870.txt,https://pfaffs-web.lib.lehigh.edu/gunn_transcripts/4870.txt
289521,digitalcollections:gunn_4871,https://pfaffs-web.lib.lehigh.edu/gunn_transcripts/4871.txt,https://pfaffs-web.lib.lehigh.edu/gunn_transcripts/4871.txt
289522,digitalcollections:gunn_4872,https://pfaffs-web.lib.lehigh.edu/gunn_transcripts/4872.txt,https://pfaffs-web.lib.lehigh.edu/gunn_transcripts/4872.txt
289523,digitalcollections:gunn_4959,https://pfaffs-web.lib.lehigh.edu/gunn_transcripts/4959.txt,https://pfaffs-web.lib.lehigh.edu/gunn_transcripts/4959.txt
289524,digitalcollections:gunn_4960,https://pfaffs-web.lib.lehigh.edu/gunn_transcripts/4960.txt,https://pfaffs-web.lib.lehigh.edu/gunn_transcripts/4960.txt
289525,digitalcollections:gunn_4961,https://pfaffs-web.lib.lehigh.edu/gunn_transcripts/4961.txt,https://pfaffs-web.lib.lehigh.edu/gunn_transcripts/4961.txt
289526,digitalcollections:gunn_4962,https://pfaffs-web.lib.lehigh.edu/gunn_transcripts/4962.txt,https://pfaffs-web.lib.lehigh.edu/gunn_transcripts/4962.txt
289527,digitalcollections:gunn_4963,https://pfaffs-web.lib.lehigh.edu/gunn_transcripts/4963.txt,https://pfaffs-web.lib.lehigh.edu/gunn_transcripts/4963.txt
289528,digitalcollections:gunn_4964,https://pfaffs-web.lib.lehigh.edu/gunn_transcripts/4964.txt,https://pfaffs-web.lib.lehigh.edu/gunn_transcripts/4964.txt
289529,digitalcollections:gunn_4965,https://pfaffs-web.lib.lehigh.edu/gunn_transcripts/4965.txt,https://pfaffs-web.lib.lehigh.edu/gunn_transcripts/4965.txt
289530,digitalcollections:gunn_4966,https://pfaffs-web.lib.lehigh.edu/gunn_transcripts/4966.txt,https://pfaffs-web.lib.lehigh.edu/gunn_transcripts/4966.txt
289531,digitalcollections:gunn_4945,https://pfaffs-web.lib.lehigh.edu/gunn_transcripts/4945.txt,https://pfaffs-web.lib.lehigh.edu/gunn_transcripts/4945.txt
289532,digitalcollections:gunn_4946,https://pfaffs-web.lib.lehigh.edu/gunn_transcripts/4946.txt,https://pfaffs-web.lib.lehigh.edu/gunn_transcripts/4946.txt
289533,digitalcollections:gunn_4947,https://pfaffs-web.lib.lehigh.edu/gunn_transcripts/4947.txt,https://pfaffs-web.lib.lehigh.edu/gunn_transcripts/4947.txt
289534,digitalcollections:gunn_4948,https://pfaffs-web.lib.lehigh.edu/gunn_transcripts/4948.txt,https://pfaffs-web.lib.lehigh.edu/gunn_transcripts/4948.txt
289535,digitalcollections:gunn_4949,https://pfaffs-web.lib.lehigh.edu/gunn_transcripts/4949.txt,https://pfaffs-web.lib.lehigh.edu/gunn_transcripts/4949.txt
289536,digitalcollections:gunn_4950,https://pfaffs-web.lib.lehigh.edu/gunn_transcripts/4950.txt,https://pfaffs-web.lib.lehigh.edu/gunn_transcripts/4950.txt
289537,digitalcollections:gunn_4951,https://pfaffs-web.lib.lehigh.edu/gunn_transcripts/4951.txt,https://pfaffs-web.lib.lehigh.edu/gunn_transcripts/4951.txt
289538,digitalcollections:gunn_4952,https://pfaffs-web.lib.lehigh.edu/gunn_transcripts/4952.txt,https://pfaffs-web.lib.lehigh.edu/gunn_transcripts/4952.txt
289539,digitalcollections:gunn_4953,https://pfaffs-web.lib.lehigh.edu/gunn_transcripts/4953.txt,https://pfaffs-web.lib.lehigh.edu/gunn_transcripts/4953.txt
289540,digitalcollections:gunn_4954,https://pfaffs-web.lib.lehigh.edu/gunn_transcripts/4954.txt,https://pfaffs-web.lib.lehigh.edu/gunn_transcripts/4954.txt
289541,digitalcollections:gunn_4955,https://pfaffs-web.lib.lehigh.edu/gunn_transcripts/4955.txt,https://pfaffs-web.lib.lehigh.edu/gunn_transcripts/4955.txt
289542,digitalcollections:gunn_4956,https://pfaffs-web.lib.lehigh.edu/gunn_transcripts/4956.txt,https://pfaffs-web.lib.lehigh.edu/gunn_transcripts/4956.txt
289543,digitalcollections:gunn_4957,https://pfaffs-web.lib.lehigh.edu/gunn_transcripts/4957.txt,https://pfaffs-web.lib.lehigh.edu/gunn_transcripts/4957.txt
289544,digitalcollections:gunn_4958,https://pfaffs-web.lib.lehigh.edu/gunn_transcripts/4958.txt,https://pfaffs-web.lib.lehigh.edu/gunn_transcripts/4958.txt
289545,digitalcollections:gunn_4967,https://pfaffs-web.lib.lehigh.edu/gunn_transcripts/4967.txt,https://pfaffs-web.lib.lehigh.edu/gunn_transcripts/4967.txt
289546,digitalcollections:gunn_4968,https://pfaffs-web.lib.lehigh.edu/gunn_transcripts/4968.txt,https://pfaffs-web.lib.lehigh.edu/gunn_transcripts/4968.txt
289547,digitalcollections:gunn_4969,https://pfaffs-web.lib.lehigh.edu/gunn_transcripts/4969.txt,https://pfaffs-web.lib.lehigh.edu/gunn_transcripts/4969.txt
289548,digitalcollections:gunn_4970,https://pfaffs-web.lib.lehigh.edu/gunn_transcripts/4970.txt,https://pfaffs-web.lib.lehigh.edu/gunn_transcripts/4970.txt
289549,digitalcollections:gunn_4971,https://pfaffs-web.lib.lehigh.edu/gunn_transcripts/4971.txt,https://pfaffs-web.lib.lehigh.edu/gunn_transcripts/4971.txt
289550,digitalcollections:gunn_4972,https://pfaffs-web.lib.lehigh.edu/gunn_transcripts/4972.txt,https://pfaffs-web.lib.lehigh.edu/gunn_transcripts/4972.txt
289551,digitalcollections:gunn_4973,https://pfaffs-web.lib.lehigh.edu/gunn_transcripts/4973.txt,https://pfaffs-web.lib.lehigh.edu/gunn_transcripts/4973.txt
289552,digitalcollections:gunn_4975,https://pfaffs-web.lib.lehigh.edu/gunn_transcripts/4975.txt,https://pfaffs-web.lib.lehigh.edu/gunn_transcripts/4975.txt
289553,digitalcollections:gunn_4976,https://pfaffs-web.lib.lehigh.edu/gunn_transcripts/4976.txt,https://pfaffs-web.lib.lehigh.edu/gunn_transcripts/4976.txt
289554,digitalcollections:gunn_4977,https://pfaffs-web.lib.lehigh.edu/gunn_transcripts/4977.txt,https://pfaffs-web.lib.lehigh.edu/gunn_transcripts/4977.txt
289555,digitalcollections:gunn_4978,https://pfaffs-web.lib.lehigh.edu/gunn_transcripts/4978.txt,https://pfaffs-web.lib.lehigh.edu/gunn_transcripts/4978.txt
289556,digitalcollections:gunn_4979,https://pfaffs-web.lib.lehigh.edu/gunn_transcripts/4979.txt,https://pfaffs-web.lib.lehigh.edu/gunn_transcripts/4979.txt
289557,digitalcollections:gunn_4938,https://pfaffs-web.lib.lehigh.edu/gunn_transcripts/4938.txt,https://pfaffs-web.lib.lehigh.edu/gunn_transcripts/4938.txt
289558,digitalcollections:gunn_4939,https://pfaffs-web.lib.lehigh.edu/gunn_transcripts/4939.txt,https://pfaffs-web.lib.lehigh.edu/gunn_transcripts/4939.txt
289559,digitalcollections:gunn_4940,https://pfaffs-web.lib.lehigh.edu/gunn_transcripts/4940.txt,https://pfaffs-web.lib.lehigh.edu/gunn_transcripts/4940.txt
289560,digitalcollections:gunn_4941,https://pfaffs-web.lib.lehigh.edu/gunn_transcripts/4941.txt,https://pfaffs-web.lib.lehigh.edu/gunn_transcripts/4941.txt
289561,digitalcollections:gunn_4942,https://pfaffs-web.lib.lehigh.edu/gunn_transcripts/4942.txt,https://pfaffs-web.lib.lehigh.edu/gunn_transcripts/4942.txt
289562,digitalcollections:gunn_4943,https://pfaffs-web.lib.lehigh.edu/gunn_transcripts/4943.txt,https://pfaffs-web.lib.lehigh.edu/gunn_transcripts/4943.txt
289563,digitalcollections:gunn_4980,https://pfaffs-web.lib.lehigh.edu/gunn_transcripts/4980.txt,https://pfaffs-web.lib.lehigh.edu/gunn_transcripts/4980.txt
289564,digitalcollections:gunn_4944,https://pfaffs-web.lib.lehigh.edu/gunn_transcripts/4944.txt,https://pfaffs-web.lib.lehigh.edu/gunn_transcripts/4944.txt
289565,digitalcollections:gunn_4974,https://pfaffs-web.lib.lehigh.edu/gunn_transcripts/4974.txt,https://pfaffs-web.lib.lehigh.edu/gunn_transcripts/4974.txt
289566,digitalcollections:gunn_4921,https://pfaffs-web.lib.lehigh.edu/gunn_transcripts/4921.txt,https://pfaffs-web.lib.lehigh.edu/gunn_transcripts/4921.txt
289567,digitalcollections:gunn_4922,https://pfaffs-web.lib.lehigh.edu/gunn_transcripts/4922.txt,https://pfaffs-web.lib.lehigh.edu/gunn_transcripts/4922.txt
289568,digitalcollections:gunn_4923,https://pfaffs-web.lib.lehigh.edu/gunn_transcripts/4923.txt,https://pfaffs-web.lib.lehigh.edu/gunn_transcripts/4923.txt
289569,digitalcollections:gunn_4924,https://pfaffs-web.lib.lehigh.edu/gunn_transcripts/4924.txt,https://pfaffs-web.lib.lehigh.edu/gunn_transcripts/4924.txt
289570,digitalcollections:gunn_4925,https://pfaffs-web.lib.lehigh.edu/gunn_transcripts/4925.txt,https://pfaffs-web.lib.lehigh.edu/gunn_transcripts/4925.txt
289571,digitalcollections:gunn_4926,https://pfaffs-web.lib.lehigh.edu/gunn_transcripts/4926.txt,https://pfaffs-web.lib.lehigh.edu/gunn_transcripts/4926.txt
289572,digitalcollections:gunn_4927,https://pfaffs-web.lib.lehigh.edu/gunn_transcripts/4927.txt,https://pfaffs-web.lib.lehigh.edu/gunn_transcripts/4927.txt
289573,digitalcollections:gunn_4928,https://pfaffs-web.lib.lehigh.edu/gunn_transcripts/4928.txt,https://pfaffs-web.lib.lehigh.edu/gunn_transcripts/4928.txt
289574,digitalcollections:gunn_4906,https://pfaffs-web.lib.lehigh.edu/gunn_transcripts/4906.txt,https://pfaffs-web.lib.lehigh.edu/gunn_transcripts/4906.txt
289575,digitalcollections:gunn_4907,https://pfaffs-web.lib.lehigh.edu/gunn_transcripts/4907.txt,https://pfaffs-web.lib.lehigh.edu/gunn_transcripts/4907.txt
289576,digitalcollections:gunn_4908,https://pfaffs-web.lib.lehigh.edu/gunn_transcripts/4908.txt,https://pfaffs-web.lib.lehigh.edu/gunn_transcripts/4908.txt
289577,digitalcollections:gunn_4909,https://pfaffs-web.lib.lehigh.edu/gunn_transcripts/4909.txt,https://pfaffs-web.lib.lehigh.edu/gunn_transcripts/4909.txt
289578,digitalcollections:gunn_4910,https://pfaffs-web.lib.lehigh.edu/gunn_transcripts/4910.txt,https://pfaffs-web.lib.lehigh.edu/gunn_transcripts/4910.txt
289579,digitalcollections:gunn_4911,https://pfaffs-web.lib.lehigh.edu/gunn_transcripts/4911.txt,https://pfaffs-web.lib.lehigh.edu/gunn_transcripts/4911.txt
289580,digitalcollections:gunn_4912,https://pfaffs-web.lib.lehigh.edu/gunn_transcripts/4912.txt,https://pfaffs-web.lib.lehigh.edu/gunn_transcripts/4912.txt
289581,digitalcollections:gunn_4913,https://pfaffs-web.lib.lehigh.edu/gunn_transcripts/4913.txt,https://pfaffs-web.lib.lehigh.edu/gunn_transcripts/4913.txt
289582,digitalcollections:gunn_4898,https://pfaffs-web.lib.lehigh.edu/gunn_transcripts/4898.txt,https://pfaffs-web.lib.lehigh.edu/gunn_transcripts/4898.txt
289583,digitalcollections:gunn_4899,https://pfaffs-web.lib.lehigh.edu/gunn_transcripts/4899.txt,https://pfaffs-web.lib.lehigh.edu/gunn_transcripts/4899.txt
289584,digitalcollections:gunn_4900,https://pfaffs-web.lib.lehigh.edu/gunn_transcripts/4900.txt,https://pfaffs-web.lib.lehigh.edu/gunn_transcripts/4900.txt
289585,digitalcollections:gunn_4901,https://pfaffs-web.lib.lehigh.edu/gunn_transcripts/4901.txt,https://pfaffs-web.lib.lehigh.edu/gunn_transcripts/4901.txt
289586,digitalcollections:gunn_4902,https://pfaffs-web.lib.lehigh.edu/gunn_transcripts/4902.txt,https://pfaffs-web.lib.lehigh.edu/gunn_transcripts/4902.txt
289587,digitalcollections:gunn_4903,https://pfaffs-web.lib.lehigh.edu/gunn_transcripts/4903.txt,https://pfaffs-web.lib.lehigh.edu/gunn_transcripts/4903.txt
289588,digitalcollections:gunn_4904,https://pfaffs-web.lib.lehigh.edu/gunn_transcripts/4904.txt,https://pfaffs-web.lib.lehigh.edu/gunn_transcripts/4904.txt
289589,digitalcollections:gunn_4905,https://pfaffs-web.lib.lehigh.edu/gunn_transcripts/4905.txt,https://pfaffs-web.lib.lehigh.edu/gunn_transcripts/4905.txt
289590,digitalcollections:gunn_4890,https://pfaffs-web.lib.lehigh.edu/gunn_transcripts/4890.txt,https://pfaffs-web.lib.lehigh.edu/gunn_transcripts/4890.txt
289591,digitalcollections:gunn_4891,https://pfaffs-web.lib.lehigh.edu/gunn_transcripts/4891.txt,https://pfaffs-web.lib.lehigh.edu/gunn_transcripts/4891.txt
289592,digitalcollections:gunn_4892,https://pfaffs-web.lib.lehigh.edu/gunn_transcripts/4892.txt,https://pfaffs-web.lib.lehigh.edu/gunn_transcripts/4892.txt
289593,digitalcollections:gunn_4893,https://pfaffs-web.lib.lehigh.edu/gunn_transcripts/4893.txt,https://pfaffs-web.lib.lehigh.edu/gunn_transcripts/4893.txt
289594,digitalcollections:gunn_4894,https://pfaffs-web.lib.lehigh.edu/gunn_transcripts/4894.txt,https://pfaffs-web.lib.lehigh.edu/gunn_transcripts/4894.txt
289595,digitalcollections:gunn_4895,https://pfaffs-web.lib.lehigh.edu/gunn_transcripts/4895.txt,https://pfaffs-web.lib.lehigh.edu/gunn_transcripts/4895.txt
289596,digitalcollections:gunn_4896,https://pfaffs-web.lib.lehigh.edu/gunn_transcripts/4896.txt,https://pfaffs-web.lib.lehigh.edu/gunn_transcripts/4896.txt
289597,digitalcollections:gunn_4897,https://pfaffs-web.lib.lehigh.edu/gunn_transcripts/4897.txt,https://pfaffs-web.lib.lehigh.edu/gunn_transcripts/4897.txt
289598,digitalcollections:gunn_4929,https://pfaffs-web.lib.lehigh.edu/gunn_transcripts/4929.txt,https://pfaffs-web.lib.lehigh.edu/gunn_transcripts/4929.txt
289599,digitalcollections:gunn_4930,https://pfaffs-web.lib.lehigh.edu/gunn_transcripts/4930.txt,https://pfaffs-web.lib.lehigh.edu/gunn_transcripts/4930.txt
289600,digitalcollections:gunn_4931,https://pfaffs-web.lib.lehigh.edu/gunn_transcripts/4931.txt,https://pfaffs-web.lib.lehigh.edu/gunn_transcripts/4931.txt
289601,digitalcollections:gunn_4932,https://pfaffs-web.lib.lehigh.edu/gunn_transcripts/4932.txt,https://pfaffs-web.lib.lehigh.edu/gunn_transcripts/4932.txt
289602,digitalcollections:gunn_4933,https://pfaffs-web.lib.lehigh.edu/gunn_transcripts/4933.txt,https://pfaffs-web.lib.lehigh.edu/gunn_transcripts/4933.txt
289603,digitalcollections:gunn_4934,https://pfaffs-web.lib.lehigh.edu/gunn_transcripts/4934.txt,https://pfaffs-web.lib.lehigh.edu/gunn_transcripts/4934.txt
289604,digitalcollections:gunn_4935,https://pfaffs-web.lib.lehigh.edu/gunn_transcripts/4935.txt,https://pfaffs-web.lib.lehigh.edu/gunn_transcripts/4935.txt
289605,digitalcollections:gunn_4936,https://pfaffs-web.lib.lehigh.edu/gunn_transcripts/4936.txt,https://pfaffs-web.lib.lehigh.edu/gunn_transcripts/4936.txt
289606,digitalcollections:gunn_4883,https://pfaffs-web.lib.lehigh.edu/gunn_transcripts/4883.txt,https://pfaffs-web.lib.lehigh.edu/gunn_transcripts/4883.txt
289607,digitalcollections:gunn_4884,https://pfaffs-web.lib.lehigh.edu/gunn_transcripts/4884.txt,https://pfaffs-web.lib.lehigh.edu/gunn_transcripts/4884.txt
289608,digitalcollections:gunn_4885,https://pfaffs-web.lib.lehigh.edu/gunn_transcripts/4885.txt,https://pfaffs-web.lib.lehigh.edu/gunn_transcripts/4885.txt
289609,digitalcollections:gunn_4886,https://pfaffs-web.lib.lehigh.edu/gunn_transcripts/4886.txt,https://pfaffs-web.lib.lehigh.edu/gunn_transcripts/4886.txt
289610,digitalcollections:gunn_4887,https://pfaffs-web.lib.lehigh.edu/gunn_transcripts/4887.txt,https://pfaffs-web.lib.lehigh.edu/gunn_transcripts/4887.txt
289611,digitalcollections:gunn_4888,https://pfaffs-web.lib.lehigh.edu/gunn_transcripts/4888.txt,https://pfaffs-web.lib.lehigh.edu/gunn_transcripts/4888.txt
289612,digitalcollections:gunn_4889,https://pfaffs-web.lib.lehigh.edu/gunn_transcripts/4889.txt,https://pfaffs-web.lib.lehigh.edu/gunn_transcripts/4889.txt
289613,digitalcollections:gunn_4914,https://pfaffs-web.lib.lehigh.edu/gunn_transcripts/4914.txt,https://pfaffs-web.lib.lehigh.edu/gunn_transcripts/4914.txt
289614,digitalcollections:gunn_4915,https://pfaffs-web.lib.lehigh.edu/gunn_transcripts/4915.txt,https://pfaffs-web.lib.lehigh.edu/gunn_transcripts/4915.txt
289615,digitalcollections:gunn_4916,https://pfaffs-web.lib.lehigh.edu/gunn_transcripts/4916.txt,https://pfaffs-web.lib.lehigh.edu/gunn_transcripts/4916.txt
289616,digitalcollections:gunn_4917,https://pfaffs-web.lib.lehigh.edu/gunn_transcripts/4917.txt,https://pfaffs-web.lib.lehigh.edu/gunn_transcripts/4917.txt
289617,digitalcollections:gunn_4918,https://pfaffs-web.lib.lehigh.edu/gunn_transcripts/4918.txt,https://pfaffs-web.lib.lehigh.edu/gunn_transcripts/4918.txt
289618,digitalcollections:gunn_4919,https://pfaffs-web.lib.lehigh.edu/gunn_transcripts/4919.txt,https://pfaffs-web.lib.lehigh.edu/gunn_transcripts/4919.txt
289619,digitalcollections:gunn_4920,https://pfaffs-web.lib.lehigh.edu/gunn_transcripts/4920.txt,https://pfaffs-web.lib.lehigh.edu/gunn_transcripts/4920.txt
289620,digitalcollections:gunn_4881,https://pfaffs-web.lib.lehigh.edu/gunn_transcripts/4881.txt,https://pfaffs-web.lib.lehigh.edu/gunn_transcripts/4881.txt
289621,digitalcollections:gunn_4882,https://pfaffs-web.lib.lehigh.edu/gunn_transcripts/4882.txt,https://pfaffs-web.lib.lehigh.edu/gunn_transcripts/4882.txt
289622,digitalcollections:gunn_4937,https://pfaffs-web.lib.lehigh.edu/gunn_transcripts/4937.txt,https://pfaffs-web.lib.lehigh.edu/gunn_transcripts/4937.txt
289623,digitalcollections:gunn_5049,https://pfaffs-web.lib.lehigh.edu/gunn_transcripts/5049.txt,https://pfaffs-web.lib.lehigh.edu/gunn_transcripts/5049.txt
289624,digitalcollections:gunn_5050,https://pfaffs-web.lib.lehigh.edu/gunn_transcripts/5050.txt,https://pfaffs-web.lib.lehigh.edu/gunn_transcripts/5050.txt
289625,digitalcollections:gunn_5051,https://pfaffs-web.lib.lehigh.edu/gunn_transcripts/5051.txt,https://pfaffs-web.lib.lehigh.edu/gunn_transcripts/5051.txt
289626,digitalcollections:gunn_5052,https://pfaffs-web.lib.lehigh.edu/gunn_transcripts/5052.txt,https://pfaffs-web.lib.lehigh.edu/gunn_transcripts/5052.txt
289627,digitalcollections:gunn_5053,https://pfaffs-web.lib.lehigh.edu/gunn_transcripts/5053.txt,https://pfaffs-web.lib.lehigh.edu/gunn_transcripts/5053.txt
289628,digitalcollections:gunn_5054,https://pfaffs-web.lib.lehigh.edu/gunn_transcripts/5054.txt,https://pfaffs-web.lib.lehigh.edu/gunn_transcripts/5054.txt
289629,digitalcollections:gunn_5041,https://pfaffs-web.lib.lehigh.edu/gunn_transcripts/5041.txt,https://pfaffs-web.lib.lehigh.edu/gunn_transcripts/5041.txt
289630,digitalcollections:gunn_5042,https://pfaffs-web.lib.lehigh.edu/gunn_transcripts/5042.txt,https://pfaffs-web.lib.lehigh.edu/gunn_transcripts/5042.txt
289631,digitalcollections:gunn_5043,https://pfaffs-web.lib.lehigh.edu/gunn_transcripts/5043.txt,https://pfaffs-web.lib.lehigh.edu/gunn_transcripts/5043.txt
289632,digitalcollections:gunn_5044,https://pfaffs-web.lib.lehigh.edu/gunn_transcripts/5044.txt,https://pfaffs-web.lib.lehigh.edu/gunn_transcripts/5044.txt
289633,digitalcollections:gunn_5045,https://pfaffs-web.lib.lehigh.edu/gunn_transcripts/5045.txt,https://pfaffs-web.lib.lehigh.edu/gunn_transcripts/5045.txt
289634,digitalcollections:gunn_5046,https://pfaffs-web.lib.lehigh.edu/gunn_transcripts/5046.txt,https://pfaffs-web.lib.lehigh.edu/gunn_transcripts/5046.txt
289635,digitalcollections:gunn_5047,https://pfaffs-web.lib.lehigh.edu/gunn_transcripts/5047.txt,https://pfaffs-web.lib.lehigh.edu/gunn_transcripts/5047.txt
289636,digitalcollections:gunn_5048,https://pfaffs-web.lib.lehigh.edu/gunn_transcripts/5048.txt,https://pfaffs-web.lib.lehigh.edu/gunn_transcripts/5048.txt
289637,digitalcollections:gunn_439,https://pfaffs-web.lib.lehigh.edu/gunn_transcripts/439.txt,https://pfaffs-web.lib.lehigh.edu/gunn_transcripts/439.txt
289638,digitalcollections:gunn_440,https://pfaffs-web.lib.lehigh.edu/gunn_transcripts/440.txt,https://pfaffs-web.lib.lehigh.edu/gunn_transcripts/440.txt
289639,digitalcollections:gunn_441,https://pfaffs-web.lib.lehigh.edu/gunn_transcripts/441.txt,https://pfaffs-web.lib.lehigh.edu/gunn_transcripts/441.txt
289640,digitalcollections:gunn_442,https://pfaffs-web.lib.lehigh.edu/gunn_transcripts/442.txt,https://pfaffs-web.lib.lehigh.edu/gunn_transcripts/442.txt
289641,digitalcollections:gunn_443,https://pfaffs-web.lib.lehigh.edu/gunn_transcripts/443.txt,https://pfaffs-web.lib.lehigh.edu/gunn_transcripts/443.txt
289642,digitalcollections:gunn_444,https://pfaffs-web.lib.lehigh.edu/gunn_transcripts/444.txt,https://pfaffs-web.lib.lehigh.edu/gunn_transcripts/444.txt
289643,digitalcollections:gunn_445,https://pfaffs-web.lib.lehigh.edu/gunn_transcripts/445.txt,https://pfaffs-web.lib.lehigh.edu/gunn_transcripts/445.txt
289644,digitalcollections:gunn_446,https://pfaffs-web.lib.lehigh.edu/gunn_transcripts/446.txt,https://pfaffs-web.lib.lehigh.edu/gunn_transcripts/446.txt
289645,digitalcollections:gunn_447,https://pfaffs-web.lib.lehigh.edu/gunn_transcripts/447.txt,https://pfaffs-web.lib.lehigh.edu/gunn_transcripts/447.txt
289646,digitalcollections:gunn_448,https://pfaffs-web.lib.lehigh.edu/gunn_transcripts/448.txt,https://pfaffs-web.lib.lehigh.edu/gunn_transcripts/448.txt
289647,digitalcollections:gunn_449,https://pfaffs-web.lib.lehigh.edu/gunn_transcripts/449.txt,https://pfaffs-web.lib.lehigh.edu/gunn_transcripts/449.txt
289648,digitalcollections:gunn_450,https://pfaffs-web.lib.lehigh.edu/gunn_transcripts/450.txt,https://pfaffs-web.lib.lehigh.edu/gunn_transcripts/450.txt
289649,digitalcollections:gunn_451,https://pfaffs-web.lib.lehigh.edu/gunn_transcripts/451.txt,https://pfaffs-web.lib.lehigh.edu/gunn_transcripts/451.txt
289650,digitalcollections:gunn_452,https://pfaffs-web.lib.lehigh.edu/gunn_transcripts/452.txt,https://pfaffs-web.lib.lehigh.edu/gunn_transcripts/452.txt
289651,digitalcollections:gunn_453,https://pfaffs-web.lib.lehigh.edu/gunn_transcripts/453.txt,https://pfaffs-web.lib.lehigh.edu/gunn_transcripts/453.txt
289652,digitalcollections:gunn_454,https://pfaffs-web.lib.lehigh.edu/gunn_transcripts/454.txt,https://pfaffs-web.lib.lehigh.edu/gunn_transcripts/454.txt
289653,digitalcollections:gunn_455,https://pfaffs-web.lib.lehigh.edu/gunn_transcripts/455.txt,https://pfaffs-web.lib.lehigh.edu/gunn_transcripts/455.txt
289654,digitalcollections:gunn_456,https://pfaffs-web.lib.lehigh.edu/gunn_transcripts/456.txt,https://pfaffs-web.lib.lehigh.edu/gunn_transcripts/456.txt
289655,digitalcollections:gunn_457,https://pfaffs-web.lib.lehigh.edu/gunn_transcripts/457.txt,https://pfaffs-web.lib.lehigh.edu/gunn_transcripts/457.txt
289656,digitalcollections:gunn_458,https://pfaffs-web.lib.lehigh.edu/gunn_transcripts/458.txt,https://pfaffs-web.lib.lehigh.edu/gunn_transcripts/458.txt
289657,digitalcollections:gunn_459,https://pfaffs-web.lib.lehigh.edu/gunn_transcripts/459.txt,https://pfaffs-web.lib.lehigh.edu/gunn_transcripts/459.txt
289658,digitalcollections:gunn_433,https://pfaffs-web.lib.lehigh.edu/gunn_transcripts/433.txt,https://pfaffs-web.lib.lehigh.edu/gunn_transcripts/433.txt
289659,digitalcollections:gunn_434,https://pfaffs-web.lib.lehigh.edu/gunn_transcripts/434.txt,https://pfaffs-web.lib.lehigh.edu/gunn_transcripts/434.txt
289660,digitalcollections:gunn_435,https://pfaffs-web.lib.lehigh.edu/gunn_transcripts/435.txt,https://pfaffs-web.lib.lehigh.edu/gunn_transcripts/435.txt
289661,digitalcollections:gunn_436,https://pfaffs-web.lib.lehigh.edu/gunn_transcripts/436.txt,https://pfaffs-web.lib.lehigh.edu/gunn_transcripts/436.txt
289662,digitalcollections:gunn_437,https://pfaffs-web.lib.lehigh.edu/gunn_transcripts/437.txt,https://pfaffs-web.lib.lehigh.edu/gunn_transcripts/437.txt
289663,digitalcollections:gunn_438,https://pfaffs-web.lib.lehigh.edu/gunn_transcripts/438.txt,https://pfaffs-web.lib.lehigh.edu/gunn_transcripts/438.txt
289664,digitalcollections:gunn_487,https://pfaffs-web.lib.lehigh.edu/gunn_transcripts/487.txt,https://pfaffs-web.lib.lehigh.edu/gunn_transcripts/487.txt
289665,digitalcollections:gunn_488,https://pfaffs-web.lib.lehigh.edu/gunn_transcripts/488.txt,https://pfaffs-web.lib.lehigh.edu/gunn_transcripts/488.txt
289666,digitalcollections:gunn_489,https://pfaffs-web.lib.lehigh.edu/gunn_transcripts/489.txt,https://pfaffs-web.lib.lehigh.edu/gunn_transcripts/489.txt
289667,digitalcollections:gunn_490,https://pfaffs-web.lib.lehigh.edu/gunn_transcripts/490.txt,https://pfaffs-web.lib.lehigh.edu/gunn_transcripts/490.txt
289668,digitalcollections:gunn_491,https://pfaffs-web.lib.lehigh.edu/gunn_transcripts/491.txt,https://pfaffs-web.lib.lehigh.edu/gunn_transcripts/491.txt
289669,digitalcollections:gunn_492,https://pfaffs-web.lib.lehigh.edu/gunn_transcripts/492.txt,https://pfaffs-web.lib.lehigh.edu/gunn_transcripts/492.txt
289670,digitalcollections:gunn_493,https://pfaffs-web.lib.lehigh.edu/gunn_transcripts/493.txt,https://pfaffs-web.lib.lehigh.edu/gunn_transcripts/493.txt
289671,digitalcollections:gunn_494,https://pfaffs-web.lib.lehigh.edu/gunn_transcripts/494.txt,https://pfaffs-web.lib.lehigh.edu/gunn_transcripts/494.txt
289672,digitalcollections:gunn_495,https://pfaffs-web.lib.lehigh.edu/gunn_transcripts/495.txt,https://pfaffs-web.lib.lehigh.edu/gunn_transcripts/495.txt
289673,digitalcollections:gunn_496,https://pfaffs-web.lib.lehigh.edu/gunn_transcripts/496.txt,https://pfaffs-web.lib.lehigh.edu/gunn_transcripts/496.txt
289674,digitalcollections:gunn_497,https://pfaffs-web.lib.lehigh.edu/gunn_transcripts/497.txt,https://pfaffs-web.lib.lehigh.edu/gunn_transcripts/497.txt
289675,digitalcollections:gunn_498,https://pfaffs-web.lib.lehigh.edu/gunn_transcripts/498.txt,https://pfaffs-web.lib.lehigh.edu/gunn_transcripts/498.txt
289676,digitalcollections:gunn_499,https://pfaffs-web.lib.lehigh.edu/gunn_transcripts/499.txt,https://pfaffs-web.lib.lehigh.edu/gunn_transcripts/499.txt
289677,digitalcollections:gunn_500,https://pfaffs-web.lib.lehigh.edu/gunn_transcripts/500.txt,https://pfaffs-web.lib.lehigh.edu/gunn_transcripts/500.txt
289678,digitalcollections:gunn_473,https://pfaffs-web.lib.lehigh.edu/gunn_transcripts/473.txt,https://pfaffs-web.lib.lehigh.edu/gunn_transcripts/473.txt
289679,digitalcollections:gunn_474,https://pfaffs-web.lib.lehigh.edu/gunn_transcripts/474.txt,https://pfaffs-web.lib.lehigh.edu/gunn_transcripts/474.txt
289680,digitalcollections:gunn_475,https://pfaffs-web.lib.lehigh.edu/gunn_transcripts/475.txt,https://pfaffs-web.lib.lehigh.edu/gunn_transcripts/475.txt
289681,digitalcollections:gunn_476,https://pfaffs-web.lib.lehigh.edu/gunn_transcripts/476.txt,https://pfaffs-web.lib.lehigh.edu/gunn_transcripts/476.txt
289682,digitalcollections:gunn_477,https://pfaffs-web.lib.lehigh.edu/gunn_transcripts/477.txt,https://pfaffs-web.lib.lehigh.edu/gunn_transcripts/477.txt
289683,digitalcollections:gunn_478,https://pfaffs-web.lib.lehigh.edu/gunn_transcripts/478.txt,https://pfaffs-web.lib.lehigh.edu/gunn_transcripts/478.txt
289684,digitalcollections:gunn_479,https://pfaffs-web.lib.lehigh.edu/gunn_transcripts/479.txt,https://pfaffs-web.lib.lehigh.edu/gunn_transcripts/479.txt
289685,digitalcollections:gunn_461,https://pfaffs-web.lib.lehigh.edu/gunn_transcripts/461.txt,https://pfaffs-web.lib.lehigh.edu/gunn_transcripts/461.txt
289686,digitalcollections:gunn_462,https://pfaffs-web.lib.lehigh.edu/gunn_transcripts/462.txt,https://pfaffs-web.lib.lehigh.edu/gunn_transcripts/462.txt
289687,digitalcollections:gunn_463,https://pfaffs-web.lib.lehigh.edu/gunn_transcripts/463.txt,https://pfaffs-web.lib.lehigh.edu/gunn_transcripts/463.txt
289688,digitalcollections:gunn_464,https://pfaffs-web.lib.lehigh.edu/gunn_transcripts/464.txt,https://pfaffs-web.lib.lehigh.edu/gunn_transcripts/464.txt
289689,digitalcollections:gunn_465,https://pfaffs-web.lib.lehigh.edu/gunn_transcripts/465.txt,https://pfaffs-web.lib.lehigh.edu/gunn_transcripts/465.txt
289690,digitalcollections:gunn_466,https://pfaffs-web.lib.lehigh.edu/gunn_transcripts/466.txt,https://pfaffs-web.lib.lehigh.edu/gunn_transcripts/466.txt
289691,digitalcollections:gunn_480,https://pfaffs-web.lib.lehigh.edu/gunn_transcripts/480.txt,https://pfaffs-web.lib.lehigh.edu/gunn_transcripts/480.txt
289692,digitalcollections:gunn_481,https://pfaffs-web.lib.lehigh.edu/gunn_transcripts/481.txt,https://pfaffs-web.lib.lehigh.edu/gunn_transcripts/481.txt
289693,digitalcollections:gunn_482,https://pfaffs-web.lib.lehigh.edu/gunn_transcripts/482.txt,https://pfaffs-web.lib.lehigh.edu/gunn_transcripts/482.txt
289694,digitalcollections:gunn_483,https://pfaffs-web.lib.lehigh.edu/gunn_transcripts/483.txt,https://pfaffs-web.lib.lehigh.edu/gunn_transcripts/483.txt
289695,digitalcollections:gunn_484,https://pfaffs-web.lib.lehigh.edu/gunn_transcripts/484.txt,https://pfaffs-web.lib.lehigh.edu/gunn_transcripts/484.txt
289696,digitalcollections:gunn_485,https://pfaffs-web.lib.lehigh.edu/gunn_transcripts/485.txt,https://pfaffs-web.lib.lehigh.edu/gunn_transcripts/485.txt
289697,digitalcollections:gunn_468,https://pfaffs-web.lib.lehigh.edu/gunn_transcripts/468.txt,https://pfaffs-web.lib.lehigh.edu/gunn_transcripts/468.txt
289698,digitalcollections:gunn_469,https://pfaffs-web.lib.lehigh.edu/gunn_transcripts/469.txt,https://pfaffs-web.lib.lehigh.edu/gunn_transcripts/469.txt
289699,digitalcollections:gunn_470,https://pfaffs-web.lib.lehigh.edu/gunn_transcripts/470.txt,https://pfaffs-web.lib.lehigh.edu/gunn_transcripts/470.txt
289700,digitalcollections:gunn_471,https://pfaffs-web.lib.lehigh.edu/gunn_transcripts/471.txt,https://pfaffs-web.lib.lehigh.edu/gunn_transcripts/471.txt
289701,digitalcollections:gunn_472,https://pfaffs-web.lib.lehigh.edu/gunn_transcripts/472.txt,https://pfaffs-web.lib.lehigh.edu/gunn_transcripts/472.txt
289702,digitalcollections:gunn_467,https://pfaffs-web.lib.lehigh.edu/gunn_transcripts/467.txt,https://pfaffs-web.lib.lehigh.edu/gunn_transcripts/467.txt
289703,digitalcollections:gunn_486,https://pfaffs-web.lib.lehigh.edu/gunn_transcripts/486.txt,https://pfaffs-web.lib.lehigh.edu/gunn_transcripts/486.txt
289704,digitalcollections:gunn_460,https://pfaffs-web.lib.lehigh.edu/gunn_transcripts/460.txt,https://pfaffs-web.lib.lehigh.edu/gunn_transcripts/460.txt
289705,digitalcollections:gunn_556,https://pfaffs-web.lib.lehigh.edu/gunn_transcripts/556.txt,https://pfaffs-web.lib.lehigh.edu/gunn_transcripts/556.txt
289706,digitalcollections:gunn_557,https://pfaffs-web.lib.lehigh.edu/gunn_transcripts/557.txt,https://pfaffs-web.lib.lehigh.edu/gunn_transcripts/557.txt
289707,digitalcollections:gunn_558,https://pfaffs-web.lib.lehigh.edu/gunn_transcripts/558.txt,https://pfaffs-web.lib.lehigh.edu/gunn_transcripts/558.txt
289708,digitalcollections:gunn_559,https://pfaffs-web.lib.lehigh.edu/gunn_transcripts/559.txt,https://pfaffs-web.lib.lehigh.edu/gunn_transcripts/559.txt
289709,digitalcollections:gunn_560,https://pfaffs-web.lib.lehigh.edu/gunn_transcripts/560.txt,https://pfaffs-web.lib.lehigh.edu/gunn_transcripts/560.txt
289710,digitalcollections:gunn_561,https://pfaffs-web.lib.lehigh.edu/gunn_transcripts/561.txt,https://pfaffs-web.lib.lehigh.edu/gunn_transcripts/561.txt
289711,digitalcollections:gunn_562,https://pfaffs-web.lib.lehigh.edu/gunn_transcripts/562.txt,https://pfaffs-web.lib.lehigh.edu/gunn_transcripts/562.txt
289712,digitalcollections:gunn_563,https://pfaffs-web.lib.lehigh.edu/gunn_transcripts/563.txt,https://pfaffs-web.lib.lehigh.edu/gunn_transcripts/563.txt
289713,digitalcollections:gunn_564,https://pfaffs-web.lib.lehigh.edu/gunn_transcripts/564.txt,https://pfaffs-web.lib.lehigh.edu/gunn_transcripts/564.txt
289714,digitalcollections:gunn_509,https://pfaffs-web.lib.lehigh.edu/gunn_transcripts/509.txt,https://pfaffs-web.lib.lehigh.edu/gunn_transcripts/509.txt
289715,digitalcollections:gunn_510,https://pfaffs-web.lib.lehigh.edu/gunn_transcripts/510.txt,https://pfaffs-web.lib.lehigh.edu/gunn_transcripts/510.txt
289716,digitalcollections:gunn_511,https://pfaffs-web.lib.lehigh.edu/gunn_transcripts/511.txt,https://pfaffs-web.lib.lehigh.edu/gunn_transcripts/511.txt
289717,digitalcollections:gunn_512,https://pfaffs-web.lib.lehigh.edu/gunn_transcripts/512.txt,https://pfaffs-web.lib.lehigh.edu/gunn_transcripts/512.txt
289718,digitalcollections:gunn_513,https://pfaffs-web.lib.lehigh.edu/gunn_transcripts/513.txt,https://pfaffs-web.lib.lehigh.edu/gunn_transcripts/513.txt
289719,digitalcollections:gunn_514,https://pfaffs-web.lib.lehigh.edu/gunn_transcripts/514.txt,https://pfaffs-web.lib.lehigh.edu/gunn_transcripts/514.txt
289720,digitalcollections:gunn_515,https://pfaffs-web.lib.lehigh.edu/gunn_transcripts/515.txt,https://pfaffs-web.lib.lehigh.edu/gunn_transcripts/515.txt
289721,digitalcollections:gunn_516,https://pfaffs-web.lib.lehigh.edu/gunn_transcripts/516.txt,https://pfaffs-web.lib.lehigh.edu/gunn_transcripts/516.txt
289722,digitalcollections:gunn_501,https://pfaffs-web.lib.lehigh.edu/gunn_transcripts/501.txt,https://pfaffs-web.lib.lehigh.edu/gunn_transcripts/501.txt
289723,digitalcollections:gunn_502,https://pfaffs-web.lib.lehigh.edu/gunn_transcripts/502.txt,https://pfaffs-web.lib.lehigh.edu/gunn_transcripts/502.txt
289724,digitalcollections:gunn_503,https://pfaffs-web.lib.lehigh.edu/gunn_transcripts/503.txt,https://pfaffs-web.lib.lehigh.edu/gunn_transcripts/503.txt
289725,digitalcollections:gunn_504,https://pfaffs-web.lib.lehigh.edu/gunn_transcripts/504.txt,https://pfaffs-web.lib.lehigh.edu/gunn_transcripts/504.txt
289726,digitalcollections:gunn_505,https://pfaffs-web.lib.lehigh.edu/gunn_transcripts/505.txt,https://pfaffs-web.lib.lehigh.edu/gunn_transcripts/505.txt
289727,digitalcollections:gunn_506,https://pfaffs-web.lib.lehigh.edu/gunn_transcripts/506.txt,https://pfaffs-web.lib.lehigh.edu/gunn_transcripts/506.txt
289728,digitalcollections:gunn_507,https://pfaffs-web.lib.lehigh.edu/gunn_transcripts/507.txt,https://pfaffs-web.lib.lehigh.edu/gunn_transcripts/507.txt
289729,digitalcollections:gunn_508,https://pfaffs-web.lib.lehigh.edu/gunn_transcripts/508.txt,https://pfaffs-web.lib.lehigh.edu/gunn_transcripts/508.txt
289730,digitalcollections:gunn_548,https://pfaffs-web.lib.lehigh.edu/gunn_transcripts/548.txt,https://pfaffs-web.lib.lehigh.edu/gunn_transcripts/548.txt
289731,digitalcollections:gunn_549,https://pfaffs-web.lib.lehigh.edu/gunn_transcripts/549.txt,https://pfaffs-web.lib.lehigh.edu/gunn_transcripts/549.txt
289732,digitalcollections:gunn_550,https://pfaffs-web.lib.lehigh.edu/gunn_transcripts/550.txt,https://pfaffs-web.lib.lehigh.edu/gunn_transcripts/550.txt
289733,digitalcollections:gunn_551,https://pfaffs-web.lib.lehigh.edu/gunn_transcripts/551.txt,https://pfaffs-web.lib.lehigh.edu/gunn_transcripts/551.txt
289734,digitalcollections:gunn_552,https://pfaffs-web.lib.lehigh.edu/gunn_transcripts/552.txt,https://pfaffs-web.lib.lehigh.edu/gunn_transcripts/552.txt
289735,digitalcollections:gunn_553,https://pfaffs-web.lib.lehigh.edu/gunn_transcripts/553.txt,https://pfaffs-web.lib.lehigh.edu/gunn_transcripts/553.txt
289736,digitalcollections:gunn_554,https://pfaffs-web.lib.lehigh.edu/gunn_transcripts/554.txt,https://pfaffs-web.lib.lehigh.edu/gunn_transcripts/554.txt
289737,digitalcollections:gunn_555,https://pfaffs-web.lib.lehigh.edu/gunn_transcripts/555.txt,https://pfaffs-web.lib.lehigh.edu/gunn_transcripts/555.txt
289738,digitalcollections:gunn_531,https://pfaffs-web.lib.lehigh.edu/gunn_transcripts/531.txt,https://pfaffs-web.lib.lehigh.edu/gunn_transcripts/531.txt
289739,digitalcollections:gunn_532,https://pfaffs-web.lib.lehigh.edu/gunn_transcripts/532.txt,https://pfaffs-web.lib.lehigh.edu/gunn_transcripts/532.txt
289740,digitalcollections:gunn_533,https://pfaffs-web.lib.lehigh.edu/gunn_transcripts/533.txt,https://pfaffs-web.lib.lehigh.edu/gunn_transcripts/533.txt
289741,digitalcollections:gunn_534,https://pfaffs-web.lib.lehigh.edu/gunn_transcripts/534.txt,https://pfaffs-web.lib.lehigh.edu/gunn_transcripts/534.txt
289742,digitalcollections:gunn_535,https://pfaffs-web.lib.lehigh.edu/gunn_transcripts/535.txt,https://pfaffs-web.lib.lehigh.edu/gunn_transcripts/535.txt
289743,digitalcollections:gunn_536,https://pfaffs-web.lib.lehigh.edu/gunn_transcripts/536.txt,https://pfaffs-web.lib.lehigh.edu/gunn_transcripts/536.txt
289744,digitalcollections:gunn_537,https://pfaffs-web.lib.lehigh.edu/gunn_transcripts/537.txt,https://pfaffs-web.lib.lehigh.edu/gunn_transcripts/537.txt
289745,digitalcollections:gunn_538,https://pfaffs-web.lib.lehigh.edu/gunn_transcripts/538.txt,https://pfaffs-web.lib.lehigh.edu/gunn_transcripts/538.txt
289746,digitalcollections:gunn_539,https://pfaffs-web.lib.lehigh.edu/gunn_transcripts/539.txt,https://pfaffs-web.lib.lehigh.edu/gunn_transcripts/539.txt
289747,digitalcollections:gunn_540,https://pfaffs-web.lib.lehigh.edu/gunn_transcripts/540.txt,https://pfaffs-web.lib.lehigh.edu/gunn_transcripts/540.txt
289748,digitalcollections:gunn_541,https://pfaffs-web.lib.lehigh.edu/gunn_transcripts/541.txt,https://pfaffs-web.lib.lehigh.edu/gunn_transcripts/541.txt
289749,digitalcollections:gunn_542,https://pfaffs-web.lib.lehigh.edu/gunn_transcripts/542.txt,https://pfaffs-web.lib.lehigh.edu/gunn_transcripts/542.txt
289750,digitalcollections:gunn_543,https://pfaffs-web.lib.lehigh.edu/gunn_transcripts/543.txt,https://pfaffs-web.lib.lehigh.edu/gunn_transcripts/543.txt
289751,digitalcollections:gunn_544,https://pfaffs-web.lib.lehigh.edu/gunn_transcripts/544.txt,https://pfaffs-web.lib.lehigh.edu/gunn_transcripts/544.txt
289752,digitalcollections:gunn_545,https://pfaffs-web.lib.lehigh.edu/gunn_transcripts/545.txt,https://pfaffs-web.lib.lehigh.edu/gunn_transcripts/545.txt
289753,digitalcollections:gunn_546,https://pfaffs-web.lib.lehigh.edu/gunn_transcripts/546.txt,https://pfaffs-web.lib.lehigh.edu/gunn_transcripts/546.txt
289754,digitalcollections:gunn_517,https://pfaffs-web.lib.lehigh.edu/gunn_transcripts/517.txt,https://pfaffs-web.lib.lehigh.edu/gunn_transcripts/517.txt
289755,digitalcollections:gunn_518,https://pfaffs-web.lib.lehigh.edu/gunn_transcripts/518.txt,https://pfaffs-web.lib.lehigh.edu/gunn_transcripts/518.txt
289756,digitalcollections:gunn_519,https://pfaffs-web.lib.lehigh.edu/gunn_transcripts/519.txt,https://pfaffs-web.lib.lehigh.edu/gunn_transcripts/519.txt
289757,digitalcollections:gunn_520,https://pfaffs-web.lib.lehigh.edu/gunn_transcripts/520.txt,https://pfaffs-web.lib.lehigh.edu/gunn_transcripts/520.txt
289758,digitalcollections:gunn_521,https://pfaffs-web.lib.lehigh.edu/gunn_transcripts/521.txt,https://pfaffs-web.lib.lehigh.edu/gunn_transcripts/521.txt
289759,digitalcollections:gunn_522,https://pfaffs-web.lib.lehigh.edu/gunn_transcripts/522.txt,https://pfaffs-web.lib.lehigh.edu/gunn_transcripts/522.txt
289760,digitalcollections:gunn_523,https://pfaffs-web.lib.lehigh.edu/gunn_transcripts/523.txt,https://pfaffs-web.lib.lehigh.edu/gunn_transcripts/523.txt
289761,digitalcollections:gunn_524,https://pfaffs-web.lib.lehigh.edu/gunn_transcripts/524.txt,https://pfaffs-web.lib.lehigh.edu/gunn_transcripts/524.txt
289762,digitalcollections:gunn_525,https://pfaffs-web.lib.lehigh.edu/gunn_transcripts/525.txt,https://pfaffs-web.lib.lehigh.edu/gunn_transcripts/525.txt
289763,digitalcollections:gunn_526,https://pfaffs-web.lib.lehigh.edu/gunn_transcripts/526.txt,https://pfaffs-web.lib.lehigh.edu/gunn_transcripts/526.txt
289764,digitalcollections:gunn_527,https://pfaffs-web.lib.lehigh.edu/gunn_transcripts/527.txt,https://pfaffs-web.lib.lehigh.edu/gunn_transcripts/527.txt
289765,digitalcollections:gunn_528,https://pfaffs-web.lib.lehigh.edu/gunn_transcripts/528.txt,https://pfaffs-web.lib.lehigh.edu/gunn_transcripts/528.txt
289766,digitalcollections:gunn_529,https://pfaffs-web.lib.lehigh.edu/gunn_transcripts/529.txt,https://pfaffs-web.lib.lehigh.edu/gunn_transcripts/529.txt
289767,digitalcollections:gunn_530,https://pfaffs-web.lib.lehigh.edu/gunn_transcripts/530.txt,https://pfaffs-web.lib.lehigh.edu/gunn_transcripts/530.txt
289768,digitalcollections:gunn_566,https://pfaffs-web.lib.lehigh.edu/gunn_transcripts/566.txt,https://pfaffs-web.lib.lehigh.edu/gunn_transcripts/566.txt
289769,digitalcollections:gunn_567,https://pfaffs-web.lib.lehigh.edu/gunn_transcripts/567.txt,https://pfaffs-web.lib.lehigh.edu/gunn_transcripts/567.txt
289770,digitalcollections:gunn_568,https://pfaffs-web.lib.lehigh.edu/gunn_transcripts/568.txt,https://pfaffs-web.lib.lehigh.edu/gunn_transcripts/568.txt
289771,digitalcollections:gunn_569,https://pfaffs-web.lib.lehigh.edu/gunn_transcripts/569.txt,https://pfaffs-web.lib.lehigh.edu/gunn_transcripts/569.txt
289772,digitalcollections:gunn_570,https://pfaffs-web.lib.lehigh.edu/gunn_transcripts/570.txt,https://pfaffs-web.lib.lehigh.edu/gunn_transcripts/570.txt
289773,digitalcollections:gunn_571,https://pfaffs-web.lib.lehigh.edu/gunn_transcripts/571.txt,https://pfaffs-web.lib.lehigh.edu/gunn_transcripts/571.txt
289774,digitalcollections:gunn_572,https://pfaffs-web.lib.lehigh.edu/gunn_transcripts/572.txt,https://pfaffs-web.lib.lehigh.edu/gunn_transcripts/572.txt
289775,digitalcollections:gunn_573,https://pfaffs-web.lib.lehigh.edu/gunn_transcripts/573.txt,https://pfaffs-web.lib.lehigh.edu/gunn_transcripts/573.txt
289776,digitalcollections:gunn_574,https://pfaffs-web.lib.lehigh.edu/gunn_transcripts/574.txt,https://pfaffs-web.lib.lehigh.edu/gunn_transcripts/574.txt
289777,digitalcollections:gunn_576,https://pfaffs-web.lib.lehigh.edu/gunn_transcripts/576.txt,https://pfaffs-web.lib.lehigh.edu/gunn_transcripts/576.txt
289778,digitalcollections:gunn_577,https://pfaffs-web.lib.lehigh.edu/gunn_transcripts/577.txt,https://pfaffs-web.lib.lehigh.edu/gunn_transcripts/577.txt
289779,digitalcollections:gunn_578,https://pfaffs-web.lib.lehigh.edu/gunn_transcripts/578.txt,https://pfaffs-web.lib.lehigh.edu/gunn_transcripts/578.txt
289780,digitalcollections:gunn_579,https://pfaffs-web.lib.lehigh.edu/gunn_transcripts/579.txt,https://pfaffs-web.lib.lehigh.edu/gunn_transcripts/579.txt
289781,digitalcollections:gunn_580,https://pfaffs-web.lib.lehigh.edu/gunn_transcripts/580.txt,https://pfaffs-web.lib.lehigh.edu/gunn_transcripts/580.txt
289782,digitalcollections:gunn_581,https://pfaffs-web.lib.lehigh.edu/gunn_transcripts/581.txt,https://pfaffs-web.lib.lehigh.edu/gunn_transcripts/581.txt
289783,digitalcollections:gunn_582,https://pfaffs-web.lib.lehigh.edu/gunn_transcripts/582.txt,https://pfaffs-web.lib.lehigh.edu/gunn_transcripts/582.txt
289784,digitalcollections:gunn_583,https://pfaffs-web.lib.lehigh.edu/gunn_transcripts/583.txt,https://pfaffs-web.lib.lehigh.edu/gunn_transcripts/583.txt
289785,digitalcollections:gunn_591,https://pfaffs-web.lib.lehigh.edu/gunn_transcripts/591.txt,https://pfaffs-web.lib.lehigh.edu/gunn_transcripts/591.txt
289786,digitalcollections:gunn_592,https://pfaffs-web.lib.lehigh.edu/gunn_transcripts/592.txt,https://pfaffs-web.lib.lehigh.edu/gunn_transcripts/592.txt
289787,digitalcollections:gunn_593,https://pfaffs-web.lib.lehigh.edu/gunn_transcripts/593.txt,https://pfaffs-web.lib.lehigh.edu/gunn_transcripts/593.txt
289788,digitalcollections:gunn_594,https://pfaffs-web.lib.lehigh.edu/gunn_transcripts/594.txt,https://pfaffs-web.lib.lehigh.edu/gunn_transcripts/594.txt
289789,digitalcollections:gunn_595,https://pfaffs-web.lib.lehigh.edu/gunn_transcripts/595.txt,https://pfaffs-web.lib.lehigh.edu/gunn_transcripts/595.txt
289790,digitalcollections:gunn_596,https://pfaffs-web.lib.lehigh.edu/gunn_transcripts/596.txt,https://pfaffs-web.lib.lehigh.edu/gunn_transcripts/596.txt
289791,digitalcollections:gunn_597,https://pfaffs-web.lib.lehigh.edu/gunn_transcripts/597.txt,https://pfaffs-web.lib.lehigh.edu/gunn_transcripts/597.txt
289792,digitalcollections:gunn_598,https://pfaffs-web.lib.lehigh.edu/gunn_transcripts/598.txt,https://pfaffs-web.lib.lehigh.edu/gunn_transcripts/598.txt
289793,digitalcollections:gunn_584,https://pfaffs-web.lib.lehigh.edu/gunn_transcripts/584.txt,https://pfaffs-web.lib.lehigh.edu/gunn_transcripts/584.txt
289794,digitalcollections:gunn_585,https://pfaffs-web.lib.lehigh.edu/gunn_transcripts/585.txt,https://pfaffs-web.lib.lehigh.edu/gunn_transcripts/585.txt
289795,digitalcollections:gunn_586,https://pfaffs-web.lib.lehigh.edu/gunn_transcripts/586.txt,https://pfaffs-web.lib.lehigh.edu/gunn_transcripts/586.txt
289796,digitalcollections:gunn_587,https://pfaffs-web.lib.lehigh.edu/gunn_transcripts/587.txt,https://pfaffs-web.lib.lehigh.edu/gunn_transcripts/587.txt
289797,digitalcollections:gunn_588,https://pfaffs-web.lib.lehigh.edu/gunn_transcripts/588.txt,https://pfaffs-web.lib.lehigh.edu/gunn_transcripts/588.txt
289798,digitalcollections:gunn_589,https://pfaffs-web.lib.lehigh.edu/gunn_transcripts/589.txt,https://pfaffs-web.lib.lehigh.edu/gunn_transcripts/589.txt
289799,digitalcollections:gunn_590,https://pfaffs-web.lib.lehigh.edu/gunn_transcripts/590.txt,https://pfaffs-web.lib.lehigh.edu/gunn_transcripts/590.txt
289800,digitalcollections:gunn_599,https://pfaffs-web.lib.lehigh.edu/gunn_transcripts/599.txt,https://pfaffs-web.lib.lehigh.edu/gunn_transcripts/599.txt
289801,digitalcollections:gunn_600,https://pfaffs-web.lib.lehigh.edu/gunn_transcripts/600.txt,https://pfaffs-web.lib.lehigh.edu/gunn_transcripts/600.txt
289802,digitalcollections:gunn_601,https://pfaffs-web.lib.lehigh.edu/gunn_transcripts/601.txt,https://pfaffs-web.lib.lehigh.edu/gunn_transcripts/601.txt
289803,digitalcollections:gunn_602,https://pfaffs-web.lib.lehigh.edu/gunn_transcripts/602.txt,https://pfaffs-web.lib.lehigh.edu/gunn_transcripts/602.txt
289804,digitalcollections:gunn_603,https://pfaffs-web.lib.lehigh.edu/gunn_transcripts/603.txt,https://pfaffs-web.lib.lehigh.edu/gunn_transcripts/603.txt
289805,digitalcollections:gunn_604,https://pfaffs-web.lib.lehigh.edu/gunn_transcripts/604.txt,https://pfaffs-web.lib.lehigh.edu/gunn_transcripts/604.txt
289806,digitalcollections:gunn_605,https://pfaffs-web.lib.lehigh.edu/gunn_transcripts/605.txt,https://pfaffs-web.lib.lehigh.edu/gunn_transcripts/605.txt
289807,digitalcollections:gunn_606,https://pfaffs-web.lib.lehigh.edu/gunn_transcripts/606.txt,https://pfaffs-web.lib.lehigh.edu/gunn_transcripts/606.txt
289808,digitalcollections:gunn_607,https://pfaffs-web.lib.lehigh.edu/gunn_transcripts/607.txt,https://pfaffs-web.lib.lehigh.edu/gunn_transcripts/607.txt
289809,digitalcollections:gunn_608,https://pfaffs-web.lib.lehigh.edu/gunn_transcripts/608.txt,https://pfaffs-web.lib.lehigh.edu/gunn_transcripts/608.txt
289810,digitalcollections:gunn_609,https://pfaffs-web.lib.lehigh.edu/gunn_transcripts/609.txt,https://pfaffs-web.lib.lehigh.edu/gunn_transcripts/609.txt
289811,digitalcollections:gunn_610,https://pfaffs-web.lib.lehigh.edu/gunn_transcripts/610.txt,https://pfaffs-web.lib.lehigh.edu/gunn_transcripts/610.txt
289812,digitalcollections:gunn_611,https://pfaffs-web.lib.lehigh.edu/gunn_transcripts/611.txt,https://pfaffs-web.lib.lehigh.edu/gunn_transcripts/611.txt
289813,digitalcollections:gunn_612,https://pfaffs-web.lib.lehigh.edu/gunn_transcripts/612.txt,https://pfaffs-web.lib.lehigh.edu/gunn_transcripts/612.txt
289814,digitalcollections:gunn_565,https://pfaffs-web.lib.lehigh.edu/gunn_transcripts/565.txt,https://pfaffs-web.lib.lehigh.edu/gunn_transcripts/565.txt
289815,digitalcollections:gunn_575,https://pfaffs-web.lib.lehigh.edu/gunn_transcripts/575.txt,https://pfaffs-web.lib.lehigh.edu/gunn_transcripts/575.txt
289816,digitalcollections:gunn_547,https://pfaffs-web.lib.lehigh.edu/gunn_transcripts/547.txt,https://pfaffs-web.lib.lehigh.edu/gunn_transcripts/547.txt
289817,digitalcollections:gunn_613,https://pfaffs-web.lib.lehigh.edu/gunn_transcripts/613.txt,https://pfaffs-web.lib.lehigh.edu/gunn_transcripts/613.txt
289818,digitalcollections:gunn_643,https://pfaffs-web.lib.lehigh.edu/gunn_transcripts/643.txt,https://pfaffs-web.lib.lehigh.edu/gunn_transcripts/643.txt
289819,digitalcollections:gunn_644,https://pfaffs-web.lib.lehigh.edu/gunn_transcripts/644.txt,https://pfaffs-web.lib.lehigh.edu/gunn_transcripts/644.txt
289820,digitalcollections:gunn_645,https://pfaffs-web.lib.lehigh.edu/gunn_transcripts/645.txt,https://pfaffs-web.lib.lehigh.edu/gunn_transcripts/645.txt
289821,digitalcollections:gunn_646,https://pfaffs-web.lib.lehigh.edu/gunn_transcripts/646.txt,https://pfaffs-web.lib.lehigh.edu/gunn_transcripts/646.txt
289822,digitalcollections:gunn_647,https://pfaffs-web.lib.lehigh.edu/gunn_transcripts/647.txt,https://pfaffs-web.lib.lehigh.edu/gunn_transcripts/647.txt
289823,digitalcollections:gunn_636,https://pfaffs-web.lib.lehigh.edu/gunn_transcripts/636.txt,https://pfaffs-web.lib.lehigh.edu/gunn_transcripts/636.txt
289824,digitalcollections:gunn_637,https://pfaffs-web.lib.lehigh.edu/gunn_transcripts/637.txt,https://pfaffs-web.lib.lehigh.edu/gunn_transcripts/637.txt
289825,digitalcollections:gunn_638,https://pfaffs-web.lib.lehigh.edu/gunn_transcripts/638.txt,https://pfaffs-web.lib.lehigh.edu/gunn_transcripts/638.txt
289826,digitalcollections:gunn_639,https://pfaffs-web.lib.lehigh.edu/gunn_transcripts/639.txt,https://pfaffs-web.lib.lehigh.edu/gunn_transcripts/639.txt
289827,digitalcollections:gunn_640,https://pfaffs-web.lib.lehigh.edu/gunn_transcripts/640.txt,https://pfaffs-web.lib.lehigh.edu/gunn_transcripts/640.txt
289828,digitalcollections:gunn_641,https://pfaffs-web.lib.lehigh.edu/gunn_transcripts/641.txt,https://pfaffs-web.lib.lehigh.edu/gunn_transcripts/641.txt
289829,digitalcollections:gunn_642,https://pfaffs-web.lib.lehigh.edu/gunn_transcripts/642.txt,https://pfaffs-web.lib.lehigh.edu/gunn_transcripts/642.txt
289830,digitalcollections:gunn_620,https://pfaffs-web.lib.lehigh.edu/gunn_transcripts/620.txt,https://pfaffs-web.lib.lehigh.edu/gunn_transcripts/620.txt
289831,digitalcollections:gunn_621,https://pfaffs-web.lib.lehigh.edu/gunn_transcripts/621.txt,https://pfaffs-web.lib.lehigh.edu/gunn_transcripts/621.txt
289832,digitalcollections:gunn_622,https://pfaffs-web.lib.lehigh.edu/gunn_transcripts/622.txt,https://pfaffs-web.lib.lehigh.edu/gunn_transcripts/622.txt
289833,digitalcollections:gunn_623,https://pfaffs-web.lib.lehigh.edu/gunn_transcripts/623.txt,https://pfaffs-web.lib.lehigh.edu/gunn_transcripts/623.txt
289834,digitalcollections:gunn_624,https://pfaffs-web.lib.lehigh.edu/gunn_transcripts/624.txt,https://pfaffs-web.lib.lehigh.edu/gunn_transcripts/624.txt
289835,digitalcollections:gunn_625,https://pfaffs-web.lib.lehigh.edu/gunn_transcripts/625.txt,https://pfaffs-web.lib.lehigh.edu/gunn_transcripts/625.txt
289836,digitalcollections:gunn_626,https://pfaffs-web.lib.lehigh.edu/gunn_transcripts/626.txt,https://pfaffs-web.lib.lehigh.edu/gunn_transcripts/626.txt
289837,digitalcollections:gunn_627,https://pfaffs-web.lib.lehigh.edu/gunn_transcripts/627.txt,https://pfaffs-web.lib.lehigh.edu/gunn_transcripts/627.txt
289838,digitalcollections:gunn_628,https://pfaffs-web.lib.lehigh.edu/gunn_transcripts/628.txt,https://pfaffs-web.lib.lehigh.edu/gunn_transcripts/628.txt
289839,digitalcollections:gunn_629,https://pfaffs-web.lib.lehigh.edu/gunn_transcripts/629.txt,https://pfaffs-web.lib.lehigh.edu/gunn_transcripts/629.txt
289840,digitalcollections:gunn_630,https://pfaffs-web.lib.lehigh.edu/gunn_transcripts/630.txt,https://pfaffs-web.lib.lehigh.edu/gunn_transcripts/630.txt
289841,digitalcollections:gunn_631,https://pfaffs-web.lib.lehigh.edu/gunn_transcripts/631.txt,https://pfaffs-web.lib.lehigh.edu/gunn_transcripts/631.txt
289842,digitalcollections:gunn_632,https://pfaffs-web.lib.lehigh.edu/gunn_transcripts/632.txt,https://pfaffs-web.lib.lehigh.edu/gunn_transcripts/632.txt
289843,digitalcollections:gunn_633,https://pfaffs-web.lib.lehigh.edu/gunn_transcripts/633.txt,https://pfaffs-web.lib.lehigh.edu/gunn_transcripts/633.txt
289844,digitalcollections:gunn_634,https://pfaffs-web.lib.lehigh.edu/gunn_transcripts/634.txt,https://pfaffs-web.lib.lehigh.edu/gunn_transcripts/634.txt
289845,digitalcollections:gunn_635,https://pfaffs-web.lib.lehigh.edu/gunn_transcripts/635.txt,https://pfaffs-web.lib.lehigh.edu/gunn_transcripts/635.txt
289846,digitalcollections:gunn_614,https://pfaffs-web.lib.lehigh.edu/gunn_transcripts/614.txt,https://pfaffs-web.lib.lehigh.edu/gunn_transcripts/614.txt
289847,digitalcollections:gunn_615,https://pfaffs-web.lib.lehigh.edu/gunn_transcripts/615.txt,https://pfaffs-web.lib.lehigh.edu/gunn_transcripts/615.txt
289848,digitalcollections:gunn_616,https://pfaffs-web.lib.lehigh.edu/gunn_transcripts/616.txt,https://pfaffs-web.lib.lehigh.edu/gunn_transcripts/616.txt
289849,digitalcollections:gunn_617,https://pfaffs-web.lib.lehigh.edu/gunn_transcripts/617.txt,https://pfaffs-web.lib.lehigh.edu/gunn_transcripts/617.txt
289850,digitalcollections:gunn_618,https://pfaffs-web.lib.lehigh.edu/gunn_transcripts/618.txt,https://pfaffs-web.lib.lehigh.edu/gunn_transcripts/618.txt
289851,digitalcollections:gunn_619,https://pfaffs-web.lib.lehigh.edu/gunn_transcripts/619.txt,https://pfaffs-web.lib.lehigh.edu/gunn_transcripts/619.txt
289852,digitalcollections:gunn_2168,https://pfaffs-web.lib.lehigh.edu/gunn_transcripts/2168.txt,https://pfaffs-web.lib.lehigh.edu/gunn_transcripts/2168.txt
289853,digitalcollections:gunn_2169,https://pfaffs-web.lib.lehigh.edu/gunn_transcripts/2169.txt,https://pfaffs-web.lib.lehigh.edu/gunn_transcripts/2169.txt
289854,digitalcollections:gunn_2170,https://pfaffs-web.lib.lehigh.edu/gunn_transcripts/2170.txt,https://pfaffs-web.lib.lehigh.edu/gunn_transcripts/2170.txt
289855,digitalcollections:gunn_2171,https://pfaffs-web.lib.lehigh.edu/gunn_transcripts/2171.txt,https://pfaffs-web.lib.lehigh.edu/gunn_transcripts/2171.txt
289856,digitalcollections:gunn_2172,https://pfaffs-web.lib.lehigh.edu/gunn_transcripts/2172.txt,https://pfaffs-web.lib.lehigh.edu/gunn_transcripts/2172.txt
289857,digitalcollections:gunn_2173,https://pfaffs-web.lib.lehigh.edu/gunn_transcripts/2173.txt,https://pfaffs-web.lib.lehigh.edu/gunn_transcripts/2173.txt
289858,digitalcollections:gunn_2174,https://pfaffs-web.lib.lehigh.edu/gunn_transcripts/2174.txt,https://pfaffs-web.lib.lehigh.edu/gunn_transcripts/2174.txt
289859,digitalcollections:gunn_2175,https://pfaffs-web.lib.lehigh.edu/gunn_transcripts/2175.txt,https://pfaffs-web.lib.lehigh.edu/gunn_transcripts/2175.txt
289860,digitalcollections:gunn_2176,https://pfaffs-web.lib.lehigh.edu/gunn_transcripts/2176.txt,https://pfaffs-web.lib.lehigh.edu/gunn_transcripts/2176.txt
289861,digitalcollections:gunn_2177,https://pfaffs-web.lib.lehigh.edu/gunn_transcripts/2177.txt,https://pfaffs-web.lib.lehigh.edu/gunn_transcripts/2177.txt
289862,digitalcollections:gunn_2178,https://pfaffs-web.lib.lehigh.edu/gunn_transcripts/2178.txt,https://pfaffs-web.lib.lehigh.edu/gunn_transcripts/2178.txt
289863,digitalcollections:gunn_2179,https://pfaffs-web.lib.lehigh.edu/gunn_transcripts/2179.txt,https://pfaffs-web.lib.lehigh.edu/gunn_transcripts/2179.txt
289864,digitalcollections:gunn_2180,https://pfaffs-web.lib.lehigh.edu/gunn_transcripts/2180.txt,https://pfaffs-web.lib.lehigh.edu/gunn_transcripts/2180.txt
289865,digitalcollections:gunn_2145,https://pfaffs-web.lib.lehigh.edu/gunn_transcripts/2145.txt,https://pfaffs-web.lib.lehigh.edu/gunn_transcripts/2145.txt
289866,digitalcollections:gunn_2146,https://pfaffs-web.lib.lehigh.edu/gunn_transcripts/2146.txt,https://pfaffs-web.lib.lehigh.edu/gunn_transcripts/2146.txt
289867,digitalcollections:gunn_2147,https://pfaffs-web.lib.lehigh.edu/gunn_transcripts/2147.txt,https://pfaffs-web.lib.lehigh.edu/gunn_transcripts/2147.txt
289868,digitalcollections:gunn_2148,https://pfaffs-web.lib.lehigh.edu/gunn_transcripts/2148.txt,https://pfaffs-web.lib.lehigh.edu/gunn_transcripts/2148.txt
289869,digitalcollections:gunn_2149,https://pfaffs-web.lib.lehigh.edu/gunn_transcripts/2149.txt,https://pfaffs-web.lib.lehigh.edu/gunn_transcripts/2149.txt
289870,digitalcollections:gunn_2150,https://pfaffs-web.lib.lehigh.edu/gunn_transcripts/2150.txt,https://pfaffs-web.lib.lehigh.edu/gunn_transcripts/2150.txt
289871,digitalcollections:gunn_2151,https://pfaffs-web.lib.lehigh.edu/gunn_transcripts/2151.txt,https://pfaffs-web.lib.lehigh.edu/gunn_transcripts/2151.txt
289872,digitalcollections:gunn_2152,https://pfaffs-web.lib.lehigh.edu/gunn_transcripts/2152.txt,https://pfaffs-web.lib.lehigh.edu/gunn_transcripts/2152.txt
289873,digitalcollections:gunn_2153,https://pfaffs-web.lib.lehigh.edu/gunn_transcripts/2153.txt,https://pfaffs-web.lib.lehigh.edu/gunn_transcripts/2153.txt
289874,digitalcollections:gunn_2154,https://pfaffs-web.lib.lehigh.edu/gunn_transcripts/2154.txt,https://pfaffs-web.lib.lehigh.edu/gunn_transcripts/2154.txt
289875,digitalcollections:gunn_2155,https://pfaffs-web.lib.lehigh.edu/gunn_transcripts/2155.txt,https://pfaffs-web.lib.lehigh.edu/gunn_transcripts/2155.txt
289876,digitalcollections:gunn_2156,https://pfaffs-web.lib.lehigh.edu/gunn_transcripts/2156.txt,https://pfaffs-web.lib.lehigh.edu/gunn_transcripts/2156.txt
289877,digitalcollections:gunn_2181,https://pfaffs-web.lib.lehigh.edu/gunn_transcripts/2181.txt,https://pfaffs-web.lib.lehigh.edu/gunn_transcripts/2181.txt
289878,digitalcollections:gunn_2182,https://pfaffs-web.lib.lehigh.edu/gunn_transcripts/2182.txt,https://pfaffs-web.lib.lehigh.edu/gunn_transcripts/2182.txt
289879,digitalcollections:gunn_2183,https://pfaffs-web.lib.lehigh.edu/gunn_transcripts/2183.txt,https://pfaffs-web.lib.lehigh.edu/gunn_transcripts/2183.txt
289880,digitalcollections:gunn_2184,https://pfaffs-web.lib.lehigh.edu/gunn_transcripts/2184.txt,https://pfaffs-web.lib.lehigh.edu/gunn_transcripts/2184.txt
289881,digitalcollections:gunn_2185,https://pfaffs-web.lib.lehigh.edu/gunn_transcripts/2185.txt,https://pfaffs-web.lib.lehigh.edu/gunn_transcripts/2185.txt
289882,digitalcollections:gunn_2186,https://pfaffs-web.lib.lehigh.edu/gunn_transcripts/2186.txt,https://pfaffs-web.lib.lehigh.edu/gunn_transcripts/2186.txt
289883,digitalcollections:gunn_2187,https://pfaffs-web.lib.lehigh.edu/gunn_transcripts/2187.txt,https://pfaffs-web.lib.lehigh.edu/gunn_transcripts/2187.txt
289884,digitalcollections:gunn_2188,https://pfaffs-web.lib.lehigh.edu/gunn_transcripts/2188.txt,https://pfaffs-web.lib.lehigh.edu/gunn_transcripts/2188.txt
289885,digitalcollections:gunn_2189,https://pfaffs-web.lib.lehigh.edu/gunn_transcripts/2189.txt,https://pfaffs-web.lib.lehigh.edu/gunn_transcripts/2189.txt
289886,digitalcollections:gunn_2190,https://pfaffs-web.lib.lehigh.edu/gunn_transcripts/2190.txt,https://pfaffs-web.lib.lehigh.edu/gunn_transcripts/2190.txt
289887,digitalcollections:gunn_2191,https://pfaffs-web.lib.lehigh.edu/gunn_transcripts/2191.txt,https://pfaffs-web.lib.lehigh.edu/gunn_transcripts/2191.txt
289888,digitalcollections:gunn_2192,https://pfaffs-web.lib.lehigh.edu/gunn_transcripts/2192.txt,https://pfaffs-web.lib.lehigh.edu/gunn_transcripts/2192.txt
289889,digitalcollections:gunn_2134,https://pfaffs-web.lib.lehigh.edu/gunn_transcripts/2134.txt,https://pfaffs-web.lib.lehigh.edu/gunn_transcripts/2134.txt
289890,digitalcollections:gunn_2135,https://pfaffs-web.lib.lehigh.edu/gunn_transcripts/2135.txt,https://pfaffs-web.lib.lehigh.edu/gunn_transcripts/2135.txt
289891,digitalcollections:gunn_2136,https://pfaffs-web.lib.lehigh.edu/gunn_transcripts/2136.txt,https://pfaffs-web.lib.lehigh.edu/gunn_transcripts/2136.txt
289892,digitalcollections:gunn_2137,https://pfaffs-web.lib.lehigh.edu/gunn_transcripts/2137.txt,https://pfaffs-web.lib.lehigh.edu/gunn_transcripts/2137.txt
289893,digitalcollections:gunn_2138,https://pfaffs-web.lib.lehigh.edu/gunn_transcripts/2138.txt,https://pfaffs-web.lib.lehigh.edu/gunn_transcripts/2138.txt
289894,digitalcollections:gunn_2139,https://pfaffs-web.lib.lehigh.edu/gunn_transcripts/2139.txt,https://pfaffs-web.lib.lehigh.edu/gunn_transcripts/2139.txt
289895,digitalcollections:gunn_2140,https://pfaffs-web.lib.lehigh.edu/gunn_transcripts/2140.txt,https://pfaffs-web.lib.lehigh.edu/gunn_transcripts/2140.txt
289896,digitalcollections:gunn_2141,https://pfaffs-web.lib.lehigh.edu/gunn_transcripts/2141.txt,https://pfaffs-web.lib.lehigh.edu/gunn_transcripts/2141.txt
289897,digitalcollections:gunn_2142,https://pfaffs-web.lib.lehigh.edu/gunn_transcripts/2142.txt,https://pfaffs-web.lib.lehigh.edu/gunn_transcripts/2142.txt
289898,digitalcollections:gunn_2143,https://pfaffs-web.lib.lehigh.edu/gunn_transcripts/2143.txt,https://pfaffs-web.lib.lehigh.edu/gunn_transcripts/2143.txt
289899,digitalcollections:gunn_2144,https://pfaffs-web.lib.lehigh.edu/gunn_transcripts/2144.txt,https://pfaffs-web.lib.lehigh.edu/gunn_transcripts/2144.txt
289900,digitalcollections:gunn_2194,https://pfaffs-web.lib.lehigh.edu/gunn_transcripts/2194.txt,https://pfaffs-web.lib.lehigh.edu/gunn_transcripts/2194.txt
289901,digitalcollections:gunn_2195,https://pfaffs-web.lib.lehigh.edu/gunn_transcripts/2195.txt,https://pfaffs-web.lib.lehigh.edu/gunn_transcripts/2195.txt
289902,digitalcollections:gunn_2196,https://pfaffs-web.lib.lehigh.edu/gunn_transcripts/2196.txt,https://pfaffs-web.lib.lehigh.edu/gunn_transcripts/2196.txt
289903,digitalcollections:gunn_2197,https://pfaffs-web.lib.lehigh.edu/gunn_transcripts/2197.txt,https://pfaffs-web.lib.lehigh.edu/gunn_transcripts/2197.txt
289904,digitalcollections:gunn_2198,https://pfaffs-web.lib.lehigh.edu/gunn_transcripts/2198.txt,https://pfaffs-web.lib.lehigh.edu/gunn_transcripts/2198.txt
289905,digitalcollections:gunn_2199,https://pfaffs-web.lib.lehigh.edu/gunn_transcripts/2199.txt,https://pfaffs-web.lib.lehigh.edu/gunn_transcripts/2199.txt
289906,digitalcollections:gunn_2200,https://pfaffs-web.lib.lehigh.edu/gunn_transcripts/2200.txt,https://pfaffs-web.lib.lehigh.edu/gunn_transcripts/2200.txt
289907,digitalcollections:gunn_2201,https://pfaffs-web.lib.lehigh.edu/gunn_transcripts/2201.txt,https://pfaffs-web.lib.lehigh.edu/gunn_transcripts/2201.txt
289908,digitalcollections:gunn_2202,https://pfaffs-web.lib.lehigh.edu/gunn_transcripts/2202.txt,https://pfaffs-web.lib.lehigh.edu/gunn_transcripts/2202.txt
289909,digitalcollections:gunn_2203,https://pfaffs-web.lib.lehigh.edu/gunn_transcripts/2203.txt,https://pfaffs-web.lib.lehigh.edu/gunn_transcripts/2203.txt
289910,digitalcollections:gunn_2158,https://pfaffs-web.lib.lehigh.edu/gunn_transcripts/2158.txt,https://pfaffs-web.lib.lehigh.edu/gunn_transcripts/2158.txt
289911,digitalcollections:gunn_2159,https://pfaffs-web.lib.lehigh.edu/gunn_transcripts/2159.txt,https://pfaffs-web.lib.lehigh.edu/gunn_transcripts/2159.txt
289912,digitalcollections:gunn_2160,https://pfaffs-web.lib.lehigh.edu/gunn_transcripts/2160.txt,https://pfaffs-web.lib.lehigh.edu/gunn_transcripts/2160.txt
289913,digitalcollections:gunn_2161,https://pfaffs-web.lib.lehigh.edu/gunn_transcripts/2161.txt,https://pfaffs-web.lib.lehigh.edu/gunn_transcripts/2161.txt
289914,digitalcollections:gunn_2162,https://pfaffs-web.lib.lehigh.edu/gunn_transcripts/2162.txt,https://pfaffs-web.lib.lehigh.edu/gunn_transcripts/2162.txt
289915,digitalcollections:gunn_2163,https://pfaffs-web.lib.lehigh.edu/gunn_transcripts/2163.txt,https://pfaffs-web.lib.lehigh.edu/gunn_transcripts/2163.txt
289916,digitalcollections:gunn_2164,https://pfaffs-web.lib.lehigh.edu/gunn_transcripts/2164.txt,https://pfaffs-web.lib.lehigh.edu/gunn_transcripts/2164.txt
289917,digitalcollections:gunn_2165,https://pfaffs-web.lib.lehigh.edu/gunn_transcripts/2165.txt,https://pfaffs-web.lib.lehigh.edu/gunn_transcripts/2165.txt
289918,digitalcollections:gunn_2166,https://pfaffs-web.lib.lehigh.edu/gunn_transcripts/2166.txt,https://pfaffs-web.lib.lehigh.edu/gunn_transcripts/2166.txt
289919,digitalcollections:gunn_2167,https://pfaffs-web.lib.lehigh.edu/gunn_transcripts/2167.txt,https://pfaffs-web.lib.lehigh.edu/gunn_transcripts/2167.txt
289920,digitalcollections:gunn_2193,https://pfaffs-web.lib.lehigh.edu/gunn_transcripts/2193.txt,https://pfaffs-web.lib.lehigh.edu/gunn_transcripts/2193.txt
289921,digitalcollections:gunn_2204,https://pfaffs-web.lib.lehigh.edu/gunn_transcripts/2204.txt,https://pfaffs-web.lib.lehigh.edu/gunn_transcripts/2204.txt
289922,digitalcollections:gunn_2157,https://pfaffs-web.lib.lehigh.edu/gunn_transcripts/2157.txt,https://pfaffs-web.lib.lehigh.edu/gunn_transcripts/2157.txt
289923,digitalcollections:gunn_2225,https://pfaffs-web.lib.lehigh.edu/gunn_transcripts/2225.txt,https://pfaffs-web.lib.lehigh.edu/gunn_transcripts/2225.txt
289924,digitalcollections:gunn_2226,https://pfaffs-web.lib.lehigh.edu/gunn_transcripts/2226.txt,https://pfaffs-web.lib.lehigh.edu/gunn_transcripts/2226.txt
289925,digitalcollections:gunn_2227,https://pfaffs-web.lib.lehigh.edu/gunn_transcripts/2227.txt,https://pfaffs-web.lib.lehigh.edu/gunn_transcripts/2227.txt
289926,digitalcollections:gunn_2228,https://pfaffs-web.lib.lehigh.edu/gunn_transcripts/2228.txt,https://pfaffs-web.lib.lehigh.edu/gunn_transcripts/2228.txt
289927,digitalcollections:gunn_2229,https://pfaffs-web.lib.lehigh.edu/gunn_transcripts/2229.txt,https://pfaffs-web.lib.lehigh.edu/gunn_transcripts/2229.txt
289928,digitalcollections:gunn_2230,https://pfaffs-web.lib.lehigh.edu/gunn_transcripts/2230.txt,https://pfaffs-web.lib.lehigh.edu/gunn_transcripts/2230.txt
289929,digitalcollections:gunn_2231,https://pfaffs-web.lib.lehigh.edu/gunn_transcripts/2231.txt,https://pfaffs-web.lib.lehigh.edu/gunn_transcripts/2231.txt
289930,digitalcollections:gunn_2232,https://pfaffs-web.lib.lehigh.edu/gunn_transcripts/2232.txt,https://pfaffs-web.lib.lehigh.edu/gunn_transcripts/2232.txt
289931,digitalcollections:gunn_2233,https://pfaffs-web.lib.lehigh.edu/gunn_transcripts/2233.txt,https://pfaffs-web.lib.lehigh.edu/gunn_transcripts/2233.txt
289932,digitalcollections:gunn_2234,https://pfaffs-web.lib.lehigh.edu/gunn_transcripts/2234.txt,https://pfaffs-web.lib.lehigh.edu/gunn_transcripts/2234.txt
289933,digitalcollections:gunn_2235,https://pfaffs-web.lib.lehigh.edu/gunn_transcripts/2235.txt,https://pfaffs-web.lib.lehigh.edu/gunn_transcripts/2235.txt
289934,digitalcollections:gunn_2258,https://pfaffs-web.lib.lehigh.edu/gunn_transcripts/2258.txt,https://pfaffs-web.lib.lehigh.edu/gunn_transcripts/2258.txt
289935,digitalcollections:gunn_2259,https://pfaffs-web.lib.lehigh.edu/gunn_transcripts/2259.txt,https://pfaffs-web.lib.lehigh.edu/gunn_transcripts/2259.txt
289936,digitalcollections:gunn_2260,https://pfaffs-web.lib.lehigh.edu/gunn_transcripts/2260.txt,https://pfaffs-web.lib.lehigh.edu/gunn_transcripts/2260.txt
289937,digitalcollections:gunn_2261,https://pfaffs-web.lib.lehigh.edu/gunn_transcripts/2261.txt,https://pfaffs-web.lib.lehigh.edu/gunn_transcripts/2261.txt
289938,digitalcollections:gunn_2262,https://pfaffs-web.lib.lehigh.edu/gunn_transcripts/2262.txt,https://pfaffs-web.lib.lehigh.edu/gunn_transcripts/2262.txt
289939,digitalcollections:gunn_2263,https://pfaffs-web.lib.lehigh.edu/gunn_transcripts/2263.txt,https://pfaffs-web.lib.lehigh.edu/gunn_transcripts/2263.txt
289940,digitalcollections:gunn_2264,https://pfaffs-web.lib.lehigh.edu/gunn_transcripts/2264.txt,https://pfaffs-web.lib.lehigh.edu/gunn_transcripts/2264.txt
289941,digitalcollections:gunn_2265,https://pfaffs-web.lib.lehigh.edu/gunn_transcripts/2265.txt,https://pfaffs-web.lib.lehigh.edu/gunn_transcripts/2265.txt
289942,digitalcollections:gunn_2266,https://pfaffs-web.lib.lehigh.edu/gunn_transcripts/2266.txt,https://pfaffs-web.lib.lehigh.edu/gunn_transcripts/2266.txt
289943,digitalcollections:gunn_2267,https://pfaffs-web.lib.lehigh.edu/gunn_transcripts/2267.txt,https://pfaffs-web.lib.lehigh.edu/gunn_transcripts/2267.txt
289944,digitalcollections:gunn_2268,https://pfaffs-web.lib.lehigh.edu/gunn_transcripts/2268.txt,https://pfaffs-web.lib.lehigh.edu/gunn_transcripts/2268.txt
289945,digitalcollections:gunn_2236,https://pfaffs-web.lib.lehigh.edu/gunn_transcripts/2236.txt,https://pfaffs-web.lib.lehigh.edu/gunn_transcripts/2236.txt
289946,digitalcollections:gunn_2237,https://pfaffs-web.lib.lehigh.edu/gunn_transcripts/2237.txt,https://pfaffs-web.lib.lehigh.edu/gunn_transcripts/2237.txt
289947,digitalcollections:gunn_2238,https://pfaffs-web.lib.lehigh.edu/gunn_transcripts/2238.txt,https://pfaffs-web.lib.lehigh.edu/gunn_transcripts/2238.txt
289948,digitalcollections:gunn_2239,https://pfaffs-web.lib.lehigh.edu/gunn_transcripts/2239.txt,https://pfaffs-web.lib.lehigh.edu/gunn_transcripts/2239.txt
289949,digitalcollections:gunn_2240,https://pfaffs-web.lib.lehigh.edu/gunn_transcripts/2240.txt,https://pfaffs-web.lib.lehigh.edu/gunn_transcripts/2240.txt
289950,digitalcollections:gunn_2241,https://pfaffs-web.lib.lehigh.edu/gunn_transcripts/2241.txt,https://pfaffs-web.lib.lehigh.edu/gunn_transcripts/2241.txt
289951,digitalcollections:gunn_2242,https://pfaffs-web.lib.lehigh.edu/gunn_transcripts/2242.txt,https://pfaffs-web.lib.lehigh.edu/gunn_transcripts/2242.txt
289952,digitalcollections:gunn_2243,https://pfaffs-web.lib.lehigh.edu/gunn_transcripts/2243.txt,https://pfaffs-web.lib.lehigh.edu/gunn_transcripts/2243.txt
289953,digitalcollections:gunn_2244,https://pfaffs-web.lib.lehigh.edu/gunn_transcripts/2244.txt,https://pfaffs-web.lib.lehigh.edu/gunn_transcripts/2244.txt
289954,digitalcollections:gunn_2245,https://pfaffs-web.lib.lehigh.edu/gunn_transcripts/2245.txt,https://pfaffs-web.lib.lehigh.edu/gunn_transcripts/2245.txt
289955,digitalcollections:gunn_2246,https://pfaffs-web.lib.lehigh.edu/gunn_transcripts/2246.txt,https://pfaffs-web.lib.lehigh.edu/gunn_transcripts/2246.txt
289956,digitalcollections:gunn_2215,https://pfaffs-web.lib.lehigh.edu/gunn_transcripts/2215.txt,https://pfaffs-web.lib.lehigh.edu/gunn_transcripts/2215.txt
289957,digitalcollections:gunn_2216,https://pfaffs-web.lib.lehigh.edu/gunn_transcripts/2216.txt,https://pfaffs-web.lib.lehigh.edu/gunn_transcripts/2216.txt
289958,digitalcollections:gunn_2217,https://pfaffs-web.lib.lehigh.edu/gunn_transcripts/2217.txt,https://pfaffs-web.lib.lehigh.edu/gunn_transcripts/2217.txt
289959,digitalcollections:gunn_2218,https://pfaffs-web.lib.lehigh.edu/gunn_transcripts/2218.txt,https://pfaffs-web.lib.lehigh.edu/gunn_transcripts/2218.txt
289960,digitalcollections:gunn_2219,https://pfaffs-web.lib.lehigh.edu/gunn_transcripts/2219.txt,https://pfaffs-web.lib.lehigh.edu/gunn_transcripts/2219.txt
289961,digitalcollections:gunn_2220,https://pfaffs-web.lib.lehigh.edu/gunn_transcripts/2220.txt,https://pfaffs-web.lib.lehigh.edu/gunn_transcripts/2220.txt
289962,digitalcollections:gunn_2221,https://pfaffs-web.lib.lehigh.edu/gunn_transcripts/2221.txt,https://pfaffs-web.lib.lehigh.edu/gunn_transcripts/2221.txt
289963,digitalcollections:gunn_2222,https://pfaffs-web.lib.lehigh.edu/gunn_transcripts/2222.txt,https://pfaffs-web.lib.lehigh.edu/gunn_transcripts/2222.txt
289964,digitalcollections:gunn_2223,https://pfaffs-web.lib.lehigh.edu/gunn_transcripts/2223.txt,https://pfaffs-web.lib.lehigh.edu/gunn_transcripts/2223.txt
289965,digitalcollections:gunn_2224,https://pfaffs-web.lib.lehigh.edu/gunn_transcripts/2224.txt,https://pfaffs-web.lib.lehigh.edu/gunn_transcripts/2224.txt
289966,digitalcollections:gunn_2205,https://pfaffs-web.lib.lehigh.edu/gunn_transcripts/2205.txt,https://pfaffs-web.lib.lehigh.edu/gunn_transcripts/2205.txt
289967,digitalcollections:gunn_2206,https://pfaffs-web.lib.lehigh.edu/gunn_transcripts/2206.txt,https://pfaffs-web.lib.lehigh.edu/gunn_transcripts/2206.txt
289968,digitalcollections:gunn_2207,https://pfaffs-web.lib.lehigh.edu/gunn_transcripts/2207.txt,https://pfaffs-web.lib.lehigh.edu/gunn_transcripts/2207.txt
289969,digitalcollections:gunn_2208,https://pfaffs-web.lib.lehigh.edu/gunn_transcripts/2208.txt,https://pfaffs-web.lib.lehigh.edu/gunn_transcripts/2208.txt
289970,digitalcollections:gunn_2209,https://pfaffs-web.lib.lehigh.edu/gunn_transcripts/2209.txt,https://pfaffs-web.lib.lehigh.edu/gunn_transcripts/2209.txt
289971,digitalcollections:gunn_2210,https://pfaffs-web.lib.lehigh.edu/gunn_transcripts/2210.txt,https://pfaffs-web.lib.lehigh.edu/gunn_transcripts/2210.txt
289972,digitalcollections:gunn_2211,https://pfaffs-web.lib.lehigh.edu/gunn_transcripts/2211.txt,https://pfaffs-web.lib.lehigh.edu/gunn_transcripts/2211.txt
289973,digitalcollections:gunn_2212,https://pfaffs-web.lib.lehigh.edu/gunn_transcripts/2212.txt,https://pfaffs-web.lib.lehigh.edu/gunn_transcripts/2212.txt
289974,digitalcollections:gunn_2213,https://pfaffs-web.lib.lehigh.edu/gunn_transcripts/2213.txt,https://pfaffs-web.lib.lehigh.edu/gunn_transcripts/2213.txt
289975,digitalcollections:gunn_2248,https://pfaffs-web.lib.lehigh.edu/gunn_transcripts/2248.txt,https://pfaffs-web.lib.lehigh.edu/gunn_transcripts/2248.txt
289976,digitalcollections:gunn_2249,https://pfaffs-web.lib.lehigh.edu/gunn_transcripts/2249.txt,https://pfaffs-web.lib.lehigh.edu/gunn_transcripts/2249.txt
289977,digitalcollections:gunn_2250,https://pfaffs-web.lib.lehigh.edu/gunn_transcripts/2250.txt,https://pfaffs-web.lib.lehigh.edu/gunn_transcripts/2250.txt
289978,digitalcollections:gunn_2251,https://pfaffs-web.lib.lehigh.edu/gunn_transcripts/2251.txt,https://pfaffs-web.lib.lehigh.edu/gunn_transcripts/2251.txt
289979,digitalcollections:gunn_2252,https://pfaffs-web.lib.lehigh.edu/gunn_transcripts/2252.txt,https://pfaffs-web.lib.lehigh.edu/gunn_transcripts/2252.txt
289980,digitalcollections:gunn_2253,https://pfaffs-web.lib.lehigh.edu/gunn_transcripts/2253.txt,https://pfaffs-web.lib.lehigh.edu/gunn_transcripts/2253.txt
289981,digitalcollections:gunn_2254,https://pfaffs-web.lib.lehigh.edu/gunn_transcripts/2254.txt,https://pfaffs-web.lib.lehigh.edu/gunn_transcripts/2254.txt
289982,digitalcollections:gunn_2255,https://pfaffs-web.lib.lehigh.edu/gunn_transcripts/2255.txt,https://pfaffs-web.lib.lehigh.edu/gunn_transcripts/2255.txt
289983,digitalcollections:gunn_2256,https://pfaffs-web.lib.lehigh.edu/gunn_transcripts/2256.txt,https://pfaffs-web.lib.lehigh.edu/gunn_transcripts/2256.txt
289984,digitalcollections:gunn_2247,https://pfaffs-web.lib.lehigh.edu/gunn_transcripts/2247.txt,https://pfaffs-web.lib.lehigh.edu/gunn_transcripts/2247.txt
289985,digitalcollections:gunn_2214,https://pfaffs-web.lib.lehigh.edu/gunn_transcripts/2214.txt,https://pfaffs-web.lib.lehigh.edu/gunn_transcripts/2214.txt
289986,digitalcollections:gunn_2257,https://pfaffs-web.lib.lehigh.edu/gunn_transcripts/2257.txt,https://pfaffs-web.lib.lehigh.edu/gunn_transcripts/2257.txt
289987,digitalcollections:gunn_2356,https://pfaffs-web.lib.lehigh.edu/gunn_transcripts/2356.txt,https://pfaffs-web.lib.lehigh.edu/gunn_transcripts/2356.txt
289988,digitalcollections:gunn_2357,https://pfaffs-web.lib.lehigh.edu/gunn_transcripts/2357.txt,https://pfaffs-web.lib.lehigh.edu/gunn_transcripts/2357.txt
289989,digitalcollections:gunn_2358,https://pfaffs-web.lib.lehigh.edu/gunn_transcripts/2358.txt,https://pfaffs-web.lib.lehigh.edu/gunn_transcripts/2358.txt
289990,digitalcollections:gunn_2359,https://pfaffs-web.lib.lehigh.edu/gunn_transcripts/2359.txt,https://pfaffs-web.lib.lehigh.edu/gunn_transcripts/2359.txt
289991,digitalcollections:gunn_2360,https://pfaffs-web.lib.lehigh.edu/gunn_transcripts/2360.txt,https://pfaffs-web.lib.lehigh.edu/gunn_transcripts/2360.txt
289992,digitalcollections:gunn_2361,https://pfaffs-web.lib.lehigh.edu/gunn_transcripts/2361.txt,https://pfaffs-web.lib.lehigh.edu/gunn_transcripts/2361.txt
289993,digitalcollections:gunn_2362,https://pfaffs-web.lib.lehigh.edu/gunn_transcripts/2362.txt,https://pfaffs-web.lib.lehigh.edu/gunn_transcripts/2362.txt
289994,digitalcollections:gunn_2363,https://pfaffs-web.lib.lehigh.edu/gunn_transcripts/2363.txt,https://pfaffs-web.lib.lehigh.edu/gunn_transcripts/2363.txt
289995,digitalcollections:gunn_2364,https://pfaffs-web.lib.lehigh.edu/gunn_transcripts/2364.txt,https://pfaffs-web.lib.lehigh.edu/gunn_transcripts/2364.txt
289996,digitalcollections:gunn_2365,https://pfaffs-web.lib.lehigh.edu/gunn_transcripts/2365.txt,https://pfaffs-web.lib.lehigh.edu/gunn_transcripts/2365.txt
289997,digitalcollections:gunn_2366,https://pfaffs-web.lib.lehigh.edu/gunn_transcripts/2366.txt,https://pfaffs-web.lib.lehigh.edu/gunn_transcripts/2366.txt
289998,digitalcollections:gunn_2367,https://pfaffs-web.lib.lehigh.edu/gunn_transcripts/2367.txt,https://pfaffs-web.lib.lehigh.edu/gunn_transcripts/2367.txt
289999,digitalcollections:gunn_2344,https://pfaffs-web.lib.lehigh.edu/gunn_transcripts/2344.txt,https://pfaffs-web.lib.lehigh.edu/gunn_transcripts/2344.txt
290000,digitalcollections:gunn_2345,https://pfaffs-web.lib.lehigh.edu/gunn_transcripts/2345.txt,https://pfaffs-web.lib.lehigh.edu/gunn_transcripts/2345.txt
290001,digitalcollections:gunn_2346,https://pfaffs-web.lib.lehigh.edu/gunn_transcripts/2346.txt,https://pfaffs-web.lib.lehigh.edu/gunn_transcripts/2346.txt
290002,digitalcollections:gunn_2347,https://pfaffs-web.lib.lehigh.edu/gunn_transcripts/2347.txt,https://pfaffs-web.lib.lehigh.edu/gunn_transcripts/2347.txt
290003,digitalcollections:gunn_2348,https://pfaffs-web.lib.lehigh.edu/gunn_transcripts/2348.txt,https://pfaffs-web.lib.lehigh.edu/gunn_transcripts/2348.txt
290004,digitalcollections:gunn_2349,https://pfaffs-web.lib.lehigh.edu/gunn_transcripts/2349.txt,https://pfaffs-web.lib.lehigh.edu/gunn_transcripts/2349.txt
290005,digitalcollections:gunn_2350,https://pfaffs-web.lib.lehigh.edu/gunn_transcripts/2350.txt,https://pfaffs-web.lib.lehigh.edu/gunn_transcripts/2350.txt
290006,digitalcollections:gunn_2351,https://pfaffs-web.lib.lehigh.edu/gunn_transcripts/2351.txt,https://pfaffs-web.lib.lehigh.edu/gunn_transcripts/2351.txt
290007,digitalcollections:gunn_2352,https://pfaffs-web.lib.lehigh.edu/gunn_transcripts/2352.txt,https://pfaffs-web.lib.lehigh.edu/gunn_transcripts/2352.txt
290008,digitalcollections:gunn_2353,https://pfaffs-web.lib.lehigh.edu/gunn_transcripts/2353.txt,https://pfaffs-web.lib.lehigh.edu/gunn_transcripts/2353.txt
290009,digitalcollections:gunn_2354,https://pfaffs-web.lib.lehigh.edu/gunn_transcripts/2354.txt,https://pfaffs-web.lib.lehigh.edu/gunn_transcripts/2354.txt
290010,digitalcollections:gunn_2355,https://pfaffs-web.lib.lehigh.edu/gunn_transcripts/2355.txt,https://pfaffs-web.lib.lehigh.edu/gunn_transcripts/2355.txt
290011,digitalcollections:gunn_2331,https://pfaffs-web.lib.lehigh.edu/gunn_transcripts/2331.txt,https://pfaffs-web.lib.lehigh.edu/gunn_transcripts/2331.txt
290012,digitalcollections:gunn_2332,https://pfaffs-web.lib.lehigh.edu/gunn_transcripts/2332.txt,https://pfaffs-web.lib.lehigh.edu/gunn_transcripts/2332.txt
290013,digitalcollections:gunn_2333,https://pfaffs-web.lib.lehigh.edu/gunn_transcripts/2333.txt,https://pfaffs-web.lib.lehigh.edu/gunn_transcripts/2333.txt
290014,digitalcollections:gunn_2334,https://pfaffs-web.lib.lehigh.edu/gunn_transcripts/2334.txt,https://pfaffs-web.lib.lehigh.edu/gunn_transcripts/2334.txt
290015,digitalcollections:gunn_2335,https://pfaffs-web.lib.lehigh.edu/gunn_transcripts/2335.txt,https://pfaffs-web.lib.lehigh.edu/gunn_transcripts/2335.txt
290016,digitalcollections:gunn_2336,https://pfaffs-web.lib.lehigh.edu/gunn_transcripts/2336.txt,https://pfaffs-web.lib.lehigh.edu/gunn_transcripts/2336.txt
290017,digitalcollections:gunn_2337,https://pfaffs-web.lib.lehigh.edu/gunn_transcripts/2337.txt,https://pfaffs-web.lib.lehigh.edu/gunn_transcripts/2337.txt
290018,digitalcollections:gunn_2338,https://pfaffs-web.lib.lehigh.edu/gunn_transcripts/2338.txt,https://pfaffs-web.lib.lehigh.edu/gunn_transcripts/2338.txt
290019,digitalcollections:gunn_2339,https://pfaffs-web.lib.lehigh.edu/gunn_transcripts/2339.txt,https://pfaffs-web.lib.lehigh.edu/gunn_transcripts/2339.txt
290020,digitalcollections:gunn_2340,https://pfaffs-web.lib.lehigh.edu/gunn_transcripts/2340.txt,https://pfaffs-web.lib.lehigh.edu/gunn_transcripts/2340.txt
290021,digitalcollections:gunn_2341,https://pfaffs-web.lib.lehigh.edu/gunn_transcripts/2341.txt,https://pfaffs-web.lib.lehigh.edu/gunn_transcripts/2341.txt
290022,digitalcollections:gunn_2342,https://pfaffs-web.lib.lehigh.edu/gunn_transcripts/2342.txt,https://pfaffs-web.lib.lehigh.edu/gunn_transcripts/2342.txt
290023,digitalcollections:gunn_2317,https://pfaffs-web.lib.lehigh.edu/gunn_transcripts/2317.txt,https://pfaffs-web.lib.lehigh.edu/gunn_transcripts/2317.txt
290024,digitalcollections:gunn_2343,https://pfaffs-web.lib.lehigh.edu/gunn_transcripts/2343.txt,https://pfaffs-web.lib.lehigh.edu/gunn_transcripts/2343.txt
290025,digitalcollections:gunn_2330,https://pfaffs-web.lib.lehigh.edu/gunn_transcripts/2330.txt,https://pfaffs-web.lib.lehigh.edu/gunn_transcripts/2330.txt
290026,digitalcollections:gunn_2113,https://pfaffs-web.lib.lehigh.edu/gunn_transcripts/2113.txt,https://pfaffs-web.lib.lehigh.edu/gunn_transcripts/2113.txt
290027,digitalcollections:gunn_2114,https://pfaffs-web.lib.lehigh.edu/gunn_transcripts/2114.txt,https://pfaffs-web.lib.lehigh.edu/gunn_transcripts/2114.txt
290028,digitalcollections:gunn_2124,https://pfaffs-web.lib.lehigh.edu/gunn_transcripts/2124.txt,https://pfaffs-web.lib.lehigh.edu/gunn_transcripts/2124.txt
290029,digitalcollections:gunn_2125,https://pfaffs-web.lib.lehigh.edu/gunn_transcripts/2125.txt,https://pfaffs-web.lib.lehigh.edu/gunn_transcripts/2125.txt
290030,digitalcollections:gunn_2126,https://pfaffs-web.lib.lehigh.edu/gunn_transcripts/2126.txt,https://pfaffs-web.lib.lehigh.edu/gunn_transcripts/2126.txt
290031,digitalcollections:gunn_2127,https://pfaffs-web.lib.lehigh.edu/gunn_transcripts/2127.txt,https://pfaffs-web.lib.lehigh.edu/gunn_transcripts/2127.txt
290032,digitalcollections:gunn_2128,https://pfaffs-web.lib.lehigh.edu/gunn_transcripts/2128.txt,https://pfaffs-web.lib.lehigh.edu/gunn_transcripts/2128.txt
290033,digitalcollections:gunn_2129,https://pfaffs-web.lib.lehigh.edu/gunn_transcripts/2129.txt,https://pfaffs-web.lib.lehigh.edu/gunn_transcripts/2129.txt
290034,digitalcollections:gunn_2130,https://pfaffs-web.lib.lehigh.edu/gunn_transcripts/2130.txt,https://pfaffs-web.lib.lehigh.edu/gunn_transcripts/2130.txt
290035,digitalcollections:gunn_2131,https://pfaffs-web.lib.lehigh.edu/gunn_transcripts/2131.txt,https://pfaffs-web.lib.lehigh.edu/gunn_transcripts/2131.txt
290036,digitalcollections:gunn_2132,https://pfaffs-web.lib.lehigh.edu/gunn_transcripts/2132.txt,https://pfaffs-web.lib.lehigh.edu/gunn_transcripts/2132.txt
290037,digitalcollections:gunn_2115,https://pfaffs-web.lib.lehigh.edu/gunn_transcripts/2115.txt,https://pfaffs-web.lib.lehigh.edu/gunn_transcripts/2115.txt
290038,digitalcollections:gunn_2116,https://pfaffs-web.lib.lehigh.edu/gunn_transcripts/2116.txt,https://pfaffs-web.lib.lehigh.edu/gunn_transcripts/2116.txt
290039,digitalcollections:gunn_2117,https://pfaffs-web.lib.lehigh.edu/gunn_transcripts/2117.txt,https://pfaffs-web.lib.lehigh.edu/gunn_transcripts/2117.txt
290040,digitalcollections:gunn_2118,https://pfaffs-web.lib.lehigh.edu/gunn_transcripts/2118.txt,https://pfaffs-web.lib.lehigh.edu/gunn_transcripts/2118.txt
290041,digitalcollections:gunn_2119,https://pfaffs-web.lib.lehigh.edu/gunn_transcripts/2119.txt,https://pfaffs-web.lib.lehigh.edu/gunn_transcripts/2119.txt
290042,digitalcollections:gunn_2120,https://pfaffs-web.lib.lehigh.edu/gunn_transcripts/2120.txt,https://pfaffs-web.lib.lehigh.edu/gunn_transcripts/2120.txt
290043,digitalcollections:gunn_2121,https://pfaffs-web.lib.lehigh.edu/gunn_transcripts/2121.txt,https://pfaffs-web.lib.lehigh.edu/gunn_transcripts/2121.txt
290044,digitalcollections:gunn_2122,https://pfaffs-web.lib.lehigh.edu/gunn_transcripts/2122.txt,https://pfaffs-web.lib.lehigh.edu/gunn_transcripts/2122.txt
290045,digitalcollections:gunn_2123,https://pfaffs-web.lib.lehigh.edu/gunn_transcripts/2123.txt,https://pfaffs-web.lib.lehigh.edu/gunn_transcripts/2123.txt
290046,digitalcollections:gunn_2133,https://pfaffs-web.lib.lehigh.edu/gunn_transcripts/2133.txt,https://pfaffs-web.lib.lehigh.edu/gunn_transcripts/2133.txt
290047,digitalcollections:gunn_373,https://pfaffs-web.lib.lehigh.edu/gunn_transcripts/373.txt,https://pfaffs-web.lib.lehigh.edu/gunn_transcripts/373.txt
290048,digitalcollections:gunn_374,https://pfaffs-web.lib.lehigh.edu/gunn_transcripts/374.txt,https://pfaffs-web.lib.lehigh.edu/gunn_transcripts/374.txt
290049,digitalcollections:gunn_375,https://pfaffs-web.lib.lehigh.edu/gunn_transcripts/375.txt,https://pfaffs-web.lib.lehigh.edu/gunn_transcripts/375.txt
290050,digitalcollections:gunn_376,https://pfaffs-web.lib.lehigh.edu/gunn_transcripts/376.txt,https://pfaffs-web.lib.lehigh.edu/gunn_transcripts/376.txt
290051,digitalcollections:gunn_352,https://pfaffs-web.lib.lehigh.edu/gunn_transcripts/352.txt,https://pfaffs-web.lib.lehigh.edu/gunn_transcripts/352.txt
290052,digitalcollections:gunn_353,https://pfaffs-web.lib.lehigh.edu/gunn_transcripts/353.txt,https://pfaffs-web.lib.lehigh.edu/gunn_transcripts/353.txt
290053,digitalcollections:gunn_354,https://pfaffs-web.lib.lehigh.edu/gunn_transcripts/354.txt,https://pfaffs-web.lib.lehigh.edu/gunn_transcripts/354.txt
290054,digitalcollections:gunn_355,https://pfaffs-web.lib.lehigh.edu/gunn_transcripts/355.txt,https://pfaffs-web.lib.lehigh.edu/gunn_transcripts/355.txt
290055,digitalcollections:gunn_356,https://pfaffs-web.lib.lehigh.edu/gunn_transcripts/356.txt,https://pfaffs-web.lib.lehigh.edu/gunn_transcripts/356.txt
290056,digitalcollections:gunn_357,https://pfaffs-web.lib.lehigh.edu/gunn_transcripts/357.txt,https://pfaffs-web.lib.lehigh.edu/gunn_transcripts/357.txt
290057,digitalcollections:gunn_358,https://pfaffs-web.lib.lehigh.edu/gunn_transcripts/358.txt,https://pfaffs-web.lib.lehigh.edu/gunn_transcripts/358.txt
290058,digitalcollections:gunn_359,https://pfaffs-web.lib.lehigh.edu/gunn_transcripts/359.txt,https://pfaffs-web.lib.lehigh.edu/gunn_transcripts/359.txt
290059,digitalcollections:gunn_262,https://pfaffs-web.lib.lehigh.edu/gunn_transcripts/262.txt,https://pfaffs-web.lib.lehigh.edu/gunn_transcripts/262.txt
290060,digitalcollections:gunn_263,https://pfaffs-web.lib.lehigh.edu/gunn_transcripts/263.txt,https://pfaffs-web.lib.lehigh.edu/gunn_transcripts/263.txt
290061,digitalcollections:gunn_264,https://pfaffs-web.lib.lehigh.edu/gunn_transcripts/264.txt,https://pfaffs-web.lib.lehigh.edu/gunn_transcripts/264.txt
290062,digitalcollections:gunn_265,https://pfaffs-web.lib.lehigh.edu/gunn_transcripts/265.txt,https://pfaffs-web.lib.lehigh.edu/gunn_transcripts/265.txt
290063,digitalcollections:gunn_266,https://pfaffs-web.lib.lehigh.edu/gunn_transcripts/266.txt,https://pfaffs-web.lib.lehigh.edu/gunn_transcripts/266.txt
290064,digitalcollections:gunn_267,https://pfaffs-web.lib.lehigh.edu/gunn_transcripts/267.txt,https://pfaffs-web.lib.lehigh.edu/gunn_transcripts/267.txt
290065,digitalcollections:gunn_268,https://pfaffs-web.lib.lehigh.edu/gunn_transcripts/268.txt,https://pfaffs-web.lib.lehigh.edu/gunn_transcripts/268.txt
290066,digitalcollections:gunn_269,https://pfaffs-web.lib.lehigh.edu/gunn_transcripts/269.txt,https://pfaffs-web.lib.lehigh.edu/gunn_transcripts/269.txt
290067,digitalcollections:gunn_366,https://pfaffs-web.lib.lehigh.edu/gunn_transcripts/366.txt,https://pfaffs-web.lib.lehigh.edu/gunn_transcripts/366.txt
290068,digitalcollections:gunn_367,https://pfaffs-web.lib.lehigh.edu/gunn_transcripts/367.txt,https://pfaffs-web.lib.lehigh.edu/gunn_transcripts/367.txt
290069,digitalcollections:gunn_368,https://pfaffs-web.lib.lehigh.edu/gunn_transcripts/368.txt,https://pfaffs-web.lib.lehigh.edu/gunn_transcripts/368.txt
290070,digitalcollections:gunn_369,https://pfaffs-web.lib.lehigh.edu/gunn_transcripts/369.txt,https://pfaffs-web.lib.lehigh.edu/gunn_transcripts/369.txt
290071,digitalcollections:gunn_370,https://pfaffs-web.lib.lehigh.edu/gunn_transcripts/370.txt,https://pfaffs-web.lib.lehigh.edu/gunn_transcripts/370.txt
290072,digitalcollections:gunn_371,https://pfaffs-web.lib.lehigh.edu/gunn_transcripts/371.txt,https://pfaffs-web.lib.lehigh.edu/gunn_transcripts/371.txt
290073,digitalcollections:gunn_372,https://pfaffs-web.lib.lehigh.edu/gunn_transcripts/372.txt,https://pfaffs-web.lib.lehigh.edu/gunn_transcripts/372.txt
290074,digitalcollections:gunn_345,https://pfaffs-web.lib.lehigh.edu/gunn_transcripts/345.txt,https://pfaffs-web.lib.lehigh.edu/gunn_transcripts/345.txt
290075,digitalcollections:gunn_346,https://pfaffs-web.lib.lehigh.edu/gunn_transcripts/346.txt,https://pfaffs-web.lib.lehigh.edu/gunn_transcripts/346.txt
290076,digitalcollections:gunn_347,https://pfaffs-web.lib.lehigh.edu/gunn_transcripts/347.txt,https://pfaffs-web.lib.lehigh.edu/gunn_transcripts/347.txt
290077,digitalcollections:gunn_348,https://pfaffs-web.lib.lehigh.edu/gunn_transcripts/348.txt,https://pfaffs-web.lib.lehigh.edu/gunn_transcripts/348.txt
290078,digitalcollections:gunn_349,https://pfaffs-web.lib.lehigh.edu/gunn_transcripts/349.txt,https://pfaffs-web.lib.lehigh.edu/gunn_transcripts/349.txt
290079,digitalcollections:gunn_350,https://pfaffs-web.lib.lehigh.edu/gunn_transcripts/350.txt,https://pfaffs-web.lib.lehigh.edu/gunn_transcripts/350.txt
290080,digitalcollections:gunn_351,https://pfaffs-web.lib.lehigh.edu/gunn_transcripts/351.txt,https://pfaffs-web.lib.lehigh.edu/gunn_transcripts/351.txt
290081,digitalcollections:gunn_325,https://pfaffs-web.lib.lehigh.edu/gunn_transcripts/325.txt,https://pfaffs-web.lib.lehigh.edu/gunn_transcripts/325.txt
290082,digitalcollections:gunn_326,https://pfaffs-web.lib.lehigh.edu/gunn_transcripts/326.txt,https://pfaffs-web.lib.lehigh.edu/gunn_transcripts/326.txt
290083,digitalcollections:gunn_327,https://pfaffs-web.lib.lehigh.edu/gunn_transcripts/327.txt,https://pfaffs-web.lib.lehigh.edu/gunn_transcripts/327.txt
290084,digitalcollections:gunn_328,https://pfaffs-web.lib.lehigh.edu/gunn_transcripts/328.txt,https://pfaffs-web.lib.lehigh.edu/gunn_transcripts/328.txt
290085,digitalcollections:gunn_329,https://pfaffs-web.lib.lehigh.edu/gunn_transcripts/329.txt,https://pfaffs-web.lib.lehigh.edu/gunn_transcripts/329.txt
290086,digitalcollections:gunn_330,https://pfaffs-web.lib.lehigh.edu/gunn_transcripts/330.txt,https://pfaffs-web.lib.lehigh.edu/gunn_transcripts/330.txt
290087,digitalcollections:gunn_331,https://pfaffs-web.lib.lehigh.edu/gunn_transcripts/331.txt,https://pfaffs-web.lib.lehigh.edu/gunn_transcripts/331.txt
290088,digitalcollections:gunn_338,https://pfaffs-web.lib.lehigh.edu/gunn_transcripts/338.txt,https://pfaffs-web.lib.lehigh.edu/gunn_transcripts/338.txt
290089,digitalcollections:gunn_339,https://pfaffs-web.lib.lehigh.edu/gunn_transcripts/339.txt,https://pfaffs-web.lib.lehigh.edu/gunn_transcripts/339.txt
290090,digitalcollections:gunn_340,https://pfaffs-web.lib.lehigh.edu/gunn_transcripts/340.txt,https://pfaffs-web.lib.lehigh.edu/gunn_transcripts/340.txt
290091,digitalcollections:gunn_341,https://pfaffs-web.lib.lehigh.edu/gunn_transcripts/341.txt,https://pfaffs-web.lib.lehigh.edu/gunn_transcripts/341.txt
290092,digitalcollections:gunn_342,https://pfaffs-web.lib.lehigh.edu/gunn_transcripts/342.txt,https://pfaffs-web.lib.lehigh.edu/gunn_transcripts/342.txt
290093,digitalcollections:gunn_343,https://pfaffs-web.lib.lehigh.edu/gunn_transcripts/343.txt,https://pfaffs-web.lib.lehigh.edu/gunn_transcripts/343.txt
290094,digitalcollections:gunn_360,https://pfaffs-web.lib.lehigh.edu/gunn_transcripts/360.txt,https://pfaffs-web.lib.lehigh.edu/gunn_transcripts/360.txt
290095,digitalcollections:gunn_361,https://pfaffs-web.lib.lehigh.edu/gunn_transcripts/361.txt,https://pfaffs-web.lib.lehigh.edu/gunn_transcripts/361.txt
290096,digitalcollections:gunn_362,https://pfaffs-web.lib.lehigh.edu/gunn_transcripts/362.txt,https://pfaffs-web.lib.lehigh.edu/gunn_transcripts/362.txt
290097,digitalcollections:gunn_363,https://pfaffs-web.lib.lehigh.edu/gunn_transcripts/363.txt,https://pfaffs-web.lib.lehigh.edu/gunn_transcripts/363.txt
290098,digitalcollections:gunn_364,https://pfaffs-web.lib.lehigh.edu/gunn_transcripts/364.txt,https://pfaffs-web.lib.lehigh.edu/gunn_transcripts/364.txt
290099,digitalcollections:gunn_365,https://pfaffs-web.lib.lehigh.edu/gunn_transcripts/365.txt,https://pfaffs-web.lib.lehigh.edu/gunn_transcripts/365.txt
290100,digitalcollections:gunn_332,https://pfaffs-web.lib.lehigh.edu/gunn_transcripts/332.txt,https://pfaffs-web.lib.lehigh.edu/gunn_transcripts/332.txt
290101,digitalcollections:gunn_333,https://pfaffs-web.lib.lehigh.edu/gunn_transcripts/333.txt,https://pfaffs-web.lib.lehigh.edu/gunn_transcripts/333.txt
290102,digitalcollections:gunn_334,https://pfaffs-web.lib.lehigh.edu/gunn_transcripts/334.txt,https://pfaffs-web.lib.lehigh.edu/gunn_transcripts/334.txt
290103,digitalcollections:gunn_335,https://pfaffs-web.lib.lehigh.edu/gunn_transcripts/335.txt,https://pfaffs-web.lib.lehigh.edu/gunn_transcripts/335.txt
290104,digitalcollections:gunn_336,https://pfaffs-web.lib.lehigh.edu/gunn_transcripts/336.txt,https://pfaffs-web.lib.lehigh.edu/gunn_transcripts/336.txt
290105,digitalcollections:gunn_337,https://pfaffs-web.lib.lehigh.edu/gunn_transcripts/337.txt,https://pfaffs-web.lib.lehigh.edu/gunn_transcripts/337.txt
290106,digitalcollections:gunn_344,https://pfaffs-web.lib.lehigh.edu/gunn_transcripts/344.txt,https://pfaffs-web.lib.lehigh.edu/gunn_transcripts/344.txt
290107,digitalcollections:gunn_235,https://pfaffs-web.lib.lehigh.edu/gunn_transcripts/235.txt,https://pfaffs-web.lib.lehigh.edu/gunn_transcripts/235.txt
290108,digitalcollections:gunn_236,https://pfaffs-web.lib.lehigh.edu/gunn_transcripts/236.txt,https://pfaffs-web.lib.lehigh.edu/gunn_transcripts/236.txt
290109,digitalcollections:gunn_237,https://pfaffs-web.lib.lehigh.edu/gunn_transcripts/237.txt,https://pfaffs-web.lib.lehigh.edu/gunn_transcripts/237.txt
290110,digitalcollections:gunn_238,https://pfaffs-web.lib.lehigh.edu/gunn_transcripts/238.txt,https://pfaffs-web.lib.lehigh.edu/gunn_transcripts/238.txt
290111,digitalcollections:gunn_239,https://pfaffs-web.lib.lehigh.edu/gunn_transcripts/239.txt,https://pfaffs-web.lib.lehigh.edu/gunn_transcripts/239.txt
290112,digitalcollections:gunn_240,https://pfaffs-web.lib.lehigh.edu/gunn_transcripts/240.txt,https://pfaffs-web.lib.lehigh.edu/gunn_transcripts/240.txt
290113,digitalcollections:gunn_241,https://pfaffs-web.lib.lehigh.edu/gunn_transcripts/241.txt,https://pfaffs-web.lib.lehigh.edu/gunn_transcripts/241.txt
290114,digitalcollections:gunn_249,https://pfaffs-web.lib.lehigh.edu/gunn_transcripts/249.txt,https://pfaffs-web.lib.lehigh.edu/gunn_transcripts/249.txt
290115,digitalcollections:gunn_250,https://pfaffs-web.lib.lehigh.edu/gunn_transcripts/250.txt,https://pfaffs-web.lib.lehigh.edu/gunn_transcripts/250.txt
290116,digitalcollections:gunn_251,https://pfaffs-web.lib.lehigh.edu/gunn_transcripts/251.txt,https://pfaffs-web.lib.lehigh.edu/gunn_transcripts/251.txt
290117,digitalcollections:gunn_252,https://pfaffs-web.lib.lehigh.edu/gunn_transcripts/252.txt,https://pfaffs-web.lib.lehigh.edu/gunn_transcripts/252.txt
290118,digitalcollections:gunn_253,https://pfaffs-web.lib.lehigh.edu/gunn_transcripts/253.txt,https://pfaffs-web.lib.lehigh.edu/gunn_transcripts/253.txt
290119,digitalcollections:gunn_254,https://pfaffs-web.lib.lehigh.edu/gunn_transcripts/254.txt,https://pfaffs-web.lib.lehigh.edu/gunn_transcripts/254.txt
290120,digitalcollections:gunn_222,https://pfaffs-web.lib.lehigh.edu/gunn_transcripts/222.txt,https://pfaffs-web.lib.lehigh.edu/gunn_transcripts/222.txt
290121,digitalcollections:gunn_223,https://pfaffs-web.lib.lehigh.edu/gunn_transcripts/223.txt,https://pfaffs-web.lib.lehigh.edu/gunn_transcripts/223.txt
290122,digitalcollections:gunn_224,https://pfaffs-web.lib.lehigh.edu/gunn_transcripts/224.txt,https://pfaffs-web.lib.lehigh.edu/gunn_transcripts/224.txt
290123,digitalcollections:gunn_225,https://pfaffs-web.lib.lehigh.edu/gunn_transcripts/225.txt,https://pfaffs-web.lib.lehigh.edu/gunn_transcripts/225.txt
290124,digitalcollections:gunn_226,https://pfaffs-web.lib.lehigh.edu/gunn_transcripts/226.txt,https://pfaffs-web.lib.lehigh.edu/gunn_transcripts/226.txt
290125,digitalcollections:gunn_227,https://pfaffs-web.lib.lehigh.edu/gunn_transcripts/227.txt,https://pfaffs-web.lib.lehigh.edu/gunn_transcripts/227.txt
290126,digitalcollections:gunn_229,https://pfaffs-web.lib.lehigh.edu/gunn_transcripts/229.txt,https://pfaffs-web.lib.lehigh.edu/gunn_transcripts/229.txt
290127,digitalcollections:gunn_230,https://pfaffs-web.lib.lehigh.edu/gunn_transcripts/230.txt,https://pfaffs-web.lib.lehigh.edu/gunn_transcripts/230.txt
290128,digitalcollections:gunn_231,https://pfaffs-web.lib.lehigh.edu/gunn_transcripts/231.txt,https://pfaffs-web.lib.lehigh.edu/gunn_transcripts/231.txt
290129,digitalcollections:gunn_232,https://pfaffs-web.lib.lehigh.edu/gunn_transcripts/232.txt,https://pfaffs-web.lib.lehigh.edu/gunn_transcripts/232.txt
290130,digitalcollections:gunn_233,https://pfaffs-web.lib.lehigh.edu/gunn_transcripts/233.txt,https://pfaffs-web.lib.lehigh.edu/gunn_transcripts/233.txt
290131,digitalcollections:gunn_234,https://pfaffs-web.lib.lehigh.edu/gunn_transcripts/234.txt,https://pfaffs-web.lib.lehigh.edu/gunn_transcripts/234.txt
290132,digitalcollections:gunn_242,https://pfaffs-web.lib.lehigh.edu/gunn_transcripts/242.txt,https://pfaffs-web.lib.lehigh.edu/gunn_transcripts/242.txt
290133,digitalcollections:gunn_243,https://pfaffs-web.lib.lehigh.edu/gunn_transcripts/243.txt,https://pfaffs-web.lib.lehigh.edu/gunn_transcripts/243.txt
290134,digitalcollections:gunn_244,https://pfaffs-web.lib.lehigh.edu/gunn_transcripts/244.txt,https://pfaffs-web.lib.lehigh.edu/gunn_transcripts/244.txt
290135,digitalcollections:gunn_245,https://pfaffs-web.lib.lehigh.edu/gunn_transcripts/245.txt,https://pfaffs-web.lib.lehigh.edu/gunn_transcripts/245.txt
290136,digitalcollections:gunn_246,https://pfaffs-web.lib.lehigh.edu/gunn_transcripts/246.txt,https://pfaffs-web.lib.lehigh.edu/gunn_transcripts/246.txt
290137,digitalcollections:gunn_247,https://pfaffs-web.lib.lehigh.edu/gunn_transcripts/247.txt,https://pfaffs-web.lib.lehigh.edu/gunn_transcripts/247.txt
290138,digitalcollections:gunn_184,https://pfaffs-web.lib.lehigh.edu/gunn_transcripts/184.txt,https://pfaffs-web.lib.lehigh.edu/gunn_transcripts/184.txt
290139,digitalcollections:gunn_185,https://pfaffs-web.lib.lehigh.edu/gunn_transcripts/185.txt,https://pfaffs-web.lib.lehigh.edu/gunn_transcripts/185.txt
290140,digitalcollections:gunn_186,https://pfaffs-web.lib.lehigh.edu/gunn_transcripts/186.txt,https://pfaffs-web.lib.lehigh.edu/gunn_transcripts/186.txt
290141,digitalcollections:gunn_187,https://pfaffs-web.lib.lehigh.edu/gunn_transcripts/187.txt,https://pfaffs-web.lib.lehigh.edu/gunn_transcripts/187.txt
290142,digitalcollections:gunn_188,https://pfaffs-web.lib.lehigh.edu/gunn_transcripts/188.txt,https://pfaffs-web.lib.lehigh.edu/gunn_transcripts/188.txt
290143,digitalcollections:gunn_189,https://pfaffs-web.lib.lehigh.edu/gunn_transcripts/189.txt,https://pfaffs-web.lib.lehigh.edu/gunn_transcripts/189.txt
290144,digitalcollections:gunn_208,https://pfaffs-web.lib.lehigh.edu/gunn_transcripts/208.txt,https://pfaffs-web.lib.lehigh.edu/gunn_transcripts/208.txt
290145,digitalcollections:gunn_228,https://pfaffs-web.lib.lehigh.edu/gunn_transcripts/228.txt,https://pfaffs-web.lib.lehigh.edu/gunn_transcripts/228.txt
290146,digitalcollections:gunn_248,https://pfaffs-web.lib.lehigh.edu/gunn_transcripts/248.txt,https://pfaffs-web.lib.lehigh.edu/gunn_transcripts/248.txt
290147,digitalcollections:gunn_203,https://pfaffs-web.lib.lehigh.edu/gunn_transcripts/203.txt,https://pfaffs-web.lib.lehigh.edu/gunn_transcripts/203.txt
290148,digitalcollections:gunn_311,https://pfaffs-web.lib.lehigh.edu/gunn_transcripts/311.txt,https://pfaffs-web.lib.lehigh.edu/gunn_transcripts/311.txt
290149,digitalcollections:gunn_312,https://pfaffs-web.lib.lehigh.edu/gunn_transcripts/312.txt,https://pfaffs-web.lib.lehigh.edu/gunn_transcripts/312.txt
290150,digitalcollections:gunn_313,https://pfaffs-web.lib.lehigh.edu/gunn_transcripts/313.txt,https://pfaffs-web.lib.lehigh.edu/gunn_transcripts/313.txt
290151,digitalcollections:gunn_314,https://pfaffs-web.lib.lehigh.edu/gunn_transcripts/314.txt,https://pfaffs-web.lib.lehigh.edu/gunn_transcripts/314.txt
290152,digitalcollections:gunn_315,https://pfaffs-web.lib.lehigh.edu/gunn_transcripts/315.txt,https://pfaffs-web.lib.lehigh.edu/gunn_transcripts/315.txt
290153,digitalcollections:gunn_316,https://pfaffs-web.lib.lehigh.edu/gunn_transcripts/316.txt,https://pfaffs-web.lib.lehigh.edu/gunn_transcripts/316.txt
290154,digitalcollections:gunn_317,https://pfaffs-web.lib.lehigh.edu/gunn_transcripts/317.txt,https://pfaffs-web.lib.lehigh.edu/gunn_transcripts/317.txt
290155,digitalcollections:gunn_318,https://pfaffs-web.lib.lehigh.edu/gunn_transcripts/318.txt,https://pfaffs-web.lib.lehigh.edu/gunn_transcripts/318.txt
290156,digitalcollections:gunn_319,https://pfaffs-web.lib.lehigh.edu/gunn_transcripts/319.txt,https://pfaffs-web.lib.lehigh.edu/gunn_transcripts/319.txt
290157,digitalcollections:gunn_320,https://pfaffs-web.lib.lehigh.edu/gunn_transcripts/320.txt,https://pfaffs-web.lib.lehigh.edu/gunn_transcripts/320.txt
290158,digitalcollections:gunn_321,https://pfaffs-web.lib.lehigh.edu/gunn_transcripts/321.txt,https://pfaffs-web.lib.lehigh.edu/gunn_transcripts/321.txt
290159,digitalcollections:gunn_322,https://pfaffs-web.lib.lehigh.edu/gunn_transcripts/322.txt,https://pfaffs-web.lib.lehigh.edu/gunn_transcripts/322.txt
290160,digitalcollections:gunn_323,https://pfaffs-web.lib.lehigh.edu/gunn_transcripts/323.txt,https://pfaffs-web.lib.lehigh.edu/gunn_transcripts/323.txt
290161,digitalcollections:gunn_324,https://pfaffs-web.lib.lehigh.edu/gunn_transcripts/324.txt,https://pfaffs-web.lib.lehigh.edu/gunn_transcripts/324.txt
290162,digitalcollections:gunn_255,https://pfaffs-web.lib.lehigh.edu/gunn_transcripts/255.txt,https://pfaffs-web.lib.lehigh.edu/gunn_transcripts/255.txt
290163,digitalcollections:gunn_256,https://pfaffs-web.lib.lehigh.edu/gunn_transcripts/256.txt,https://pfaffs-web.lib.lehigh.edu/gunn_transcripts/256.txt
290164,digitalcollections:gunn_257,https://pfaffs-web.lib.lehigh.edu/gunn_transcripts/257.txt,https://pfaffs-web.lib.lehigh.edu/gunn_transcripts/257.txt
290165,digitalcollections:gunn_258,https://pfaffs-web.lib.lehigh.edu/gunn_transcripts/258.txt,https://pfaffs-web.lib.lehigh.edu/gunn_transcripts/258.txt
290166,digitalcollections:gunn_259,https://pfaffs-web.lib.lehigh.edu/gunn_transcripts/259.txt,https://pfaffs-web.lib.lehigh.edu/gunn_transcripts/259.txt
290167,digitalcollections:gunn_260,https://pfaffs-web.lib.lehigh.edu/gunn_transcripts/260.txt,https://pfaffs-web.lib.lehigh.edu/gunn_transcripts/260.txt
290168,digitalcollections:gunn_261,https://pfaffs-web.lib.lehigh.edu/gunn_transcripts/261.txt,https://pfaffs-web.lib.lehigh.edu/gunn_transcripts/261.txt
290169,digitalcollections:gunn_290,https://pfaffs-web.lib.lehigh.edu/gunn_transcripts/290.txt,https://pfaffs-web.lib.lehigh.edu/gunn_transcripts/290.txt
290170,digitalcollections:gunn_291,https://pfaffs-web.lib.lehigh.edu/gunn_transcripts/291.txt,https://pfaffs-web.lib.lehigh.edu/gunn_transcripts/291.txt
290171,digitalcollections:gunn_292,https://pfaffs-web.lib.lehigh.edu/gunn_transcripts/292.txt,https://pfaffs-web.lib.lehigh.edu/gunn_transcripts/292.txt
290172,digitalcollections:gunn_293,https://pfaffs-web.lib.lehigh.edu/gunn_transcripts/293.txt,https://pfaffs-web.lib.lehigh.edu/gunn_transcripts/293.txt
290173,digitalcollections:gunn_294,https://pfaffs-web.lib.lehigh.edu/gunn_transcripts/294.txt,https://pfaffs-web.lib.lehigh.edu/gunn_transcripts/294.txt
290174,digitalcollections:gunn_295,https://pfaffs-web.lib.lehigh.edu/gunn_transcripts/295.txt,https://pfaffs-web.lib.lehigh.edu/gunn_transcripts/295.txt
290175,digitalcollections:gunn_296,https://pfaffs-web.lib.lehigh.edu/gunn_transcripts/296.txt,https://pfaffs-web.lib.lehigh.edu/gunn_transcripts/296.txt
290176,digitalcollections:gunn_297,https://pfaffs-web.lib.lehigh.edu/gunn_transcripts/297.txt,https://pfaffs-web.lib.lehigh.edu/gunn_transcripts/297.txt
290177,digitalcollections:gunn_298,https://pfaffs-web.lib.lehigh.edu/gunn_transcripts/298.txt,https://pfaffs-web.lib.lehigh.edu/gunn_transcripts/298.txt
290178,digitalcollections:gunn_299,https://pfaffs-web.lib.lehigh.edu/gunn_transcripts/299.txt,https://pfaffs-web.lib.lehigh.edu/gunn_transcripts/299.txt
290179,digitalcollections:gunn_300,https://pfaffs-web.lib.lehigh.edu/gunn_transcripts/300.txt,https://pfaffs-web.lib.lehigh.edu/gunn_transcripts/300.txt
290180,digitalcollections:gunn_301,https://pfaffs-web.lib.lehigh.edu/gunn_transcripts/301.txt,https://pfaffs-web.lib.lehigh.edu/gunn_transcripts/301.txt
290181,digitalcollections:gunn_302,https://pfaffs-web.lib.lehigh.edu/gunn_transcripts/302.txt,https://pfaffs-web.lib.lehigh.edu/gunn_transcripts/302.txt
290182,digitalcollections:gunn_303,https://pfaffs-web.lib.lehigh.edu/gunn_transcripts/303.txt,https://pfaffs-web.lib.lehigh.edu/gunn_transcripts/303.txt
290183,digitalcollections:gunn_283,https://pfaffs-web.lib.lehigh.edu/gunn_transcripts/283.txt,https://pfaffs-web.lib.lehigh.edu/gunn_transcripts/283.txt
290184,digitalcollections:gunn_284,https://pfaffs-web.lib.lehigh.edu/gunn_transcripts/284.txt,https://pfaffs-web.lib.lehigh.edu/gunn_transcripts/284.txt
290185,digitalcollections:gunn_285,https://pfaffs-web.lib.lehigh.edu/gunn_transcripts/285.txt,https://pfaffs-web.lib.lehigh.edu/gunn_transcripts/285.txt
290186,digitalcollections:gunn_286,https://pfaffs-web.lib.lehigh.edu/gunn_transcripts/286.txt,https://pfaffs-web.lib.lehigh.edu/gunn_transcripts/286.txt
290187,digitalcollections:gunn_287,https://pfaffs-web.lib.lehigh.edu/gunn_transcripts/287.txt,https://pfaffs-web.lib.lehigh.edu/gunn_transcripts/287.txt
290188,digitalcollections:gunn_288,https://pfaffs-web.lib.lehigh.edu/gunn_transcripts/288.txt,https://pfaffs-web.lib.lehigh.edu/gunn_transcripts/288.txt
290189,digitalcollections:gunn_289,https://pfaffs-web.lib.lehigh.edu/gunn_transcripts/289.txt,https://pfaffs-web.lib.lehigh.edu/gunn_transcripts/289.txt
290190,digitalcollections:gunn_276,https://pfaffs-web.lib.lehigh.edu/gunn_transcripts/276.txt,https://pfaffs-web.lib.lehigh.edu/gunn_transcripts/276.txt
290191,digitalcollections:gunn_277,https://pfaffs-web.lib.lehigh.edu/gunn_transcripts/277.txt,https://pfaffs-web.lib.lehigh.edu/gunn_transcripts/277.txt
290192,digitalcollections:gunn_278,https://pfaffs-web.lib.lehigh.edu/gunn_transcripts/278.txt,https://pfaffs-web.lib.lehigh.edu/gunn_transcripts/278.txt
290193,digitalcollections:gunn_279,https://pfaffs-web.lib.lehigh.edu/gunn_transcripts/279.txt,https://pfaffs-web.lib.lehigh.edu/gunn_transcripts/279.txt
290194,digitalcollections:gunn_280,https://pfaffs-web.lib.lehigh.edu/gunn_transcripts/280.txt,https://pfaffs-web.lib.lehigh.edu/gunn_transcripts/280.txt
290195,digitalcollections:gunn_281,https://pfaffs-web.lib.lehigh.edu/gunn_transcripts/281.txt,https://pfaffs-web.lib.lehigh.edu/gunn_transcripts/281.txt
290196,digitalcollections:gunn_282,https://pfaffs-web.lib.lehigh.edu/gunn_transcripts/282.txt,https://pfaffs-web.lib.lehigh.edu/gunn_transcripts/282.txt
290197,digitalcollections:gunn_305,https://pfaffs-web.lib.lehigh.edu/gunn_transcripts/305.txt,https://pfaffs-web.lib.lehigh.edu/gunn_transcripts/305.txt
290198,digitalcollections:gunn_306,https://pfaffs-web.lib.lehigh.edu/gunn_transcripts/306.txt,https://pfaffs-web.lib.lehigh.edu/gunn_transcripts/306.txt
290199,digitalcollections:gunn_307,https://pfaffs-web.lib.lehigh.edu/gunn_transcripts/307.txt,https://pfaffs-web.lib.lehigh.edu/gunn_transcripts/307.txt
290200,digitalcollections:gunn_308,https://pfaffs-web.lib.lehigh.edu/gunn_transcripts/308.txt,https://pfaffs-web.lib.lehigh.edu/gunn_transcripts/308.txt
290201,digitalcollections:gunn_309,https://pfaffs-web.lib.lehigh.edu/gunn_transcripts/309.txt,https://pfaffs-web.lib.lehigh.edu/gunn_transcripts/309.txt
290202,digitalcollections:gunn_310,https://pfaffs-web.lib.lehigh.edu/gunn_transcripts/310.txt,https://pfaffs-web.lib.lehigh.edu/gunn_transcripts/310.txt
290203,digitalcollections:gunn_270,https://pfaffs-web.lib.lehigh.edu/gunn_transcripts/270.txt,https://pfaffs-web.lib.lehigh.edu/gunn_transcripts/270.txt
290204,digitalcollections:gunn_271,https://pfaffs-web.lib.lehigh.edu/gunn_transcripts/271.txt,https://pfaffs-web.lib.lehigh.edu/gunn_transcripts/271.txt
290205,digitalcollections:gunn_272,https://pfaffs-web.lib.lehigh.edu/gunn_transcripts/272.txt,https://pfaffs-web.lib.lehigh.edu/gunn_transcripts/272.txt
290206,digitalcollections:gunn_273,https://pfaffs-web.lib.lehigh.edu/gunn_transcripts/273.txt,https://pfaffs-web.lib.lehigh.edu/gunn_transcripts/273.txt
290207,digitalcollections:gunn_274,https://pfaffs-web.lib.lehigh.edu/gunn_transcripts/274.txt,https://pfaffs-web.lib.lehigh.edu/gunn_transcripts/274.txt
290208,digitalcollections:gunn_275,https://pfaffs-web.lib.lehigh.edu/gunn_transcripts/275.txt,https://pfaffs-web.lib.lehigh.edu/gunn_transcripts/275.txt
290209,digitalcollections:gunn_304,https://pfaffs-web.lib.lehigh.edu/gunn_transcripts/304.txt,https://pfaffs-web.lib.lehigh.edu/gunn_transcripts/304.txt
290210,digitalcollections:gunn_190,https://pfaffs-web.lib.lehigh.edu/gunn_transcripts/190.txt,https://pfaffs-web.lib.lehigh.edu/gunn_transcripts/190.txt
290211,digitalcollections:gunn_191,https://pfaffs-web.lib.lehigh.edu/gunn_transcripts/191.txt,https://pfaffs-web.lib.lehigh.edu/gunn_transcripts/191.txt
290212,digitalcollections:gunn_192,https://pfaffs-web.lib.lehigh.edu/gunn_transcripts/192.txt,https://pfaffs-web.lib.lehigh.edu/gunn_transcripts/192.txt
290213,digitalcollections:gunn_193,https://pfaffs-web.lib.lehigh.edu/gunn_transcripts/193.txt,https://pfaffs-web.lib.lehigh.edu/gunn_transcripts/193.txt
290214,digitalcollections:gunn_194,https://pfaffs-web.lib.lehigh.edu/gunn_transcripts/194.txt,https://pfaffs-web.lib.lehigh.edu/gunn_transcripts/194.txt
290215,digitalcollections:gunn_195,https://pfaffs-web.lib.lehigh.edu/gunn_transcripts/195.txt,https://pfaffs-web.lib.lehigh.edu/gunn_transcripts/195.txt
290216,digitalcollections:gunn_196,https://pfaffs-web.lib.lehigh.edu/gunn_transcripts/196.txt,https://pfaffs-web.lib.lehigh.edu/gunn_transcripts/196.txt
290217,digitalcollections:gunn_215,https://pfaffs-web.lib.lehigh.edu/gunn_transcripts/215.txt,https://pfaffs-web.lib.lehigh.edu/gunn_transcripts/215.txt
290218,digitalcollections:gunn_216,https://pfaffs-web.lib.lehigh.edu/gunn_transcripts/216.txt,https://pfaffs-web.lib.lehigh.edu/gunn_transcripts/216.txt
290219,digitalcollections:gunn_217,https://pfaffs-web.lib.lehigh.edu/gunn_transcripts/217.txt,https://pfaffs-web.lib.lehigh.edu/gunn_transcripts/217.txt
290220,digitalcollections:gunn_218,https://pfaffs-web.lib.lehigh.edu/gunn_transcripts/218.txt,https://pfaffs-web.lib.lehigh.edu/gunn_transcripts/218.txt
290221,digitalcollections:gunn_219,https://pfaffs-web.lib.lehigh.edu/gunn_transcripts/219.txt,https://pfaffs-web.lib.lehigh.edu/gunn_transcripts/219.txt
290222,digitalcollections:gunn_220,https://pfaffs-web.lib.lehigh.edu/gunn_transcripts/220.txt,https://pfaffs-web.lib.lehigh.edu/gunn_transcripts/220.txt
290223,digitalcollections:gunn_221,https://pfaffs-web.lib.lehigh.edu/gunn_transcripts/221.txt,https://pfaffs-web.lib.lehigh.edu/gunn_transcripts/221.txt
290224,digitalcollections:gunn_209,https://pfaffs-web.lib.lehigh.edu/gunn_transcripts/209.txt,https://pfaffs-web.lib.lehigh.edu/gunn_transcripts/209.txt
290225,digitalcollections:gunn_210,https://pfaffs-web.lib.lehigh.edu/gunn_transcripts/210.txt,https://pfaffs-web.lib.lehigh.edu/gunn_transcripts/210.txt
290226,digitalcollections:gunn_211,https://pfaffs-web.lib.lehigh.edu/gunn_transcripts/211.txt,https://pfaffs-web.lib.lehigh.edu/gunn_transcripts/211.txt
290227,digitalcollections:gunn_212,https://pfaffs-web.lib.lehigh.edu/gunn_transcripts/212.txt,https://pfaffs-web.lib.lehigh.edu/gunn_transcripts/212.txt
290228,digitalcollections:gunn_213,https://pfaffs-web.lib.lehigh.edu/gunn_transcripts/213.txt,https://pfaffs-web.lib.lehigh.edu/gunn_transcripts/213.txt
290229,digitalcollections:gunn_214,https://pfaffs-web.lib.lehigh.edu/gunn_transcripts/214.txt,https://pfaffs-web.lib.lehigh.edu/gunn_transcripts/214.txt
290230,digitalcollections:gunn_197,https://pfaffs-web.lib.lehigh.edu/gunn_transcripts/197.txt,https://pfaffs-web.lib.lehigh.edu/gunn_transcripts/197.txt
290231,digitalcollections:gunn_198,https://pfaffs-web.lib.lehigh.edu/gunn_transcripts/198.txt,https://pfaffs-web.lib.lehigh.edu/gunn_transcripts/198.txt
290232,digitalcollections:gunn_199,https://pfaffs-web.lib.lehigh.edu/gunn_transcripts/199.txt,https://pfaffs-web.lib.lehigh.edu/gunn_transcripts/199.txt
290233,digitalcollections:gunn_200,https://pfaffs-web.lib.lehigh.edu/gunn_transcripts/200.txt,https://pfaffs-web.lib.lehigh.edu/gunn_transcripts/200.txt
290234,digitalcollections:gunn_201,https://pfaffs-web.lib.lehigh.edu/gunn_transcripts/201.txt,https://pfaffs-web.lib.lehigh.edu/gunn_transcripts/201.txt
290235,digitalcollections:gunn_202,https://pfaffs-web.lib.lehigh.edu/gunn_transcripts/202.txt,https://pfaffs-web.lib.lehigh.edu/gunn_transcripts/202.txt
290236,digitalcollections:gunn_204,https://pfaffs-web.lib.lehigh.edu/gunn_transcripts/204.txt,https://pfaffs-web.lib.lehigh.edu/gunn_transcripts/204.txt
290237,digitalcollections:gunn_205,https://pfaffs-web.lib.lehigh.edu/gunn_transcripts/205.txt,https://pfaffs-web.lib.lehigh.edu/gunn_transcripts/205.txt
290238,digitalcollections:gunn_206,https://pfaffs-web.lib.lehigh.edu/gunn_transcripts/206.txt,https://pfaffs-web.lib.lehigh.edu/gunn_transcripts/206.txt
290239,digitalcollections:gunn_207,https://pfaffs-web.lib.lehigh.edu/gunn_transcripts/207.txt,https://pfaffs-web.lib.lehigh.edu/gunn_transcripts/207.txt
290240,digitalcollections:gunn_1856,https://pfaffs-web.lib.lehigh.edu/gunn_transcripts/1856.txt,https://pfaffs-web.lib.lehigh.edu/gunn_transcripts/1856.txt
290241,digitalcollections:gunn_1857,https://pfaffs-web.lib.lehigh.edu/gunn_transcripts/1857.txt,https://pfaffs-web.lib.lehigh.edu/gunn_transcripts/1857.txt
290242,digitalcollections:gunn_2032,https://pfaffs-web.lib.lehigh.edu/gunn_transcripts/2032.txt,https://pfaffs-web.lib.lehigh.edu/gunn_transcripts/2032.txt
290243,digitalcollections:gunn_2033,https://pfaffs-web.lib.lehigh.edu/gunn_transcripts/2033.txt,https://pfaffs-web.lib.lehigh.edu/gunn_transcripts/2033.txt
290244,digitalcollections:gunn_2034,https://pfaffs-web.lib.lehigh.edu/gunn_transcripts/2034.txt,https://pfaffs-web.lib.lehigh.edu/gunn_transcripts/2034.txt
290245,digitalcollections:gunn_2035,https://pfaffs-web.lib.lehigh.edu/gunn_transcripts/2035.txt,https://pfaffs-web.lib.lehigh.edu/gunn_transcripts/2035.txt
290246,digitalcollections:gunn_2036,https://pfaffs-web.lib.lehigh.edu/gunn_transcripts/2036.txt,https://pfaffs-web.lib.lehigh.edu/gunn_transcripts/2036.txt
290247,digitalcollections:gunn_2037,https://pfaffs-web.lib.lehigh.edu/gunn_transcripts/2037.txt,https://pfaffs-web.lib.lehigh.edu/gunn_transcripts/2037.txt
290248,digitalcollections:gunn_2038,https://pfaffs-web.lib.lehigh.edu/gunn_transcripts/2038.txt,https://pfaffs-web.lib.lehigh.edu/gunn_transcripts/2038.txt
290249,digitalcollections:gunn_2039,https://pfaffs-web.lib.lehigh.edu/gunn_transcripts/2039.txt,https://pfaffs-web.lib.lehigh.edu/gunn_transcripts/2039.txt
290250,digitalcollections:gunn_2040,https://pfaffs-web.lib.lehigh.edu/gunn_transcripts/2040.txt,https://pfaffs-web.lib.lehigh.edu/gunn_transcripts/2040.txt
290251,digitalcollections:gunn_1994,https://pfaffs-web.lib.lehigh.edu/gunn_transcripts/1994.txt,https://pfaffs-web.lib.lehigh.edu/gunn_transcripts/1994.txt
290252,digitalcollections:gunn_1995,https://pfaffs-web.lib.lehigh.edu/gunn_transcripts/1995.txt,https://pfaffs-web.lib.lehigh.edu/gunn_transcripts/1995.txt
290253,digitalcollections:gunn_1996,https://pfaffs-web.lib.lehigh.edu/gunn_transcripts/1996.txt,https://pfaffs-web.lib.lehigh.edu/gunn_transcripts/1996.txt
290254,digitalcollections:gunn_1997,https://pfaffs-web.lib.lehigh.edu/gunn_transcripts/1997.txt,https://pfaffs-web.lib.lehigh.edu/gunn_transcripts/1997.txt
290255,digitalcollections:gunn_1998,https://pfaffs-web.lib.lehigh.edu/gunn_transcripts/1998.txt,https://pfaffs-web.lib.lehigh.edu/gunn_transcripts/1998.txt
290256,digitalcollections:gunn_1999,https://pfaffs-web.lib.lehigh.edu/gunn_transcripts/1999.txt,https://pfaffs-web.lib.lehigh.edu/gunn_transcripts/1999.txt
290257,digitalcollections:gunn_2000,https://pfaffs-web.lib.lehigh.edu/gunn_transcripts/2000.txt,https://pfaffs-web.lib.lehigh.edu/gunn_transcripts/2000.txt
290258,digitalcollections:gunn_2001,https://pfaffs-web.lib.lehigh.edu/gunn_transcripts/2001.txt,https://pfaffs-web.lib.lehigh.edu/gunn_transcripts/2001.txt
290259,digitalcollections:gunn_2024,https://pfaffs-web.lib.lehigh.edu/gunn_transcripts/2024.txt,https://pfaffs-web.lib.lehigh.edu/gunn_transcripts/2024.txt
290260,digitalcollections:gunn_2025,https://pfaffs-web.lib.lehigh.edu/gunn_transcripts/2025.txt,https://pfaffs-web.lib.lehigh.edu/gunn_transcripts/2025.txt
290261,digitalcollections:gunn_2026,https://pfaffs-web.lib.lehigh.edu/gunn_transcripts/2026.txt,https://pfaffs-web.lib.lehigh.edu/gunn_transcripts/2026.txt
290262,digitalcollections:gunn_2027,https://pfaffs-web.lib.lehigh.edu/gunn_transcripts/2027.txt,https://pfaffs-web.lib.lehigh.edu/gunn_transcripts/2027.txt
290263,digitalcollections:gunn_2028,https://pfaffs-web.lib.lehigh.edu/gunn_transcripts/2028.txt,https://pfaffs-web.lib.lehigh.edu/gunn_transcripts/2028.txt
290264,digitalcollections:gunn_2029,https://pfaffs-web.lib.lehigh.edu/gunn_transcripts/2029.txt,https://pfaffs-web.lib.lehigh.edu/gunn_transcripts/2029.txt
290265,digitalcollections:gunn_2030,https://pfaffs-web.lib.lehigh.edu/gunn_transcripts/2030.txt,https://pfaffs-web.lib.lehigh.edu/gunn_transcripts/2030.txt
290266,digitalcollections:gunn_2031,https://pfaffs-web.lib.lehigh.edu/gunn_transcripts/2031.txt,https://pfaffs-web.lib.lehigh.edu/gunn_transcripts/2031.txt
290267,digitalcollections:gunn_1986,https://pfaffs-web.lib.lehigh.edu/gunn_transcripts/1986.txt,https://pfaffs-web.lib.lehigh.edu/gunn_transcripts/1986.txt
290268,digitalcollections:gunn_1987,https://pfaffs-web.lib.lehigh.edu/gunn_transcripts/1987.txt,https://pfaffs-web.lib.lehigh.edu/gunn_transcripts/1987.txt
290269,digitalcollections:gunn_1988,https://pfaffs-web.lib.lehigh.edu/gunn_transcripts/1988.txt,https://pfaffs-web.lib.lehigh.edu/gunn_transcripts/1988.txt
290270,digitalcollections:gunn_1989,https://pfaffs-web.lib.lehigh.edu/gunn_transcripts/1989.txt,https://pfaffs-web.lib.lehigh.edu/gunn_transcripts/1989.txt
290271,digitalcollections:gunn_1990,https://pfaffs-web.lib.lehigh.edu/gunn_transcripts/1990.txt,https://pfaffs-web.lib.lehigh.edu/gunn_transcripts/1990.txt
290272,digitalcollections:gunn_1991,https://pfaffs-web.lib.lehigh.edu/gunn_transcripts/1991.txt,https://pfaffs-web.lib.lehigh.edu/gunn_transcripts/1991.txt
290273,digitalcollections:gunn_1992,https://pfaffs-web.lib.lehigh.edu/gunn_transcripts/1992.txt,https://pfaffs-web.lib.lehigh.edu/gunn_transcripts/1992.txt
290274,digitalcollections:gunn_1993,https://pfaffs-web.lib.lehigh.edu/gunn_transcripts/1993.txt,https://pfaffs-web.lib.lehigh.edu/gunn_transcripts/1993.txt
290275,digitalcollections:gunn_2002,https://pfaffs-web.lib.lehigh.edu/gunn_transcripts/2002.txt,https://pfaffs-web.lib.lehigh.edu/gunn_transcripts/2002.txt
290276,digitalcollections:gunn_2003,https://pfaffs-web.lib.lehigh.edu/gunn_transcripts/2003.txt,https://pfaffs-web.lib.lehigh.edu/gunn_transcripts/2003.txt
290277,digitalcollections:gunn_2004,https://pfaffs-web.lib.lehigh.edu/gunn_transcripts/2004.txt,https://pfaffs-web.lib.lehigh.edu/gunn_transcripts/2004.txt
290278,digitalcollections:gunn_2005,https://pfaffs-web.lib.lehigh.edu/gunn_transcripts/2005.txt,https://pfaffs-web.lib.lehigh.edu/gunn_transcripts/2005.txt
290279,digitalcollections:gunn_2006,https://pfaffs-web.lib.lehigh.edu/gunn_transcripts/2006.txt,https://pfaffs-web.lib.lehigh.edu/gunn_transcripts/2006.txt
290280,digitalcollections:gunn_2007,https://pfaffs-web.lib.lehigh.edu/gunn_transcripts/2007.txt,https://pfaffs-web.lib.lehigh.edu/gunn_transcripts/2007.txt
290281,digitalcollections:gunn_2008,https://pfaffs-web.lib.lehigh.edu/gunn_transcripts/2008.txt,https://pfaffs-web.lib.lehigh.edu/gunn_transcripts/2008.txt
290282,digitalcollections:gunn_2009,https://pfaffs-web.lib.lehigh.edu/gunn_transcripts/2009.txt,https://pfaffs-web.lib.lehigh.edu/gunn_transcripts/2009.txt
290283,digitalcollections:gunn_2041,https://pfaffs-web.lib.lehigh.edu/gunn_transcripts/2041.txt,https://pfaffs-web.lib.lehigh.edu/gunn_transcripts/2041.txt
290284,digitalcollections:gunn_2042,https://pfaffs-web.lib.lehigh.edu/gunn_transcripts/2042.txt,https://pfaffs-web.lib.lehigh.edu/gunn_transcripts/2042.txt
290285,digitalcollections:gunn_2043,https://pfaffs-web.lib.lehigh.edu/gunn_transcripts/2043.txt,https://pfaffs-web.lib.lehigh.edu/gunn_transcripts/2043.txt
290286,digitalcollections:gunn_2044,https://pfaffs-web.lib.lehigh.edu/gunn_transcripts/2044.txt,https://pfaffs-web.lib.lehigh.edu/gunn_transcripts/2044.txt
290287,digitalcollections:gunn_2045,https://pfaffs-web.lib.lehigh.edu/gunn_transcripts/2045.txt,https://pfaffs-web.lib.lehigh.edu/gunn_transcripts/2045.txt
290288,digitalcollections:gunn_2046,https://pfaffs-web.lib.lehigh.edu/gunn_transcripts/2046.txt,https://pfaffs-web.lib.lehigh.edu/gunn_transcripts/2046.txt
290289,digitalcollections:gunn_2047,https://pfaffs-web.lib.lehigh.edu/gunn_transcripts/2047.txt,https://pfaffs-web.lib.lehigh.edu/gunn_transcripts/2047.txt
290290,digitalcollections:gunn_2017,https://pfaffs-web.lib.lehigh.edu/gunn_transcripts/2017.txt,https://pfaffs-web.lib.lehigh.edu/gunn_transcripts/2017.txt
290291,digitalcollections:gunn_2018,https://pfaffs-web.lib.lehigh.edu/gunn_transcripts/2018.txt,https://pfaffs-web.lib.lehigh.edu/gunn_transcripts/2018.txt
290292,digitalcollections:gunn_2019,https://pfaffs-web.lib.lehigh.edu/gunn_transcripts/2019.txt,https://pfaffs-web.lib.lehigh.edu/gunn_transcripts/2019.txt
290293,digitalcollections:gunn_2020,https://pfaffs-web.lib.lehigh.edu/gunn_transcripts/2020.txt,https://pfaffs-web.lib.lehigh.edu/gunn_transcripts/2020.txt
290294,digitalcollections:gunn_2021,https://pfaffs-web.lib.lehigh.edu/gunn_transcripts/2021.txt,https://pfaffs-web.lib.lehigh.edu/gunn_transcripts/2021.txt
290295,digitalcollections:gunn_2022,https://pfaffs-web.lib.lehigh.edu/gunn_transcripts/2022.txt,https://pfaffs-web.lib.lehigh.edu/gunn_transcripts/2022.txt
290296,digitalcollections:gunn_2023,https://pfaffs-web.lib.lehigh.edu/gunn_transcripts/2023.txt,https://pfaffs-web.lib.lehigh.edu/gunn_transcripts/2023.txt
290297,digitalcollections:gunn_2010,https://pfaffs-web.lib.lehigh.edu/gunn_transcripts/2010.txt,https://pfaffs-web.lib.lehigh.edu/gunn_transcripts/2010.txt
290298,digitalcollections:gunn_2011,https://pfaffs-web.lib.lehigh.edu/gunn_transcripts/2011.txt,https://pfaffs-web.lib.lehigh.edu/gunn_transcripts/2011.txt
290299,digitalcollections:gunn_2012,https://pfaffs-web.lib.lehigh.edu/gunn_transcripts/2012.txt,https://pfaffs-web.lib.lehigh.edu/gunn_transcripts/2012.txt
290300,digitalcollections:gunn_2013,https://pfaffs-web.lib.lehigh.edu/gunn_transcripts/2013.txt,https://pfaffs-web.lib.lehigh.edu/gunn_transcripts/2013.txt
290301,digitalcollections:gunn_2014,https://pfaffs-web.lib.lehigh.edu/gunn_transcripts/2014.txt,https://pfaffs-web.lib.lehigh.edu/gunn_transcripts/2014.txt
290302,digitalcollections:gunn_2015,https://pfaffs-web.lib.lehigh.edu/gunn_transcripts/2015.txt,https://pfaffs-web.lib.lehigh.edu/gunn_transcripts/2015.txt
290303,digitalcollections:gunn_2016,https://pfaffs-web.lib.lehigh.edu/gunn_transcripts/2016.txt,https://pfaffs-web.lib.lehigh.edu/gunn_transcripts/2016.txt
290304,digitalcollections:gunn_1883,https://pfaffs-web.lib.lehigh.edu/gunn_transcripts/1883.txt,https://pfaffs-web.lib.lehigh.edu/gunn_transcripts/1883.txt
290305,digitalcollections:gunn_1884,https://pfaffs-web.lib.lehigh.edu/gunn_transcripts/1884.txt,https://pfaffs-web.lib.lehigh.edu/gunn_transcripts/1884.txt
290306,digitalcollections:gunn_1885,https://pfaffs-web.lib.lehigh.edu/gunn_transcripts/1885.txt,https://pfaffs-web.lib.lehigh.edu/gunn_transcripts/1885.txt
290307,digitalcollections:gunn_1886,https://pfaffs-web.lib.lehigh.edu/gunn_transcripts/1886.txt,https://pfaffs-web.lib.lehigh.edu/gunn_transcripts/1886.txt
290308,digitalcollections:gunn_1887,https://pfaffs-web.lib.lehigh.edu/gunn_transcripts/1887.txt,https://pfaffs-web.lib.lehigh.edu/gunn_transcripts/1887.txt
290309,digitalcollections:gunn_1888,https://pfaffs-web.lib.lehigh.edu/gunn_transcripts/1888.txt,https://pfaffs-web.lib.lehigh.edu/gunn_transcripts/1888.txt
290310,digitalcollections:gunn_1889,https://pfaffs-web.lib.lehigh.edu/gunn_transcripts/1889.txt,https://pfaffs-web.lib.lehigh.edu/gunn_transcripts/1889.txt
290311,digitalcollections:gunn_1890,https://pfaffs-web.lib.lehigh.edu/gunn_transcripts/1890.txt,https://pfaffs-web.lib.lehigh.edu/gunn_transcripts/1890.txt
290312,digitalcollections:gunn_1891,https://pfaffs-web.lib.lehigh.edu/gunn_transcripts/1891.txt,https://pfaffs-web.lib.lehigh.edu/gunn_transcripts/1891.txt
290313,digitalcollections:gunn_1865,https://pfaffs-web.lib.lehigh.edu/gunn_transcripts/1865.txt,https://pfaffs-web.lib.lehigh.edu/gunn_transcripts/1865.txt
290314,digitalcollections:gunn_1866,https://pfaffs-web.lib.lehigh.edu/gunn_transcripts/1866.txt,https://pfaffs-web.lib.lehigh.edu/gunn_transcripts/1866.txt
290315,digitalcollections:gunn_1867,https://pfaffs-web.lib.lehigh.edu/gunn_transcripts/1867.txt,https://pfaffs-web.lib.lehigh.edu/gunn_transcripts/1867.txt
290316,digitalcollections:gunn_1868,https://pfaffs-web.lib.lehigh.edu/gunn_transcripts/1868.txt,https://pfaffs-web.lib.lehigh.edu/gunn_transcripts/1868.txt
290317,digitalcollections:gunn_1869,https://pfaffs-web.lib.lehigh.edu/gunn_transcripts/1869.txt,https://pfaffs-web.lib.lehigh.edu/gunn_transcripts/1869.txt
290318,digitalcollections:gunn_1870,https://pfaffs-web.lib.lehigh.edu/gunn_transcripts/1870.txt,https://pfaffs-web.lib.lehigh.edu/gunn_transcripts/1870.txt
290319,digitalcollections:gunn_1871,https://pfaffs-web.lib.lehigh.edu/gunn_transcripts/1871.txt,https://pfaffs-web.lib.lehigh.edu/gunn_transcripts/1871.txt
290320,digitalcollections:gunn_1872,https://pfaffs-web.lib.lehigh.edu/gunn_transcripts/1872.txt,https://pfaffs-web.lib.lehigh.edu/gunn_transcripts/1872.txt
290321,digitalcollections:gunn_1873,https://pfaffs-web.lib.lehigh.edu/gunn_transcripts/1873.txt,https://pfaffs-web.lib.lehigh.edu/gunn_transcripts/1873.txt
290322,digitalcollections:gunn_1903,https://pfaffs-web.lib.lehigh.edu/gunn_transcripts/1903.txt,https://pfaffs-web.lib.lehigh.edu/gunn_transcripts/1903.txt
290323,digitalcollections:gunn_1904,https://pfaffs-web.lib.lehigh.edu/gunn_transcripts/1904.txt,https://pfaffs-web.lib.lehigh.edu/gunn_transcripts/1904.txt
290324,digitalcollections:gunn_1905,https://pfaffs-web.lib.lehigh.edu/gunn_transcripts/1905.txt,https://pfaffs-web.lib.lehigh.edu/gunn_transcripts/1905.txt
290325,digitalcollections:gunn_1906,https://pfaffs-web.lib.lehigh.edu/gunn_transcripts/1906.txt,https://pfaffs-web.lib.lehigh.edu/gunn_transcripts/1906.txt
290326,digitalcollections:gunn_1907,https://pfaffs-web.lib.lehigh.edu/gunn_transcripts/1907.txt,https://pfaffs-web.lib.lehigh.edu/gunn_transcripts/1907.txt
290327,digitalcollections:gunn_1908,https://pfaffs-web.lib.lehigh.edu/gunn_transcripts/1908.txt,https://pfaffs-web.lib.lehigh.edu/gunn_transcripts/1908.txt
290328,digitalcollections:gunn_1909,https://pfaffs-web.lib.lehigh.edu/gunn_transcripts/1909.txt,https://pfaffs-web.lib.lehigh.edu/gunn_transcripts/1909.txt
290329,digitalcollections:gunn_1910,https://pfaffs-web.lib.lehigh.edu/gunn_transcripts/1910.txt,https://pfaffs-web.lib.lehigh.edu/gunn_transcripts/1910.txt
290330,digitalcollections:gunn_1911,https://pfaffs-web.lib.lehigh.edu/gunn_transcripts/1911.txt,https://pfaffs-web.lib.lehigh.edu/gunn_transcripts/1911.txt
290331,digitalcollections:gunn_1894,https://pfaffs-web.lib.lehigh.edu/gunn_transcripts/1894.txt,https://pfaffs-web.lib.lehigh.edu/gunn_transcripts/1894.txt
290332,digitalcollections:gunn_1895,https://pfaffs-web.lib.lehigh.edu/gunn_transcripts/1895.txt,https://pfaffs-web.lib.lehigh.edu/gunn_transcripts/1895.txt
290333,digitalcollections:gunn_1896,https://pfaffs-web.lib.lehigh.edu/gunn_transcripts/1896.txt,https://pfaffs-web.lib.lehigh.edu/gunn_transcripts/1896.txt
290334,digitalcollections:gunn_1897,https://pfaffs-web.lib.lehigh.edu/gunn_transcripts/1897.txt,https://pfaffs-web.lib.lehigh.edu/gunn_transcripts/1897.txt
290335,digitalcollections:gunn_1898,https://pfaffs-web.lib.lehigh.edu/gunn_transcripts/1898.txt,https://pfaffs-web.lib.lehigh.edu/gunn_transcripts/1898.txt
290336,digitalcollections:gunn_1899,https://pfaffs-web.lib.lehigh.edu/gunn_transcripts/1899.txt,https://pfaffs-web.lib.lehigh.edu/gunn_transcripts/1899.txt
290337,digitalcollections:gunn_1900,https://pfaffs-web.lib.lehigh.edu/gunn_transcripts/1900.txt,https://pfaffs-web.lib.lehigh.edu/gunn_transcripts/1900.txt
290338,digitalcollections:gunn_1901,https://pfaffs-web.lib.lehigh.edu/gunn_transcripts/1901.txt,https://pfaffs-web.lib.lehigh.edu/gunn_transcripts/1901.txt
290339,digitalcollections:gunn_1902,https://pfaffs-web.lib.lehigh.edu/gunn_transcripts/1902.txt,https://pfaffs-web.lib.lehigh.edu/gunn_transcripts/1902.txt
290340,digitalcollections:gunn_1874,https://pfaffs-web.lib.lehigh.edu/gunn_transcripts/1874.txt,https://pfaffs-web.lib.lehigh.edu/gunn_transcripts/1874.txt
290341,digitalcollections:gunn_1875,https://pfaffs-web.lib.lehigh.edu/gunn_transcripts/1875.txt,https://pfaffs-web.lib.lehigh.edu/gunn_transcripts/1875.txt
290342,digitalcollections:gunn_1876,https://pfaffs-web.lib.lehigh.edu/gunn_transcripts/1876.txt,https://pfaffs-web.lib.lehigh.edu/gunn_transcripts/1876.txt
290343,digitalcollections:gunn_1877,https://pfaffs-web.lib.lehigh.edu/gunn_transcripts/1877.txt,https://pfaffs-web.lib.lehigh.edu/gunn_transcripts/1877.txt
290344,digitalcollections:gunn_1878,https://pfaffs-web.lib.lehigh.edu/gunn_transcripts/1878.txt,https://pfaffs-web.lib.lehigh.edu/gunn_transcripts/1878.txt
290345,digitalcollections:gunn_1879,https://pfaffs-web.lib.lehigh.edu/gunn_transcripts/1879.txt,https://pfaffs-web.lib.lehigh.edu/gunn_transcripts/1879.txt
290346,digitalcollections:gunn_1880,https://pfaffs-web.lib.lehigh.edu/gunn_transcripts/1880.txt,https://pfaffs-web.lib.lehigh.edu/gunn_transcripts/1880.txt
290347,digitalcollections:gunn_1881,https://pfaffs-web.lib.lehigh.edu/gunn_transcripts/1881.txt,https://pfaffs-web.lib.lehigh.edu/gunn_transcripts/1881.txt
290348,digitalcollections:gunn_1882,https://pfaffs-web.lib.lehigh.edu/gunn_transcripts/1882.txt,https://pfaffs-web.lib.lehigh.edu/gunn_transcripts/1882.txt
290349,digitalcollections:gunn_1912,https://pfaffs-web.lib.lehigh.edu/gunn_transcripts/1912.txt,https://pfaffs-web.lib.lehigh.edu/gunn_transcripts/1912.txt
290350,digitalcollections:gunn_1913,https://pfaffs-web.lib.lehigh.edu/gunn_transcripts/1913.txt,https://pfaffs-web.lib.lehigh.edu/gunn_transcripts/1913.txt
290351,digitalcollections:gunn_1914,https://pfaffs-web.lib.lehigh.edu/gunn_transcripts/1914.txt,https://pfaffs-web.lib.lehigh.edu/gunn_transcripts/1914.txt
290352,digitalcollections:gunn_1915,https://pfaffs-web.lib.lehigh.edu/gunn_transcripts/1915.txt,https://pfaffs-web.lib.lehigh.edu/gunn_transcripts/1915.txt
290353,digitalcollections:gunn_1916,https://pfaffs-web.lib.lehigh.edu/gunn_transcripts/1916.txt,https://pfaffs-web.lib.lehigh.edu/gunn_transcripts/1916.txt
290354,digitalcollections:gunn_1917,https://pfaffs-web.lib.lehigh.edu/gunn_transcripts/1917.txt,https://pfaffs-web.lib.lehigh.edu/gunn_transcripts/1917.txt
290355,digitalcollections:gunn_1918,https://pfaffs-web.lib.lehigh.edu/gunn_transcripts/1918.txt,https://pfaffs-web.lib.lehigh.edu/gunn_transcripts/1918.txt
290356,digitalcollections:gunn_1919,https://pfaffs-web.lib.lehigh.edu/gunn_transcripts/1919.txt,https://pfaffs-web.lib.lehigh.edu/gunn_transcripts/1919.txt
290357,digitalcollections:gunn_1920,https://pfaffs-web.lib.lehigh.edu/gunn_transcripts/1920.txt,https://pfaffs-web.lib.lehigh.edu/gunn_transcripts/1920.txt
290358,digitalcollections:gunn_1921,https://pfaffs-web.lib.lehigh.edu/gunn_transcripts/1921.txt,https://pfaffs-web.lib.lehigh.edu/gunn_transcripts/1921.txt
290359,digitalcollections:gunn_1922,https://pfaffs-web.lib.lehigh.edu/gunn_transcripts/1922.txt,https://pfaffs-web.lib.lehigh.edu/gunn_transcripts/1922.txt
290360,digitalcollections:gunn_1923,https://pfaffs-web.lib.lehigh.edu/gunn_transcripts/1923.txt,https://pfaffs-web.lib.lehigh.edu/gunn_transcripts/1923.txt
290361,digitalcollections:gunn_1924,https://pfaffs-web.lib.lehigh.edu/gunn_transcripts/1924.txt,https://pfaffs-web.lib.lehigh.edu/gunn_transcripts/1924.txt
290362,digitalcollections:gunn_1925,https://pfaffs-web.lib.lehigh.edu/gunn_transcripts/1925.txt,https://pfaffs-web.lib.lehigh.edu/gunn_transcripts/1925.txt
290363,digitalcollections:gunn_1926,https://pfaffs-web.lib.lehigh.edu/gunn_transcripts/1926.txt,https://pfaffs-web.lib.lehigh.edu/gunn_transcripts/1926.txt
290364,digitalcollections:gunn_1858,https://pfaffs-web.lib.lehigh.edu/gunn_transcripts/1858.txt,https://pfaffs-web.lib.lehigh.edu/gunn_transcripts/1858.txt
290365,digitalcollections:gunn_1859,https://pfaffs-web.lib.lehigh.edu/gunn_transcripts/1859.txt,https://pfaffs-web.lib.lehigh.edu/gunn_transcripts/1859.txt
290366,digitalcollections:gunn_1860,https://pfaffs-web.lib.lehigh.edu/gunn_transcripts/1860.txt,https://pfaffs-web.lib.lehigh.edu/gunn_transcripts/1860.txt
290367,digitalcollections:gunn_1861,https://pfaffs-web.lib.lehigh.edu/gunn_transcripts/1861.txt,https://pfaffs-web.lib.lehigh.edu/gunn_transcripts/1861.txt
290368,digitalcollections:gunn_1862,https://pfaffs-web.lib.lehigh.edu/gunn_transcripts/1862.txt,https://pfaffs-web.lib.lehigh.edu/gunn_transcripts/1862.txt
290369,digitalcollections:gunn_1863,https://pfaffs-web.lib.lehigh.edu/gunn_transcripts/1863.txt,https://pfaffs-web.lib.lehigh.edu/gunn_transcripts/1863.txt
290370,digitalcollections:gunn_1864,https://pfaffs-web.lib.lehigh.edu/gunn_transcripts/1864.txt,https://pfaffs-web.lib.lehigh.edu/gunn_transcripts/1864.txt
290371,digitalcollections:gunn_1892,https://pfaffs-web.lib.lehigh.edu/gunn_transcripts/1892.txt,https://pfaffs-web.lib.lehigh.edu/gunn_transcripts/1892.txt
290372,digitalcollections:gunn_1893,https://pfaffs-web.lib.lehigh.edu/gunn_transcripts/1893.txt,https://pfaffs-web.lib.lehigh.edu/gunn_transcripts/1893.txt
290373,digitalcollections:gunn_2063,https://pfaffs-web.lib.lehigh.edu/gunn_transcripts/2063.txt,https://pfaffs-web.lib.lehigh.edu/gunn_transcripts/2063.txt
290374,digitalcollections:gunn_2064,https://pfaffs-web.lib.lehigh.edu/gunn_transcripts/2064.txt,https://pfaffs-web.lib.lehigh.edu/gunn_transcripts/2064.txt
290375,digitalcollections:gunn_2065,https://pfaffs-web.lib.lehigh.edu/gunn_transcripts/2065.txt,https://pfaffs-web.lib.lehigh.edu/gunn_transcripts/2065.txt
290376,digitalcollections:gunn_2066,https://pfaffs-web.lib.lehigh.edu/gunn_transcripts/2066.txt,https://pfaffs-web.lib.lehigh.edu/gunn_transcripts/2066.txt
290377,digitalcollections:gunn_2067,https://pfaffs-web.lib.lehigh.edu/gunn_transcripts/2067.txt,https://pfaffs-web.lib.lehigh.edu/gunn_transcripts/2067.txt
290378,digitalcollections:gunn_2068,https://pfaffs-web.lib.lehigh.edu/gunn_transcripts/2068.txt,https://pfaffs-web.lib.lehigh.edu/gunn_transcripts/2068.txt
290379,digitalcollections:gunn_2069,https://pfaffs-web.lib.lehigh.edu/gunn_transcripts/2069.txt,https://pfaffs-web.lib.lehigh.edu/gunn_transcripts/2069.txt
290380,digitalcollections:gunn_2070,https://pfaffs-web.lib.lehigh.edu/gunn_transcripts/2070.txt,https://pfaffs-web.lib.lehigh.edu/gunn_transcripts/2070.txt
290381,digitalcollections:gunn_2055,https://pfaffs-web.lib.lehigh.edu/gunn_transcripts/2055.txt,https://pfaffs-web.lib.lehigh.edu/gunn_transcripts/2055.txt
290382,digitalcollections:gunn_2056,https://pfaffs-web.lib.lehigh.edu/gunn_transcripts/2056.txt,https://pfaffs-web.lib.lehigh.edu/gunn_transcripts/2056.txt
290383,digitalcollections:gunn_2057,https://pfaffs-web.lib.lehigh.edu/gunn_transcripts/2057.txt,https://pfaffs-web.lib.lehigh.edu/gunn_transcripts/2057.txt
290384,digitalcollections:gunn_2058,https://pfaffs-web.lib.lehigh.edu/gunn_transcripts/2058.txt,https://pfaffs-web.lib.lehigh.edu/gunn_transcripts/2058.txt
290385,digitalcollections:gunn_2059,https://pfaffs-web.lib.lehigh.edu/gunn_transcripts/2059.txt,https://pfaffs-web.lib.lehigh.edu/gunn_transcripts/2059.txt
290386,digitalcollections:gunn_2060,https://pfaffs-web.lib.lehigh.edu/gunn_transcripts/2060.txt,https://pfaffs-web.lib.lehigh.edu/gunn_transcripts/2060.txt
290387,digitalcollections:gunn_2061,https://pfaffs-web.lib.lehigh.edu/gunn_transcripts/2061.txt,https://pfaffs-web.lib.lehigh.edu/gunn_transcripts/2061.txt
290388,digitalcollections:gunn_2062,https://pfaffs-web.lib.lehigh.edu/gunn_transcripts/2062.txt,https://pfaffs-web.lib.lehigh.edu/gunn_transcripts/2062.txt
290389,digitalcollections:gunn_2095,https://pfaffs-web.lib.lehigh.edu/gunn_transcripts/2095.txt,https://pfaffs-web.lib.lehigh.edu/gunn_transcripts/2095.txt
290390,digitalcollections:gunn_2096,https://pfaffs-web.lib.lehigh.edu/gunn_transcripts/2096.txt,https://pfaffs-web.lib.lehigh.edu/gunn_transcripts/2096.txt
290391,digitalcollections:gunn_2097,https://pfaffs-web.lib.lehigh.edu/gunn_transcripts/2097.txt,https://pfaffs-web.lib.lehigh.edu/gunn_transcripts/2097.txt
290392,digitalcollections:gunn_2098,https://pfaffs-web.lib.lehigh.edu/gunn_transcripts/2098.txt,https://pfaffs-web.lib.lehigh.edu/gunn_transcripts/2098.txt
290393,digitalcollections:gunn_2099,https://pfaffs-web.lib.lehigh.edu/gunn_transcripts/2099.txt,https://pfaffs-web.lib.lehigh.edu/gunn_transcripts/2099.txt
290394,digitalcollections:gunn_2100,https://pfaffs-web.lib.lehigh.edu/gunn_transcripts/2100.txt,https://pfaffs-web.lib.lehigh.edu/gunn_transcripts/2100.txt
290395,digitalcollections:gunn_2101,https://pfaffs-web.lib.lehigh.edu/gunn_transcripts/2101.txt,https://pfaffs-web.lib.lehigh.edu/gunn_transcripts/2101.txt
290396,digitalcollections:gunn_2102,https://pfaffs-web.lib.lehigh.edu/gunn_transcripts/2102.txt,https://pfaffs-web.lib.lehigh.edu/gunn_transcripts/2102.txt
290397,digitalcollections:gunn_2086,https://pfaffs-web.lib.lehigh.edu/gunn_transcripts/2086.txt,https://pfaffs-web.lib.lehigh.edu/gunn_transcripts/2086.txt
290398,digitalcollections:gunn_2087,https://pfaffs-web.lib.lehigh.edu/gunn_transcripts/2087.txt,https://pfaffs-web.lib.lehigh.edu/gunn_transcripts/2087.txt
290399,digitalcollections:gunn_2088,https://pfaffs-web.lib.lehigh.edu/gunn_transcripts/2088.txt,https://pfaffs-web.lib.lehigh.edu/gunn_transcripts/2088.txt
290400,digitalcollections:gunn_2089,https://pfaffs-web.lib.lehigh.edu/gunn_transcripts/2089.txt,https://pfaffs-web.lib.lehigh.edu/gunn_transcripts/2089.txt
290401,digitalcollections:gunn_2090,https://pfaffs-web.lib.lehigh.edu/gunn_transcripts/2090.txt,https://pfaffs-web.lib.lehigh.edu/gunn_transcripts/2090.txt
290402,digitalcollections:gunn_2091,https://pfaffs-web.lib.lehigh.edu/gunn_transcripts/2091.txt,https://pfaffs-web.lib.lehigh.edu/gunn_transcripts/2091.txt
290403,digitalcollections:gunn_2092,https://pfaffs-web.lib.lehigh.edu/gunn_transcripts/2092.txt,https://pfaffs-web.lib.lehigh.edu/gunn_transcripts/2092.txt
290404,digitalcollections:gunn_2093,https://pfaffs-web.lib.lehigh.edu/gunn_transcripts/2093.txt,https://pfaffs-web.lib.lehigh.edu/gunn_transcripts/2093.txt
290405,digitalcollections:gunn_2079,https://pfaffs-web.lib.lehigh.edu/gunn_transcripts/2079.txt,https://pfaffs-web.lib.lehigh.edu/gunn_transcripts/2079.txt
290406,digitalcollections:gunn_2080,https://pfaffs-web.lib.lehigh.edu/gunn_transcripts/2080.txt,https://pfaffs-web.lib.lehigh.edu/gunn_transcripts/2080.txt
290407,digitalcollections:gunn_2081,https://pfaffs-web.lib.lehigh.edu/gunn_transcripts/2081.txt,https://pfaffs-web.lib.lehigh.edu/gunn_transcripts/2081.txt
290408,digitalcollections:gunn_2082,https://pfaffs-web.lib.lehigh.edu/gunn_transcripts/2082.txt,https://pfaffs-web.lib.lehigh.edu/gunn_transcripts/2082.txt
290409,digitalcollections:gunn_2083,https://pfaffs-web.lib.lehigh.edu/gunn_transcripts/2083.txt,https://pfaffs-web.lib.lehigh.edu/gunn_transcripts/2083.txt
290410,digitalcollections:gunn_2084,https://pfaffs-web.lib.lehigh.edu/gunn_transcripts/2084.txt,https://pfaffs-web.lib.lehigh.edu/gunn_transcripts/2084.txt
290411,digitalcollections:gunn_2085,https://pfaffs-web.lib.lehigh.edu/gunn_transcripts/2085.txt,https://pfaffs-web.lib.lehigh.edu/gunn_transcripts/2085.txt
290412,digitalcollections:gunn_2048,https://pfaffs-web.lib.lehigh.edu/gunn_transcripts/2048.txt,https://pfaffs-web.lib.lehigh.edu/gunn_transcripts/2048.txt
290413,digitalcollections:gunn_2049,https://pfaffs-web.lib.lehigh.edu/gunn_transcripts/2049.txt,https://pfaffs-web.lib.lehigh.edu/gunn_transcripts/2049.txt
290414,digitalcollections:gunn_2050,https://pfaffs-web.lib.lehigh.edu/gunn_transcripts/2050.txt,https://pfaffs-web.lib.lehigh.edu/gunn_transcripts/2050.txt
290415,digitalcollections:gunn_2051,https://pfaffs-web.lib.lehigh.edu/gunn_transcripts/2051.txt,https://pfaffs-web.lib.lehigh.edu/gunn_transcripts/2051.txt
290416,digitalcollections:gunn_2052,https://pfaffs-web.lib.lehigh.edu/gunn_transcripts/2052.txt,https://pfaffs-web.lib.lehigh.edu/gunn_transcripts/2052.txt
290417,digitalcollections:gunn_2053,https://pfaffs-web.lib.lehigh.edu/gunn_transcripts/2053.txt,https://pfaffs-web.lib.lehigh.edu/gunn_transcripts/2053.txt
290418,digitalcollections:gunn_2054,https://pfaffs-web.lib.lehigh.edu/gunn_transcripts/2054.txt,https://pfaffs-web.lib.lehigh.edu/gunn_transcripts/2054.txt
290419,digitalcollections:gunn_2071,https://pfaffs-web.lib.lehigh.edu/gunn_transcripts/2071.txt,https://pfaffs-web.lib.lehigh.edu/gunn_transcripts/2071.txt
290420,digitalcollections:gunn_2072,https://pfaffs-web.lib.lehigh.edu/gunn_transcripts/2072.txt,https://pfaffs-web.lib.lehigh.edu/gunn_transcripts/2072.txt
290421,digitalcollections:gunn_2073,https://pfaffs-web.lib.lehigh.edu/gunn_transcripts/2073.txt,https://pfaffs-web.lib.lehigh.edu/gunn_transcripts/2073.txt
290422,digitalcollections:gunn_2074,https://pfaffs-web.lib.lehigh.edu/gunn_transcripts/2074.txt,https://pfaffs-web.lib.lehigh.edu/gunn_transcripts/2074.txt
290423,digitalcollections:gunn_2075,https://pfaffs-web.lib.lehigh.edu/gunn_transcripts/2075.txt,https://pfaffs-web.lib.lehigh.edu/gunn_transcripts/2075.txt
290424,digitalcollections:gunn_2076,https://pfaffs-web.lib.lehigh.edu/gunn_transcripts/2076.txt,https://pfaffs-web.lib.lehigh.edu/gunn_transcripts/2076.txt
290425,digitalcollections:gunn_2077,https://pfaffs-web.lib.lehigh.edu/gunn_transcripts/2077.txt,https://pfaffs-web.lib.lehigh.edu/gunn_transcripts/2077.txt
290426,digitalcollections:gunn_2094,https://pfaffs-web.lib.lehigh.edu/gunn_transcripts/2094.txt,https://pfaffs-web.lib.lehigh.edu/gunn_transcripts/2094.txt
290427,digitalcollections:gunn_2078,https://pfaffs-web.lib.lehigh.edu/gunn_transcripts/2078.txt,https://pfaffs-web.lib.lehigh.edu/gunn_transcripts/2078.txt
290428,digitalcollections:gunn_1977,https://pfaffs-web.lib.lehigh.edu/gunn_transcripts/1977.txt,https://pfaffs-web.lib.lehigh.edu/gunn_transcripts/1977.txt
290429,digitalcollections:gunn_1978,https://pfaffs-web.lib.lehigh.edu/gunn_transcripts/1978.txt,https://pfaffs-web.lib.lehigh.edu/gunn_transcripts/1978.txt
290430,digitalcollections:gunn_1979,https://pfaffs-web.lib.lehigh.edu/gunn_transcripts/1979.txt,https://pfaffs-web.lib.lehigh.edu/gunn_transcripts/1979.txt
290431,digitalcollections:gunn_1980,https://pfaffs-web.lib.lehigh.edu/gunn_transcripts/1980.txt,https://pfaffs-web.lib.lehigh.edu/gunn_transcripts/1980.txt
290432,digitalcollections:gunn_1981,https://pfaffs-web.lib.lehigh.edu/gunn_transcripts/1981.txt,https://pfaffs-web.lib.lehigh.edu/gunn_transcripts/1981.txt
290433,digitalcollections:gunn_1982,https://pfaffs-web.lib.lehigh.edu/gunn_transcripts/1982.txt,https://pfaffs-web.lib.lehigh.edu/gunn_transcripts/1982.txt
290434,digitalcollections:gunn_1983,https://pfaffs-web.lib.lehigh.edu/gunn_transcripts/1983.txt,https://pfaffs-web.lib.lehigh.edu/gunn_transcripts/1983.txt
290435,digitalcollections:gunn_1984,https://pfaffs-web.lib.lehigh.edu/gunn_transcripts/1984.txt,https://pfaffs-web.lib.lehigh.edu/gunn_transcripts/1984.txt
290436,digitalcollections:gunn_1985,https://pfaffs-web.lib.lehigh.edu/gunn_transcripts/1985.txt,https://pfaffs-web.lib.lehigh.edu/gunn_transcripts/1985.txt
290437,digitalcollections:gunn_1927,https://pfaffs-web.lib.lehigh.edu/gunn_transcripts/1927.txt,https://pfaffs-web.lib.lehigh.edu/gunn_transcripts/1927.txt
290438,digitalcollections:gunn_1928,https://pfaffs-web.lib.lehigh.edu/gunn_transcripts/1928.txt,https://pfaffs-web.lib.lehigh.edu/gunn_transcripts/1928.txt
290439,digitalcollections:gunn_1929,https://pfaffs-web.lib.lehigh.edu/gunn_transcripts/1929.txt,https://pfaffs-web.lib.lehigh.edu/gunn_transcripts/1929.txt
290440,digitalcollections:gunn_1930,https://pfaffs-web.lib.lehigh.edu/gunn_transcripts/1930.txt,https://pfaffs-web.lib.lehigh.edu/gunn_transcripts/1930.txt
290441,digitalcollections:gunn_1931,https://pfaffs-web.lib.lehigh.edu/gunn_transcripts/1931.txt,https://pfaffs-web.lib.lehigh.edu/gunn_transcripts/1931.txt
290442,digitalcollections:gunn_1932,https://pfaffs-web.lib.lehigh.edu/gunn_transcripts/1932.txt,https://pfaffs-web.lib.lehigh.edu/gunn_transcripts/1932.txt
290443,digitalcollections:gunn_1933,https://pfaffs-web.lib.lehigh.edu/gunn_transcripts/1933.txt,https://pfaffs-web.lib.lehigh.edu/gunn_transcripts/1933.txt
290444,digitalcollections:gunn_1934,https://pfaffs-web.lib.lehigh.edu/gunn_transcripts/1934.txt,https://pfaffs-web.lib.lehigh.edu/gunn_transcripts/1934.txt
290445,digitalcollections:gunn_1935,https://pfaffs-web.lib.lehigh.edu/gunn_transcripts/1935.txt,https://pfaffs-web.lib.lehigh.edu/gunn_transcripts/1935.txt
290446,digitalcollections:gunn_1944,https://pfaffs-web.lib.lehigh.edu/gunn_transcripts/1944.txt,https://pfaffs-web.lib.lehigh.edu/gunn_transcripts/1944.txt
290447,digitalcollections:gunn_1945,https://pfaffs-web.lib.lehigh.edu/gunn_transcripts/1945.txt,https://pfaffs-web.lib.lehigh.edu/gunn_transcripts/1945.txt
290448,digitalcollections:gunn_1946,https://pfaffs-web.lib.lehigh.edu/gunn_transcripts/1946.txt,https://pfaffs-web.lib.lehigh.edu/gunn_transcripts/1946.txt
290449,digitalcollections:gunn_1947,https://pfaffs-web.lib.lehigh.edu/gunn_transcripts/1947.txt,https://pfaffs-web.lib.lehigh.edu/gunn_transcripts/1947.txt
290450,digitalcollections:gunn_1948,https://pfaffs-web.lib.lehigh.edu/gunn_transcripts/1948.txt,https://pfaffs-web.lib.lehigh.edu/gunn_transcripts/1948.txt
290451,digitalcollections:gunn_1949,https://pfaffs-web.lib.lehigh.edu/gunn_transcripts/1949.txt,https://pfaffs-web.lib.lehigh.edu/gunn_transcripts/1949.txt
290452,digitalcollections:gunn_1950,https://pfaffs-web.lib.lehigh.edu/gunn_transcripts/1950.txt,https://pfaffs-web.lib.lehigh.edu/gunn_transcripts/1950.txt
290453,digitalcollections:gunn_1951,https://pfaffs-web.lib.lehigh.edu/gunn_transcripts/1951.txt,https://pfaffs-web.lib.lehigh.edu/gunn_transcripts/1951.txt
290454,digitalcollections:gunn_1952,https://pfaffs-web.lib.lehigh.edu/gunn_transcripts/1952.txt,https://pfaffs-web.lib.lehigh.edu/gunn_transcripts/1952.txt
290455,digitalcollections:gunn_1936,https://pfaffs-web.lib.lehigh.edu/gunn_transcripts/1936.txt,https://pfaffs-web.lib.lehigh.edu/gunn_transcripts/1936.txt
290456,digitalcollections:gunn_1937,https://pfaffs-web.lib.lehigh.edu/gunn_transcripts/1937.txt,https://pfaffs-web.lib.lehigh.edu/gunn_transcripts/1937.txt
290457,digitalcollections:gunn_1938,https://pfaffs-web.lib.lehigh.edu/gunn_transcripts/1938.txt,https://pfaffs-web.lib.lehigh.edu/gunn_transcripts/1938.txt
290458,digitalcollections:gunn_1939,https://pfaffs-web.lib.lehigh.edu/gunn_transcripts/1939.txt,https://pfaffs-web.lib.lehigh.edu/gunn_transcripts/1939.txt
290459,digitalcollections:gunn_1940,https://pfaffs-web.lib.lehigh.edu/gunn_transcripts/1940.txt,https://pfaffs-web.lib.lehigh.edu/gunn_transcripts/1940.txt
290460,digitalcollections:gunn_1941,https://pfaffs-web.lib.lehigh.edu/gunn_transcripts/1941.txt,https://pfaffs-web.lib.lehigh.edu/gunn_transcripts/1941.txt
290461,digitalcollections:gunn_1942,https://pfaffs-web.lib.lehigh.edu/gunn_transcripts/1942.txt,https://pfaffs-web.lib.lehigh.edu/gunn_transcripts/1942.txt
290462,digitalcollections:gunn_1943,https://pfaffs-web.lib.lehigh.edu/gunn_transcripts/1943.txt,https://pfaffs-web.lib.lehigh.edu/gunn_transcripts/1943.txt
290463,digitalcollections:gunn_1969,https://pfaffs-web.lib.lehigh.edu/gunn_transcripts/1969.txt,https://pfaffs-web.lib.lehigh.edu/gunn_transcripts/1969.txt
290464,digitalcollections:gunn_1970,https://pfaffs-web.lib.lehigh.edu/gunn_transcripts/1970.txt,https://pfaffs-web.lib.lehigh.edu/gunn_transcripts/1970.txt
290465,digitalcollections:gunn_1971,https://pfaffs-web.lib.lehigh.edu/gunn_transcripts/1971.txt,https://pfaffs-web.lib.lehigh.edu/gunn_transcripts/1971.txt
290466,digitalcollections:gunn_1972,https://pfaffs-web.lib.lehigh.edu/gunn_transcripts/1972.txt,https://pfaffs-web.lib.lehigh.edu/gunn_transcripts/1972.txt
290467,digitalcollections:gunn_1973,https://pfaffs-web.lib.lehigh.edu/gunn_transcripts/1973.txt,https://pfaffs-web.lib.lehigh.edu/gunn_transcripts/1973.txt
290468,digitalcollections:gunn_1974,https://pfaffs-web.lib.lehigh.edu/gunn_transcripts/1974.txt,https://pfaffs-web.lib.lehigh.edu/gunn_transcripts/1974.txt
290469,digitalcollections:gunn_1975,https://pfaffs-web.lib.lehigh.edu/gunn_transcripts/1975.txt,https://pfaffs-web.lib.lehigh.edu/gunn_transcripts/1975.txt
290470,digitalcollections:gunn_1976,https://pfaffs-web.lib.lehigh.edu/gunn_transcripts/1976.txt,https://pfaffs-web.lib.lehigh.edu/gunn_transcripts/1976.txt
290471,digitalcollections:gunn_1961,https://pfaffs-web.lib.lehigh.edu/gunn_transcripts/1961.txt,https://pfaffs-web.lib.lehigh.edu/gunn_transcripts/1961.txt
290472,digitalcollections:gunn_1962,https://pfaffs-web.lib.lehigh.edu/gunn_transcripts/1962.txt,https://pfaffs-web.lib.lehigh.edu/gunn_transcripts/1962.txt
290473,digitalcollections:gunn_1963,https://pfaffs-web.lib.lehigh.edu/gunn_transcripts/1963.txt,https://pfaffs-web.lib.lehigh.edu/gunn_transcripts/1963.txt
290474,digitalcollections:gunn_1964,https://pfaffs-web.lib.lehigh.edu/gunn_transcripts/1964.txt,https://pfaffs-web.lib.lehigh.edu/gunn_transcripts/1964.txt
290475,digitalcollections:gunn_1965,https://pfaffs-web.lib.lehigh.edu/gunn_transcripts/1965.txt,https://pfaffs-web.lib.lehigh.edu/gunn_transcripts/1965.txt
290476,digitalcollections:gunn_1966,https://pfaffs-web.lib.lehigh.edu/gunn_transcripts/1966.txt,https://pfaffs-web.lib.lehigh.edu/gunn_transcripts/1966.txt
290477,digitalcollections:gunn_1967,https://pfaffs-web.lib.lehigh.edu/gunn_transcripts/1967.txt,https://pfaffs-web.lib.lehigh.edu/gunn_transcripts/1967.txt
290478,digitalcollections:gunn_1953,https://pfaffs-web.lib.lehigh.edu/gunn_transcripts/1953.txt,https://pfaffs-web.lib.lehigh.edu/gunn_transcripts/1953.txt
290479,digitalcollections:gunn_1954,https://pfaffs-web.lib.lehigh.edu/gunn_transcripts/1954.txt,https://pfaffs-web.lib.lehigh.edu/gunn_transcripts/1954.txt
290480,digitalcollections:gunn_1955,https://pfaffs-web.lib.lehigh.edu/gunn_transcripts/1955.txt,https://pfaffs-web.lib.lehigh.edu/gunn_transcripts/1955.txt
290481,digitalcollections:gunn_1956,https://pfaffs-web.lib.lehigh.edu/gunn_transcripts/1956.txt,https://pfaffs-web.lib.lehigh.edu/gunn_transcripts/1956.txt
290482,digitalcollections:gunn_1957,https://pfaffs-web.lib.lehigh.edu/gunn_transcripts/1957.txt,https://pfaffs-web.lib.lehigh.edu/gunn_transcripts/1957.txt
290483,digitalcollections:gunn_1958,https://pfaffs-web.lib.lehigh.edu/gunn_transcripts/1958.txt,https://pfaffs-web.lib.lehigh.edu/gunn_transcripts/1958.txt
290484,digitalcollections:gunn_1959,https://pfaffs-web.lib.lehigh.edu/gunn_transcripts/1959.txt,https://pfaffs-web.lib.lehigh.edu/gunn_transcripts/1959.txt
290485,digitalcollections:gunn_1960,https://pfaffs-web.lib.lehigh.edu/gunn_transcripts/1960.txt,https://pfaffs-web.lib.lehigh.edu/gunn_transcripts/1960.txt
290486,digitalcollections:gunn_1968,https://pfaffs-web.lib.lehigh.edu/gunn_transcripts/1968.txt,https://pfaffs-web.lib.lehigh.edu/gunn_transcripts/1968.txt
290487,digitalcollections:gunn_2111,https://pfaffs-web.lib.lehigh.edu/gunn_transcripts/2111.txt,https://pfaffs-web.lib.lehigh.edu/gunn_transcripts/2111.txt
290488,digitalcollections:gunn_2103,https://pfaffs-web.lib.lehigh.edu/gunn_transcripts/2103.txt,https://pfaffs-web.lib.lehigh.edu/gunn_transcripts/2103.txt
290489,digitalcollections:gunn_2104,https://pfaffs-web.lib.lehigh.edu/gunn_transcripts/2104.txt,https://pfaffs-web.lib.lehigh.edu/gunn_transcripts/2104.txt
290490,digitalcollections:gunn_2105,https://pfaffs-web.lib.lehigh.edu/gunn_transcripts/2105.txt,https://pfaffs-web.lib.lehigh.edu/gunn_transcripts/2105.txt
290491,digitalcollections:gunn_2106,https://pfaffs-web.lib.lehigh.edu/gunn_transcripts/2106.txt,https://pfaffs-web.lib.lehigh.edu/gunn_transcripts/2106.txt
290492,digitalcollections:gunn_2107,https://pfaffs-web.lib.lehigh.edu/gunn_transcripts/2107.txt,https://pfaffs-web.lib.lehigh.edu/gunn_transcripts/2107.txt
290493,digitalcollections:gunn_2108,https://pfaffs-web.lib.lehigh.edu/gunn_transcripts/2108.txt,https://pfaffs-web.lib.lehigh.edu/gunn_transcripts/2108.txt
290494,digitalcollections:gunn_2109,https://pfaffs-web.lib.lehigh.edu/gunn_transcripts/2109.txt,https://pfaffs-web.lib.lehigh.edu/gunn_transcripts/2109.txt
290495,digitalcollections:gunn_2110,https://pfaffs-web.lib.lehigh.edu/gunn_transcripts/2110.txt,https://pfaffs-web.lib.lehigh.edu/gunn_transcripts/2110.txt
290496,digitalcollections:gunn_3684,https://pfaffs-web.lib.lehigh.edu/gunn_transcripts/3684.txt,https://pfaffs-web.lib.lehigh.edu/gunn_transcripts/3684.txt
290497,digitalcollections:gunn_3685,https://pfaffs-web.lib.lehigh.edu/gunn_transcripts/3685.txt,https://pfaffs-web.lib.lehigh.edu/gunn_transcripts/3685.txt
290498,digitalcollections:gunn_3686,https://pfaffs-web.lib.lehigh.edu/gunn_transcripts/3686.txt,https://pfaffs-web.lib.lehigh.edu/gunn_transcripts/3686.txt
290499,digitalcollections:gunn_3687,https://pfaffs-web.lib.lehigh.edu/gunn_transcripts/3687.txt,https://pfaffs-web.lib.lehigh.edu/gunn_transcripts/3687.txt
290500,digitalcollections:gunn_3688,https://pfaffs-web.lib.lehigh.edu/gunn_transcripts/3688.txt,https://pfaffs-web.lib.lehigh.edu/gunn_transcripts/3688.txt
290501,digitalcollections:gunn_3689,https://pfaffs-web.lib.lehigh.edu/gunn_transcripts/3689.txt,https://pfaffs-web.lib.lehigh.edu/gunn_transcripts/3689.txt
290502,digitalcollections:gunn_3690,https://pfaffs-web.lib.lehigh.edu/gunn_transcripts/3690.txt,https://pfaffs-web.lib.lehigh.edu/gunn_transcripts/3690.txt
290503,digitalcollections:gunn_3691,https://pfaffs-web.lib.lehigh.edu/gunn_transcripts/3691.txt,https://pfaffs-web.lib.lehigh.edu/gunn_transcripts/3691.txt
290504,digitalcollections:gunn_3692,https://pfaffs-web.lib.lehigh.edu/gunn_transcripts/3692.txt,https://pfaffs-web.lib.lehigh.edu/gunn_transcripts/3692.txt
290505,digitalcollections:gunn_3693,https://pfaffs-web.lib.lehigh.edu/gunn_transcripts/3693.txt,https://pfaffs-web.lib.lehigh.edu/gunn_transcripts/3693.txt
290506,digitalcollections:gunn_3694,https://pfaffs-web.lib.lehigh.edu/gunn_transcripts/3694.txt,https://pfaffs-web.lib.lehigh.edu/gunn_transcripts/3694.txt
290507,digitalcollections:gunn_3695,https://pfaffs-web.lib.lehigh.edu/gunn_transcripts/3695.txt,https://pfaffs-web.lib.lehigh.edu/gunn_transcripts/3695.txt
290508,digitalcollections:gunn_3696,https://pfaffs-web.lib.lehigh.edu/gunn_transcripts/3696.txt,https://pfaffs-web.lib.lehigh.edu/gunn_transcripts/3696.txt
290509,digitalcollections:gunn_3697,https://pfaffs-web.lib.lehigh.edu/gunn_transcripts/3697.txt,https://pfaffs-web.lib.lehigh.edu/gunn_transcripts/3697.txt
290510,digitalcollections:gunn_3723,https://pfaffs-web.lib.lehigh.edu/gunn_transcripts/3723.txt,https://pfaffs-web.lib.lehigh.edu/gunn_transcripts/3723.txt
290511,digitalcollections:gunn_3724,https://pfaffs-web.lib.lehigh.edu/gunn_transcripts/3724.txt,https://pfaffs-web.lib.lehigh.edu/gunn_transcripts/3724.txt
290512,digitalcollections:gunn_3725,https://pfaffs-web.lib.lehigh.edu/gunn_transcripts/3725.txt,https://pfaffs-web.lib.lehigh.edu/gunn_transcripts/3725.txt
290513,digitalcollections:gunn_3726,https://pfaffs-web.lib.lehigh.edu/gunn_transcripts/3726.txt,https://pfaffs-web.lib.lehigh.edu/gunn_transcripts/3726.txt
290514,digitalcollections:gunn_3727,https://pfaffs-web.lib.lehigh.edu/gunn_transcripts/3727.txt,https://pfaffs-web.lib.lehigh.edu/gunn_transcripts/3727.txt
290515,digitalcollections:gunn_3728,https://pfaffs-web.lib.lehigh.edu/gunn_transcripts/3728.txt,https://pfaffs-web.lib.lehigh.edu/gunn_transcripts/3728.txt
290516,digitalcollections:gunn_3729,https://pfaffs-web.lib.lehigh.edu/gunn_transcripts/3729.txt,https://pfaffs-web.lib.lehigh.edu/gunn_transcripts/3729.txt
290517,digitalcollections:gunn_3730,https://pfaffs-web.lib.lehigh.edu/gunn_transcripts/3730.txt,https://pfaffs-web.lib.lehigh.edu/gunn_transcripts/3730.txt
290518,digitalcollections:gunn_3731,https://pfaffs-web.lib.lehigh.edu/gunn_transcripts/3731.txt,https://pfaffs-web.lib.lehigh.edu/gunn_transcripts/3731.txt
290519,digitalcollections:gunn_3732,https://pfaffs-web.lib.lehigh.edu/gunn_transcripts/3732.txt,https://pfaffs-web.lib.lehigh.edu/gunn_transcripts/3732.txt
290520,digitalcollections:gunn_3733,https://pfaffs-web.lib.lehigh.edu/gunn_transcripts/3733.txt,https://pfaffs-web.lib.lehigh.edu/gunn_transcripts/3733.txt
290521,digitalcollections:gunn_3734,https://pfaffs-web.lib.lehigh.edu/gunn_transcripts/3734.txt,https://pfaffs-web.lib.lehigh.edu/gunn_transcripts/3734.txt
290522,digitalcollections:gunn_3671,https://pfaffs-web.lib.lehigh.edu/gunn_transcripts/3671.txt,https://pfaffs-web.lib.lehigh.edu/gunn_transcripts/3671.txt
290523,digitalcollections:gunn_3672,https://pfaffs-web.lib.lehigh.edu/gunn_transcripts/3672.txt,https://pfaffs-web.lib.lehigh.edu/gunn_transcripts/3672.txt
290524,digitalcollections:gunn_3673,https://pfaffs-web.lib.lehigh.edu/gunn_transcripts/3673.txt,https://pfaffs-web.lib.lehigh.edu/gunn_transcripts/3673.txt
290525,digitalcollections:gunn_3674,https://pfaffs-web.lib.lehigh.edu/gunn_transcripts/3674.txt,https://pfaffs-web.lib.lehigh.edu/gunn_transcripts/3674.txt
290526,digitalcollections:gunn_3675,https://pfaffs-web.lib.lehigh.edu/gunn_transcripts/3675.txt,https://pfaffs-web.lib.lehigh.edu/gunn_transcripts/3675.txt
290527,digitalcollections:gunn_3676,https://pfaffs-web.lib.lehigh.edu/gunn_transcripts/3676.txt,https://pfaffs-web.lib.lehigh.edu/gunn_transcripts/3676.txt
290528,digitalcollections:gunn_3677,https://pfaffs-web.lib.lehigh.edu/gunn_transcripts/3677.txt,https://pfaffs-web.lib.lehigh.edu/gunn_transcripts/3677.txt
290529,digitalcollections:gunn_3678,https://pfaffs-web.lib.lehigh.edu/gunn_transcripts/3678.txt,https://pfaffs-web.lib.lehigh.edu/gunn_transcripts/3678.txt
290530,digitalcollections:gunn_3679,https://pfaffs-web.lib.lehigh.edu/gunn_transcripts/3679.txt,https://pfaffs-web.lib.lehigh.edu/gunn_transcripts/3679.txt
290531,digitalcollections:gunn_3680,https://pfaffs-web.lib.lehigh.edu/gunn_transcripts/3680.txt,https://pfaffs-web.lib.lehigh.edu/gunn_transcripts/3680.txt
290532,digitalcollections:gunn_3681,https://pfaffs-web.lib.lehigh.edu/gunn_transcripts/3681.txt,https://pfaffs-web.lib.lehigh.edu/gunn_transcripts/3681.txt
290533,digitalcollections:gunn_3682,https://pfaffs-web.lib.lehigh.edu/gunn_transcripts/3682.txt,https://pfaffs-web.lib.lehigh.edu/gunn_transcripts/3682.txt
290534,digitalcollections:gunn_3683,https://pfaffs-web.lib.lehigh.edu/gunn_transcripts/3683.txt,https://pfaffs-web.lib.lehigh.edu/gunn_transcripts/3683.txt
290535,digitalcollections:gunn_3773,https://pfaffs-web.lib.lehigh.edu/gunn_transcripts/3773.txt,https://pfaffs-web.lib.lehigh.edu/gunn_transcripts/3773.txt
290536,digitalcollections:gunn_3774,https://pfaffs-web.lib.lehigh.edu/gunn_transcripts/3774.txt,https://pfaffs-web.lib.lehigh.edu/gunn_transcripts/3774.txt
290537,digitalcollections:gunn_3775,https://pfaffs-web.lib.lehigh.edu/gunn_transcripts/3775.txt,https://pfaffs-web.lib.lehigh.edu/gunn_transcripts/3775.txt
290538,digitalcollections:gunn_3776,https://pfaffs-web.lib.lehigh.edu/gunn_transcripts/3776.txt,https://pfaffs-web.lib.lehigh.edu/gunn_transcripts/3776.txt
290539,digitalcollections:gunn_3777,https://pfaffs-web.lib.lehigh.edu/gunn_transcripts/3777.txt,https://pfaffs-web.lib.lehigh.edu/gunn_transcripts/3777.txt
290540,digitalcollections:gunn_3778,https://pfaffs-web.lib.lehigh.edu/gunn_transcripts/3778.txt,https://pfaffs-web.lib.lehigh.edu/gunn_transcripts/3778.txt
290541,digitalcollections:gunn_3779,https://pfaffs-web.lib.lehigh.edu/gunn_transcripts/3779.txt,https://pfaffs-web.lib.lehigh.edu/gunn_transcripts/3779.txt
290542,digitalcollections:gunn_3780,https://pfaffs-web.lib.lehigh.edu/gunn_transcripts/3780.txt,https://pfaffs-web.lib.lehigh.edu/gunn_transcripts/3780.txt
290543,digitalcollections:gunn_3781,https://pfaffs-web.lib.lehigh.edu/gunn_transcripts/3781.txt,https://pfaffs-web.lib.lehigh.edu/gunn_transcripts/3781.txt
290544,digitalcollections:gunn_3782,https://pfaffs-web.lib.lehigh.edu/gunn_transcripts/3782.txt,https://pfaffs-web.lib.lehigh.edu/gunn_transcripts/3782.txt
290545,digitalcollections:gunn_3783,https://pfaffs-web.lib.lehigh.edu/gunn_transcripts/3783.txt,https://pfaffs-web.lib.lehigh.edu/gunn_transcripts/3783.txt
290546,digitalcollections:gunn_3784,https://pfaffs-web.lib.lehigh.edu/gunn_transcripts/3784.txt,https://pfaffs-web.lib.lehigh.edu/gunn_transcripts/3784.txt
290547,digitalcollections:gunn_3761,https://pfaffs-web.lib.lehigh.edu/gunn_transcripts/3761.txt,https://pfaffs-web.lib.lehigh.edu/gunn_transcripts/3761.txt
290548,digitalcollections:gunn_3762,https://pfaffs-web.lib.lehigh.edu/gunn_transcripts/3762.txt,https://pfaffs-web.lib.lehigh.edu/gunn_transcripts/3762.txt
290549,digitalcollections:gunn_3763,https://pfaffs-web.lib.lehigh.edu/gunn_transcripts/3763.txt,https://pfaffs-web.lib.lehigh.edu/gunn_transcripts/3763.txt
290550,digitalcollections:gunn_3764,https://pfaffs-web.lib.lehigh.edu/gunn_transcripts/3764.txt,https://pfaffs-web.lib.lehigh.edu/gunn_transcripts/3764.txt
290551,digitalcollections:gunn_3765,https://pfaffs-web.lib.lehigh.edu/gunn_transcripts/3765.txt,https://pfaffs-web.lib.lehigh.edu/gunn_transcripts/3765.txt
290552,digitalcollections:gunn_3766,https://pfaffs-web.lib.lehigh.edu/gunn_transcripts/3766.txt,https://pfaffs-web.lib.lehigh.edu/gunn_transcripts/3766.txt
290553,digitalcollections:gunn_3767,https://pfaffs-web.lib.lehigh.edu/gunn_transcripts/3767.txt,https://pfaffs-web.lib.lehigh.edu/gunn_transcripts/3767.txt
290554,digitalcollections:gunn_3768,https://pfaffs-web.lib.lehigh.edu/gunn_transcripts/3768.txt,https://pfaffs-web.lib.lehigh.edu/gunn_transcripts/3768.txt
290555,digitalcollections:gunn_3769,https://pfaffs-web.lib.lehigh.edu/gunn_transcripts/3769.txt,https://pfaffs-web.lib.lehigh.edu/gunn_transcripts/3769.txt
290556,digitalcollections:gunn_3770,https://pfaffs-web.lib.lehigh.edu/gunn_transcripts/3770.txt,https://pfaffs-web.lib.lehigh.edu/gunn_transcripts/3770.txt
290557,digitalcollections:gunn_3771,https://pfaffs-web.lib.lehigh.edu/gunn_transcripts/3771.txt,https://pfaffs-web.lib.lehigh.edu/gunn_transcripts/3771.txt
290558,digitalcollections:gunn_3772,https://pfaffs-web.lib.lehigh.edu/gunn_transcripts/3772.txt,https://pfaffs-web.lib.lehigh.edu/gunn_transcripts/3772.txt
290559,digitalcollections:gunn_3698,https://pfaffs-web.lib.lehigh.edu/gunn_transcripts/3698.txt,https://pfaffs-web.lib.lehigh.edu/gunn_transcripts/3698.txt
290560,digitalcollections:gunn_3699,https://pfaffs-web.lib.lehigh.edu/gunn_transcripts/3699.txt,https://pfaffs-web.lib.lehigh.edu/gunn_transcripts/3699.txt
290561,digitalcollections:gunn_3700,https://pfaffs-web.lib.lehigh.edu/gunn_transcripts/3700.txt,https://pfaffs-web.lib.lehigh.edu/gunn_transcripts/3700.txt
290562,digitalcollections:gunn_3701,https://pfaffs-web.lib.lehigh.edu/gunn_transcripts/3701.txt,https://pfaffs-web.lib.lehigh.edu/gunn_transcripts/3701.txt
290563,digitalcollections:gunn_3702,https://pfaffs-web.lib.lehigh.edu/gunn_transcripts/3702.txt,https://pfaffs-web.lib.lehigh.edu/gunn_transcripts/3702.txt
290564,digitalcollections:gunn_3703,https://pfaffs-web.lib.lehigh.edu/gunn_transcripts/3703.txt,https://pfaffs-web.lib.lehigh.edu/gunn_transcripts/3703.txt
290565,digitalcollections:gunn_3704,https://pfaffs-web.lib.lehigh.edu/gunn_transcripts/3704.txt,https://pfaffs-web.lib.lehigh.edu/gunn_transcripts/3704.txt
290566,digitalcollections:gunn_3705,https://pfaffs-web.lib.lehigh.edu/gunn_transcripts/3705.txt,https://pfaffs-web.lib.lehigh.edu/gunn_transcripts/3705.txt
290567,digitalcollections:gunn_3706,https://pfaffs-web.lib.lehigh.edu/gunn_transcripts/3706.txt,https://pfaffs-web.lib.lehigh.edu/gunn_transcripts/3706.txt
290568,digitalcollections:gunn_3707,https://pfaffs-web.lib.lehigh.edu/gunn_transcripts/3707.txt,https://pfaffs-web.lib.lehigh.edu/gunn_transcripts/3707.txt
290569,digitalcollections:gunn_3708,https://pfaffs-web.lib.lehigh.edu/gunn_transcripts/3708.txt,https://pfaffs-web.lib.lehigh.edu/gunn_transcripts/3708.txt
290570,digitalcollections:gunn_3709,https://pfaffs-web.lib.lehigh.edu/gunn_transcripts/3709.txt,https://pfaffs-web.lib.lehigh.edu/gunn_transcripts/3709.txt
290571,digitalcollections:gunn_3749,https://pfaffs-web.lib.lehigh.edu/gunn_transcripts/3749.txt,https://pfaffs-web.lib.lehigh.edu/gunn_transcripts/3749.txt
290572,digitalcollections:gunn_3750,https://pfaffs-web.lib.lehigh.edu/gunn_transcripts/3750.txt,https://pfaffs-web.lib.lehigh.edu/gunn_transcripts/3750.txt
290573,digitalcollections:gunn_3751,https://pfaffs-web.lib.lehigh.edu/gunn_transcripts/3751.txt,https://pfaffs-web.lib.lehigh.edu/gunn_transcripts/3751.txt
290574,digitalcollections:gunn_3752,https://pfaffs-web.lib.lehigh.edu/gunn_transcripts/3752.txt,https://pfaffs-web.lib.lehigh.edu/gunn_transcripts/3752.txt
290575,digitalcollections:gunn_3753,https://pfaffs-web.lib.lehigh.edu/gunn_transcripts/3753.txt,https://pfaffs-web.lib.lehigh.edu/gunn_transcripts/3753.txt
290576,digitalcollections:gunn_3754,https://pfaffs-web.lib.lehigh.edu/gunn_transcripts/3754.txt,https://pfaffs-web.lib.lehigh.edu/gunn_transcripts/3754.txt
290577,digitalcollections:gunn_3755,https://pfaffs-web.lib.lehigh.edu/gunn_transcripts/3755.txt,https://pfaffs-web.lib.lehigh.edu/gunn_transcripts/3755.txt
290578,digitalcollections:gunn_3756,https://pfaffs-web.lib.lehigh.edu/gunn_transcripts/3756.txt,https://pfaffs-web.lib.lehigh.edu/gunn_transcripts/3756.txt
290579,digitalcollections:gunn_3757,https://pfaffs-web.lib.lehigh.edu/gunn_transcripts/3757.txt,https://pfaffs-web.lib.lehigh.edu/gunn_transcripts/3757.txt
290580,digitalcollections:gunn_3758,https://pfaffs-web.lib.lehigh.edu/gunn_transcripts/3758.txt,https://pfaffs-web.lib.lehigh.edu/gunn_transcripts/3758.txt
290581,digitalcollections:gunn_3759,https://pfaffs-web.lib.lehigh.edu/gunn_transcripts/3759.txt,https://pfaffs-web.lib.lehigh.edu/gunn_transcripts/3759.txt
290582,digitalcollections:gunn_3760,https://pfaffs-web.lib.lehigh.edu/gunn_transcripts/3760.txt,https://pfaffs-web.lib.lehigh.edu/gunn_transcripts/3760.txt
290583,digitalcollections:gunn_3711,https://pfaffs-web.lib.lehigh.edu/gunn_transcripts/3711.txt,https://pfaffs-web.lib.lehigh.edu/gunn_transcripts/3711.txt
290584,digitalcollections:gunn_3712,https://pfaffs-web.lib.lehigh.edu/gunn_transcripts/3712.txt,https://pfaffs-web.lib.lehigh.edu/gunn_transcripts/3712.txt
290585,digitalcollections:gunn_3713,https://pfaffs-web.lib.lehigh.edu/gunn_transcripts/3713.txt,https://pfaffs-web.lib.lehigh.edu/gunn_transcripts/3713.txt
290586,digitalcollections:gunn_3714,https://pfaffs-web.lib.lehigh.edu/gunn_transcripts/3714.txt,https://pfaffs-web.lib.lehigh.edu/gunn_transcripts/3714.txt
290587,digitalcollections:gunn_3715,https://pfaffs-web.lib.lehigh.edu/gunn_transcripts/3715.txt,https://pfaffs-web.lib.lehigh.edu/gunn_transcripts/3715.txt
290588,digitalcollections:gunn_3716,https://pfaffs-web.lib.lehigh.edu/gunn_transcripts/3716.txt,https://pfaffs-web.lib.lehigh.edu/gunn_transcripts/3716.txt
290589,digitalcollections:gunn_3717,https://pfaffs-web.lib.lehigh.edu/gunn_transcripts/3717.txt,https://pfaffs-web.lib.lehigh.edu/gunn_transcripts/3717.txt
290590,digitalcollections:gunn_3718,https://pfaffs-web.lib.lehigh.edu/gunn_transcripts/3718.txt,https://pfaffs-web.lib.lehigh.edu/gunn_transcripts/3718.txt
290591,digitalcollections:gunn_3719,https://pfaffs-web.lib.lehigh.edu/gunn_transcripts/3719.txt,https://pfaffs-web.lib.lehigh.edu/gunn_transcripts/3719.txt
290592,digitalcollections:gunn_3720,https://pfaffs-web.lib.lehigh.edu/gunn_transcripts/3720.txt,https://pfaffs-web.lib.lehigh.edu/gunn_transcripts/3720.txt
290593,digitalcollections:gunn_3721,https://pfaffs-web.lib.lehigh.edu/gunn_transcripts/3721.txt,https://pfaffs-web.lib.lehigh.edu/gunn_transcripts/3721.txt
290594,digitalcollections:gunn_3722,https://pfaffs-web.lib.lehigh.edu/gunn_transcripts/3722.txt,https://pfaffs-web.lib.lehigh.edu/gunn_transcripts/3722.txt
290595,digitalcollections:gunn_3818,https://pfaffs-web.lib.lehigh.edu/gunn_transcripts/3818.txt,https://pfaffs-web.lib.lehigh.edu/gunn_transcripts/3818.txt
290596,digitalcollections:gunn_3819,https://pfaffs-web.lib.lehigh.edu/gunn_transcripts/3819.txt,https://pfaffs-web.lib.lehigh.edu/gunn_transcripts/3819.txt
290597,digitalcollections:gunn_3820,https://pfaffs-web.lib.lehigh.edu/gunn_transcripts/3820.txt,https://pfaffs-web.lib.lehigh.edu/gunn_transcripts/3820.txt
290598,digitalcollections:gunn_3821,https://pfaffs-web.lib.lehigh.edu/gunn_transcripts/3821.txt,https://pfaffs-web.lib.lehigh.edu/gunn_transcripts/3821.txt
290599,digitalcollections:gunn_3822,https://pfaffs-web.lib.lehigh.edu/gunn_transcripts/3822.txt,https://pfaffs-web.lib.lehigh.edu/gunn_transcripts/3822.txt
290600,digitalcollections:gunn_3823,https://pfaffs-web.lib.lehigh.edu/gunn_transcripts/3823.txt,https://pfaffs-web.lib.lehigh.edu/gunn_transcripts/3823.txt
290601,digitalcollections:gunn_3824,https://pfaffs-web.lib.lehigh.edu/gunn_transcripts/3824.txt,https://pfaffs-web.lib.lehigh.edu/gunn_transcripts/3824.txt
290602,digitalcollections:gunn_3825,https://pfaffs-web.lib.lehigh.edu/gunn_transcripts/3825.txt,https://pfaffs-web.lib.lehigh.edu/gunn_transcripts/3825.txt
290603,digitalcollections:gunn_3826,https://pfaffs-web.lib.lehigh.edu/gunn_transcripts/3826.txt,https://pfaffs-web.lib.lehigh.edu/gunn_transcripts/3826.txt
290604,digitalcollections:gunn_3808,https://pfaffs-web.lib.lehigh.edu/gunn_transcripts/3808.txt,https://pfaffs-web.lib.lehigh.edu/gunn_transcripts/3808.txt
290605,digitalcollections:gunn_3809,https://pfaffs-web.lib.lehigh.edu/gunn_transcripts/3809.txt,https://pfaffs-web.lib.lehigh.edu/gunn_transcripts/3809.txt
290606,digitalcollections:gunn_3810,https://pfaffs-web.lib.lehigh.edu/gunn_transcripts/3810.txt,https://pfaffs-web.lib.lehigh.edu/gunn_transcripts/3810.txt
290607,digitalcollections:gunn_3811,https://pfaffs-web.lib.lehigh.edu/gunn_transcripts/3811.txt,https://pfaffs-web.lib.lehigh.edu/gunn_transcripts/3811.txt
290608,digitalcollections:gunn_3812,https://pfaffs-web.lib.lehigh.edu/gunn_transcripts/3812.txt,https://pfaffs-web.lib.lehigh.edu/gunn_transcripts/3812.txt
290609,digitalcollections:gunn_3813,https://pfaffs-web.lib.lehigh.edu/gunn_transcripts/3813.txt,https://pfaffs-web.lib.lehigh.edu/gunn_transcripts/3813.txt
290610,digitalcollections:gunn_3814,https://pfaffs-web.lib.lehigh.edu/gunn_transcripts/3814.txt,https://pfaffs-web.lib.lehigh.edu/gunn_transcripts/3814.txt
290611,digitalcollections:gunn_3815,https://pfaffs-web.lib.lehigh.edu/gunn_transcripts/3815.txt,https://pfaffs-web.lib.lehigh.edu/gunn_transcripts/3815.txt
290612,digitalcollections:gunn_3816,https://pfaffs-web.lib.lehigh.edu/gunn_transcripts/3816.txt,https://pfaffs-web.lib.lehigh.edu/gunn_transcripts/3816.txt
290613,digitalcollections:gunn_3817,https://pfaffs-web.lib.lehigh.edu/gunn_transcripts/3817.txt,https://pfaffs-web.lib.lehigh.edu/gunn_transcripts/3817.txt
290614,digitalcollections:gunn_60,https://pfaffs-web.lib.lehigh.edu/gunn_transcripts/60.txt,https://pfaffs-web.lib.lehigh.edu/gunn_transcripts/60.txt
290615,digitalcollections:gunn_61,https://pfaffs-web.lib.lehigh.edu/gunn_transcripts/61.txt,https://pfaffs-web.lib.lehigh.edu/gunn_transcripts/61.txt
290616,digitalcollections:gunn_62,https://pfaffs-web.lib.lehigh.edu/gunn_transcripts/62.txt,https://pfaffs-web.lib.lehigh.edu/gunn_transcripts/62.txt
290617,digitalcollections:gunn_63,https://pfaffs-web.lib.lehigh.edu/gunn_transcripts/63.txt,https://pfaffs-web.lib.lehigh.edu/gunn_transcripts/63.txt
290618,digitalcollections:gunn_64,https://pfaffs-web.lib.lehigh.edu/gunn_transcripts/64.txt,https://pfaffs-web.lib.lehigh.edu/gunn_transcripts/64.txt
290619,digitalcollections:gunn_65,https://pfaffs-web.lib.lehigh.edu/gunn_transcripts/65.txt,https://pfaffs-web.lib.lehigh.edu/gunn_transcripts/65.txt
290620,digitalcollections:gunn_66,https://pfaffs-web.lib.lehigh.edu/gunn_transcripts/66.txt,https://pfaffs-web.lib.lehigh.edu/gunn_transcripts/66.txt
290621,digitalcollections:gunn_67,https://pfaffs-web.lib.lehigh.edu/gunn_transcripts/67.txt,https://pfaffs-web.lib.lehigh.edu/gunn_transcripts/67.txt
290622,digitalcollections:gunn_164,https://pfaffs-web.lib.lehigh.edu/gunn_transcripts/164.txt,https://pfaffs-web.lib.lehigh.edu/gunn_transcripts/164.txt
290623,digitalcollections:gunn_165,https://pfaffs-web.lib.lehigh.edu/gunn_transcripts/165.txt,https://pfaffs-web.lib.lehigh.edu/gunn_transcripts/165.txt
290624,digitalcollections:gunn_166,https://pfaffs-web.lib.lehigh.edu/gunn_transcripts/166.txt,https://pfaffs-web.lib.lehigh.edu/gunn_transcripts/166.txt
290625,digitalcollections:gunn_167,https://pfaffs-web.lib.lehigh.edu/gunn_transcripts/167.txt,https://pfaffs-web.lib.lehigh.edu/gunn_transcripts/167.txt
290626,digitalcollections:gunn_168,https://pfaffs-web.lib.lehigh.edu/gunn_transcripts/168.txt,https://pfaffs-web.lib.lehigh.edu/gunn_transcripts/168.txt
290627,digitalcollections:gunn_169,https://pfaffs-web.lib.lehigh.edu/gunn_transcripts/169.txt,https://pfaffs-web.lib.lehigh.edu/gunn_transcripts/169.txt
290628,digitalcollections:gunn_176,https://pfaffs-web.lib.lehigh.edu/gunn_transcripts/176.txt,https://pfaffs-web.lib.lehigh.edu/gunn_transcripts/176.txt
290629,digitalcollections:gunn_177,https://pfaffs-web.lib.lehigh.edu/gunn_transcripts/177.txt,https://pfaffs-web.lib.lehigh.edu/gunn_transcripts/177.txt
290630,digitalcollections:gunn_178,https://pfaffs-web.lib.lehigh.edu/gunn_transcripts/178.txt,https://pfaffs-web.lib.lehigh.edu/gunn_transcripts/178.txt
290631,digitalcollections:gunn_179,https://pfaffs-web.lib.lehigh.edu/gunn_transcripts/179.txt,https://pfaffs-web.lib.lehigh.edu/gunn_transcripts/179.txt
290632,digitalcollections:gunn_180,https://pfaffs-web.lib.lehigh.edu/gunn_transcripts/180.txt,https://pfaffs-web.lib.lehigh.edu/gunn_transcripts/180.txt
290633,digitalcollections:gunn_181,https://pfaffs-web.lib.lehigh.edu/gunn_transcripts/181.txt,https://pfaffs-web.lib.lehigh.edu/gunn_transcripts/181.txt
290634,digitalcollections:gunn_182,https://pfaffs-web.lib.lehigh.edu/gunn_transcripts/182.txt,https://pfaffs-web.lib.lehigh.edu/gunn_transcripts/182.txt
290635,digitalcollections:gunn_170,https://pfaffs-web.lib.lehigh.edu/gunn_transcripts/170.txt,https://pfaffs-web.lib.lehigh.edu/gunn_transcripts/170.txt
290636,digitalcollections:gunn_171,https://pfaffs-web.lib.lehigh.edu/gunn_transcripts/171.txt,https://pfaffs-web.lib.lehigh.edu/gunn_transcripts/171.txt
290637,digitalcollections:gunn_172,https://pfaffs-web.lib.lehigh.edu/gunn_transcripts/172.txt,https://pfaffs-web.lib.lehigh.edu/gunn_transcripts/172.txt
290638,digitalcollections:gunn_173,https://pfaffs-web.lib.lehigh.edu/gunn_transcripts/173.txt,https://pfaffs-web.lib.lehigh.edu/gunn_transcripts/173.txt
290639,digitalcollections:gunn_174,https://pfaffs-web.lib.lehigh.edu/gunn_transcripts/174.txt,https://pfaffs-web.lib.lehigh.edu/gunn_transcripts/174.txt
290640,digitalcollections:gunn_175,https://pfaffs-web.lib.lehigh.edu/gunn_transcripts/175.txt,https://pfaffs-web.lib.lehigh.edu/gunn_transcripts/175.txt
290641,digitalcollections:gunn_87,https://pfaffs-web.lib.lehigh.edu/gunn_transcripts/87.txt,https://pfaffs-web.lib.lehigh.edu/gunn_transcripts/87.txt
290642,digitalcollections:gunn_88,https://pfaffs-web.lib.lehigh.edu/gunn_transcripts/88.txt,https://pfaffs-web.lib.lehigh.edu/gunn_transcripts/88.txt
290643,digitalcollections:gunn_89,https://pfaffs-web.lib.lehigh.edu/gunn_transcripts/89.txt,https://pfaffs-web.lib.lehigh.edu/gunn_transcripts/89.txt
290644,digitalcollections:gunn_90,https://pfaffs-web.lib.lehigh.edu/gunn_transcripts/90.txt,https://pfaffs-web.lib.lehigh.edu/gunn_transcripts/90.txt
290645,digitalcollections:gunn_91,https://pfaffs-web.lib.lehigh.edu/gunn_transcripts/91.txt,https://pfaffs-web.lib.lehigh.edu/gunn_transcripts/91.txt
290646,digitalcollections:gunn_92,https://pfaffs-web.lib.lehigh.edu/gunn_transcripts/92.txt,https://pfaffs-web.lib.lehigh.edu/gunn_transcripts/92.txt
290647,digitalcollections:gunn_93,https://pfaffs-web.lib.lehigh.edu/gunn_transcripts/93.txt,https://pfaffs-web.lib.lehigh.edu/gunn_transcripts/93.txt
290648,digitalcollections:gunn_94,https://pfaffs-web.lib.lehigh.edu/gunn_transcripts/94.txt,https://pfaffs-web.lib.lehigh.edu/gunn_transcripts/94.txt
290649,digitalcollections:gunn_102,https://pfaffs-web.lib.lehigh.edu/gunn_transcripts/102.txt,https://pfaffs-web.lib.lehigh.edu/gunn_transcripts/102.txt
290650,digitalcollections:gunn_103,https://pfaffs-web.lib.lehigh.edu/gunn_transcripts/103.txt,https://pfaffs-web.lib.lehigh.edu/gunn_transcripts/103.txt
290651,digitalcollections:gunn_104,https://pfaffs-web.lib.lehigh.edu/gunn_transcripts/104.txt,https://pfaffs-web.lib.lehigh.edu/gunn_transcripts/104.txt
290652,digitalcollections:gunn_105,https://pfaffs-web.lib.lehigh.edu/gunn_transcripts/105.txt,https://pfaffs-web.lib.lehigh.edu/gunn_transcripts/105.txt
290653,digitalcollections:gunn_106,https://pfaffs-web.lib.lehigh.edu/gunn_transcripts/106.txt,https://pfaffs-web.lib.lehigh.edu/gunn_transcripts/106.txt
290654,digitalcollections:gunn_107,https://pfaffs-web.lib.lehigh.edu/gunn_transcripts/107.txt,https://pfaffs-web.lib.lehigh.edu/gunn_transcripts/107.txt
290655,digitalcollections:gunn_108,https://pfaffs-web.lib.lehigh.edu/gunn_transcripts/108.txt,https://pfaffs-web.lib.lehigh.edu/gunn_transcripts/108.txt
290656,digitalcollections:gunn_53,https://pfaffs-web.lib.lehigh.edu/gunn_transcripts/53.txt,https://pfaffs-web.lib.lehigh.edu/gunn_transcripts/53.txt
290657,digitalcollections:gunn_54,https://pfaffs-web.lib.lehigh.edu/gunn_transcripts/54.txt,https://pfaffs-web.lib.lehigh.edu/gunn_transcripts/54.txt
290658,digitalcollections:gunn_55,https://pfaffs-web.lib.lehigh.edu/gunn_transcripts/55.txt,https://pfaffs-web.lib.lehigh.edu/gunn_transcripts/55.txt
290659,digitalcollections:gunn_56,https://pfaffs-web.lib.lehigh.edu/gunn_transcripts/56.txt,https://pfaffs-web.lib.lehigh.edu/gunn_transcripts/56.txt
290660,digitalcollections:gunn_57,https://pfaffs-web.lib.lehigh.edu/gunn_transcripts/57.txt,https://pfaffs-web.lib.lehigh.edu/gunn_transcripts/57.txt
290661,digitalcollections:gunn_58,https://pfaffs-web.lib.lehigh.edu/gunn_transcripts/58.txt,https://pfaffs-web.lib.lehigh.edu/gunn_transcripts/58.txt
290662,digitalcollections:gunn_59,https://pfaffs-web.lib.lehigh.edu/gunn_transcripts/59.txt,https://pfaffs-web.lib.lehigh.edu/gunn_transcripts/59.txt
290663,digitalcollections:gunn_95,https://pfaffs-web.lib.lehigh.edu/gunn_transcripts/95.txt,https://pfaffs-web.lib.lehigh.edu/gunn_transcripts/95.txt
290664,digitalcollections:gunn_96,https://pfaffs-web.lib.lehigh.edu/gunn_transcripts/96.txt,https://pfaffs-web.lib.lehigh.edu/gunn_transcripts/96.txt
290665,digitalcollections:gunn_97,https://pfaffs-web.lib.lehigh.edu/gunn_transcripts/97.txt,https://pfaffs-web.lib.lehigh.edu/gunn_transcripts/97.txt
290666,digitalcollections:gunn_98,https://pfaffs-web.lib.lehigh.edu/gunn_transcripts/98.txt,https://pfaffs-web.lib.lehigh.edu/gunn_transcripts/98.txt
290667,digitalcollections:gunn_99,https://pfaffs-web.lib.lehigh.edu/gunn_transcripts/99.txt,https://pfaffs-web.lib.lehigh.edu/gunn_transcripts/99.txt
290668,digitalcollections:gunn_100,https://pfaffs-web.lib.lehigh.edu/gunn_transcripts/100.txt,https://pfaffs-web.lib.lehigh.edu/gunn_transcripts/100.txt
290669,digitalcollections:gunn_101,https://pfaffs-web.lib.lehigh.edu/gunn_transcripts/101.txt,https://pfaffs-web.lib.lehigh.edu/gunn_transcripts/101.txt
290670,digitalcollections:gunn_74,https://pfaffs-web.lib.lehigh.edu/gunn_transcripts/74.txt,https://pfaffs-web.lib.lehigh.edu/gunn_transcripts/74.txt
290671,digitalcollections:gunn_75,https://pfaffs-web.lib.lehigh.edu/gunn_transcripts/75.txt,https://pfaffs-web.lib.lehigh.edu/gunn_transcripts/75.txt
290672,digitalcollections:gunn_76,https://pfaffs-web.lib.lehigh.edu/gunn_transcripts/76.txt,https://pfaffs-web.lib.lehigh.edu/gunn_transcripts/76.txt
290673,digitalcollections:gunn_77,https://pfaffs-web.lib.lehigh.edu/gunn_transcripts/77.txt,https://pfaffs-web.lib.lehigh.edu/gunn_transcripts/77.txt
290674,digitalcollections:gunn_78,https://pfaffs-web.lib.lehigh.edu/gunn_transcripts/78.txt,https://pfaffs-web.lib.lehigh.edu/gunn_transcripts/78.txt
290675,digitalcollections:gunn_79,https://pfaffs-web.lib.lehigh.edu/gunn_transcripts/79.txt,https://pfaffs-web.lib.lehigh.edu/gunn_transcripts/79.txt
290676,digitalcollections:gunn_80,https://pfaffs-web.lib.lehigh.edu/gunn_transcripts/80.txt,https://pfaffs-web.lib.lehigh.edu/gunn_transcripts/80.txt
290677,digitalcollections:gunn_68,https://pfaffs-web.lib.lehigh.edu/gunn_transcripts/68.txt,https://pfaffs-web.lib.lehigh.edu/gunn_transcripts/68.txt
290678,digitalcollections:gunn_69,https://pfaffs-web.lib.lehigh.edu/gunn_transcripts/69.txt,https://pfaffs-web.lib.lehigh.edu/gunn_transcripts/69.txt
290679,digitalcollections:gunn_70,https://pfaffs-web.lib.lehigh.edu/gunn_transcripts/70.txt,https://pfaffs-web.lib.lehigh.edu/gunn_transcripts/70.txt
290680,digitalcollections:gunn_71,https://pfaffs-web.lib.lehigh.edu/gunn_transcripts/71.txt,https://pfaffs-web.lib.lehigh.edu/gunn_transcripts/71.txt
290681,digitalcollections:gunn_72,https://pfaffs-web.lib.lehigh.edu/gunn_transcripts/72.txt,https://pfaffs-web.lib.lehigh.edu/gunn_transcripts/72.txt
290682,digitalcollections:gunn_73,https://pfaffs-web.lib.lehigh.edu/gunn_transcripts/73.txt,https://pfaffs-web.lib.lehigh.edu/gunn_transcripts/73.txt
290683,digitalcollections:gunn_81,https://pfaffs-web.lib.lehigh.edu/gunn_transcripts/81.txt,https://pfaffs-web.lib.lehigh.edu/gunn_transcripts/81.txt
290684,digitalcollections:gunn_82,https://pfaffs-web.lib.lehigh.edu/gunn_transcripts/82.txt,https://pfaffs-web.lib.lehigh.edu/gunn_transcripts/82.txt
290685,digitalcollections:gunn_83,https://pfaffs-web.lib.lehigh.edu/gunn_transcripts/83.txt,https://pfaffs-web.lib.lehigh.edu/gunn_transcripts/83.txt
290686,digitalcollections:gunn_84,https://pfaffs-web.lib.lehigh.edu/gunn_transcripts/84.txt,https://pfaffs-web.lib.lehigh.edu/gunn_transcripts/84.txt
290687,digitalcollections:gunn_85,https://pfaffs-web.lib.lehigh.edu/gunn_transcripts/85.txt,https://pfaffs-web.lib.lehigh.edu/gunn_transcripts/85.txt
290688,digitalcollections:gunn_86,https://pfaffs-web.lib.lehigh.edu/gunn_transcripts/86.txt,https://pfaffs-web.lib.lehigh.edu/gunn_transcripts/86.txt
290689,digitalcollections:gunn_12,https://pfaffs-web.lib.lehigh.edu/gunn_transcripts/12.txt,https://pfaffs-web.lib.lehigh.edu/gunn_transcripts/12.txt
290690,digitalcollections:gunn_13,https://pfaffs-web.lib.lehigh.edu/gunn_transcripts/13.txt,https://pfaffs-web.lib.lehigh.edu/gunn_transcripts/13.txt
290691,digitalcollections:gunn_14,https://pfaffs-web.lib.lehigh.edu/gunn_transcripts/14.txt,https://pfaffs-web.lib.lehigh.edu/gunn_transcripts/14.txt
290692,digitalcollections:gunn_15,https://pfaffs-web.lib.lehigh.edu/gunn_transcripts/15.txt,https://pfaffs-web.lib.lehigh.edu/gunn_transcripts/15.txt
290693,digitalcollections:gunn_16,https://pfaffs-web.lib.lehigh.edu/gunn_transcripts/16.txt,https://pfaffs-web.lib.lehigh.edu/gunn_transcripts/16.txt
290694,digitalcollections:gunn_41,https://pfaffs-web.lib.lehigh.edu/gunn_transcripts/41.txt,https://pfaffs-web.lib.lehigh.edu/gunn_transcripts/41.txt
290695,digitalcollections:gunn_42,https://pfaffs-web.lib.lehigh.edu/gunn_transcripts/42.txt,https://pfaffs-web.lib.lehigh.edu/gunn_transcripts/42.txt
290696,digitalcollections:gunn_43,https://pfaffs-web.lib.lehigh.edu/gunn_transcripts/43.txt,https://pfaffs-web.lib.lehigh.edu/gunn_transcripts/43.txt
290697,digitalcollections:gunn_44,https://pfaffs-web.lib.lehigh.edu/gunn_transcripts/44.txt,https://pfaffs-web.lib.lehigh.edu/gunn_transcripts/44.txt
290698,digitalcollections:gunn_45,https://pfaffs-web.lib.lehigh.edu/gunn_transcripts/45.txt,https://pfaffs-web.lib.lehigh.edu/gunn_transcripts/45.txt
290699,digitalcollections:gunn_11,https://pfaffs-web.lib.lehigh.edu/gunn_transcripts/11.txt,https://pfaffs-web.lib.lehigh.edu/gunn_transcripts/11.txt
290700,digitalcollections:gunn_109,https://pfaffs-web.lib.lehigh.edu/gunn_transcripts/109.txt,https://pfaffs-web.lib.lehigh.edu/gunn_transcripts/109.txt
290701,digitalcollections:gunn_110,https://pfaffs-web.lib.lehigh.edu/gunn_transcripts/110.txt,https://pfaffs-web.lib.lehigh.edu/gunn_transcripts/110.txt
290702,digitalcollections:gunn_111,https://pfaffs-web.lib.lehigh.edu/gunn_transcripts/111.txt,https://pfaffs-web.lib.lehigh.edu/gunn_transcripts/111.txt
290703,digitalcollections:gunn_112,https://pfaffs-web.lib.lehigh.edu/gunn_transcripts/112.txt,https://pfaffs-web.lib.lehigh.edu/gunn_transcripts/112.txt
290704,digitalcollections:gunn_113,https://pfaffs-web.lib.lehigh.edu/gunn_transcripts/113.txt,https://pfaffs-web.lib.lehigh.edu/gunn_transcripts/113.txt
290705,digitalcollections:gunn_114,https://pfaffs-web.lib.lehigh.edu/gunn_transcripts/114.txt,https://pfaffs-web.lib.lehigh.edu/gunn_transcripts/114.txt
290706,digitalcollections:gunn_115,https://pfaffs-web.lib.lehigh.edu/gunn_transcripts/115.txt,https://pfaffs-web.lib.lehigh.edu/gunn_transcripts/115.txt
290707,digitalcollections:gunn_116,https://pfaffs-web.lib.lehigh.edu/gunn_transcripts/116.txt,https://pfaffs-web.lib.lehigh.edu/gunn_transcripts/116.txt
290708,digitalcollections:gunn_150,https://pfaffs-web.lib.lehigh.edu/gunn_transcripts/150.txt,https://pfaffs-web.lib.lehigh.edu/gunn_transcripts/150.txt
290709,digitalcollections:gunn_151,https://pfaffs-web.lib.lehigh.edu/gunn_transcripts/151.txt,https://pfaffs-web.lib.lehigh.edu/gunn_transcripts/151.txt
290710,digitalcollections:gunn_152,https://pfaffs-web.lib.lehigh.edu/gunn_transcripts/152.txt,https://pfaffs-web.lib.lehigh.edu/gunn_transcripts/152.txt
290711,digitalcollections:gunn_153,https://pfaffs-web.lib.lehigh.edu/gunn_transcripts/153.txt,https://pfaffs-web.lib.lehigh.edu/gunn_transcripts/153.txt
290712,digitalcollections:gunn_154,https://pfaffs-web.lib.lehigh.edu/gunn_transcripts/154.txt,https://pfaffs-web.lib.lehigh.edu/gunn_transcripts/154.txt
290713,digitalcollections:gunn_155,https://pfaffs-web.lib.lehigh.edu/gunn_transcripts/155.txt,https://pfaffs-web.lib.lehigh.edu/gunn_transcripts/155.txt
290714,digitalcollections:gunn_156,https://pfaffs-web.lib.lehigh.edu/gunn_transcripts/156.txt,https://pfaffs-web.lib.lehigh.edu/gunn_transcripts/156.txt
290715,digitalcollections:gunn_136,https://pfaffs-web.lib.lehigh.edu/gunn_transcripts/136.txt,https://pfaffs-web.lib.lehigh.edu/gunn_transcripts/136.txt
290716,digitalcollections:gunn_137,https://pfaffs-web.lib.lehigh.edu/gunn_transcripts/137.txt,https://pfaffs-web.lib.lehigh.edu/gunn_transcripts/137.txt
290717,digitalcollections:gunn_138,https://pfaffs-web.lib.lehigh.edu/gunn_transcripts/138.txt,https://pfaffs-web.lib.lehigh.edu/gunn_transcripts/138.txt
290718,digitalcollections:gunn_139,https://pfaffs-web.lib.lehigh.edu/gunn_transcripts/139.txt,https://pfaffs-web.lib.lehigh.edu/gunn_transcripts/139.txt
290719,digitalcollections:gunn_140,https://pfaffs-web.lib.lehigh.edu/gunn_transcripts/140.txt,https://pfaffs-web.lib.lehigh.edu/gunn_transcripts/140.txt
290720,digitalcollections:gunn_141,https://pfaffs-web.lib.lehigh.edu/gunn_transcripts/141.txt,https://pfaffs-web.lib.lehigh.edu/gunn_transcripts/141.txt
290721,digitalcollections:gunn_142,https://pfaffs-web.lib.lehigh.edu/gunn_transcripts/142.txt,https://pfaffs-web.lib.lehigh.edu/gunn_transcripts/142.txt
290722,digitalcollections:gunn_129,https://pfaffs-web.lib.lehigh.edu/gunn_transcripts/129.txt,https://pfaffs-web.lib.lehigh.edu/gunn_transcripts/129.txt
290723,digitalcollections:gunn_130,https://pfaffs-web.lib.lehigh.edu/gunn_transcripts/130.txt,https://pfaffs-web.lib.lehigh.edu/gunn_transcripts/130.txt
290724,digitalcollections:gunn_131,https://pfaffs-web.lib.lehigh.edu/gunn_transcripts/131.txt,https://pfaffs-web.lib.lehigh.edu/gunn_transcripts/131.txt
290725,digitalcollections:gunn_132,https://pfaffs-web.lib.lehigh.edu/gunn_transcripts/132.txt,https://pfaffs-web.lib.lehigh.edu/gunn_transcripts/132.txt
290726,digitalcollections:gunn_133,https://pfaffs-web.lib.lehigh.edu/gunn_transcripts/133.txt,https://pfaffs-web.lib.lehigh.edu/gunn_transcripts/133.txt
290727,digitalcollections:gunn_134,https://pfaffs-web.lib.lehigh.edu/gunn_transcripts/134.txt,https://pfaffs-web.lib.lehigh.edu/gunn_transcripts/134.txt
290728,digitalcollections:gunn_135,https://pfaffs-web.lib.lehigh.edu/gunn_transcripts/135.txt,https://pfaffs-web.lib.lehigh.edu/gunn_transcripts/135.txt
290729,digitalcollections:gunn_143,https://pfaffs-web.lib.lehigh.edu/gunn_transcripts/143.txt,https://pfaffs-web.lib.lehigh.edu/gunn_transcripts/143.txt
290730,digitalcollections:gunn_144,https://pfaffs-web.lib.lehigh.edu/gunn_transcripts/144.txt,https://pfaffs-web.lib.lehigh.edu/gunn_transcripts/144.txt
290731,digitalcollections:gunn_145,https://pfaffs-web.lib.lehigh.edu/gunn_transcripts/145.txt,https://pfaffs-web.lib.lehigh.edu/gunn_transcripts/145.txt
290732,digitalcollections:gunn_146,https://pfaffs-web.lib.lehigh.edu/gunn_transcripts/146.txt,https://pfaffs-web.lib.lehigh.edu/gunn_transcripts/146.txt
290733,digitalcollections:gunn_147,https://pfaffs-web.lib.lehigh.edu/gunn_transcripts/147.txt,https://pfaffs-web.lib.lehigh.edu/gunn_transcripts/147.txt
290734,digitalcollections:gunn_148,https://pfaffs-web.lib.lehigh.edu/gunn_transcripts/148.txt,https://pfaffs-web.lib.lehigh.edu/gunn_transcripts/148.txt
290735,digitalcollections:gunn_149,https://pfaffs-web.lib.lehigh.edu/gunn_transcripts/149.txt,https://pfaffs-web.lib.lehigh.edu/gunn_transcripts/149.txt
290736,digitalcollections:gunn_157,https://pfaffs-web.lib.lehigh.edu/gunn_transcripts/157.txt,https://pfaffs-web.lib.lehigh.edu/gunn_transcripts/157.txt
290737,digitalcollections:gunn_158,https://pfaffs-web.lib.lehigh.edu/gunn_transcripts/158.txt,https://pfaffs-web.lib.lehigh.edu/gunn_transcripts/158.txt
290738,digitalcollections:gunn_159,https://pfaffs-web.lib.lehigh.edu/gunn_transcripts/159.txt,https://pfaffs-web.lib.lehigh.edu/gunn_transcripts/159.txt
290739,digitalcollections:gunn_160,https://pfaffs-web.lib.lehigh.edu/gunn_transcripts/160.txt,https://pfaffs-web.lib.lehigh.edu/gunn_transcripts/160.txt
290740,digitalcollections:gunn_161,https://pfaffs-web.lib.lehigh.edu/gunn_transcripts/161.txt,https://pfaffs-web.lib.lehigh.edu/gunn_transcripts/161.txt
290741,digitalcollections:gunn_162,https://pfaffs-web.lib.lehigh.edu/gunn_transcripts/162.txt,https://pfaffs-web.lib.lehigh.edu/gunn_transcripts/162.txt
290742,digitalcollections:gunn_163,https://pfaffs-web.lib.lehigh.edu/gunn_transcripts/163.txt,https://pfaffs-web.lib.lehigh.edu/gunn_transcripts/163.txt
290743,digitalcollections:gunn_123,https://pfaffs-web.lib.lehigh.edu/gunn_transcripts/123.txt,https://pfaffs-web.lib.lehigh.edu/gunn_transcripts/123.txt
290744,digitalcollections:gunn_124,https://pfaffs-web.lib.lehigh.edu/gunn_transcripts/124.txt,https://pfaffs-web.lib.lehigh.edu/gunn_transcripts/124.txt
290745,digitalcollections:gunn_125,https://pfaffs-web.lib.lehigh.edu/gunn_transcripts/125.txt,https://pfaffs-web.lib.lehigh.edu/gunn_transcripts/125.txt
290746,digitalcollections:gunn_126,https://pfaffs-web.lib.lehigh.edu/gunn_transcripts/126.txt,https://pfaffs-web.lib.lehigh.edu/gunn_transcripts/126.txt
290747,digitalcollections:gunn_127,https://pfaffs-web.lib.lehigh.edu/gunn_transcripts/127.txt,https://pfaffs-web.lib.lehigh.edu/gunn_transcripts/127.txt
290748,digitalcollections:gunn_128,https://pfaffs-web.lib.lehigh.edu/gunn_transcripts/128.txt,https://pfaffs-web.lib.lehigh.edu/gunn_transcripts/128.txt
290749,digitalcollections:gunn_118,https://pfaffs-web.lib.lehigh.edu/gunn_transcripts/118.txt,https://pfaffs-web.lib.lehigh.edu/gunn_transcripts/118.txt
290750,digitalcollections:gunn_119,https://pfaffs-web.lib.lehigh.edu/gunn_transcripts/119.txt,https://pfaffs-web.lib.lehigh.edu/gunn_transcripts/119.txt
290751,digitalcollections:gunn_120,https://pfaffs-web.lib.lehigh.edu/gunn_transcripts/120.txt,https://pfaffs-web.lib.lehigh.edu/gunn_transcripts/120.txt
290752,digitalcollections:gunn_121,https://pfaffs-web.lib.lehigh.edu/gunn_transcripts/121.txt,https://pfaffs-web.lib.lehigh.edu/gunn_transcripts/121.txt
290753,digitalcollections:gunn_122,https://pfaffs-web.lib.lehigh.edu/gunn_transcripts/122.txt,https://pfaffs-web.lib.lehigh.edu/gunn_transcripts/122.txt
290754,digitalcollections:gunn_117,https://pfaffs-web.lib.lehigh.edu/gunn_transcripts/117.txt,https://pfaffs-web.lib.lehigh.edu/gunn_transcripts/117.txt
290755,digitalcollections:gunn_1,https://pfaffs-web.lib.lehigh.edu/gunn_transcripts/1.txt,https://pfaffs-web.lib.lehigh.edu/gunn_transcripts/1.txt
290756,digitalcollections:gunn_2,https://pfaffs-web.lib.lehigh.edu/gunn_transcripts/2.txt,https://pfaffs-web.lib.lehigh.edu/gunn_transcripts/2.txt
290757,digitalcollections:gunn_3,https://pfaffs-web.lib.lehigh.edu/gunn_transcripts/3.txt,https://pfaffs-web.lib.lehigh.edu/gunn_transcripts/3.txt
290758,digitalcollections:gunn_4,https://pfaffs-web.lib.lehigh.edu/gunn_transcripts/4.txt,https://pfaffs-web.lib.lehigh.edu/gunn_transcripts/4.txt
290759,digitalcollections:gunn_0,https://pfaffs-web.lib.lehigh.edu/gunn_transcripts/0.txt,https://pfaffs-web.lib.lehigh.edu/gunn_transcripts/0.txt
290760,digitalcollections:gunn_46,https://pfaffs-web.lib.lehigh.edu/gunn_transcripts/46.txt,https://pfaffs-web.lib.lehigh.edu/gunn_transcripts/46.txt
290761,digitalcollections:gunn_47,https://pfaffs-web.lib.lehigh.edu/gunn_transcripts/47.txt,https://pfaffs-web.lib.lehigh.edu/gunn_transcripts/47.txt
290762,digitalcollections:gunn_48,https://pfaffs-web.lib.lehigh.edu/gunn_transcripts/48.txt,https://pfaffs-web.lib.lehigh.edu/gunn_transcripts/48.txt
290763,digitalcollections:gunn_49,https://pfaffs-web.lib.lehigh.edu/gunn_transcripts/49.txt,https://pfaffs-web.lib.lehigh.edu/gunn_transcripts/49.txt
290764,digitalcollections:gunn_50,https://pfaffs-web.lib.lehigh.edu/gunn_transcripts/50.txt,https://pfaffs-web.lib.lehigh.edu/gunn_transcripts/50.txt
290765,digitalcollections:gunn_51,https://pfaffs-web.lib.lehigh.edu/gunn_transcripts/51.txt,https://pfaffs-web.lib.lehigh.edu/gunn_transcripts/51.txt
290766,digitalcollections:gunn_52,https://pfaffs-web.lib.lehigh.edu/gunn_transcripts/52.txt,https://pfaffs-web.lib.lehigh.edu/gunn_transcripts/52.txt
290767,digitalcollections:gunn_29,https://pfaffs-web.lib.lehigh.edu/gunn_transcripts/29.txt,https://pfaffs-web.lib.lehigh.edu/gunn_transcripts/29.txt
290768,digitalcollections:gunn_30,https://pfaffs-web.lib.lehigh.edu/gunn_transcripts/30.txt,https://pfaffs-web.lib.lehigh.edu/gunn_transcripts/30.txt
290769,digitalcollections:gunn_31,https://pfaffs-web.lib.lehigh.edu/gunn_transcripts/31.txt,https://pfaffs-web.lib.lehigh.edu/gunn_transcripts/31.txt
290770,digitalcollections:gunn_32,https://pfaffs-web.lib.lehigh.edu/gunn_transcripts/32.txt,https://pfaffs-web.lib.lehigh.edu/gunn_transcripts/32.txt
290771,digitalcollections:gunn_33,https://pfaffs-web.lib.lehigh.edu/gunn_transcripts/33.txt,https://pfaffs-web.lib.lehigh.edu/gunn_transcripts/33.txt
290772,digitalcollections:gunn_34,https://pfaffs-web.lib.lehigh.edu/gunn_transcripts/34.txt,https://pfaffs-web.lib.lehigh.edu/gunn_transcripts/34.txt
290773,digitalcollections:gunn_23,https://pfaffs-web.lib.lehigh.edu/gunn_transcripts/23.txt,https://pfaffs-web.lib.lehigh.edu/gunn_transcripts/23.txt
290774,digitalcollections:gunn_24,https://pfaffs-web.lib.lehigh.edu/gunn_transcripts/24.txt,https://pfaffs-web.lib.lehigh.edu/gunn_transcripts/24.txt
290775,digitalcollections:gunn_25,https://pfaffs-web.lib.lehigh.edu/gunn_transcripts/25.txt,https://pfaffs-web.lib.lehigh.edu/gunn_transcripts/25.txt
290776,digitalcollections:gunn_26,https://pfaffs-web.lib.lehigh.edu/gunn_transcripts/26.txt,https://pfaffs-web.lib.lehigh.edu/gunn_transcripts/26.txt
290777,digitalcollections:gunn_27,https://pfaffs-web.lib.lehigh.edu/gunn_transcripts/27.txt,https://pfaffs-web.lib.lehigh.edu/gunn_transcripts/27.txt
290778,digitalcollections:gunn_28,https://pfaffs-web.lib.lehigh.edu/gunn_transcripts/28.txt,https://pfaffs-web.lib.lehigh.edu/gunn_transcripts/28.txt
290779,digitalcollections:gunn_5,https://pfaffs-web.lib.lehigh.edu/gunn_transcripts/5.txt,https://pfaffs-web.lib.lehigh.edu/gunn_transcripts/5.txt
290780,digitalcollections:gunn_6,https://pfaffs-web.lib.lehigh.edu/gunn_transcripts/6.txt,https://pfaffs-web.lib.lehigh.edu/gunn_transcripts/6.txt
290781,digitalcollections:gunn_7,https://pfaffs-web.lib.lehigh.edu/gunn_transcripts/7.txt,https://pfaffs-web.lib.lehigh.edu/gunn_transcripts/7.txt
290782,digitalcollections:gunn_8,https://pfaffs-web.lib.lehigh.edu/gunn_transcripts/8.txt,https://pfaffs-web.lib.lehigh.edu/gunn_transcripts/8.txt
290783,digitalcollections:gunn_9,https://pfaffs-web.lib.lehigh.edu/gunn_transcripts/9.txt,https://pfaffs-web.lib.lehigh.edu/gunn_transcripts/9.txt
290784,digitalcollections:gunn_10,https://pfaffs-web.lib.lehigh.edu/gunn_transcripts/10.txt,https://pfaffs-web.lib.lehigh.edu/gunn_transcripts/10.txt
290785,digitalcollections:gunn_17,https://pfaffs-web.lib.lehigh.edu/gunn_transcripts/17.txt,https://pfaffs-web.lib.lehigh.edu/gunn_transcripts/17.txt
290786,digitalcollections:gunn_18,https://pfaffs-web.lib.lehigh.edu/gunn_transcripts/18.txt,https://pfaffs-web.lib.lehigh.edu/gunn_transcripts/18.txt
290787,digitalcollections:gunn_19,https://pfaffs-web.lib.lehigh.edu/gunn_transcripts/19.txt,https://pfaffs-web.lib.lehigh.edu/gunn_transcripts/19.txt
290788,digitalcollections:gunn_20,https://pfaffs-web.lib.lehigh.edu/gunn_transcripts/20.txt,https://pfaffs-web.lib.lehigh.edu/gunn_transcripts/20.txt
290789,digitalcollections:gunn_21,https://pfaffs-web.lib.lehigh.edu/gunn_transcripts/21.txt,https://pfaffs-web.lib.lehigh.edu/gunn_transcripts/21.txt
290790,digitalcollections:gunn_22,https://pfaffs-web.lib.lehigh.edu/gunn_transcripts/22.txt,https://pfaffs-web.lib.lehigh.edu/gunn_transcripts/22.txt
290791,digitalcollections:gunn_35,https://pfaffs-web.lib.lehigh.edu/gunn_transcripts/35.txt,https://pfaffs-web.lib.lehigh.edu/gunn_transcripts/35.txt
290792,digitalcollections:gunn_36,https://pfaffs-web.lib.lehigh.edu/gunn_transcripts/36.txt,https://pfaffs-web.lib.lehigh.edu/gunn_transcripts/36.txt
290793,digitalcollections:gunn_37,https://pfaffs-web.lib.lehigh.edu/gunn_transcripts/37.txt,https://pfaffs-web.lib.lehigh.edu/gunn_transcripts/37.txt
290794,digitalcollections:gunn_38,https://pfaffs-web.lib.lehigh.edu/gunn_transcripts/38.txt,https://pfaffs-web.lib.lehigh.edu/gunn_transcripts/38.txt
290795,digitalcollections:gunn_39,https://pfaffs-web.lib.lehigh.edu/gunn_transcripts/39.txt,https://pfaffs-web.lib.lehigh.edu/gunn_transcripts/39.txt
290796,digitalcollections:gunn_40,https://pfaffs-web.lib.lehigh.edu/gunn_transcripts/40.txt,https://pfaffs-web.lib.lehigh.edu/gunn_transcripts/40.txt
290797,digitalcollections:gunn_1129,https://pfaffs-web.lib.lehigh.edu/gunn_transcripts/1129.txt,https://pfaffs-web.lib.lehigh.edu/gunn_transcripts/1129.txt
290798,digitalcollections:gunn_1130,https://pfaffs-web.lib.lehigh.edu/gunn_transcripts/1130.txt,https://pfaffs-web.lib.lehigh.edu/gunn_transcripts/1130.txt
290799,digitalcollections:gunn_1131,https://pfaffs-web.lib.lehigh.edu/gunn_transcripts/1131.txt,https://pfaffs-web.lib.lehigh.edu/gunn_transcripts/1131.txt
290800,digitalcollections:gunn_1132,https://pfaffs-web.lib.lehigh.edu/gunn_transcripts/1132.txt,https://pfaffs-web.lib.lehigh.edu/gunn_transcripts/1132.txt
290801,digitalcollections:gunn_1140,https://pfaffs-web.lib.lehigh.edu/gunn_transcripts/1140.txt,https://pfaffs-web.lib.lehigh.edu/gunn_transcripts/1140.txt
290802,digitalcollections:gunn_1141,https://pfaffs-web.lib.lehigh.edu/gunn_transcripts/1141.txt,https://pfaffs-web.lib.lehigh.edu/gunn_transcripts/1141.txt
290803,digitalcollections:gunn_1142,https://pfaffs-web.lib.lehigh.edu/gunn_transcripts/1142.txt,https://pfaffs-web.lib.lehigh.edu/gunn_transcripts/1142.txt
290804,digitalcollections:gunn_1143,https://pfaffs-web.lib.lehigh.edu/gunn_transcripts/1143.txt,https://pfaffs-web.lib.lehigh.edu/gunn_transcripts/1143.txt
290805,digitalcollections:gunn_1144,https://pfaffs-web.lib.lehigh.edu/gunn_transcripts/1144.txt,https://pfaffs-web.lib.lehigh.edu/gunn_transcripts/1144.txt
290806,digitalcollections:gunn_1145,https://pfaffs-web.lib.lehigh.edu/gunn_transcripts/1145.txt,https://pfaffs-web.lib.lehigh.edu/gunn_transcripts/1145.txt
290807,digitalcollections:gunn_1146,https://pfaffs-web.lib.lehigh.edu/gunn_transcripts/1146.txt,https://pfaffs-web.lib.lehigh.edu/gunn_transcripts/1146.txt
290808,digitalcollections:gunn_1147,https://pfaffs-web.lib.lehigh.edu/gunn_transcripts/1147.txt,https://pfaffs-web.lib.lehigh.edu/gunn_transcripts/1147.txt
290809,digitalcollections:gunn_1149,https://pfaffs-web.lib.lehigh.edu/gunn_transcripts/1149.txt,https://pfaffs-web.lib.lehigh.edu/gunn_transcripts/1149.txt
290810,digitalcollections:gunn_1150,https://pfaffs-web.lib.lehigh.edu/gunn_transcripts/1150.txt,https://pfaffs-web.lib.lehigh.edu/gunn_transcripts/1150.txt
290811,digitalcollections:gunn_1151,https://pfaffs-web.lib.lehigh.edu/gunn_transcripts/1151.txt,https://pfaffs-web.lib.lehigh.edu/gunn_transcripts/1151.txt
290812,digitalcollections:gunn_1152,https://pfaffs-web.lib.lehigh.edu/gunn_transcripts/1152.txt,https://pfaffs-web.lib.lehigh.edu/gunn_transcripts/1152.txt
290813,digitalcollections:gunn_1153,https://pfaffs-web.lib.lehigh.edu/gunn_transcripts/1153.txt,https://pfaffs-web.lib.lehigh.edu/gunn_transcripts/1153.txt
290814,digitalcollections:gunn_1154,https://pfaffs-web.lib.lehigh.edu/gunn_transcripts/1154.txt,https://pfaffs-web.lib.lehigh.edu/gunn_transcripts/1154.txt
290815,digitalcollections:gunn_1155,https://pfaffs-web.lib.lehigh.edu/gunn_transcripts/1155.txt,https://pfaffs-web.lib.lehigh.edu/gunn_transcripts/1155.txt
290816,digitalcollections:gunn_1156,https://pfaffs-web.lib.lehigh.edu/gunn_transcripts/1156.txt,https://pfaffs-web.lib.lehigh.edu/gunn_transcripts/1156.txt
290817,digitalcollections:gunn_1157,https://pfaffs-web.lib.lehigh.edu/gunn_transcripts/1157.txt,https://pfaffs-web.lib.lehigh.edu/gunn_transcripts/1157.txt
290818,digitalcollections:gunn_1158,https://pfaffs-web.lib.lehigh.edu/gunn_transcripts/1158.txt,https://pfaffs-web.lib.lehigh.edu/gunn_transcripts/1158.txt
290819,digitalcollections:gunn_1159,https://pfaffs-web.lib.lehigh.edu/gunn_transcripts/1159.txt,https://pfaffs-web.lib.lehigh.edu/gunn_transcripts/1159.txt
290820,digitalcollections:gunn_1160,https://pfaffs-web.lib.lehigh.edu/gunn_transcripts/1160.txt,https://pfaffs-web.lib.lehigh.edu/gunn_transcripts/1160.txt
290821,digitalcollections:gunn_1161,https://pfaffs-web.lib.lehigh.edu/gunn_transcripts/1161.txt,https://pfaffs-web.lib.lehigh.edu/gunn_transcripts/1161.txt
290822,digitalcollections:gunn_1162,https://pfaffs-web.lib.lehigh.edu/gunn_transcripts/1162.txt,https://pfaffs-web.lib.lehigh.edu/gunn_transcripts/1162.txt
290823,digitalcollections:gunn_1133,https://pfaffs-web.lib.lehigh.edu/gunn_transcripts/1133.txt,https://pfaffs-web.lib.lehigh.edu/gunn_transcripts/1133.txt
290824,digitalcollections:gunn_1134,https://pfaffs-web.lib.lehigh.edu/gunn_transcripts/1134.txt,https://pfaffs-web.lib.lehigh.edu/gunn_transcripts/1134.txt
290825,digitalcollections:gunn_1135,https://pfaffs-web.lib.lehigh.edu/gunn_transcripts/1135.txt,https://pfaffs-web.lib.lehigh.edu/gunn_transcripts/1135.txt
290826,digitalcollections:gunn_1136,https://pfaffs-web.lib.lehigh.edu/gunn_transcripts/1136.txt,https://pfaffs-web.lib.lehigh.edu/gunn_transcripts/1136.txt
290827,digitalcollections:gunn_1137,https://pfaffs-web.lib.lehigh.edu/gunn_transcripts/1137.txt,https://pfaffs-web.lib.lehigh.edu/gunn_transcripts/1137.txt
290828,digitalcollections:gunn_1138,https://pfaffs-web.lib.lehigh.edu/gunn_transcripts/1138.txt,https://pfaffs-web.lib.lehigh.edu/gunn_transcripts/1138.txt
290829,digitalcollections:gunn_1139,https://pfaffs-web.lib.lehigh.edu/gunn_transcripts/1139.txt,https://pfaffs-web.lib.lehigh.edu/gunn_transcripts/1139.txt
290830,digitalcollections:gunn_1148,https://pfaffs-web.lib.lehigh.edu/gunn_transcripts/1148.txt,https://pfaffs-web.lib.lehigh.edu/gunn_transcripts/1148.txt
290831,digitalcollections:gunn_1321,https://pfaffs-web.lib.lehigh.edu/gunn_transcripts/1321.txt,https://pfaffs-web.lib.lehigh.edu/gunn_transcripts/1321.txt
290832,digitalcollections:gunn_1322,https://pfaffs-web.lib.lehigh.edu/gunn_transcripts/1322.txt,https://pfaffs-web.lib.lehigh.edu/gunn_transcripts/1322.txt
290833,digitalcollections:gunn_1323,https://pfaffs-web.lib.lehigh.edu/gunn_transcripts/1323.txt,https://pfaffs-web.lib.lehigh.edu/gunn_transcripts/1323.txt
290834,digitalcollections:gunn_1324,https://pfaffs-web.lib.lehigh.edu/gunn_transcripts/1324.txt,https://pfaffs-web.lib.lehigh.edu/gunn_transcripts/1324.txt
290835,digitalcollections:gunn_1325,https://pfaffs-web.lib.lehigh.edu/gunn_transcripts/1325.txt,https://pfaffs-web.lib.lehigh.edu/gunn_transcripts/1325.txt
290836,digitalcollections:gunn_1326,https://pfaffs-web.lib.lehigh.edu/gunn_transcripts/1326.txt,https://pfaffs-web.lib.lehigh.edu/gunn_transcripts/1326.txt
290837,digitalcollections:gunn_1327,https://pfaffs-web.lib.lehigh.edu/gunn_transcripts/1327.txt,https://pfaffs-web.lib.lehigh.edu/gunn_transcripts/1327.txt
290838,digitalcollections:gunn_1328,https://pfaffs-web.lib.lehigh.edu/gunn_transcripts/1328.txt,https://pfaffs-web.lib.lehigh.edu/gunn_transcripts/1328.txt
290839,digitalcollections:gunn_1329,https://pfaffs-web.lib.lehigh.edu/gunn_transcripts/1329.txt,https://pfaffs-web.lib.lehigh.edu/gunn_transcripts/1329.txt
290840,digitalcollections:gunn_1289,https://pfaffs-web.lib.lehigh.edu/gunn_transcripts/1289.txt,https://pfaffs-web.lib.lehigh.edu/gunn_transcripts/1289.txt
290841,digitalcollections:gunn_1290,https://pfaffs-web.lib.lehigh.edu/gunn_transcripts/1290.txt,https://pfaffs-web.lib.lehigh.edu/gunn_transcripts/1290.txt
290842,digitalcollections:gunn_1291,https://pfaffs-web.lib.lehigh.edu/gunn_transcripts/1291.txt,https://pfaffs-web.lib.lehigh.edu/gunn_transcripts/1291.txt
290843,digitalcollections:gunn_1292,https://pfaffs-web.lib.lehigh.edu/gunn_transcripts/1292.txt,https://pfaffs-web.lib.lehigh.edu/gunn_transcripts/1292.txt
290844,digitalcollections:gunn_1293,https://pfaffs-web.lib.lehigh.edu/gunn_transcripts/1293.txt,https://pfaffs-web.lib.lehigh.edu/gunn_transcripts/1293.txt
290845,digitalcollections:gunn_1294,https://pfaffs-web.lib.lehigh.edu/gunn_transcripts/1294.txt,https://pfaffs-web.lib.lehigh.edu/gunn_transcripts/1294.txt
290846,digitalcollections:gunn_1295,https://pfaffs-web.lib.lehigh.edu/gunn_transcripts/1295.txt,https://pfaffs-web.lib.lehigh.edu/gunn_transcripts/1295.txt
290847,digitalcollections:gunn_1296,https://pfaffs-web.lib.lehigh.edu/gunn_transcripts/1296.txt,https://pfaffs-web.lib.lehigh.edu/gunn_transcripts/1296.txt
290848,digitalcollections:gunn_1330,https://pfaffs-web.lib.lehigh.edu/gunn_transcripts/1330.txt,https://pfaffs-web.lib.lehigh.edu/gunn_transcripts/1330.txt
290849,digitalcollections:gunn_1331,https://pfaffs-web.lib.lehigh.edu/gunn_transcripts/1331.txt,https://pfaffs-web.lib.lehigh.edu/gunn_transcripts/1331.txt
290850,digitalcollections:gunn_1332,https://pfaffs-web.lib.lehigh.edu/gunn_transcripts/1332.txt,https://pfaffs-web.lib.lehigh.edu/gunn_transcripts/1332.txt
290851,digitalcollections:gunn_1333,https://pfaffs-web.lib.lehigh.edu/gunn_transcripts/1333.txt,https://pfaffs-web.lib.lehigh.edu/gunn_transcripts/1333.txt
290852,digitalcollections:gunn_1334,https://pfaffs-web.lib.lehigh.edu/gunn_transcripts/1334.txt,https://pfaffs-web.lib.lehigh.edu/gunn_transcripts/1334.txt
290853,digitalcollections:gunn_1335,https://pfaffs-web.lib.lehigh.edu/gunn_transcripts/1335.txt,https://pfaffs-web.lib.lehigh.edu/gunn_transcripts/1335.txt
290854,digitalcollections:gunn_1336,https://pfaffs-web.lib.lehigh.edu/gunn_transcripts/1336.txt,https://pfaffs-web.lib.lehigh.edu/gunn_transcripts/1336.txt
290855,digitalcollections:gunn_1337,https://pfaffs-web.lib.lehigh.edu/gunn_transcripts/1337.txt,https://pfaffs-web.lib.lehigh.edu/gunn_transcripts/1337.txt
290856,digitalcollections:gunn_1313,https://pfaffs-web.lib.lehigh.edu/gunn_transcripts/1313.txt,https://pfaffs-web.lib.lehigh.edu/gunn_transcripts/1313.txt
290857,digitalcollections:gunn_1314,https://pfaffs-web.lib.lehigh.edu/gunn_transcripts/1314.txt,https://pfaffs-web.lib.lehigh.edu/gunn_transcripts/1314.txt
290858,digitalcollections:gunn_1315,https://pfaffs-web.lib.lehigh.edu/gunn_transcripts/1315.txt,https://pfaffs-web.lib.lehigh.edu/gunn_transcripts/1315.txt
290859,digitalcollections:gunn_1316,https://pfaffs-web.lib.lehigh.edu/gunn_transcripts/1316.txt,https://pfaffs-web.lib.lehigh.edu/gunn_transcripts/1316.txt
290860,digitalcollections:gunn_1317,https://pfaffs-web.lib.lehigh.edu/gunn_transcripts/1317.txt,https://pfaffs-web.lib.lehigh.edu/gunn_transcripts/1317.txt
290861,digitalcollections:gunn_1318,https://pfaffs-web.lib.lehigh.edu/gunn_transcripts/1318.txt,https://pfaffs-web.lib.lehigh.edu/gunn_transcripts/1318.txt
290862,digitalcollections:gunn_1319,https://pfaffs-web.lib.lehigh.edu/gunn_transcripts/1319.txt,https://pfaffs-web.lib.lehigh.edu/gunn_transcripts/1319.txt
290863,digitalcollections:gunn_1320,https://pfaffs-web.lib.lehigh.edu/gunn_transcripts/1320.txt,https://pfaffs-web.lib.lehigh.edu/gunn_transcripts/1320.txt
290864,digitalcollections:gunn_1297,https://pfaffs-web.lib.lehigh.edu/gunn_transcripts/1297.txt,https://pfaffs-web.lib.lehigh.edu/gunn_transcripts/1297.txt
290865,digitalcollections:gunn_1298,https://pfaffs-web.lib.lehigh.edu/gunn_transcripts/1298.txt,https://pfaffs-web.lib.lehigh.edu/gunn_transcripts/1298.txt
290866,digitalcollections:gunn_1299,https://pfaffs-web.lib.lehigh.edu/gunn_transcripts/1299.txt,https://pfaffs-web.lib.lehigh.edu/gunn_transcripts/1299.txt
290867,digitalcollections:gunn_1300,https://pfaffs-web.lib.lehigh.edu/gunn_transcripts/1300.txt,https://pfaffs-web.lib.lehigh.edu/gunn_transcripts/1300.txt
290868,digitalcollections:gunn_1301,https://pfaffs-web.lib.lehigh.edu/gunn_transcripts/1301.txt,https://pfaffs-web.lib.lehigh.edu/gunn_transcripts/1301.txt
290869,digitalcollections:gunn_1302,https://pfaffs-web.lib.lehigh.edu/gunn_transcripts/1302.txt,https://pfaffs-web.lib.lehigh.edu/gunn_transcripts/1302.txt
290870,digitalcollections:gunn_1303,https://pfaffs-web.lib.lehigh.edu/gunn_transcripts/1303.txt,https://pfaffs-web.lib.lehigh.edu/gunn_transcripts/1303.txt
290871,digitalcollections:gunn_1304,https://pfaffs-web.lib.lehigh.edu/gunn_transcripts/1304.txt,https://pfaffs-web.lib.lehigh.edu/gunn_transcripts/1304.txt
290872,digitalcollections:gunn_1338,https://pfaffs-web.lib.lehigh.edu/gunn_transcripts/1338.txt,https://pfaffs-web.lib.lehigh.edu/gunn_transcripts/1338.txt
290873,digitalcollections:gunn_1339,https://pfaffs-web.lib.lehigh.edu/gunn_transcripts/1339.txt,https://pfaffs-web.lib.lehigh.edu/gunn_transcripts/1339.txt
290874,digitalcollections:gunn_1340,https://pfaffs-web.lib.lehigh.edu/gunn_transcripts/1340.txt,https://pfaffs-web.lib.lehigh.edu/gunn_transcripts/1340.txt
290875,digitalcollections:gunn_1341,https://pfaffs-web.lib.lehigh.edu/gunn_transcripts/1341.txt,https://pfaffs-web.lib.lehigh.edu/gunn_transcripts/1341.txt
290876,digitalcollections:gunn_1342,https://pfaffs-web.lib.lehigh.edu/gunn_transcripts/1342.txt,https://pfaffs-web.lib.lehigh.edu/gunn_transcripts/1342.txt
290877,digitalcollections:gunn_1343,https://pfaffs-web.lib.lehigh.edu/gunn_transcripts/1343.txt,https://pfaffs-web.lib.lehigh.edu/gunn_transcripts/1343.txt
290878,digitalcollections:gunn_1344,https://pfaffs-web.lib.lehigh.edu/gunn_transcripts/1344.txt,https://pfaffs-web.lib.lehigh.edu/gunn_transcripts/1344.txt
290879,digitalcollections:gunn_1345,https://pfaffs-web.lib.lehigh.edu/gunn_transcripts/1345.txt,https://pfaffs-web.lib.lehigh.edu/gunn_transcripts/1345.txt
290880,digitalcollections:gunn_1346,https://pfaffs-web.lib.lehigh.edu/gunn_transcripts/1346.txt,https://pfaffs-web.lib.lehigh.edu/gunn_transcripts/1346.txt
290881,digitalcollections:gunn_1347,https://pfaffs-web.lib.lehigh.edu/gunn_transcripts/1347.txt,https://pfaffs-web.lib.lehigh.edu/gunn_transcripts/1347.txt
290882,digitalcollections:gunn_1348,https://pfaffs-web.lib.lehigh.edu/gunn_transcripts/1348.txt,https://pfaffs-web.lib.lehigh.edu/gunn_transcripts/1348.txt
290883,digitalcollections:gunn_1349,https://pfaffs-web.lib.lehigh.edu/gunn_transcripts/1349.txt,https://pfaffs-web.lib.lehigh.edu/gunn_transcripts/1349.txt
290884,digitalcollections:gunn_1350,https://pfaffs-web.lib.lehigh.edu/gunn_transcripts/1350.txt,https://pfaffs-web.lib.lehigh.edu/gunn_transcripts/1350.txt
290885,digitalcollections:gunn_1351,https://pfaffs-web.lib.lehigh.edu/gunn_transcripts/1351.txt,https://pfaffs-web.lib.lehigh.edu/gunn_transcripts/1351.txt
290886,digitalcollections:gunn_1352,https://pfaffs-web.lib.lehigh.edu/gunn_transcripts/1352.txt,https://pfaffs-web.lib.lehigh.edu/gunn_transcripts/1352.txt
290887,digitalcollections:gunn_1305,https://pfaffs-web.lib.lehigh.edu/gunn_transcripts/1305.txt,https://pfaffs-web.lib.lehigh.edu/gunn_transcripts/1305.txt
290888,digitalcollections:gunn_1306,https://pfaffs-web.lib.lehigh.edu/gunn_transcripts/1306.txt,https://pfaffs-web.lib.lehigh.edu/gunn_transcripts/1306.txt
290889,digitalcollections:gunn_1307,https://pfaffs-web.lib.lehigh.edu/gunn_transcripts/1307.txt,https://pfaffs-web.lib.lehigh.edu/gunn_transcripts/1307.txt
290890,digitalcollections:gunn_1308,https://pfaffs-web.lib.lehigh.edu/gunn_transcripts/1308.txt,https://pfaffs-web.lib.lehigh.edu/gunn_transcripts/1308.txt
290891,digitalcollections:gunn_1309,https://pfaffs-web.lib.lehigh.edu/gunn_transcripts/1309.txt,https://pfaffs-web.lib.lehigh.edu/gunn_transcripts/1309.txt
290892,digitalcollections:gunn_1310,https://pfaffs-web.lib.lehigh.edu/gunn_transcripts/1310.txt,https://pfaffs-web.lib.lehigh.edu/gunn_transcripts/1310.txt
290893,digitalcollections:gunn_1311,https://pfaffs-web.lib.lehigh.edu/gunn_transcripts/1311.txt,https://pfaffs-web.lib.lehigh.edu/gunn_transcripts/1311.txt
290894,digitalcollections:gunn_1312,https://pfaffs-web.lib.lehigh.edu/gunn_transcripts/1312.txt,https://pfaffs-web.lib.lehigh.edu/gunn_transcripts/1312.txt
290895,digitalcollections:gunn_1353,https://pfaffs-web.lib.lehigh.edu/gunn_transcripts/1353.txt,https://pfaffs-web.lib.lehigh.edu/gunn_transcripts/1353.txt
290896,digitalcollections:gunn_1354,https://pfaffs-web.lib.lehigh.edu/gunn_transcripts/1354.txt,https://pfaffs-web.lib.lehigh.edu/gunn_transcripts/1354.txt
290897,digitalcollections:gunn_1355,https://pfaffs-web.lib.lehigh.edu/gunn_transcripts/1355.txt,https://pfaffs-web.lib.lehigh.edu/gunn_transcripts/1355.txt
290898,digitalcollections:gunn_1356,https://pfaffs-web.lib.lehigh.edu/gunn_transcripts/1356.txt,https://pfaffs-web.lib.lehigh.edu/gunn_transcripts/1356.txt
290899,digitalcollections:gunn_1357,https://pfaffs-web.lib.lehigh.edu/gunn_transcripts/1357.txt,https://pfaffs-web.lib.lehigh.edu/gunn_transcripts/1357.txt
290900,digitalcollections:gunn_1358,https://pfaffs-web.lib.lehigh.edu/gunn_transcripts/1358.txt,https://pfaffs-web.lib.lehigh.edu/gunn_transcripts/1358.txt
290901,digitalcollections:gunn_1359,https://pfaffs-web.lib.lehigh.edu/gunn_transcripts/1359.txt,https://pfaffs-web.lib.lehigh.edu/gunn_transcripts/1359.txt
290902,digitalcollections:gunn_1360,https://pfaffs-web.lib.lehigh.edu/gunn_transcripts/1360.txt,https://pfaffs-web.lib.lehigh.edu/gunn_transcripts/1360.txt
290903,digitalcollections:gunn_1251,https://pfaffs-web.lib.lehigh.edu/gunn_transcripts/1251.txt,https://pfaffs-web.lib.lehigh.edu/gunn_transcripts/1251.txt
290904,digitalcollections:gunn_1252,https://pfaffs-web.lib.lehigh.edu/gunn_transcripts/1252.txt,https://pfaffs-web.lib.lehigh.edu/gunn_transcripts/1252.txt
290905,digitalcollections:gunn_1253,https://pfaffs-web.lib.lehigh.edu/gunn_transcripts/1253.txt,https://pfaffs-web.lib.lehigh.edu/gunn_transcripts/1253.txt
290906,digitalcollections:gunn_1254,https://pfaffs-web.lib.lehigh.edu/gunn_transcripts/1254.txt,https://pfaffs-web.lib.lehigh.edu/gunn_transcripts/1254.txt
290907,digitalcollections:gunn_1255,https://pfaffs-web.lib.lehigh.edu/gunn_transcripts/1255.txt,https://pfaffs-web.lib.lehigh.edu/gunn_transcripts/1255.txt
290908,digitalcollections:gunn_1256,https://pfaffs-web.lib.lehigh.edu/gunn_transcripts/1256.txt,https://pfaffs-web.lib.lehigh.edu/gunn_transcripts/1256.txt
290909,digitalcollections:gunn_1257,https://pfaffs-web.lib.lehigh.edu/gunn_transcripts/1257.txt,https://pfaffs-web.lib.lehigh.edu/gunn_transcripts/1257.txt
290910,digitalcollections:gunn_1258,https://pfaffs-web.lib.lehigh.edu/gunn_transcripts/1258.txt,https://pfaffs-web.lib.lehigh.edu/gunn_transcripts/1258.txt
290911,digitalcollections:gunn_1259,https://pfaffs-web.lib.lehigh.edu/gunn_transcripts/1259.txt,https://pfaffs-web.lib.lehigh.edu/gunn_transcripts/1259.txt
290912,digitalcollections:gunn_1260,https://pfaffs-web.lib.lehigh.edu/gunn_transcripts/1260.txt,https://pfaffs-web.lib.lehigh.edu/gunn_transcripts/1260.txt
290913,digitalcollections:gunn_1261,https://pfaffs-web.lib.lehigh.edu/gunn_transcripts/1261.txt,https://pfaffs-web.lib.lehigh.edu/gunn_transcripts/1261.txt
290914,digitalcollections:gunn_1262,https://pfaffs-web.lib.lehigh.edu/gunn_transcripts/1262.txt,https://pfaffs-web.lib.lehigh.edu/gunn_transcripts/1262.txt
290915,digitalcollections:gunn_1263,https://pfaffs-web.lib.lehigh.edu/gunn_transcripts/1263.txt,https://pfaffs-web.lib.lehigh.edu/gunn_transcripts/1263.txt
290916,digitalcollections:gunn_1264,https://pfaffs-web.lib.lehigh.edu/gunn_transcripts/1264.txt,https://pfaffs-web.lib.lehigh.edu/gunn_transcripts/1264.txt
290917,digitalcollections:gunn_1265,https://pfaffs-web.lib.lehigh.edu/gunn_transcripts/1265.txt,https://pfaffs-web.lib.lehigh.edu/gunn_transcripts/1265.txt
290918,digitalcollections:gunn_1266,https://pfaffs-web.lib.lehigh.edu/gunn_transcripts/1266.txt,https://pfaffs-web.lib.lehigh.edu/gunn_transcripts/1266.txt
290919,digitalcollections:gunn_1267,https://pfaffs-web.lib.lehigh.edu/gunn_transcripts/1267.txt,https://pfaffs-web.lib.lehigh.edu/gunn_transcripts/1267.txt
290920,digitalcollections:gunn_1268,https://pfaffs-web.lib.lehigh.edu/gunn_transcripts/1268.txt,https://pfaffs-web.lib.lehigh.edu/gunn_transcripts/1268.txt
290921,digitalcollections:gunn_1269,https://pfaffs-web.lib.lehigh.edu/gunn_transcripts/1269.txt,https://pfaffs-web.lib.lehigh.edu/gunn_transcripts/1269.txt
290922,digitalcollections:gunn_1270,https://pfaffs-web.lib.lehigh.edu/gunn_transcripts/1270.txt,https://pfaffs-web.lib.lehigh.edu/gunn_transcripts/1270.txt
290923,digitalcollections:gunn_1271,https://pfaffs-web.lib.lehigh.edu/gunn_transcripts/1271.txt,https://pfaffs-web.lib.lehigh.edu/gunn_transcripts/1271.txt
290924,digitalcollections:gunn_1272,https://pfaffs-web.lib.lehigh.edu/gunn_transcripts/1272.txt,https://pfaffs-web.lib.lehigh.edu/gunn_transcripts/1272.txt
290925,digitalcollections:gunn_1273,https://pfaffs-web.lib.lehigh.edu/gunn_transcripts/1273.txt,https://pfaffs-web.lib.lehigh.edu/gunn_transcripts/1273.txt
290926,digitalcollections:gunn_1274,https://pfaffs-web.lib.lehigh.edu/gunn_transcripts/1274.txt,https://pfaffs-web.lib.lehigh.edu/gunn_transcripts/1274.txt
290927,digitalcollections:gunn_1243,https://pfaffs-web.lib.lehigh.edu/gunn_transcripts/1243.txt,https://pfaffs-web.lib.lehigh.edu/gunn_transcripts/1243.txt
290928,digitalcollections:gunn_1244,https://pfaffs-web.lib.lehigh.edu/gunn_transcripts/1244.txt,https://pfaffs-web.lib.lehigh.edu/gunn_transcripts/1244.txt
290929,digitalcollections:gunn_1245,https://pfaffs-web.lib.lehigh.edu/gunn_transcripts/1245.txt,https://pfaffs-web.lib.lehigh.edu/gunn_transcripts/1245.txt
290930,digitalcollections:gunn_1246,https://pfaffs-web.lib.lehigh.edu/gunn_transcripts/1246.txt,https://pfaffs-web.lib.lehigh.edu/gunn_transcripts/1246.txt
290931,digitalcollections:gunn_1247,https://pfaffs-web.lib.lehigh.edu/gunn_transcripts/1247.txt,https://pfaffs-web.lib.lehigh.edu/gunn_transcripts/1247.txt
290932,digitalcollections:gunn_1248,https://pfaffs-web.lib.lehigh.edu/gunn_transcripts/1248.txt,https://pfaffs-web.lib.lehigh.edu/gunn_transcripts/1248.txt
290933,digitalcollections:gunn_1249,https://pfaffs-web.lib.lehigh.edu/gunn_transcripts/1249.txt,https://pfaffs-web.lib.lehigh.edu/gunn_transcripts/1249.txt
290934,digitalcollections:gunn_1250,https://pfaffs-web.lib.lehigh.edu/gunn_transcripts/1250.txt,https://pfaffs-web.lib.lehigh.edu/gunn_transcripts/1250.txt
290935,digitalcollections:gunn_1229,https://pfaffs-web.lib.lehigh.edu/gunn_transcripts/1229.txt,https://pfaffs-web.lib.lehigh.edu/gunn_transcripts/1229.txt
290936,digitalcollections:gunn_1230,https://pfaffs-web.lib.lehigh.edu/gunn_transcripts/1230.txt,https://pfaffs-web.lib.lehigh.edu/gunn_transcripts/1230.txt
290937,digitalcollections:gunn_1231,https://pfaffs-web.lib.lehigh.edu/gunn_transcripts/1231.txt,https://pfaffs-web.lib.lehigh.edu/gunn_transcripts/1231.txt
290938,digitalcollections:gunn_1232,https://pfaffs-web.lib.lehigh.edu/gunn_transcripts/1232.txt,https://pfaffs-web.lib.lehigh.edu/gunn_transcripts/1232.txt
290939,digitalcollections:gunn_1233,https://pfaffs-web.lib.lehigh.edu/gunn_transcripts/1233.txt,https://pfaffs-web.lib.lehigh.edu/gunn_transcripts/1233.txt
290940,digitalcollections:gunn_1234,https://pfaffs-web.lib.lehigh.edu/gunn_transcripts/1234.txt,https://pfaffs-web.lib.lehigh.edu/gunn_transcripts/1234.txt
290941,digitalcollections:gunn_1235,https://pfaffs-web.lib.lehigh.edu/gunn_transcripts/1235.txt,https://pfaffs-web.lib.lehigh.edu/gunn_transcripts/1235.txt
290942,digitalcollections:gunn_1222,https://pfaffs-web.lib.lehigh.edu/gunn_transcripts/1222.txt,https://pfaffs-web.lib.lehigh.edu/gunn_transcripts/1222.txt
290943,digitalcollections:gunn_1223,https://pfaffs-web.lib.lehigh.edu/gunn_transcripts/1223.txt,https://pfaffs-web.lib.lehigh.edu/gunn_transcripts/1223.txt
290944,digitalcollections:gunn_1224,https://pfaffs-web.lib.lehigh.edu/gunn_transcripts/1224.txt,https://pfaffs-web.lib.lehigh.edu/gunn_transcripts/1224.txt
290945,digitalcollections:gunn_1225,https://pfaffs-web.lib.lehigh.edu/gunn_transcripts/1225.txt,https://pfaffs-web.lib.lehigh.edu/gunn_transcripts/1225.txt
290946,digitalcollections:gunn_1226,https://pfaffs-web.lib.lehigh.edu/gunn_transcripts/1226.txt,https://pfaffs-web.lib.lehigh.edu/gunn_transcripts/1226.txt
290947,digitalcollections:gunn_1227,https://pfaffs-web.lib.lehigh.edu/gunn_transcripts/1227.txt,https://pfaffs-web.lib.lehigh.edu/gunn_transcripts/1227.txt
290948,digitalcollections:gunn_1228,https://pfaffs-web.lib.lehigh.edu/gunn_transcripts/1228.txt,https://pfaffs-web.lib.lehigh.edu/gunn_transcripts/1228.txt
290949,digitalcollections:gunn_1282,https://pfaffs-web.lib.lehigh.edu/gunn_transcripts/1282.txt,https://pfaffs-web.lib.lehigh.edu/gunn_transcripts/1282.txt
290950,digitalcollections:gunn_1283,https://pfaffs-web.lib.lehigh.edu/gunn_transcripts/1283.txt,https://pfaffs-web.lib.lehigh.edu/gunn_transcripts/1283.txt
290951,digitalcollections:gunn_1284,https://pfaffs-web.lib.lehigh.edu/gunn_transcripts/1284.txt,https://pfaffs-web.lib.lehigh.edu/gunn_transcripts/1284.txt
290952,digitalcollections:gunn_1285,https://pfaffs-web.lib.lehigh.edu/gunn_transcripts/1285.txt,https://pfaffs-web.lib.lehigh.edu/gunn_transcripts/1285.txt
290953,digitalcollections:gunn_1286,https://pfaffs-web.lib.lehigh.edu/gunn_transcripts/1286.txt,https://pfaffs-web.lib.lehigh.edu/gunn_transcripts/1286.txt
290954,digitalcollections:gunn_1287,https://pfaffs-web.lib.lehigh.edu/gunn_transcripts/1287.txt,https://pfaffs-web.lib.lehigh.edu/gunn_transcripts/1287.txt
290955,digitalcollections:gunn_1288,https://pfaffs-web.lib.lehigh.edu/gunn_transcripts/1288.txt,https://pfaffs-web.lib.lehigh.edu/gunn_transcripts/1288.txt
290956,digitalcollections:gunn_1275,https://pfaffs-web.lib.lehigh.edu/gunn_transcripts/1275.txt,https://pfaffs-web.lib.lehigh.edu/gunn_transcripts/1275.txt
290957,digitalcollections:gunn_1276,https://pfaffs-web.lib.lehigh.edu/gunn_transcripts/1276.txt,https://pfaffs-web.lib.lehigh.edu/gunn_transcripts/1276.txt
290958,digitalcollections:gunn_1277,https://pfaffs-web.lib.lehigh.edu/gunn_transcripts/1277.txt,https://pfaffs-web.lib.lehigh.edu/gunn_transcripts/1277.txt
290959,digitalcollections:gunn_1278,https://pfaffs-web.lib.lehigh.edu/gunn_transcripts/1278.txt,https://pfaffs-web.lib.lehigh.edu/gunn_transcripts/1278.txt
290960,digitalcollections:gunn_1279,https://pfaffs-web.lib.lehigh.edu/gunn_transcripts/1279.txt,https://pfaffs-web.lib.lehigh.edu/gunn_transcripts/1279.txt
290961,digitalcollections:gunn_1280,https://pfaffs-web.lib.lehigh.edu/gunn_transcripts/1280.txt,https://pfaffs-web.lib.lehigh.edu/gunn_transcripts/1280.txt
290962,digitalcollections:gunn_1281,https://pfaffs-web.lib.lehigh.edu/gunn_transcripts/1281.txt,https://pfaffs-web.lib.lehigh.edu/gunn_transcripts/1281.txt
290963,digitalcollections:gunn_1236,https://pfaffs-web.lib.lehigh.edu/gunn_transcripts/1236.txt,https://pfaffs-web.lib.lehigh.edu/gunn_transcripts/1236.txt
290964,digitalcollections:gunn_1237,https://pfaffs-web.lib.lehigh.edu/gunn_transcripts/1237.txt,https://pfaffs-web.lib.lehigh.edu/gunn_transcripts/1237.txt
290965,digitalcollections:gunn_1238,https://pfaffs-web.lib.lehigh.edu/gunn_transcripts/1238.txt,https://pfaffs-web.lib.lehigh.edu/gunn_transcripts/1238.txt
290966,digitalcollections:gunn_1239,https://pfaffs-web.lib.lehigh.edu/gunn_transcripts/1239.txt,https://pfaffs-web.lib.lehigh.edu/gunn_transcripts/1239.txt
290967,digitalcollections:gunn_1240,https://pfaffs-web.lib.lehigh.edu/gunn_transcripts/1240.txt,https://pfaffs-web.lib.lehigh.edu/gunn_transcripts/1240.txt
290968,digitalcollections:gunn_1241,https://pfaffs-web.lib.lehigh.edu/gunn_transcripts/1241.txt,https://pfaffs-web.lib.lehigh.edu/gunn_transcripts/1241.txt
290969,digitalcollections:gunn_1242,https://pfaffs-web.lib.lehigh.edu/gunn_transcripts/1242.txt,https://pfaffs-web.lib.lehigh.edu/gunn_transcripts/1242.txt
290970,digitalcollections:gunn_1214,https://pfaffs-web.lib.lehigh.edu/gunn_transcripts/1214.txt,https://pfaffs-web.lib.lehigh.edu/gunn_transcripts/1214.txt
290971,digitalcollections:gunn_1215,https://pfaffs-web.lib.lehigh.edu/gunn_transcripts/1215.txt,https://pfaffs-web.lib.lehigh.edu/gunn_transcripts/1215.txt
290972,digitalcollections:gunn_1216,https://pfaffs-web.lib.lehigh.edu/gunn_transcripts/1216.txt,https://pfaffs-web.lib.lehigh.edu/gunn_transcripts/1216.txt
290973,digitalcollections:gunn_1217,https://pfaffs-web.lib.lehigh.edu/gunn_transcripts/1217.txt,https://pfaffs-web.lib.lehigh.edu/gunn_transcripts/1217.txt
290974,digitalcollections:gunn_1218,https://pfaffs-web.lib.lehigh.edu/gunn_transcripts/1218.txt,https://pfaffs-web.lib.lehigh.edu/gunn_transcripts/1218.txt
290975,digitalcollections:gunn_1219,https://pfaffs-web.lib.lehigh.edu/gunn_transcripts/1219.txt,https://pfaffs-web.lib.lehigh.edu/gunn_transcripts/1219.txt
290976,digitalcollections:gunn_1220,https://pfaffs-web.lib.lehigh.edu/gunn_transcripts/1220.txt,https://pfaffs-web.lib.lehigh.edu/gunn_transcripts/1220.txt
290977,digitalcollections:gunn_1221,https://pfaffs-web.lib.lehigh.edu/gunn_transcripts/1221.txt,https://pfaffs-web.lib.lehigh.edu/gunn_transcripts/1221.txt
290978,digitalcollections:gunn_1171,https://pfaffs-web.lib.lehigh.edu/gunn_transcripts/1171.txt,https://pfaffs-web.lib.lehigh.edu/gunn_transcripts/1171.txt
290979,digitalcollections:gunn_1172,https://pfaffs-web.lib.lehigh.edu/gunn_transcripts/1172.txt,https://pfaffs-web.lib.lehigh.edu/gunn_transcripts/1172.txt
290980,digitalcollections:gunn_1173,https://pfaffs-web.lib.lehigh.edu/gunn_transcripts/1173.txt,https://pfaffs-web.lib.lehigh.edu/gunn_transcripts/1173.txt
290981,digitalcollections:gunn_1174,https://pfaffs-web.lib.lehigh.edu/gunn_transcripts/1174.txt,https://pfaffs-web.lib.lehigh.edu/gunn_transcripts/1174.txt
290982,digitalcollections:gunn_1175,https://pfaffs-web.lib.lehigh.edu/gunn_transcripts/1175.txt,https://pfaffs-web.lib.lehigh.edu/gunn_transcripts/1175.txt
290983,digitalcollections:gunn_1176,https://pfaffs-web.lib.lehigh.edu/gunn_transcripts/1176.txt,https://pfaffs-web.lib.lehigh.edu/gunn_transcripts/1176.txt
290984,digitalcollections:gunn_1177,https://pfaffs-web.lib.lehigh.edu/gunn_transcripts/1177.txt,https://pfaffs-web.lib.lehigh.edu/gunn_transcripts/1177.txt
290985,digitalcollections:gunn_1178,https://pfaffs-web.lib.lehigh.edu/gunn_transcripts/1178.txt,https://pfaffs-web.lib.lehigh.edu/gunn_transcripts/1178.txt
290986,digitalcollections:gunn_1163,https://pfaffs-web.lib.lehigh.edu/gunn_transcripts/1163.txt,https://pfaffs-web.lib.lehigh.edu/gunn_transcripts/1163.txt
290987,digitalcollections:gunn_1164,https://pfaffs-web.lib.lehigh.edu/gunn_transcripts/1164.txt,https://pfaffs-web.lib.lehigh.edu/gunn_transcripts/1164.txt
290988,digitalcollections:gunn_1165,https://pfaffs-web.lib.lehigh.edu/gunn_transcripts/1165.txt,https://pfaffs-web.lib.lehigh.edu/gunn_transcripts/1165.txt
290989,digitalcollections:gunn_1166,https://pfaffs-web.lib.lehigh.edu/gunn_transcripts/1166.txt,https://pfaffs-web.lib.lehigh.edu/gunn_transcripts/1166.txt
290990,digitalcollections:gunn_1167,https://pfaffs-web.lib.lehigh.edu/gunn_transcripts/1167.txt,https://pfaffs-web.lib.lehigh.edu/gunn_transcripts/1167.txt
290991,digitalcollections:gunn_1168,https://pfaffs-web.lib.lehigh.edu/gunn_transcripts/1168.txt,https://pfaffs-web.lib.lehigh.edu/gunn_transcripts/1168.txt
290992,digitalcollections:gunn_1169,https://pfaffs-web.lib.lehigh.edu/gunn_transcripts/1169.txt,https://pfaffs-web.lib.lehigh.edu/gunn_transcripts/1169.txt
290993,digitalcollections:gunn_1170,https://pfaffs-web.lib.lehigh.edu/gunn_transcripts/1170.txt,https://pfaffs-web.lib.lehigh.edu/gunn_transcripts/1170.txt
290994,digitalcollections:gunn_1199,https://pfaffs-web.lib.lehigh.edu/gunn_transcripts/1199.txt,https://pfaffs-web.lib.lehigh.edu/gunn_transcripts/1199.txt
290995,digitalcollections:gunn_1200,https://pfaffs-web.lib.lehigh.edu/gunn_transcripts/1200.txt,https://pfaffs-web.lib.lehigh.edu/gunn_transcripts/1200.txt
290996,digitalcollections:gunn_1201,https://pfaffs-web.lib.lehigh.edu/gunn_transcripts/1201.txt,https://pfaffs-web.lib.lehigh.edu/gunn_transcripts/1201.txt
290997,digitalcollections:gunn_1202,https://pfaffs-web.lib.lehigh.edu/gunn_transcripts/1202.txt,https://pfaffs-web.lib.lehigh.edu/gunn_transcripts/1202.txt
290998,digitalcollections:gunn_1203,https://pfaffs-web.lib.lehigh.edu/gunn_transcripts/1203.txt,https://pfaffs-web.lib.lehigh.edu/gunn_transcripts/1203.txt
290999,digitalcollections:gunn_1204,https://pfaffs-web.lib.lehigh.edu/gunn_transcripts/1204.txt,https://pfaffs-web.lib.lehigh.edu/gunn_transcripts/1204.txt
291000,digitalcollections:gunn_1205,https://pfaffs-web.lib.lehigh.edu/gunn_transcripts/1205.txt,https://pfaffs-web.lib.lehigh.edu/gunn_transcripts/1205.txt
291001,digitalcollections:gunn_1192,https://pfaffs-web.lib.lehigh.edu/gunn_transcripts/1192.txt,https://pfaffs-web.lib.lehigh.edu/gunn_transcripts/1192.txt
291002,digitalcollections:gunn_1193,https://pfaffs-web.lib.lehigh.edu/gunn_transcripts/1193.txt,https://pfaffs-web.lib.lehigh.edu/gunn_transcripts/1193.txt
291003,digitalcollections:gunn_1194,https://pfaffs-web.lib.lehigh.edu/gunn_transcripts/1194.txt,https://pfaffs-web.lib.lehigh.edu/gunn_transcripts/1194.txt
291004,digitalcollections:gunn_1195,https://pfaffs-web.lib.lehigh.edu/gunn_transcripts/1195.txt,https://pfaffs-web.lib.lehigh.edu/gunn_transcripts/1195.txt
291005,digitalcollections:gunn_1196,https://pfaffs-web.lib.lehigh.edu/gunn_transcripts/1196.txt,https://pfaffs-web.lib.lehigh.edu/gunn_transcripts/1196.txt
291006,digitalcollections:gunn_1197,https://pfaffs-web.lib.lehigh.edu/gunn_transcripts/1197.txt,https://pfaffs-web.lib.lehigh.edu/gunn_transcripts/1197.txt
291007,digitalcollections:gunn_1198,https://pfaffs-web.lib.lehigh.edu/gunn_transcripts/1198.txt,https://pfaffs-web.lib.lehigh.edu/gunn_transcripts/1198.txt
291008,digitalcollections:gunn_1207,https://pfaffs-web.lib.lehigh.edu/gunn_transcripts/1207.txt,https://pfaffs-web.lib.lehigh.edu/gunn_transcripts/1207.txt
291009,digitalcollections:gunn_1208,https://pfaffs-web.lib.lehigh.edu/gunn_transcripts/1208.txt,https://pfaffs-web.lib.lehigh.edu/gunn_transcripts/1208.txt
291010,digitalcollections:gunn_1209,https://pfaffs-web.lib.lehigh.edu/gunn_transcripts/1209.txt,https://pfaffs-web.lib.lehigh.edu/gunn_transcripts/1209.txt
291011,digitalcollections:gunn_1210,https://pfaffs-web.lib.lehigh.edu/gunn_transcripts/1210.txt,https://pfaffs-web.lib.lehigh.edu/gunn_transcripts/1210.txt
291012,digitalcollections:gunn_1211,https://pfaffs-web.lib.lehigh.edu/gunn_transcripts/1211.txt,https://pfaffs-web.lib.lehigh.edu/gunn_transcripts/1211.txt
291013,digitalcollections:gunn_1212,https://pfaffs-web.lib.lehigh.edu/gunn_transcripts/1212.txt,https://pfaffs-web.lib.lehigh.edu/gunn_transcripts/1212.txt
291014,digitalcollections:gunn_1213,https://pfaffs-web.lib.lehigh.edu/gunn_transcripts/1213.txt,https://pfaffs-web.lib.lehigh.edu/gunn_transcripts/1213.txt
291015,digitalcollections:gunn_1179,https://pfaffs-web.lib.lehigh.edu/gunn_transcripts/1179.txt,https://pfaffs-web.lib.lehigh.edu/gunn_transcripts/1179.txt
291016,digitalcollections:gunn_1180,https://pfaffs-web.lib.lehigh.edu/gunn_transcripts/1180.txt,https://pfaffs-web.lib.lehigh.edu/gunn_transcripts/1180.txt
291017,digitalcollections:gunn_1181,https://pfaffs-web.lib.lehigh.edu/gunn_transcripts/1181.txt,https://pfaffs-web.lib.lehigh.edu/gunn_transcripts/1181.txt
291018,digitalcollections:gunn_1182,https://pfaffs-web.lib.lehigh.edu/gunn_transcripts/1182.txt,https://pfaffs-web.lib.lehigh.edu/gunn_transcripts/1182.txt
291019,digitalcollections:gunn_1183,https://pfaffs-web.lib.lehigh.edu/gunn_transcripts/1183.txt,https://pfaffs-web.lib.lehigh.edu/gunn_transcripts/1183.txt
291020,digitalcollections:gunn_1184,https://pfaffs-web.lib.lehigh.edu/gunn_transcripts/1184.txt,https://pfaffs-web.lib.lehigh.edu/gunn_transcripts/1184.txt
291021,digitalcollections:gunn_1185,https://pfaffs-web.lib.lehigh.edu/gunn_transcripts/1185.txt,https://pfaffs-web.lib.lehigh.edu/gunn_transcripts/1185.txt
291022,digitalcollections:gunn_1186,https://pfaffs-web.lib.lehigh.edu/gunn_transcripts/1186.txt,https://pfaffs-web.lib.lehigh.edu/gunn_transcripts/1186.txt
291023,digitalcollections:gunn_1187,https://pfaffs-web.lib.lehigh.edu/gunn_transcripts/1187.txt,https://pfaffs-web.lib.lehigh.edu/gunn_transcripts/1187.txt
291024,digitalcollections:gunn_1188,https://pfaffs-web.lib.lehigh.edu/gunn_transcripts/1188.txt,https://pfaffs-web.lib.lehigh.edu/gunn_transcripts/1188.txt
291025,digitalcollections:gunn_1189,https://pfaffs-web.lib.lehigh.edu/gunn_transcripts/1189.txt,https://pfaffs-web.lib.lehigh.edu/gunn_transcripts/1189.txt
291026,digitalcollections:gunn_1190,https://pfaffs-web.lib.lehigh.edu/gunn_transcripts/1190.txt,https://pfaffs-web.lib.lehigh.edu/gunn_transcripts/1190.txt
291027,digitalcollections:gunn_1191,https://pfaffs-web.lib.lehigh.edu/gunn_transcripts/1191.txt,https://pfaffs-web.lib.lehigh.edu/gunn_transcripts/1191.txt
291028,digitalcollections:gunn_1206,https://pfaffs-web.lib.lehigh.edu/gunn_transcripts/1206.txt,https://pfaffs-web.lib.lehigh.edu/gunn_transcripts/1206.txt
291029,digitalcollections:gunn_1362,https://pfaffs-web.lib.lehigh.edu/gunn_transcripts/1362.txt,https://pfaffs-web.lib.lehigh.edu/gunn_transcripts/1362.txt
291030,digitalcollections:gunn_1363,https://pfaffs-web.lib.lehigh.edu/gunn_transcripts/1363.txt,https://pfaffs-web.lib.lehigh.edu/gunn_transcripts/1363.txt
291031,digitalcollections:gunn_1364,https://pfaffs-web.lib.lehigh.edu/gunn_transcripts/1364.txt,https://pfaffs-web.lib.lehigh.edu/gunn_transcripts/1364.txt
291032,digitalcollections:gunn_1365,https://pfaffs-web.lib.lehigh.edu/gunn_transcripts/1365.txt,https://pfaffs-web.lib.lehigh.edu/gunn_transcripts/1365.txt
291033,digitalcollections:gunn_1396,https://pfaffs-web.lib.lehigh.edu/gunn_transcripts/1396.txt,https://pfaffs-web.lib.lehigh.edu/gunn_transcripts/1396.txt
291034,digitalcollections:gunn_1397,https://pfaffs-web.lib.lehigh.edu/gunn_transcripts/1397.txt,https://pfaffs-web.lib.lehigh.edu/gunn_transcripts/1397.txt
291035,digitalcollections:gunn_1398,https://pfaffs-web.lib.lehigh.edu/gunn_transcripts/1398.txt,https://pfaffs-web.lib.lehigh.edu/gunn_transcripts/1398.txt
291036,digitalcollections:gunn_1399,https://pfaffs-web.lib.lehigh.edu/gunn_transcripts/1399.txt,https://pfaffs-web.lib.lehigh.edu/gunn_transcripts/1399.txt
291037,digitalcollections:gunn_1400,https://pfaffs-web.lib.lehigh.edu/gunn_transcripts/1400.txt,https://pfaffs-web.lib.lehigh.edu/gunn_transcripts/1400.txt
291038,digitalcollections:gunn_1401,https://pfaffs-web.lib.lehigh.edu/gunn_transcripts/1401.txt,https://pfaffs-web.lib.lehigh.edu/gunn_transcripts/1401.txt
291039,digitalcollections:gunn_1402,https://pfaffs-web.lib.lehigh.edu/gunn_transcripts/1402.txt,https://pfaffs-web.lib.lehigh.edu/gunn_transcripts/1402.txt
291040,digitalcollections:gunn_1403,https://pfaffs-web.lib.lehigh.edu/gunn_transcripts/1403.txt,https://pfaffs-web.lib.lehigh.edu/gunn_transcripts/1403.txt
291041,digitalcollections:gunn_1381,https://pfaffs-web.lib.lehigh.edu/gunn_transcripts/1381.txt,https://pfaffs-web.lib.lehigh.edu/gunn_transcripts/1381.txt
291042,digitalcollections:gunn_1382,https://pfaffs-web.lib.lehigh.edu/gunn_transcripts/1382.txt,https://pfaffs-web.lib.lehigh.edu/gunn_transcripts/1382.txt
291043,digitalcollections:gunn_1383,https://pfaffs-web.lib.lehigh.edu/gunn_transcripts/1383.txt,https://pfaffs-web.lib.lehigh.edu/gunn_transcripts/1383.txt
291044,digitalcollections:gunn_1384,https://pfaffs-web.lib.lehigh.edu/gunn_transcripts/1384.txt,https://pfaffs-web.lib.lehigh.edu/gunn_transcripts/1384.txt
291045,digitalcollections:gunn_1385,https://pfaffs-web.lib.lehigh.edu/gunn_transcripts/1385.txt,https://pfaffs-web.lib.lehigh.edu/gunn_transcripts/1385.txt
291046,digitalcollections:gunn_1386,https://pfaffs-web.lib.lehigh.edu/gunn_transcripts/1386.txt,https://pfaffs-web.lib.lehigh.edu/gunn_transcripts/1386.txt
291047,digitalcollections:gunn_1387,https://pfaffs-web.lib.lehigh.edu/gunn_transcripts/1387.txt,https://pfaffs-web.lib.lehigh.edu/gunn_transcripts/1387.txt
291048,digitalcollections:gunn_1389,https://pfaffs-web.lib.lehigh.edu/gunn_transcripts/1389.txt,https://pfaffs-web.lib.lehigh.edu/gunn_transcripts/1389.txt
291049,digitalcollections:gunn_1390,https://pfaffs-web.lib.lehigh.edu/gunn_transcripts/1390.txt,https://pfaffs-web.lib.lehigh.edu/gunn_transcripts/1390.txt
291050,digitalcollections:gunn_1391,https://pfaffs-web.lib.lehigh.edu/gunn_transcripts/1391.txt,https://pfaffs-web.lib.lehigh.edu/gunn_transcripts/1391.txt
291051,digitalcollections:gunn_1392,https://pfaffs-web.lib.lehigh.edu/gunn_transcripts/1392.txt,https://pfaffs-web.lib.lehigh.edu/gunn_transcripts/1392.txt
291052,digitalcollections:gunn_1393,https://pfaffs-web.lib.lehigh.edu/gunn_transcripts/1393.txt,https://pfaffs-web.lib.lehigh.edu/gunn_transcripts/1393.txt
291053,digitalcollections:gunn_1394,https://pfaffs-web.lib.lehigh.edu/gunn_transcripts/1394.txt,https://pfaffs-web.lib.lehigh.edu/gunn_transcripts/1394.txt
291054,digitalcollections:gunn_1395,https://pfaffs-web.lib.lehigh.edu/gunn_transcripts/1395.txt,https://pfaffs-web.lib.lehigh.edu/gunn_transcripts/1395.txt
291055,digitalcollections:gunn_1374,https://pfaffs-web.lib.lehigh.edu/gunn_transcripts/1374.txt,https://pfaffs-web.lib.lehigh.edu/gunn_transcripts/1374.txt
291056,digitalcollections:gunn_1375,https://pfaffs-web.lib.lehigh.edu/gunn_transcripts/1375.txt,https://pfaffs-web.lib.lehigh.edu/gunn_transcripts/1375.txt
291057,digitalcollections:gunn_1376,https://pfaffs-web.lib.lehigh.edu/gunn_transcripts/1376.txt,https://pfaffs-web.lib.lehigh.edu/gunn_transcripts/1376.txt
291058,digitalcollections:gunn_1377,https://pfaffs-web.lib.lehigh.edu/gunn_transcripts/1377.txt,https://pfaffs-web.lib.lehigh.edu/gunn_transcripts/1377.txt
291059,digitalcollections:gunn_1378,https://pfaffs-web.lib.lehigh.edu/gunn_transcripts/1378.txt,https://pfaffs-web.lib.lehigh.edu/gunn_transcripts/1378.txt
291060,digitalcollections:gunn_1379,https://pfaffs-web.lib.lehigh.edu/gunn_transcripts/1379.txt,https://pfaffs-web.lib.lehigh.edu/gunn_transcripts/1379.txt
291061,digitalcollections:gunn_1380,https://pfaffs-web.lib.lehigh.edu/gunn_transcripts/1380.txt,https://pfaffs-web.lib.lehigh.edu/gunn_transcripts/1380.txt
291062,digitalcollections:gunn_1545,https://pfaffs-web.lib.lehigh.edu/gunn_transcripts/1545.txt,https://pfaffs-web.lib.lehigh.edu/gunn_transcripts/1545.txt
291063,digitalcollections:gunn_1546,https://pfaffs-web.lib.lehigh.edu/gunn_transcripts/1546.txt,https://pfaffs-web.lib.lehigh.edu/gunn_transcripts/1546.txt
291064,digitalcollections:gunn_1547,https://pfaffs-web.lib.lehigh.edu/gunn_transcripts/1547.txt,https://pfaffs-web.lib.lehigh.edu/gunn_transcripts/1547.txt
291065,digitalcollections:gunn_1548,https://pfaffs-web.lib.lehigh.edu/gunn_transcripts/1548.txt,https://pfaffs-web.lib.lehigh.edu/gunn_transcripts/1548.txt
291066,digitalcollections:gunn_1549,https://pfaffs-web.lib.lehigh.edu/gunn_transcripts/1549.txt,https://pfaffs-web.lib.lehigh.edu/gunn_transcripts/1549.txt
291067,digitalcollections:gunn_1550,https://pfaffs-web.lib.lehigh.edu/gunn_transcripts/1550.txt,https://pfaffs-web.lib.lehigh.edu/gunn_transcripts/1550.txt
291068,digitalcollections:gunn_1551,https://pfaffs-web.lib.lehigh.edu/gunn_transcripts/1551.txt,https://pfaffs-web.lib.lehigh.edu/gunn_transcripts/1551.txt
291069,digitalcollections:gunn_1552,https://pfaffs-web.lib.lehigh.edu/gunn_transcripts/1552.txt,https://pfaffs-web.lib.lehigh.edu/gunn_transcripts/1552.txt
291070,digitalcollections:gunn_1553,https://pfaffs-web.lib.lehigh.edu/gunn_transcripts/1553.txt,https://pfaffs-web.lib.lehigh.edu/gunn_transcripts/1553.txt
291071,digitalcollections:gunn_1562,https://pfaffs-web.lib.lehigh.edu/gunn_transcripts/1562.txt,https://pfaffs-web.lib.lehigh.edu/gunn_transcripts/1562.txt
291072,digitalcollections:gunn_1563,https://pfaffs-web.lib.lehigh.edu/gunn_transcripts/1563.txt,https://pfaffs-web.lib.lehigh.edu/gunn_transcripts/1563.txt
291073,digitalcollections:gunn_1564,https://pfaffs-web.lib.lehigh.edu/gunn_transcripts/1564.txt,https://pfaffs-web.lib.lehigh.edu/gunn_transcripts/1564.txt
291074,digitalcollections:gunn_1565,https://pfaffs-web.lib.lehigh.edu/gunn_transcripts/1565.txt,https://pfaffs-web.lib.lehigh.edu/gunn_transcripts/1565.txt
291075,digitalcollections:gunn_1566,https://pfaffs-web.lib.lehigh.edu/gunn_transcripts/1566.txt,https://pfaffs-web.lib.lehigh.edu/gunn_transcripts/1566.txt
291076,digitalcollections:gunn_1567,https://pfaffs-web.lib.lehigh.edu/gunn_transcripts/1567.txt,https://pfaffs-web.lib.lehigh.edu/gunn_transcripts/1567.txt
291077,digitalcollections:gunn_1568,https://pfaffs-web.lib.lehigh.edu/gunn_transcripts/1568.txt,https://pfaffs-web.lib.lehigh.edu/gunn_transcripts/1568.txt
291078,digitalcollections:gunn_1569,https://pfaffs-web.lib.lehigh.edu/gunn_transcripts/1569.txt,https://pfaffs-web.lib.lehigh.edu/gunn_transcripts/1569.txt
291079,digitalcollections:gunn_1570,https://pfaffs-web.lib.lehigh.edu/gunn_transcripts/1570.txt,https://pfaffs-web.lib.lehigh.edu/gunn_transcripts/1570.txt
291080,digitalcollections:gunn_1579,https://pfaffs-web.lib.lehigh.edu/gunn_transcripts/1579.txt,https://pfaffs-web.lib.lehigh.edu/gunn_transcripts/1579.txt
291081,digitalcollections:gunn_1580,https://pfaffs-web.lib.lehigh.edu/gunn_transcripts/1580.txt,https://pfaffs-web.lib.lehigh.edu/gunn_transcripts/1580.txt
291082,digitalcollections:gunn_1581,https://pfaffs-web.lib.lehigh.edu/gunn_transcripts/1581.txt,https://pfaffs-web.lib.lehigh.edu/gunn_transcripts/1581.txt
291083,digitalcollections:gunn_1582,https://pfaffs-web.lib.lehigh.edu/gunn_transcripts/1582.txt,https://pfaffs-web.lib.lehigh.edu/gunn_transcripts/1582.txt
291084,digitalcollections:gunn_1583,https://pfaffs-web.lib.lehigh.edu/gunn_transcripts/1583.txt,https://pfaffs-web.lib.lehigh.edu/gunn_transcripts/1583.txt
291085,digitalcollections:gunn_1584,https://pfaffs-web.lib.lehigh.edu/gunn_transcripts/1584.txt,https://pfaffs-web.lib.lehigh.edu/gunn_transcripts/1584.txt
291086,digitalcollections:gunn_1585,https://pfaffs-web.lib.lehigh.edu/gunn_transcripts/1585.txt,https://pfaffs-web.lib.lehigh.edu/gunn_transcripts/1585.txt
291087,digitalcollections:gunn_1586,https://pfaffs-web.lib.lehigh.edu/gunn_transcripts/1586.txt,https://pfaffs-web.lib.lehigh.edu/gunn_transcripts/1586.txt
291088,digitalcollections:gunn_1587,https://pfaffs-web.lib.lehigh.edu/gunn_transcripts/1587.txt,https://pfaffs-web.lib.lehigh.edu/gunn_transcripts/1587.txt
291089,digitalcollections:gunn_1492,https://pfaffs-web.lib.lehigh.edu/gunn_transcripts/1492.txt,https://pfaffs-web.lib.lehigh.edu/gunn_transcripts/1492.txt
291090,digitalcollections:gunn_1493,https://pfaffs-web.lib.lehigh.edu/gunn_transcripts/1493.txt,https://pfaffs-web.lib.lehigh.edu/gunn_transcripts/1493.txt
291091,digitalcollections:gunn_1494,https://pfaffs-web.lib.lehigh.edu/gunn_transcripts/1494.txt,https://pfaffs-web.lib.lehigh.edu/gunn_transcripts/1494.txt
291092,digitalcollections:gunn_1495,https://pfaffs-web.lib.lehigh.edu/gunn_transcripts/1495.txt,https://pfaffs-web.lib.lehigh.edu/gunn_transcripts/1495.txt
291093,digitalcollections:gunn_1496,https://pfaffs-web.lib.lehigh.edu/gunn_transcripts/1496.txt,https://pfaffs-web.lib.lehigh.edu/gunn_transcripts/1496.txt
291094,digitalcollections:gunn_1497,https://pfaffs-web.lib.lehigh.edu/gunn_transcripts/1497.txt,https://pfaffs-web.lib.lehigh.edu/gunn_transcripts/1497.txt
291095,digitalcollections:gunn_1498,https://pfaffs-web.lib.lehigh.edu/gunn_transcripts/1498.txt,https://pfaffs-web.lib.lehigh.edu/gunn_transcripts/1498.txt
291096,digitalcollections:gunn_1499,https://pfaffs-web.lib.lehigh.edu/gunn_transcripts/1499.txt,https://pfaffs-web.lib.lehigh.edu/gunn_transcripts/1499.txt
291097,digitalcollections:gunn_1500,https://pfaffs-web.lib.lehigh.edu/gunn_transcripts/1500.txt,https://pfaffs-web.lib.lehigh.edu/gunn_transcripts/1500.txt
291098,digitalcollections:gunn_1571,https://pfaffs-web.lib.lehigh.edu/gunn_transcripts/1571.txt,https://pfaffs-web.lib.lehigh.edu/gunn_transcripts/1571.txt
291099,digitalcollections:gunn_1572,https://pfaffs-web.lib.lehigh.edu/gunn_transcripts/1572.txt,https://pfaffs-web.lib.lehigh.edu/gunn_transcripts/1572.txt
291100,digitalcollections:gunn_1573,https://pfaffs-web.lib.lehigh.edu/gunn_transcripts/1573.txt,https://pfaffs-web.lib.lehigh.edu/gunn_transcripts/1573.txt
291101,digitalcollections:gunn_1574,https://pfaffs-web.lib.lehigh.edu/gunn_transcripts/1574.txt,https://pfaffs-web.lib.lehigh.edu/gunn_transcripts/1574.txt
291102,digitalcollections:gunn_1575,https://pfaffs-web.lib.lehigh.edu/gunn_transcripts/1575.txt,https://pfaffs-web.lib.lehigh.edu/gunn_transcripts/1575.txt
291103,digitalcollections:gunn_1576,https://pfaffs-web.lib.lehigh.edu/gunn_transcripts/1576.txt,https://pfaffs-web.lib.lehigh.edu/gunn_transcripts/1576.txt
291104,digitalcollections:gunn_1577,https://pfaffs-web.lib.lehigh.edu/gunn_transcripts/1577.txt,https://pfaffs-web.lib.lehigh.edu/gunn_transcripts/1577.txt
291105,digitalcollections:gunn_1578,https://pfaffs-web.lib.lehigh.edu/gunn_transcripts/1578.txt,https://pfaffs-web.lib.lehigh.edu/gunn_transcripts/1578.txt
291106,digitalcollections:gunn_1554,https://pfaffs-web.lib.lehigh.edu/gunn_transcripts/1554.txt,https://pfaffs-web.lib.lehigh.edu/gunn_transcripts/1554.txt
291107,digitalcollections:gunn_1555,https://pfaffs-web.lib.lehigh.edu/gunn_transcripts/1555.txt,https://pfaffs-web.lib.lehigh.edu/gunn_transcripts/1555.txt
291108,digitalcollections:gunn_1556,https://pfaffs-web.lib.lehigh.edu/gunn_transcripts/1556.txt,https://pfaffs-web.lib.lehigh.edu/gunn_transcripts/1556.txt
291109,digitalcollections:gunn_1557,https://pfaffs-web.lib.lehigh.edu/gunn_transcripts/1557.txt,https://pfaffs-web.lib.lehigh.edu/gunn_transcripts/1557.txt
291110,digitalcollections:gunn_1558,https://pfaffs-web.lib.lehigh.edu/gunn_transcripts/1558.txt,https://pfaffs-web.lib.lehigh.edu/gunn_transcripts/1558.txt
291111,digitalcollections:gunn_1559,https://pfaffs-web.lib.lehigh.edu/gunn_transcripts/1559.txt,https://pfaffs-web.lib.lehigh.edu/gunn_transcripts/1559.txt
291112,digitalcollections:gunn_1560,https://pfaffs-web.lib.lehigh.edu/gunn_transcripts/1560.txt,https://pfaffs-web.lib.lehigh.edu/gunn_transcripts/1560.txt
291113,digitalcollections:gunn_1561,https://pfaffs-web.lib.lehigh.edu/gunn_transcripts/1561.txt,https://pfaffs-web.lib.lehigh.edu/gunn_transcripts/1561.txt
291114,digitalcollections:gunn_1588,https://pfaffs-web.lib.lehigh.edu/gunn_transcripts/1588.txt,https://pfaffs-web.lib.lehigh.edu/gunn_transcripts/1588.txt
291115,digitalcollections:gunn_1589,https://pfaffs-web.lib.lehigh.edu/gunn_transcripts/1589.txt,https://pfaffs-web.lib.lehigh.edu/gunn_transcripts/1589.txt
291116,digitalcollections:gunn_1590,https://pfaffs-web.lib.lehigh.edu/gunn_transcripts/1590.txt,https://pfaffs-web.lib.lehigh.edu/gunn_transcripts/1590.txt
291117,digitalcollections:gunn_1591,https://pfaffs-web.lib.lehigh.edu/gunn_transcripts/1591.txt,https://pfaffs-web.lib.lehigh.edu/gunn_transcripts/1591.txt
291118,digitalcollections:gunn_1592,https://pfaffs-web.lib.lehigh.edu/gunn_transcripts/1592.txt,https://pfaffs-web.lib.lehigh.edu/gunn_transcripts/1592.txt
291119,digitalcollections:gunn_1593,https://pfaffs-web.lib.lehigh.edu/gunn_transcripts/1593.txt,https://pfaffs-web.lib.lehigh.edu/gunn_transcripts/1593.txt
291120,digitalcollections:gunn_1594,https://pfaffs-web.lib.lehigh.edu/gunn_transcripts/1594.txt,https://pfaffs-web.lib.lehigh.edu/gunn_transcripts/1594.txt
291121,digitalcollections:gunn_1595,https://pfaffs-web.lib.lehigh.edu/gunn_transcripts/1595.txt,https://pfaffs-web.lib.lehigh.edu/gunn_transcripts/1595.txt
291122,digitalcollections:gunn_1533,https://pfaffs-web.lib.lehigh.edu/gunn_transcripts/1533.txt,https://pfaffs-web.lib.lehigh.edu/gunn_transcripts/1533.txt
291123,digitalcollections:gunn_1534,https://pfaffs-web.lib.lehigh.edu/gunn_transcripts/1534.txt,https://pfaffs-web.lib.lehigh.edu/gunn_transcripts/1534.txt
291124,digitalcollections:gunn_1535,https://pfaffs-web.lib.lehigh.edu/gunn_transcripts/1535.txt,https://pfaffs-web.lib.lehigh.edu/gunn_transcripts/1535.txt
291125,digitalcollections:gunn_1536,https://pfaffs-web.lib.lehigh.edu/gunn_transcripts/1536.txt,https://pfaffs-web.lib.lehigh.edu/gunn_transcripts/1536.txt
291126,digitalcollections:gunn_1537,https://pfaffs-web.lib.lehigh.edu/gunn_transcripts/1537.txt,https://pfaffs-web.lib.lehigh.edu/gunn_transcripts/1537.txt
291127,digitalcollections:gunn_1538,https://pfaffs-web.lib.lehigh.edu/gunn_transcripts/1538.txt,https://pfaffs-web.lib.lehigh.edu/gunn_transcripts/1538.txt
291128,digitalcollections:gunn_1539,https://pfaffs-web.lib.lehigh.edu/gunn_transcripts/1539.txt,https://pfaffs-web.lib.lehigh.edu/gunn_transcripts/1539.txt
291129,digitalcollections:gunn_1540,https://pfaffs-web.lib.lehigh.edu/gunn_transcripts/1540.txt,https://pfaffs-web.lib.lehigh.edu/gunn_transcripts/1540.txt
291130,digitalcollections:gunn_1526,https://pfaffs-web.lib.lehigh.edu/gunn_transcripts/1526.txt,https://pfaffs-web.lib.lehigh.edu/gunn_transcripts/1526.txt
291131,digitalcollections:gunn_1527,https://pfaffs-web.lib.lehigh.edu/gunn_transcripts/1527.txt,https://pfaffs-web.lib.lehigh.edu/gunn_transcripts/1527.txt
291132,digitalcollections:gunn_1528,https://pfaffs-web.lib.lehigh.edu/gunn_transcripts/1528.txt,https://pfaffs-web.lib.lehigh.edu/gunn_transcripts/1528.txt
291133,digitalcollections:gunn_1529,https://pfaffs-web.lib.lehigh.edu/gunn_transcripts/1529.txt,https://pfaffs-web.lib.lehigh.edu/gunn_transcripts/1529.txt
291134,digitalcollections:gunn_1530,https://pfaffs-web.lib.lehigh.edu/gunn_transcripts/1530.txt,https://pfaffs-web.lib.lehigh.edu/gunn_transcripts/1530.txt
291135,digitalcollections:gunn_1531,https://pfaffs-web.lib.lehigh.edu/gunn_transcripts/1531.txt,https://pfaffs-web.lib.lehigh.edu/gunn_transcripts/1531.txt
291136,digitalcollections:gunn_1532,https://pfaffs-web.lib.lehigh.edu/gunn_transcripts/1532.txt,https://pfaffs-web.lib.lehigh.edu/gunn_transcripts/1532.txt
291137,digitalcollections:gunn_1541,https://pfaffs-web.lib.lehigh.edu/gunn_transcripts/1541.txt,https://pfaffs-web.lib.lehigh.edu/gunn_transcripts/1541.txt
291138,digitalcollections:gunn_1542,https://pfaffs-web.lib.lehigh.edu/gunn_transcripts/1542.txt,https://pfaffs-web.lib.lehigh.edu/gunn_transcripts/1542.txt
291139,digitalcollections:gunn_1543,https://pfaffs-web.lib.lehigh.edu/gunn_transcripts/1543.txt,https://pfaffs-web.lib.lehigh.edu/gunn_transcripts/1543.txt
291140,digitalcollections:gunn_1544,https://pfaffs-web.lib.lehigh.edu/gunn_transcripts/1544.txt,https://pfaffs-web.lib.lehigh.edu/gunn_transcripts/1544.txt
291141,digitalcollections:gunn_1412,https://pfaffs-web.lib.lehigh.edu/gunn_transcripts/1412.txt,https://pfaffs-web.lib.lehigh.edu/gunn_transcripts/1412.txt
291142,digitalcollections:gunn_1413,https://pfaffs-web.lib.lehigh.edu/gunn_transcripts/1413.txt,https://pfaffs-web.lib.lehigh.edu/gunn_transcripts/1413.txt
291143,digitalcollections:gunn_1414,https://pfaffs-web.lib.lehigh.edu/gunn_transcripts/1414.txt,https://pfaffs-web.lib.lehigh.edu/gunn_transcripts/1414.txt
291144,digitalcollections:gunn_1415,https://pfaffs-web.lib.lehigh.edu/gunn_transcripts/1415.txt,https://pfaffs-web.lib.lehigh.edu/gunn_transcripts/1415.txt
291145,digitalcollections:gunn_1416,https://pfaffs-web.lib.lehigh.edu/gunn_transcripts/1416.txt,https://pfaffs-web.lib.lehigh.edu/gunn_transcripts/1416.txt
291146,digitalcollections:gunn_1417,https://pfaffs-web.lib.lehigh.edu/gunn_transcripts/1417.txt,https://pfaffs-web.lib.lehigh.edu/gunn_transcripts/1417.txt
291147,digitalcollections:gunn_1418,https://pfaffs-web.lib.lehigh.edu/gunn_transcripts/1418.txt,https://pfaffs-web.lib.lehigh.edu/gunn_transcripts/1418.txt
291148,digitalcollections:gunn_1419,https://pfaffs-web.lib.lehigh.edu/gunn_transcripts/1419.txt,https://pfaffs-web.lib.lehigh.edu/gunn_transcripts/1419.txt
291149,digitalcollections:gunn_1404,https://pfaffs-web.lib.lehigh.edu/gunn_transcripts/1404.txt,https://pfaffs-web.lib.lehigh.edu/gunn_transcripts/1404.txt
291150,digitalcollections:gunn_1405,https://pfaffs-web.lib.lehigh.edu/gunn_transcripts/1405.txt,https://pfaffs-web.lib.lehigh.edu/gunn_transcripts/1405.txt
291151,digitalcollections:gunn_1406,https://pfaffs-web.lib.lehigh.edu/gunn_transcripts/1406.txt,https://pfaffs-web.lib.lehigh.edu/gunn_transcripts/1406.txt
291152,digitalcollections:gunn_1407,https://pfaffs-web.lib.lehigh.edu/gunn_transcripts/1407.txt,https://pfaffs-web.lib.lehigh.edu/gunn_transcripts/1407.txt
291153,digitalcollections:gunn_1408,https://pfaffs-web.lib.lehigh.edu/gunn_transcripts/1408.txt,https://pfaffs-web.lib.lehigh.edu/gunn_transcripts/1408.txt
291154,digitalcollections:gunn_1409,https://pfaffs-web.lib.lehigh.edu/gunn_transcripts/1409.txt,https://pfaffs-web.lib.lehigh.edu/gunn_transcripts/1409.txt
291155,digitalcollections:gunn_1410,https://pfaffs-web.lib.lehigh.edu/gunn_transcripts/1410.txt,https://pfaffs-web.lib.lehigh.edu/gunn_transcripts/1410.txt
291156,digitalcollections:gunn_1411,https://pfaffs-web.lib.lehigh.edu/gunn_transcripts/1411.txt,https://pfaffs-web.lib.lehigh.edu/gunn_transcripts/1411.txt
291157,digitalcollections:gunn_1443,https://pfaffs-web.lib.lehigh.edu/gunn_transcripts/1443.txt,https://pfaffs-web.lib.lehigh.edu/gunn_transcripts/1443.txt
291158,digitalcollections:gunn_1444,https://pfaffs-web.lib.lehigh.edu/gunn_transcripts/1444.txt,https://pfaffs-web.lib.lehigh.edu/gunn_transcripts/1444.txt
291159,digitalcollections:gunn_1445,https://pfaffs-web.lib.lehigh.edu/gunn_transcripts/1445.txt,https://pfaffs-web.lib.lehigh.edu/gunn_transcripts/1445.txt
291160,digitalcollections:gunn_1446,https://pfaffs-web.lib.lehigh.edu/gunn_transcripts/1446.txt,https://pfaffs-web.lib.lehigh.edu/gunn_transcripts/1446.txt
291161,digitalcollections:gunn_1447,https://pfaffs-web.lib.lehigh.edu/gunn_transcripts/1447.txt,https://pfaffs-web.lib.lehigh.edu/gunn_transcripts/1447.txt
291162,digitalcollections:gunn_1448,https://pfaffs-web.lib.lehigh.edu/gunn_transcripts/1448.txt,https://pfaffs-web.lib.lehigh.edu/gunn_transcripts/1448.txt
291163,digitalcollections:gunn_1449,https://pfaffs-web.lib.lehigh.edu/gunn_transcripts/1449.txt,https://pfaffs-web.lib.lehigh.edu/gunn_transcripts/1449.txt
291164,digitalcollections:gunn_1450,https://pfaffs-web.lib.lehigh.edu/gunn_transcripts/1450.txt,https://pfaffs-web.lib.lehigh.edu/gunn_transcripts/1450.txt
291165,digitalcollections:gunn_1435,https://pfaffs-web.lib.lehigh.edu/gunn_transcripts/1435.txt,https://pfaffs-web.lib.lehigh.edu/gunn_transcripts/1435.txt
291166,digitalcollections:gunn_1436,https://pfaffs-web.lib.lehigh.edu/gunn_transcripts/1436.txt,https://pfaffs-web.lib.lehigh.edu/gunn_transcripts/1436.txt
291167,digitalcollections:gunn_1437,https://pfaffs-web.lib.lehigh.edu/gunn_transcripts/1437.txt,https://pfaffs-web.lib.lehigh.edu/gunn_transcripts/1437.txt
291168,digitalcollections:gunn_1438,https://pfaffs-web.lib.lehigh.edu/gunn_transcripts/1438.txt,https://pfaffs-web.lib.lehigh.edu/gunn_transcripts/1438.txt
291169,digitalcollections:gunn_1439,https://pfaffs-web.lib.lehigh.edu/gunn_transcripts/1439.txt,https://pfaffs-web.lib.lehigh.edu/gunn_transcripts/1439.txt
291170,digitalcollections:gunn_1440,https://pfaffs-web.lib.lehigh.edu/gunn_transcripts/1440.txt,https://pfaffs-web.lib.lehigh.edu/gunn_transcripts/1440.txt
291171,digitalcollections:gunn_1441,https://pfaffs-web.lib.lehigh.edu/gunn_transcripts/1441.txt,https://pfaffs-web.lib.lehigh.edu/gunn_transcripts/1441.txt
291172,digitalcollections:gunn_1428,https://pfaffs-web.lib.lehigh.edu/gunn_transcripts/1428.txt,https://pfaffs-web.lib.lehigh.edu/gunn_transcripts/1428.txt
291173,digitalcollections:gunn_1429,https://pfaffs-web.lib.lehigh.edu/gunn_transcripts/1429.txt,https://pfaffs-web.lib.lehigh.edu/gunn_transcripts/1429.txt
291174,digitalcollections:gunn_1430,https://pfaffs-web.lib.lehigh.edu/gunn_transcripts/1430.txt,https://pfaffs-web.lib.lehigh.edu/gunn_transcripts/1430.txt
291175,digitalcollections:gunn_1431,https://pfaffs-web.lib.lehigh.edu/gunn_transcripts/1431.txt,https://pfaffs-web.lib.lehigh.edu/gunn_transcripts/1431.txt
291176,digitalcollections:gunn_1432,https://pfaffs-web.lib.lehigh.edu/gunn_transcripts/1432.txt,https://pfaffs-web.lib.lehigh.edu/gunn_transcripts/1432.txt
291177,digitalcollections:gunn_1433,https://pfaffs-web.lib.lehigh.edu/gunn_transcripts/1433.txt,https://pfaffs-web.lib.lehigh.edu/gunn_transcripts/1433.txt
291178,digitalcollections:gunn_1434,https://pfaffs-web.lib.lehigh.edu/gunn_transcripts/1434.txt,https://pfaffs-web.lib.lehigh.edu/gunn_transcripts/1434.txt
291179,digitalcollections:gunn_1451,https://pfaffs-web.lib.lehigh.edu/gunn_transcripts/1451.txt,https://pfaffs-web.lib.lehigh.edu/gunn_transcripts/1451.txt
291180,digitalcollections:gunn_1452,https://pfaffs-web.lib.lehigh.edu/gunn_transcripts/1452.txt,https://pfaffs-web.lib.lehigh.edu/gunn_transcripts/1452.txt
291181,digitalcollections:gunn_1453,https://pfaffs-web.lib.lehigh.edu/gunn_transcripts/1453.txt,https://pfaffs-web.lib.lehigh.edu/gunn_transcripts/1453.txt
291182,digitalcollections:gunn_1454,https://pfaffs-web.lib.lehigh.edu/gunn_transcripts/1454.txt,https://pfaffs-web.lib.lehigh.edu/gunn_transcripts/1454.txt
291183,digitalcollections:gunn_1455,https://pfaffs-web.lib.lehigh.edu/gunn_transcripts/1455.txt,https://pfaffs-web.lib.lehigh.edu/gunn_transcripts/1455.txt
291184,digitalcollections:gunn_1456,https://pfaffs-web.lib.lehigh.edu/gunn_transcripts/1456.txt,https://pfaffs-web.lib.lehigh.edu/gunn_transcripts/1456.txt
291185,digitalcollections:gunn_1457,https://pfaffs-web.lib.lehigh.edu/gunn_transcripts/1457.txt,https://pfaffs-web.lib.lehigh.edu/gunn_transcripts/1457.txt
291186,digitalcollections:gunn_1367,https://pfaffs-web.lib.lehigh.edu/gunn_transcripts/1367.txt,https://pfaffs-web.lib.lehigh.edu/gunn_transcripts/1367.txt
291187,digitalcollections:gunn_1368,https://pfaffs-web.lib.lehigh.edu/gunn_transcripts/1368.txt,https://pfaffs-web.lib.lehigh.edu/gunn_transcripts/1368.txt
291188,digitalcollections:gunn_1369,https://pfaffs-web.lib.lehigh.edu/gunn_transcripts/1369.txt,https://pfaffs-web.lib.lehigh.edu/gunn_transcripts/1369.txt
291189,digitalcollections:gunn_1370,https://pfaffs-web.lib.lehigh.edu/gunn_transcripts/1370.txt,https://pfaffs-web.lib.lehigh.edu/gunn_transcripts/1370.txt
291190,digitalcollections:gunn_1371,https://pfaffs-web.lib.lehigh.edu/gunn_transcripts/1371.txt,https://pfaffs-web.lib.lehigh.edu/gunn_transcripts/1371.txt
291191,digitalcollections:gunn_1372,https://pfaffs-web.lib.lehigh.edu/gunn_transcripts/1372.txt,https://pfaffs-web.lib.lehigh.edu/gunn_transcripts/1372.txt
291192,digitalcollections:gunn_1373,https://pfaffs-web.lib.lehigh.edu/gunn_transcripts/1373.txt,https://pfaffs-web.lib.lehigh.edu/gunn_transcripts/1373.txt
291193,digitalcollections:gunn_1442,https://pfaffs-web.lib.lehigh.edu/gunn_transcripts/1442.txt,https://pfaffs-web.lib.lehigh.edu/gunn_transcripts/1442.txt
291194,digitalcollections:gunn_1388,https://pfaffs-web.lib.lehigh.edu/gunn_transcripts/1388.txt,https://pfaffs-web.lib.lehigh.edu/gunn_transcripts/1388.txt
291195,digitalcollections:gunn_1366,https://pfaffs-web.lib.lehigh.edu/gunn_transcripts/1366.txt,https://pfaffs-web.lib.lehigh.edu/gunn_transcripts/1366.txt
291196,digitalcollections:gunn_1596,https://pfaffs-web.lib.lehigh.edu/gunn_transcripts/1596.txt,https://pfaffs-web.lib.lehigh.edu/gunn_transcripts/1596.txt
291197,digitalcollections:gunn_1597,https://pfaffs-web.lib.lehigh.edu/gunn_transcripts/1597.txt,https://pfaffs-web.lib.lehigh.edu/gunn_transcripts/1597.txt
291198,digitalcollections:gunn_1598,https://pfaffs-web.lib.lehigh.edu/gunn_transcripts/1598.txt,https://pfaffs-web.lib.lehigh.edu/gunn_transcripts/1598.txt
291199,digitalcollections:gunn_1599,https://pfaffs-web.lib.lehigh.edu/gunn_transcripts/1599.txt,https://pfaffs-web.lib.lehigh.edu/gunn_transcripts/1599.txt
291200,digitalcollections:gunn_1600,https://pfaffs-web.lib.lehigh.edu/gunn_transcripts/1600.txt,https://pfaffs-web.lib.lehigh.edu/gunn_transcripts/1600.txt
291201,digitalcollections:gunn_1501,https://pfaffs-web.lib.lehigh.edu/gunn_transcripts/1501.txt,https://pfaffs-web.lib.lehigh.edu/gunn_transcripts/1501.txt
291202,digitalcollections:gunn_1502,https://pfaffs-web.lib.lehigh.edu/gunn_transcripts/1502.txt,https://pfaffs-web.lib.lehigh.edu/gunn_transcripts/1502.txt
291203,digitalcollections:gunn_1503,https://pfaffs-web.lib.lehigh.edu/gunn_transcripts/1503.txt,https://pfaffs-web.lib.lehigh.edu/gunn_transcripts/1503.txt
291204,digitalcollections:gunn_1504,https://pfaffs-web.lib.lehigh.edu/gunn_transcripts/1504.txt,https://pfaffs-web.lib.lehigh.edu/gunn_transcripts/1504.txt
291205,digitalcollections:gunn_1505,https://pfaffs-web.lib.lehigh.edu/gunn_transcripts/1505.txt,https://pfaffs-web.lib.lehigh.edu/gunn_transcripts/1505.txt
291206,digitalcollections:gunn_1506,https://pfaffs-web.lib.lehigh.edu/gunn_transcripts/1506.txt,https://pfaffs-web.lib.lehigh.edu/gunn_transcripts/1506.txt
291207,digitalcollections:gunn_1507,https://pfaffs-web.lib.lehigh.edu/gunn_transcripts/1507.txt,https://pfaffs-web.lib.lehigh.edu/gunn_transcripts/1507.txt
291208,digitalcollections:gunn_1508,https://pfaffs-web.lib.lehigh.edu/gunn_transcripts/1508.txt,https://pfaffs-web.lib.lehigh.edu/gunn_transcripts/1508.txt
291209,digitalcollections:gunn_1509,https://pfaffs-web.lib.lehigh.edu/gunn_transcripts/1509.txt,https://pfaffs-web.lib.lehigh.edu/gunn_transcripts/1509.txt
291210,digitalcollections:gunn_1458,https://pfaffs-web.lib.lehigh.edu/gunn_transcripts/1458.txt,https://pfaffs-web.lib.lehigh.edu/gunn_transcripts/1458.txt
291211,digitalcollections:gunn_1459,https://pfaffs-web.lib.lehigh.edu/gunn_transcripts/1459.txt,https://pfaffs-web.lib.lehigh.edu/gunn_transcripts/1459.txt
291212,digitalcollections:gunn_1460,https://pfaffs-web.lib.lehigh.edu/gunn_transcripts/1460.txt,https://pfaffs-web.lib.lehigh.edu/gunn_transcripts/1460.txt
291213,digitalcollections:gunn_1461,https://pfaffs-web.lib.lehigh.edu/gunn_transcripts/1461.txt,https://pfaffs-web.lib.lehigh.edu/gunn_transcripts/1461.txt
291214,digitalcollections:gunn_1462,https://pfaffs-web.lib.lehigh.edu/gunn_transcripts/1462.txt,https://pfaffs-web.lib.lehigh.edu/gunn_transcripts/1462.txt
291215,digitalcollections:gunn_1463,https://pfaffs-web.lib.lehigh.edu/gunn_transcripts/1463.txt,https://pfaffs-web.lib.lehigh.edu/gunn_transcripts/1463.txt
291216,digitalcollections:gunn_1464,https://pfaffs-web.lib.lehigh.edu/gunn_transcripts/1464.txt,https://pfaffs-web.lib.lehigh.edu/gunn_transcripts/1464.txt
291217,digitalcollections:gunn_1465,https://pfaffs-web.lib.lehigh.edu/gunn_transcripts/1465.txt,https://pfaffs-web.lib.lehigh.edu/gunn_transcripts/1465.txt
291218,digitalcollections:gunn_1466,https://pfaffs-web.lib.lehigh.edu/gunn_transcripts/1466.txt,https://pfaffs-web.lib.lehigh.edu/gunn_transcripts/1466.txt
291219,digitalcollections:gunn_1420,https://pfaffs-web.lib.lehigh.edu/gunn_transcripts/1420.txt,https://pfaffs-web.lib.lehigh.edu/gunn_transcripts/1420.txt
291220,digitalcollections:gunn_1421,https://pfaffs-web.lib.lehigh.edu/gunn_transcripts/1421.txt,https://pfaffs-web.lib.lehigh.edu/gunn_transcripts/1421.txt
291221,digitalcollections:gunn_1422,https://pfaffs-web.lib.lehigh.edu/gunn_transcripts/1422.txt,https://pfaffs-web.lib.lehigh.edu/gunn_transcripts/1422.txt
291222,digitalcollections:gunn_1423,https://pfaffs-web.lib.lehigh.edu/gunn_transcripts/1423.txt,https://pfaffs-web.lib.lehigh.edu/gunn_transcripts/1423.txt
291223,digitalcollections:gunn_1424,https://pfaffs-web.lib.lehigh.edu/gunn_transcripts/1424.txt,https://pfaffs-web.lib.lehigh.edu/gunn_transcripts/1424.txt
291224,digitalcollections:gunn_1425,https://pfaffs-web.lib.lehigh.edu/gunn_transcripts/1425.txt,https://pfaffs-web.lib.lehigh.edu/gunn_transcripts/1425.txt
291225,digitalcollections:gunn_1426,https://pfaffs-web.lib.lehigh.edu/gunn_transcripts/1426.txt,https://pfaffs-web.lib.lehigh.edu/gunn_transcripts/1426.txt
291226,digitalcollections:gunn_1427,https://pfaffs-web.lib.lehigh.edu/gunn_transcripts/1427.txt,https://pfaffs-web.lib.lehigh.edu/gunn_transcripts/1427.txt
291227,digitalcollections:gunn_1484,https://pfaffs-web.lib.lehigh.edu/gunn_transcripts/1484.txt,https://pfaffs-web.lib.lehigh.edu/gunn_transcripts/1484.txt
291228,digitalcollections:gunn_1485,https://pfaffs-web.lib.lehigh.edu/gunn_transcripts/1485.txt,https://pfaffs-web.lib.lehigh.edu/gunn_transcripts/1485.txt
291229,digitalcollections:gunn_1486,https://pfaffs-web.lib.lehigh.edu/gunn_transcripts/1486.txt,https://pfaffs-web.lib.lehigh.edu/gunn_transcripts/1486.txt
291230,digitalcollections:gunn_1487,https://pfaffs-web.lib.lehigh.edu/gunn_transcripts/1487.txt,https://pfaffs-web.lib.lehigh.edu/gunn_transcripts/1487.txt
291231,digitalcollections:gunn_1488,https://pfaffs-web.lib.lehigh.edu/gunn_transcripts/1488.txt,https://pfaffs-web.lib.lehigh.edu/gunn_transcripts/1488.txt
291232,digitalcollections:gunn_1489,https://pfaffs-web.lib.lehigh.edu/gunn_transcripts/1489.txt,https://pfaffs-web.lib.lehigh.edu/gunn_transcripts/1489.txt
291233,digitalcollections:gunn_1490,https://pfaffs-web.lib.lehigh.edu/gunn_transcripts/1490.txt,https://pfaffs-web.lib.lehigh.edu/gunn_transcripts/1490.txt
291234,digitalcollections:gunn_1491,https://pfaffs-web.lib.lehigh.edu/gunn_transcripts/1491.txt,https://pfaffs-web.lib.lehigh.edu/gunn_transcripts/1491.txt
291235,digitalcollections:gunn_1476,https://pfaffs-web.lib.lehigh.edu/gunn_transcripts/1476.txt,https://pfaffs-web.lib.lehigh.edu/gunn_transcripts/1476.txt
291236,digitalcollections:gunn_1477,https://pfaffs-web.lib.lehigh.edu/gunn_transcripts/1477.txt,https://pfaffs-web.lib.lehigh.edu/gunn_transcripts/1477.txt
291237,digitalcollections:gunn_1478,https://pfaffs-web.lib.lehigh.edu/gunn_transcripts/1478.txt,https://pfaffs-web.lib.lehigh.edu/gunn_transcripts/1478.txt
291238,digitalcollections:gunn_1479,https://pfaffs-web.lib.lehigh.edu/gunn_transcripts/1479.txt,https://pfaffs-web.lib.lehigh.edu/gunn_transcripts/1479.txt
291239,digitalcollections:gunn_1480,https://pfaffs-web.lib.lehigh.edu/gunn_transcripts/1480.txt,https://pfaffs-web.lib.lehigh.edu/gunn_transcripts/1480.txt
291240,digitalcollections:gunn_1481,https://pfaffs-web.lib.lehigh.edu/gunn_transcripts/1481.txt,https://pfaffs-web.lib.lehigh.edu/gunn_transcripts/1481.txt
291241,digitalcollections:gunn_1482,https://pfaffs-web.lib.lehigh.edu/gunn_transcripts/1482.txt,https://pfaffs-web.lib.lehigh.edu/gunn_transcripts/1482.txt
291242,digitalcollections:gunn_1483,https://pfaffs-web.lib.lehigh.edu/gunn_transcripts/1483.txt,https://pfaffs-web.lib.lehigh.edu/gunn_transcripts/1483.txt
291243,digitalcollections:gunn_1467,https://pfaffs-web.lib.lehigh.edu/gunn_transcripts/1467.txt,https://pfaffs-web.lib.lehigh.edu/gunn_transcripts/1467.txt
291244,digitalcollections:gunn_1468,https://pfaffs-web.lib.lehigh.edu/gunn_transcripts/1468.txt,https://pfaffs-web.lib.lehigh.edu/gunn_transcripts/1468.txt
291245,digitalcollections:gunn_1469,https://pfaffs-web.lib.lehigh.edu/gunn_transcripts/1469.txt,https://pfaffs-web.lib.lehigh.edu/gunn_transcripts/1469.txt
291246,digitalcollections:gunn_1470,https://pfaffs-web.lib.lehigh.edu/gunn_transcripts/1470.txt,https://pfaffs-web.lib.lehigh.edu/gunn_transcripts/1470.txt
291247,digitalcollections:gunn_1471,https://pfaffs-web.lib.lehigh.edu/gunn_transcripts/1471.txt,https://pfaffs-web.lib.lehigh.edu/gunn_transcripts/1471.txt
291248,digitalcollections:gunn_1472,https://pfaffs-web.lib.lehigh.edu/gunn_transcripts/1472.txt,https://pfaffs-web.lib.lehigh.edu/gunn_transcripts/1472.txt
291249,digitalcollections:gunn_1473,https://pfaffs-web.lib.lehigh.edu/gunn_transcripts/1473.txt,https://pfaffs-web.lib.lehigh.edu/gunn_transcripts/1473.txt
291250,digitalcollections:gunn_1474,https://pfaffs-web.lib.lehigh.edu/gunn_transcripts/1474.txt,https://pfaffs-web.lib.lehigh.edu/gunn_transcripts/1474.txt
291251,digitalcollections:gunn_1518,https://pfaffs-web.lib.lehigh.edu/gunn_transcripts/1518.txt,https://pfaffs-web.lib.lehigh.edu/gunn_transcripts/1518.txt
291252,digitalcollections:gunn_1519,https://pfaffs-web.lib.lehigh.edu/gunn_transcripts/1519.txt,https://pfaffs-web.lib.lehigh.edu/gunn_transcripts/1519.txt
291253,digitalcollections:gunn_1520,https://pfaffs-web.lib.lehigh.edu/gunn_transcripts/1520.txt,https://pfaffs-web.lib.lehigh.edu/gunn_transcripts/1520.txt
291254,digitalcollections:gunn_1521,https://pfaffs-web.lib.lehigh.edu/gunn_transcripts/1521.txt,https://pfaffs-web.lib.lehigh.edu/gunn_transcripts/1521.txt
291255,digitalcollections:gunn_1522,https://pfaffs-web.lib.lehigh.edu/gunn_transcripts/1522.txt,https://pfaffs-web.lib.lehigh.edu/gunn_transcripts/1522.txt
291256,digitalcollections:gunn_1523,https://pfaffs-web.lib.lehigh.edu/gunn_transcripts/1523.txt,https://pfaffs-web.lib.lehigh.edu/gunn_transcripts/1523.txt
291257,digitalcollections:gunn_1524,https://pfaffs-web.lib.lehigh.edu/gunn_transcripts/1524.txt,https://pfaffs-web.lib.lehigh.edu/gunn_transcripts/1524.txt
291258,digitalcollections:gunn_1525,https://pfaffs-web.lib.lehigh.edu/gunn_transcripts/1525.txt,https://pfaffs-web.lib.lehigh.edu/gunn_transcripts/1525.txt
291259,digitalcollections:gunn_1510,https://pfaffs-web.lib.lehigh.edu/gunn_transcripts/1510.txt,https://pfaffs-web.lib.lehigh.edu/gunn_transcripts/1510.txt
291260,digitalcollections:gunn_1511,https://pfaffs-web.lib.lehigh.edu/gunn_transcripts/1511.txt,https://pfaffs-web.lib.lehigh.edu/gunn_transcripts/1511.txt
291261,digitalcollections:gunn_1512,https://pfaffs-web.lib.lehigh.edu/gunn_transcripts/1512.txt,https://pfaffs-web.lib.lehigh.edu/gunn_transcripts/1512.txt
291262,digitalcollections:gunn_1513,https://pfaffs-web.lib.lehigh.edu/gunn_transcripts/1513.txt,https://pfaffs-web.lib.lehigh.edu/gunn_transcripts/1513.txt
291263,digitalcollections:gunn_1514,https://pfaffs-web.lib.lehigh.edu/gunn_transcripts/1514.txt,https://pfaffs-web.lib.lehigh.edu/gunn_transcripts/1514.txt
291264,digitalcollections:gunn_1515,https://pfaffs-web.lib.lehigh.edu/gunn_transcripts/1515.txt,https://pfaffs-web.lib.lehigh.edu/gunn_transcripts/1515.txt
291265,digitalcollections:gunn_1516,https://pfaffs-web.lib.lehigh.edu/gunn_transcripts/1516.txt,https://pfaffs-web.lib.lehigh.edu/gunn_transcripts/1516.txt
291266,digitalcollections:gunn_1475,https://pfaffs-web.lib.lehigh.edu/gunn_transcripts/1475.txt,https://pfaffs-web.lib.lehigh.edu/gunn_transcripts/1475.txt
291267,digitalcollections:gunn_1517,https://pfaffs-web.lib.lehigh.edu/gunn_transcripts/1517.txt,https://pfaffs-web.lib.lehigh.edu/gunn_transcripts/1517.txt
291268,digitalcollections:gunn_3111,https://pfaffs-web.lib.lehigh.edu/gunn_transcripts/3111.txt,https://pfaffs-web.lib.lehigh.edu/gunn_transcripts/3111.txt
291269,digitalcollections:gunn_3112,https://pfaffs-web.lib.lehigh.edu/gunn_transcripts/3112.txt,https://pfaffs-web.lib.lehigh.edu/gunn_transcripts/3112.txt
291270,digitalcollections:gunn_3113,https://pfaffs-web.lib.lehigh.edu/gunn_transcripts/3113.txt,https://pfaffs-web.lib.lehigh.edu/gunn_transcripts/3113.txt
291271,digitalcollections:gunn_3114,https://pfaffs-web.lib.lehigh.edu/gunn_transcripts/3114.txt,https://pfaffs-web.lib.lehigh.edu/gunn_transcripts/3114.txt
291272,digitalcollections:gunn_3115,https://pfaffs-web.lib.lehigh.edu/gunn_transcripts/3115.txt,https://pfaffs-web.lib.lehigh.edu/gunn_transcripts/3115.txt
291273,digitalcollections:gunn_3116,https://pfaffs-web.lib.lehigh.edu/gunn_transcripts/3116.txt,https://pfaffs-web.lib.lehigh.edu/gunn_transcripts/3116.txt
291274,digitalcollections:gunn_3117,https://pfaffs-web.lib.lehigh.edu/gunn_transcripts/3117.txt,https://pfaffs-web.lib.lehigh.edu/gunn_transcripts/3117.txt
291275,digitalcollections:gunn_3118,https://pfaffs-web.lib.lehigh.edu/gunn_transcripts/3118.txt,https://pfaffs-web.lib.lehigh.edu/gunn_transcripts/3118.txt
291276,digitalcollections:gunn_3119,https://pfaffs-web.lib.lehigh.edu/gunn_transcripts/3119.txt,https://pfaffs-web.lib.lehigh.edu/gunn_transcripts/3119.txt
291277,digitalcollections:gunn_3120,https://pfaffs-web.lib.lehigh.edu/gunn_transcripts/3120.txt,https://pfaffs-web.lib.lehigh.edu/gunn_transcripts/3120.txt
291278,digitalcollections:gunn_3121,https://pfaffs-web.lib.lehigh.edu/gunn_transcripts/3121.txt,https://pfaffs-web.lib.lehigh.edu/gunn_transcripts/3121.txt
291279,digitalcollections:gunn_3122,https://pfaffs-web.lib.lehigh.edu/gunn_transcripts/3122.txt,https://pfaffs-web.lib.lehigh.edu/gunn_transcripts/3122.txt
291280,digitalcollections:gunn_3123,https://pfaffs-web.lib.lehigh.edu/gunn_transcripts/3123.txt,https://pfaffs-web.lib.lehigh.edu/gunn_transcripts/3123.txt
291281,digitalcollections:gunn_3124,https://pfaffs-web.lib.lehigh.edu/gunn_transcripts/3124.txt,https://pfaffs-web.lib.lehigh.edu/gunn_transcripts/3124.txt
291282,digitalcollections:gunn_3125,https://pfaffs-web.lib.lehigh.edu/gunn_transcripts/3125.txt,https://pfaffs-web.lib.lehigh.edu/gunn_transcripts/3125.txt
291283,digitalcollections:gunn_3126,https://pfaffs-web.lib.lehigh.edu/gunn_transcripts/3126.txt,https://pfaffs-web.lib.lehigh.edu/gunn_transcripts/3126.txt
291284,digitalcollections:gunn_3127,https://pfaffs-web.lib.lehigh.edu/gunn_transcripts/3127.txt,https://pfaffs-web.lib.lehigh.edu/gunn_transcripts/3127.txt
291285,digitalcollections:gunn_3128,https://pfaffs-web.lib.lehigh.edu/gunn_transcripts/3128.txt,https://pfaffs-web.lib.lehigh.edu/gunn_transcripts/3128.txt
291286,digitalcollections:gunn_3129,https://pfaffs-web.lib.lehigh.edu/gunn_transcripts/3129.txt,https://pfaffs-web.lib.lehigh.edu/gunn_transcripts/3129.txt
291287,digitalcollections:gunn_3130,https://pfaffs-web.lib.lehigh.edu/gunn_transcripts/3130.txt,https://pfaffs-web.lib.lehigh.edu/gunn_transcripts/3130.txt
291288,digitalcollections:gunn_3131,https://pfaffs-web.lib.lehigh.edu/gunn_transcripts/3131.txt,https://pfaffs-web.lib.lehigh.edu/gunn_transcripts/3131.txt
291289,digitalcollections:gunn_3103,https://pfaffs-web.lib.lehigh.edu/gunn_transcripts/3103.txt,https://pfaffs-web.lib.lehigh.edu/gunn_transcripts/3103.txt
291290,digitalcollections:gunn_3104,https://pfaffs-web.lib.lehigh.edu/gunn_transcripts/3104.txt,https://pfaffs-web.lib.lehigh.edu/gunn_transcripts/3104.txt
291291,digitalcollections:gunn_3105,https://pfaffs-web.lib.lehigh.edu/gunn_transcripts/3105.txt,https://pfaffs-web.lib.lehigh.edu/gunn_transcripts/3105.txt
291292,digitalcollections:gunn_3106,https://pfaffs-web.lib.lehigh.edu/gunn_transcripts/3106.txt,https://pfaffs-web.lib.lehigh.edu/gunn_transcripts/3106.txt
291293,digitalcollections:gunn_3107,https://pfaffs-web.lib.lehigh.edu/gunn_transcripts/3107.txt,https://pfaffs-web.lib.lehigh.edu/gunn_transcripts/3107.txt
291294,digitalcollections:gunn_3108,https://pfaffs-web.lib.lehigh.edu/gunn_transcripts/3108.txt,https://pfaffs-web.lib.lehigh.edu/gunn_transcripts/3108.txt
291295,digitalcollections:gunn_3109,https://pfaffs-web.lib.lehigh.edu/gunn_transcripts/3109.txt,https://pfaffs-web.lib.lehigh.edu/gunn_transcripts/3109.txt
291296,digitalcollections:gunn_3132,https://pfaffs-web.lib.lehigh.edu/gunn_transcripts/3132.txt,https://pfaffs-web.lib.lehigh.edu/gunn_transcripts/3132.txt
291297,digitalcollections:gunn_3110,https://pfaffs-web.lib.lehigh.edu/gunn_transcripts/3110.txt,https://pfaffs-web.lib.lehigh.edu/gunn_transcripts/3110.txt
291298,digitalcollections:gunn_3214,https://pfaffs-web.lib.lehigh.edu/gunn_transcripts/3214.txt,https://pfaffs-web.lib.lehigh.edu/gunn_transcripts/3214.txt
291299,digitalcollections:gunn_3215,https://pfaffs-web.lib.lehigh.edu/gunn_transcripts/3215.txt,https://pfaffs-web.lib.lehigh.edu/gunn_transcripts/3215.txt
291300,digitalcollections:gunn_3216,https://pfaffs-web.lib.lehigh.edu/gunn_transcripts/3216.txt,https://pfaffs-web.lib.lehigh.edu/gunn_transcripts/3216.txt
291301,digitalcollections:gunn_3217,https://pfaffs-web.lib.lehigh.edu/gunn_transcripts/3217.txt,https://pfaffs-web.lib.lehigh.edu/gunn_transcripts/3217.txt
291302,digitalcollections:gunn_3218,https://pfaffs-web.lib.lehigh.edu/gunn_transcripts/3218.txt,https://pfaffs-web.lib.lehigh.edu/gunn_transcripts/3218.txt
291303,digitalcollections:gunn_3219,https://pfaffs-web.lib.lehigh.edu/gunn_transcripts/3219.txt,https://pfaffs-web.lib.lehigh.edu/gunn_transcripts/3219.txt
291304,digitalcollections:gunn_3220,https://pfaffs-web.lib.lehigh.edu/gunn_transcripts/3220.txt,https://pfaffs-web.lib.lehigh.edu/gunn_transcripts/3220.txt
291305,digitalcollections:gunn_3221,https://pfaffs-web.lib.lehigh.edu/gunn_transcripts/3221.txt,https://pfaffs-web.lib.lehigh.edu/gunn_transcripts/3221.txt
291306,digitalcollections:gunn_3222,https://pfaffs-web.lib.lehigh.edu/gunn_transcripts/3222.txt,https://pfaffs-web.lib.lehigh.edu/gunn_transcripts/3222.txt
291307,digitalcollections:gunn_3223,https://pfaffs-web.lib.lehigh.edu/gunn_transcripts/3223.txt,https://pfaffs-web.lib.lehigh.edu/gunn_transcripts/3223.txt
291308,digitalcollections:gunn_3224,https://pfaffs-web.lib.lehigh.edu/gunn_transcripts/3224.txt,https://pfaffs-web.lib.lehigh.edu/gunn_transcripts/3224.txt
291309,digitalcollections:gunn_3225,https://pfaffs-web.lib.lehigh.edu/gunn_transcripts/3225.txt,https://pfaffs-web.lib.lehigh.edu/gunn_transcripts/3225.txt
291310,digitalcollections:gunn_3226,https://pfaffs-web.lib.lehigh.edu/gunn_transcripts/3226.txt,https://pfaffs-web.lib.lehigh.edu/gunn_transcripts/3226.txt
291311,digitalcollections:gunn_3227,https://pfaffs-web.lib.lehigh.edu/gunn_transcripts/3227.txt,https://pfaffs-web.lib.lehigh.edu/gunn_transcripts/3227.txt
291312,digitalcollections:gunn_3228,https://pfaffs-web.lib.lehigh.edu/gunn_transcripts/3228.txt,https://pfaffs-web.lib.lehigh.edu/gunn_transcripts/3228.txt
291313,digitalcollections:gunn_3229,https://pfaffs-web.lib.lehigh.edu/gunn_transcripts/3229.txt,https://pfaffs-web.lib.lehigh.edu/gunn_transcripts/3229.txt
291314,digitalcollections:gunn_3199,https://pfaffs-web.lib.lehigh.edu/gunn_transcripts/3199.txt,https://pfaffs-web.lib.lehigh.edu/gunn_transcripts/3199.txt
291315,digitalcollections:gunn_3200,https://pfaffs-web.lib.lehigh.edu/gunn_transcripts/3200.txt,https://pfaffs-web.lib.lehigh.edu/gunn_transcripts/3200.txt
291316,digitalcollections:gunn_3201,https://pfaffs-web.lib.lehigh.edu/gunn_transcripts/3201.txt,https://pfaffs-web.lib.lehigh.edu/gunn_transcripts/3201.txt
291317,digitalcollections:gunn_3202,https://pfaffs-web.lib.lehigh.edu/gunn_transcripts/3202.txt,https://pfaffs-web.lib.lehigh.edu/gunn_transcripts/3202.txt
291318,digitalcollections:gunn_3203,https://pfaffs-web.lib.lehigh.edu/gunn_transcripts/3203.txt,https://pfaffs-web.lib.lehigh.edu/gunn_transcripts/3203.txt
291319,digitalcollections:gunn_3204,https://pfaffs-web.lib.lehigh.edu/gunn_transcripts/3204.txt,https://pfaffs-web.lib.lehigh.edu/gunn_transcripts/3204.txt
291320,digitalcollections:gunn_3205,https://pfaffs-web.lib.lehigh.edu/gunn_transcripts/3205.txt,https://pfaffs-web.lib.lehigh.edu/gunn_transcripts/3205.txt
291321,digitalcollections:gunn_3192,https://pfaffs-web.lib.lehigh.edu/gunn_transcripts/3192.txt,https://pfaffs-web.lib.lehigh.edu/gunn_transcripts/3192.txt
291322,digitalcollections:gunn_3193,https://pfaffs-web.lib.lehigh.edu/gunn_transcripts/3193.txt,https://pfaffs-web.lib.lehigh.edu/gunn_transcripts/3193.txt
291323,digitalcollections:gunn_3194,https://pfaffs-web.lib.lehigh.edu/gunn_transcripts/3194.txt,https://pfaffs-web.lib.lehigh.edu/gunn_transcripts/3194.txt
291324,digitalcollections:gunn_3195,https://pfaffs-web.lib.lehigh.edu/gunn_transcripts/3195.txt,https://pfaffs-web.lib.lehigh.edu/gunn_transcripts/3195.txt
291325,digitalcollections:gunn_3196,https://pfaffs-web.lib.lehigh.edu/gunn_transcripts/3196.txt,https://pfaffs-web.lib.lehigh.edu/gunn_transcripts/3196.txt
291326,digitalcollections:gunn_3197,https://pfaffs-web.lib.lehigh.edu/gunn_transcripts/3197.txt,https://pfaffs-web.lib.lehigh.edu/gunn_transcripts/3197.txt
291327,digitalcollections:gunn_3198,https://pfaffs-web.lib.lehigh.edu/gunn_transcripts/3198.txt,https://pfaffs-web.lib.lehigh.edu/gunn_transcripts/3198.txt
291328,digitalcollections:gunn_3184,https://pfaffs-web.lib.lehigh.edu/gunn_transcripts/3184.txt,https://pfaffs-web.lib.lehigh.edu/gunn_transcripts/3184.txt
291329,digitalcollections:gunn_3185,https://pfaffs-web.lib.lehigh.edu/gunn_transcripts/3185.txt,https://pfaffs-web.lib.lehigh.edu/gunn_transcripts/3185.txt
291330,digitalcollections:gunn_3186,https://pfaffs-web.lib.lehigh.edu/gunn_transcripts/3186.txt,https://pfaffs-web.lib.lehigh.edu/gunn_transcripts/3186.txt
291331,digitalcollections:gunn_3187,https://pfaffs-web.lib.lehigh.edu/gunn_transcripts/3187.txt,https://pfaffs-web.lib.lehigh.edu/gunn_transcripts/3187.txt
291332,digitalcollections:gunn_3188,https://pfaffs-web.lib.lehigh.edu/gunn_transcripts/3188.txt,https://pfaffs-web.lib.lehigh.edu/gunn_transcripts/3188.txt
291333,digitalcollections:gunn_3189,https://pfaffs-web.lib.lehigh.edu/gunn_transcripts/3189.txt,https://pfaffs-web.lib.lehigh.edu/gunn_transcripts/3189.txt
291334,digitalcollections:gunn_3190,https://pfaffs-web.lib.lehigh.edu/gunn_transcripts/3190.txt,https://pfaffs-web.lib.lehigh.edu/gunn_transcripts/3190.txt
291335,digitalcollections:gunn_3191,https://pfaffs-web.lib.lehigh.edu/gunn_transcripts/3191.txt,https://pfaffs-web.lib.lehigh.edu/gunn_transcripts/3191.txt
291336,digitalcollections:gunn_3231,https://pfaffs-web.lib.lehigh.edu/gunn_transcripts/3231.txt,https://pfaffs-web.lib.lehigh.edu/gunn_transcripts/3231.txt
291337,digitalcollections:gunn_3232,https://pfaffs-web.lib.lehigh.edu/gunn_transcripts/3232.txt,https://pfaffs-web.lib.lehigh.edu/gunn_transcripts/3232.txt
291338,digitalcollections:gunn_3233,https://pfaffs-web.lib.lehigh.edu/gunn_transcripts/3233.txt,https://pfaffs-web.lib.lehigh.edu/gunn_transcripts/3233.txt
291339,digitalcollections:gunn_3234,https://pfaffs-web.lib.lehigh.edu/gunn_transcripts/3234.txt,https://pfaffs-web.lib.lehigh.edu/gunn_transcripts/3234.txt
291340,digitalcollections:gunn_3235,https://pfaffs-web.lib.lehigh.edu/gunn_transcripts/3235.txt,https://pfaffs-web.lib.lehigh.edu/gunn_transcripts/3235.txt
291341,digitalcollections:gunn_3236,https://pfaffs-web.lib.lehigh.edu/gunn_transcripts/3236.txt,https://pfaffs-web.lib.lehigh.edu/gunn_transcripts/3236.txt
291342,digitalcollections:gunn_3237,https://pfaffs-web.lib.lehigh.edu/gunn_transcripts/3237.txt,https://pfaffs-web.lib.lehigh.edu/gunn_transcripts/3237.txt
291343,digitalcollections:gunn_3207,https://pfaffs-web.lib.lehigh.edu/gunn_transcripts/3207.txt,https://pfaffs-web.lib.lehigh.edu/gunn_transcripts/3207.txt
291344,digitalcollections:gunn_3208,https://pfaffs-web.lib.lehigh.edu/gunn_transcripts/3208.txt,https://pfaffs-web.lib.lehigh.edu/gunn_transcripts/3208.txt
291345,digitalcollections:gunn_3209,https://pfaffs-web.lib.lehigh.edu/gunn_transcripts/3209.txt,https://pfaffs-web.lib.lehigh.edu/gunn_transcripts/3209.txt
291346,digitalcollections:gunn_3210,https://pfaffs-web.lib.lehigh.edu/gunn_transcripts/3210.txt,https://pfaffs-web.lib.lehigh.edu/gunn_transcripts/3210.txt
291347,digitalcollections:gunn_3211,https://pfaffs-web.lib.lehigh.edu/gunn_transcripts/3211.txt,https://pfaffs-web.lib.lehigh.edu/gunn_transcripts/3211.txt
291348,digitalcollections:gunn_3212,https://pfaffs-web.lib.lehigh.edu/gunn_transcripts/3212.txt,https://pfaffs-web.lib.lehigh.edu/gunn_transcripts/3212.txt
291349,digitalcollections:gunn_3213,https://pfaffs-web.lib.lehigh.edu/gunn_transcripts/3213.txt,https://pfaffs-web.lib.lehigh.edu/gunn_transcripts/3213.txt
291350,digitalcollections:gunn_3230,https://pfaffs-web.lib.lehigh.edu/gunn_transcripts/3230.txt,https://pfaffs-web.lib.lehigh.edu/gunn_transcripts/3230.txt
291351,digitalcollections:gunn_3206,https://pfaffs-web.lib.lehigh.edu/gunn_transcripts/3206.txt,https://pfaffs-web.lib.lehigh.edu/gunn_transcripts/3206.txt
291352,digitalcollections:gunn_3279,https://pfaffs-web.lib.lehigh.edu/gunn_transcripts/3279.txt,https://pfaffs-web.lib.lehigh.edu/gunn_transcripts/3279.txt
291353,digitalcollections:gunn_3280,https://pfaffs-web.lib.lehigh.edu/gunn_transcripts/3280.txt,https://pfaffs-web.lib.lehigh.edu/gunn_transcripts/3280.txt
291354,digitalcollections:gunn_3281,https://pfaffs-web.lib.lehigh.edu/gunn_transcripts/3281.txt,https://pfaffs-web.lib.lehigh.edu/gunn_transcripts/3281.txt
291355,digitalcollections:gunn_3282,https://pfaffs-web.lib.lehigh.edu/gunn_transcripts/3282.txt,https://pfaffs-web.lib.lehigh.edu/gunn_transcripts/3282.txt
291356,digitalcollections:gunn_3283,https://pfaffs-web.lib.lehigh.edu/gunn_transcripts/3283.txt,https://pfaffs-web.lib.lehigh.edu/gunn_transcripts/3283.txt
291357,digitalcollections:gunn_3284,https://pfaffs-web.lib.lehigh.edu/gunn_transcripts/3284.txt,https://pfaffs-web.lib.lehigh.edu/gunn_transcripts/3284.txt
291358,digitalcollections:gunn_3285,https://pfaffs-web.lib.lehigh.edu/gunn_transcripts/3285.txt,https://pfaffs-web.lib.lehigh.edu/gunn_transcripts/3285.txt
291359,digitalcollections:gunn_3286,https://pfaffs-web.lib.lehigh.edu/gunn_transcripts/3286.txt,https://pfaffs-web.lib.lehigh.edu/gunn_transcripts/3286.txt
291360,digitalcollections:gunn_3239,https://pfaffs-web.lib.lehigh.edu/gunn_transcripts/3239.txt,https://pfaffs-web.lib.lehigh.edu/gunn_transcripts/3239.txt
291361,digitalcollections:gunn_3240,https://pfaffs-web.lib.lehigh.edu/gunn_transcripts/3240.txt,https://pfaffs-web.lib.lehigh.edu/gunn_transcripts/3240.txt
291362,digitalcollections:gunn_3241,https://pfaffs-web.lib.lehigh.edu/gunn_transcripts/3241.txt,https://pfaffs-web.lib.lehigh.edu/gunn_transcripts/3241.txt
291363,digitalcollections:gunn_3242,https://pfaffs-web.lib.lehigh.edu/gunn_transcripts/3242.txt,https://pfaffs-web.lib.lehigh.edu/gunn_transcripts/3242.txt
291364,digitalcollections:gunn_3243,https://pfaffs-web.lib.lehigh.edu/gunn_transcripts/3243.txt,https://pfaffs-web.lib.lehigh.edu/gunn_transcripts/3243.txt
291365,digitalcollections:gunn_3244,https://pfaffs-web.lib.lehigh.edu/gunn_transcripts/3244.txt,https://pfaffs-web.lib.lehigh.edu/gunn_transcripts/3244.txt
291366,digitalcollections:gunn_3245,https://pfaffs-web.lib.lehigh.edu/gunn_transcripts/3245.txt,https://pfaffs-web.lib.lehigh.edu/gunn_transcripts/3245.txt
291367,digitalcollections:gunn_3271,https://pfaffs-web.lib.lehigh.edu/gunn_transcripts/3271.txt,https://pfaffs-web.lib.lehigh.edu/gunn_transcripts/3271.txt
291368,digitalcollections:gunn_3272,https://pfaffs-web.lib.lehigh.edu/gunn_transcripts/3272.txt,https://pfaffs-web.lib.lehigh.edu/gunn_transcripts/3272.txt
291369,digitalcollections:gunn_3273,https://pfaffs-web.lib.lehigh.edu/gunn_transcripts/3273.txt,https://pfaffs-web.lib.lehigh.edu/gunn_transcripts/3273.txt
291370,digitalcollections:gunn_3274,https://pfaffs-web.lib.lehigh.edu/gunn_transcripts/3274.txt,https://pfaffs-web.lib.lehigh.edu/gunn_transcripts/3274.txt
291371,digitalcollections:gunn_3275,https://pfaffs-web.lib.lehigh.edu/gunn_transcripts/3275.txt,https://pfaffs-web.lib.lehigh.edu/gunn_transcripts/3275.txt
291372,digitalcollections:gunn_3276,https://pfaffs-web.lib.lehigh.edu/gunn_transcripts/3276.txt,https://pfaffs-web.lib.lehigh.edu/gunn_transcripts/3276.txt
291373,digitalcollections:gunn_3277,https://pfaffs-web.lib.lehigh.edu/gunn_transcripts/3277.txt,https://pfaffs-web.lib.lehigh.edu/gunn_transcripts/3277.txt
291374,digitalcollections:gunn_3278,https://pfaffs-web.lib.lehigh.edu/gunn_transcripts/3278.txt,https://pfaffs-web.lib.lehigh.edu/gunn_transcripts/3278.txt
291375,digitalcollections:gunn_3246,https://pfaffs-web.lib.lehigh.edu/gunn_transcripts/3246.txt,https://pfaffs-web.lib.lehigh.edu/gunn_transcripts/3246.txt
291376,digitalcollections:gunn_3247,https://pfaffs-web.lib.lehigh.edu/gunn_transcripts/3247.txt,https://pfaffs-web.lib.lehigh.edu/gunn_transcripts/3247.txt
291377,digitalcollections:gunn_3248,https://pfaffs-web.lib.lehigh.edu/gunn_transcripts/3248.txt,https://pfaffs-web.lib.lehigh.edu/gunn_transcripts/3248.txt
291378,digitalcollections:gunn_3249,https://pfaffs-web.lib.lehigh.edu/gunn_transcripts/3249.txt,https://pfaffs-web.lib.lehigh.edu/gunn_transcripts/3249.txt
291379,digitalcollections:gunn_3250,https://pfaffs-web.lib.lehigh.edu/gunn_transcripts/3250.txt,https://pfaffs-web.lib.lehigh.edu/gunn_transcripts/3250.txt
291380,digitalcollections:gunn_3251,https://pfaffs-web.lib.lehigh.edu/gunn_transcripts/3251.txt,https://pfaffs-web.lib.lehigh.edu/gunn_transcripts/3251.txt
291381,digitalcollections:gunn_3252,https://pfaffs-web.lib.lehigh.edu/gunn_transcripts/3252.txt,https://pfaffs-web.lib.lehigh.edu/gunn_transcripts/3252.txt
291382,digitalcollections:gunn_3253,https://pfaffs-web.lib.lehigh.edu/gunn_transcripts/3253.txt,https://pfaffs-web.lib.lehigh.edu/gunn_transcripts/3253.txt
291383,digitalcollections:gunn_3254,https://pfaffs-web.lib.lehigh.edu/gunn_transcripts/3254.txt,https://pfaffs-web.lib.lehigh.edu/gunn_transcripts/3254.txt
291384,digitalcollections:gunn_3255,https://pfaffs-web.lib.lehigh.edu/gunn_transcripts/3255.txt,https://pfaffs-web.lib.lehigh.edu/gunn_transcripts/3255.txt
291385,digitalcollections:gunn_3256,https://pfaffs-web.lib.lehigh.edu/gunn_transcripts/3256.txt,https://pfaffs-web.lib.lehigh.edu/gunn_transcripts/3256.txt
291386,digitalcollections:gunn_3257,https://pfaffs-web.lib.lehigh.edu/gunn_transcripts/3257.txt,https://pfaffs-web.lib.lehigh.edu/gunn_transcripts/3257.txt
291387,digitalcollections:gunn_3258,https://pfaffs-web.lib.lehigh.edu/gunn_transcripts/3258.txt,https://pfaffs-web.lib.lehigh.edu/gunn_transcripts/3258.txt
291388,digitalcollections:gunn_3259,https://pfaffs-web.lib.lehigh.edu/gunn_transcripts/3259.txt,https://pfaffs-web.lib.lehigh.edu/gunn_transcripts/3259.txt
291389,digitalcollections:gunn_3261,https://pfaffs-web.lib.lehigh.edu/gunn_transcripts/3261.txt,https://pfaffs-web.lib.lehigh.edu/gunn_transcripts/3261.txt
291390,digitalcollections:gunn_3262,https://pfaffs-web.lib.lehigh.edu/gunn_transcripts/3262.txt,https://pfaffs-web.lib.lehigh.edu/gunn_transcripts/3262.txt
291391,digitalcollections:gunn_3263,https://pfaffs-web.lib.lehigh.edu/gunn_transcripts/3263.txt,https://pfaffs-web.lib.lehigh.edu/gunn_transcripts/3263.txt
291392,digitalcollections:gunn_3264,https://pfaffs-web.lib.lehigh.edu/gunn_transcripts/3264.txt,https://pfaffs-web.lib.lehigh.edu/gunn_transcripts/3264.txt
291393,digitalcollections:gunn_3265,https://pfaffs-web.lib.lehigh.edu/gunn_transcripts/3265.txt,https://pfaffs-web.lib.lehigh.edu/gunn_transcripts/3265.txt
291394,digitalcollections:gunn_3266,https://pfaffs-web.lib.lehigh.edu/gunn_transcripts/3266.txt,https://pfaffs-web.lib.lehigh.edu/gunn_transcripts/3266.txt
291395,digitalcollections:gunn_3267,https://pfaffs-web.lib.lehigh.edu/gunn_transcripts/3267.txt,https://pfaffs-web.lib.lehigh.edu/gunn_transcripts/3267.txt
291396,digitalcollections:gunn_3268,https://pfaffs-web.lib.lehigh.edu/gunn_transcripts/3268.txt,https://pfaffs-web.lib.lehigh.edu/gunn_transcripts/3268.txt
291397,digitalcollections:gunn_3269,https://pfaffs-web.lib.lehigh.edu/gunn_transcripts/3269.txt,https://pfaffs-web.lib.lehigh.edu/gunn_transcripts/3269.txt
291398,digitalcollections:gunn_3270,https://pfaffs-web.lib.lehigh.edu/gunn_transcripts/3270.txt,https://pfaffs-web.lib.lehigh.edu/gunn_transcripts/3270.txt
291399,digitalcollections:gunn_3238,https://pfaffs-web.lib.lehigh.edu/gunn_transcripts/3238.txt,https://pfaffs-web.lib.lehigh.edu/gunn_transcripts/3238.txt
291400,digitalcollections:gunn_3260,https://pfaffs-web.lib.lehigh.edu/gunn_transcripts/3260.txt,https://pfaffs-web.lib.lehigh.edu/gunn_transcripts/3260.txt
291401,digitalcollections:gunn_3169,https://pfaffs-web.lib.lehigh.edu/gunn_transcripts/3169.txt,https://pfaffs-web.lib.lehigh.edu/gunn_transcripts/3169.txt
291402,digitalcollections:gunn_3170,https://pfaffs-web.lib.lehigh.edu/gunn_transcripts/3170.txt,https://pfaffs-web.lib.lehigh.edu/gunn_transcripts/3170.txt
291403,digitalcollections:gunn_3171,https://pfaffs-web.lib.lehigh.edu/gunn_transcripts/3171.txt,https://pfaffs-web.lib.lehigh.edu/gunn_transcripts/3171.txt
291404,digitalcollections:gunn_3172,https://pfaffs-web.lib.lehigh.edu/gunn_transcripts/3172.txt,https://pfaffs-web.lib.lehigh.edu/gunn_transcripts/3172.txt
291405,digitalcollections:gunn_3173,https://pfaffs-web.lib.lehigh.edu/gunn_transcripts/3173.txt,https://pfaffs-web.lib.lehigh.edu/gunn_transcripts/3173.txt
291406,digitalcollections:gunn_3174,https://pfaffs-web.lib.lehigh.edu/gunn_transcripts/3174.txt,https://pfaffs-web.lib.lehigh.edu/gunn_transcripts/3174.txt
291407,digitalcollections:gunn_3175,https://pfaffs-web.lib.lehigh.edu/gunn_transcripts/3175.txt,https://pfaffs-web.lib.lehigh.edu/gunn_transcripts/3175.txt
291408,digitalcollections:gunn_3176,https://pfaffs-web.lib.lehigh.edu/gunn_transcripts/3176.txt,https://pfaffs-web.lib.lehigh.edu/gunn_transcripts/3176.txt
291409,digitalcollections:gunn_3177,https://pfaffs-web.lib.lehigh.edu/gunn_transcripts/3177.txt,https://pfaffs-web.lib.lehigh.edu/gunn_transcripts/3177.txt
291410,digitalcollections:gunn_3162,https://pfaffs-web.lib.lehigh.edu/gunn_transcripts/3162.txt,https://pfaffs-web.lib.lehigh.edu/gunn_transcripts/3162.txt
291411,digitalcollections:gunn_3163,https://pfaffs-web.lib.lehigh.edu/gunn_transcripts/3163.txt,https://pfaffs-web.lib.lehigh.edu/gunn_transcripts/3163.txt
291412,digitalcollections:gunn_3164,https://pfaffs-web.lib.lehigh.edu/gunn_transcripts/3164.txt,https://pfaffs-web.lib.lehigh.edu/gunn_transcripts/3164.txt
291413,digitalcollections:gunn_3165,https://pfaffs-web.lib.lehigh.edu/gunn_transcripts/3165.txt,https://pfaffs-web.lib.lehigh.edu/gunn_transcripts/3165.txt
291414,digitalcollections:gunn_3166,https://pfaffs-web.lib.lehigh.edu/gunn_transcripts/3166.txt,https://pfaffs-web.lib.lehigh.edu/gunn_transcripts/3166.txt
291415,digitalcollections:gunn_3167,https://pfaffs-web.lib.lehigh.edu/gunn_transcripts/3167.txt,https://pfaffs-web.lib.lehigh.edu/gunn_transcripts/3167.txt
291416,digitalcollections:gunn_3168,https://pfaffs-web.lib.lehigh.edu/gunn_transcripts/3168.txt,https://pfaffs-web.lib.lehigh.edu/gunn_transcripts/3168.txt
291417,digitalcollections:gunn_3140,https://pfaffs-web.lib.lehigh.edu/gunn_transcripts/3140.txt,https://pfaffs-web.lib.lehigh.edu/gunn_transcripts/3140.txt
291418,digitalcollections:gunn_3141,https://pfaffs-web.lib.lehigh.edu/gunn_transcripts/3141.txt,https://pfaffs-web.lib.lehigh.edu/gunn_transcripts/3141.txt
291419,digitalcollections:gunn_3142,https://pfaffs-web.lib.lehigh.edu/gunn_transcripts/3142.txt,https://pfaffs-web.lib.lehigh.edu/gunn_transcripts/3142.txt
291420,digitalcollections:gunn_3143,https://pfaffs-web.lib.lehigh.edu/gunn_transcripts/3143.txt,https://pfaffs-web.lib.lehigh.edu/gunn_transcripts/3143.txt
291421,digitalcollections:gunn_3144,https://pfaffs-web.lib.lehigh.edu/gunn_transcripts/3144.txt,https://pfaffs-web.lib.lehigh.edu/gunn_transcripts/3144.txt
291422,digitalcollections:gunn_3145,https://pfaffs-web.lib.lehigh.edu/gunn_transcripts/3145.txt,https://pfaffs-web.lib.lehigh.edu/gunn_transcripts/3145.txt
291423,digitalcollections:gunn_3146,https://pfaffs-web.lib.lehigh.edu/gunn_transcripts/3146.txt,https://pfaffs-web.lib.lehigh.edu/gunn_transcripts/3146.txt
291424,digitalcollections:gunn_3147,https://pfaffs-web.lib.lehigh.edu/gunn_transcripts/3147.txt,https://pfaffs-web.lib.lehigh.edu/gunn_transcripts/3147.txt
291425,digitalcollections:gunn_3156,https://pfaffs-web.lib.lehigh.edu/gunn_transcripts/3156.txt,https://pfaffs-web.lib.lehigh.edu/gunn_transcripts/3156.txt
291426,digitalcollections:gunn_3157,https://pfaffs-web.lib.lehigh.edu/gunn_transcripts/3157.txt,https://pfaffs-web.lib.lehigh.edu/gunn_transcripts/3157.txt
291427,digitalcollections:gunn_3158,https://pfaffs-web.lib.lehigh.edu/gunn_transcripts/3158.txt,https://pfaffs-web.lib.lehigh.edu/gunn_transcripts/3158.txt
291428,digitalcollections:gunn_3159,https://pfaffs-web.lib.lehigh.edu/gunn_transcripts/3159.txt,https://pfaffs-web.lib.lehigh.edu/gunn_transcripts/3159.txt
291429,digitalcollections:gunn_3160,https://pfaffs-web.lib.lehigh.edu/gunn_transcripts/3160.txt,https://pfaffs-web.lib.lehigh.edu/gunn_transcripts/3160.txt
291430,digitalcollections:gunn_3161,https://pfaffs-web.lib.lehigh.edu/gunn_transcripts/3161.txt,https://pfaffs-web.lib.lehigh.edu/gunn_transcripts/3161.txt
291431,digitalcollections:gunn_3148,https://pfaffs-web.lib.lehigh.edu/gunn_transcripts/3148.txt,https://pfaffs-web.lib.lehigh.edu/gunn_transcripts/3148.txt
291432,digitalcollections:gunn_3149,https://pfaffs-web.lib.lehigh.edu/gunn_transcripts/3149.txt,https://pfaffs-web.lib.lehigh.edu/gunn_transcripts/3149.txt
291433,digitalcollections:gunn_3150,https://pfaffs-web.lib.lehigh.edu/gunn_transcripts/3150.txt,https://pfaffs-web.lib.lehigh.edu/gunn_transcripts/3150.txt
291434,digitalcollections:gunn_3151,https://pfaffs-web.lib.lehigh.edu/gunn_transcripts/3151.txt,https://pfaffs-web.lib.lehigh.edu/gunn_transcripts/3151.txt
291435,digitalcollections:gunn_3152,https://pfaffs-web.lib.lehigh.edu/gunn_transcripts/3152.txt,https://pfaffs-web.lib.lehigh.edu/gunn_transcripts/3152.txt
291436,digitalcollections:gunn_3153,https://pfaffs-web.lib.lehigh.edu/gunn_transcripts/3153.txt,https://pfaffs-web.lib.lehigh.edu/gunn_transcripts/3153.txt
291437,digitalcollections:gunn_3154,https://pfaffs-web.lib.lehigh.edu/gunn_transcripts/3154.txt,https://pfaffs-web.lib.lehigh.edu/gunn_transcripts/3154.txt
291438,digitalcollections:gunn_3178,https://pfaffs-web.lib.lehigh.edu/gunn_transcripts/3178.txt,https://pfaffs-web.lib.lehigh.edu/gunn_transcripts/3178.txt
291439,digitalcollections:gunn_3179,https://pfaffs-web.lib.lehigh.edu/gunn_transcripts/3179.txt,https://pfaffs-web.lib.lehigh.edu/gunn_transcripts/3179.txt
291440,digitalcollections:gunn_3180,https://pfaffs-web.lib.lehigh.edu/gunn_transcripts/3180.txt,https://pfaffs-web.lib.lehigh.edu/gunn_transcripts/3180.txt
291441,digitalcollections:gunn_3181,https://pfaffs-web.lib.lehigh.edu/gunn_transcripts/3181.txt,https://pfaffs-web.lib.lehigh.edu/gunn_transcripts/3181.txt
291442,digitalcollections:gunn_3182,https://pfaffs-web.lib.lehigh.edu/gunn_transcripts/3182.txt,https://pfaffs-web.lib.lehigh.edu/gunn_transcripts/3182.txt
291443,digitalcollections:gunn_3183,https://pfaffs-web.lib.lehigh.edu/gunn_transcripts/3183.txt,https://pfaffs-web.lib.lehigh.edu/gunn_transcripts/3183.txt
291444,digitalcollections:gunn_3133,https://pfaffs-web.lib.lehigh.edu/gunn_transcripts/3133.txt,https://pfaffs-web.lib.lehigh.edu/gunn_transcripts/3133.txt
291445,digitalcollections:gunn_3134,https://pfaffs-web.lib.lehigh.edu/gunn_transcripts/3134.txt,https://pfaffs-web.lib.lehigh.edu/gunn_transcripts/3134.txt
291446,digitalcollections:gunn_3135,https://pfaffs-web.lib.lehigh.edu/gunn_transcripts/3135.txt,https://pfaffs-web.lib.lehigh.edu/gunn_transcripts/3135.txt
291447,digitalcollections:gunn_3136,https://pfaffs-web.lib.lehigh.edu/gunn_transcripts/3136.txt,https://pfaffs-web.lib.lehigh.edu/gunn_transcripts/3136.txt
291448,digitalcollections:gunn_3137,https://pfaffs-web.lib.lehigh.edu/gunn_transcripts/3137.txt,https://pfaffs-web.lib.lehigh.edu/gunn_transcripts/3137.txt
291449,digitalcollections:gunn_3138,https://pfaffs-web.lib.lehigh.edu/gunn_transcripts/3138.txt,https://pfaffs-web.lib.lehigh.edu/gunn_transcripts/3138.txt
291450,digitalcollections:gunn_3155,https://pfaffs-web.lib.lehigh.edu/gunn_transcripts/3155.txt,https://pfaffs-web.lib.lehigh.edu/gunn_transcripts/3155.txt
291451,digitalcollections:gunn_3139,https://pfaffs-web.lib.lehigh.edu/gunn_transcripts/3139.txt,https://pfaffs-web.lib.lehigh.edu/gunn_transcripts/3139.txt
291452,digitalcollections:gunn_3300,https://pfaffs-web.lib.lehigh.edu/gunn_transcripts/3300.txt,https://pfaffs-web.lib.lehigh.edu/gunn_transcripts/3300.txt
291453,digitalcollections:gunn_3301,https://pfaffs-web.lib.lehigh.edu/gunn_transcripts/3301.txt,https://pfaffs-web.lib.lehigh.edu/gunn_transcripts/3301.txt
291454,digitalcollections:gunn_3302,https://pfaffs-web.lib.lehigh.edu/gunn_transcripts/3302.txt,https://pfaffs-web.lib.lehigh.edu/gunn_transcripts/3302.txt
291455,digitalcollections:gunn_3303,https://pfaffs-web.lib.lehigh.edu/gunn_transcripts/3303.txt,https://pfaffs-web.lib.lehigh.edu/gunn_transcripts/3303.txt
291456,digitalcollections:gunn_3304,https://pfaffs-web.lib.lehigh.edu/gunn_transcripts/3304.txt,https://pfaffs-web.lib.lehigh.edu/gunn_transcripts/3304.txt
291457,digitalcollections:gunn_3305,https://pfaffs-web.lib.lehigh.edu/gunn_transcripts/3305.txt,https://pfaffs-web.lib.lehigh.edu/gunn_transcripts/3305.txt
291458,digitalcollections:gunn_3306,https://pfaffs-web.lib.lehigh.edu/gunn_transcripts/3306.txt,https://pfaffs-web.lib.lehigh.edu/gunn_transcripts/3306.txt
291459,digitalcollections:gunn_3307,https://pfaffs-web.lib.lehigh.edu/gunn_transcripts/3307.txt,https://pfaffs-web.lib.lehigh.edu/gunn_transcripts/3307.txt
291460,digitalcollections:gunn_3287,https://pfaffs-web.lib.lehigh.edu/gunn_transcripts/3287.txt,https://pfaffs-web.lib.lehigh.edu/gunn_transcripts/3287.txt
291461,digitalcollections:gunn_3288,https://pfaffs-web.lib.lehigh.edu/gunn_transcripts/3288.txt,https://pfaffs-web.lib.lehigh.edu/gunn_transcripts/3288.txt
291462,digitalcollections:gunn_3289,https://pfaffs-web.lib.lehigh.edu/gunn_transcripts/3289.txt,https://pfaffs-web.lib.lehigh.edu/gunn_transcripts/3289.txt
291463,digitalcollections:gunn_3290,https://pfaffs-web.lib.lehigh.edu/gunn_transcripts/3290.txt,https://pfaffs-web.lib.lehigh.edu/gunn_transcripts/3290.txt
291464,digitalcollections:gunn_3291,https://pfaffs-web.lib.lehigh.edu/gunn_transcripts/3291.txt,https://pfaffs-web.lib.lehigh.edu/gunn_transcripts/3291.txt
291465,digitalcollections:gunn_3292,https://pfaffs-web.lib.lehigh.edu/gunn_transcripts/3292.txt,https://pfaffs-web.lib.lehigh.edu/gunn_transcripts/3292.txt
291466,digitalcollections:gunn_3293,https://pfaffs-web.lib.lehigh.edu/gunn_transcripts/3293.txt,https://pfaffs-web.lib.lehigh.edu/gunn_transcripts/3293.txt
291467,digitalcollections:gunn_3294,https://pfaffs-web.lib.lehigh.edu/gunn_transcripts/3294.txt,https://pfaffs-web.lib.lehigh.edu/gunn_transcripts/3294.txt
291468,digitalcollections:gunn_3295,https://pfaffs-web.lib.lehigh.edu/gunn_transcripts/3295.txt,https://pfaffs-web.lib.lehigh.edu/gunn_transcripts/3295.txt
291469,digitalcollections:gunn_3296,https://pfaffs-web.lib.lehigh.edu/gunn_transcripts/3296.txt,https://pfaffs-web.lib.lehigh.edu/gunn_transcripts/3296.txt
291470,digitalcollections:gunn_3297,https://pfaffs-web.lib.lehigh.edu/gunn_transcripts/3297.txt,https://pfaffs-web.lib.lehigh.edu/gunn_transcripts/3297.txt
291471,digitalcollections:gunn_3298,https://pfaffs-web.lib.lehigh.edu/gunn_transcripts/3298.txt,https://pfaffs-web.lib.lehigh.edu/gunn_transcripts/3298.txt
291472,digitalcollections:gunn_3299,https://pfaffs-web.lib.lehigh.edu/gunn_transcripts/3299.txt,https://pfaffs-web.lib.lehigh.edu/gunn_transcripts/3299.txt
291473,digitalcollections:gunn_3308,https://pfaffs-web.lib.lehigh.edu/gunn_transcripts/3308.txt,https://pfaffs-web.lib.lehigh.edu/gunn_transcripts/3308.txt
291474,digitalcollections:gunn_3309,https://pfaffs-web.lib.lehigh.edu/gunn_transcripts/3309.txt,https://pfaffs-web.lib.lehigh.edu/gunn_transcripts/3309.txt
291475,digitalcollections:gunn_3310,https://pfaffs-web.lib.lehigh.edu/gunn_transcripts/3310.txt,https://pfaffs-web.lib.lehigh.edu/gunn_transcripts/3310.txt
291476,digitalcollections:gunn_3311,https://pfaffs-web.lib.lehigh.edu/gunn_transcripts/3311.txt,https://pfaffs-web.lib.lehigh.edu/gunn_transcripts/3311.txt
291477,digitalcollections:gunn_3312,https://pfaffs-web.lib.lehigh.edu/gunn_transcripts/3312.txt,https://pfaffs-web.lib.lehigh.edu/gunn_transcripts/3312.txt
291478,digitalcollections:gunn_3313,https://pfaffs-web.lib.lehigh.edu/gunn_transcripts/3313.txt,https://pfaffs-web.lib.lehigh.edu/gunn_transcripts/3313.txt
291479,digitalcollections:gunn_3314,https://pfaffs-web.lib.lehigh.edu/gunn_transcripts/3314.txt,https://pfaffs-web.lib.lehigh.edu/gunn_transcripts/3314.txt
291480,digitalcollections:gunn_3315,https://pfaffs-web.lib.lehigh.edu/gunn_transcripts/3315.txt,https://pfaffs-web.lib.lehigh.edu/gunn_transcripts/3315.txt
291481,digitalcollections:gunn_3316,https://pfaffs-web.lib.lehigh.edu/gunn_transcripts/3316.txt,https://pfaffs-web.lib.lehigh.edu/gunn_transcripts/3316.txt
291482,digitalcollections:gunn_3317,https://pfaffs-web.lib.lehigh.edu/gunn_transcripts/3317.txt,https://pfaffs-web.lib.lehigh.edu/gunn_transcripts/3317.txt
291483,digitalcollections:gunn_3318,https://pfaffs-web.lib.lehigh.edu/gunn_transcripts/3318.txt,https://pfaffs-web.lib.lehigh.edu/gunn_transcripts/3318.txt
291484,digitalcollections:gunn_3319,https://pfaffs-web.lib.lehigh.edu/gunn_transcripts/3319.txt,https://pfaffs-web.lib.lehigh.edu/gunn_transcripts/3319.txt
291485,digitalcollections:gunn_3320,https://pfaffs-web.lib.lehigh.edu/gunn_transcripts/3320.txt,https://pfaffs-web.lib.lehigh.edu/gunn_transcripts/3320.txt
291486,digitalcollections:gunn_3322,https://pfaffs-web.lib.lehigh.edu/gunn_transcripts/3322.txt,https://pfaffs-web.lib.lehigh.edu/gunn_transcripts/3322.txt
291487,digitalcollections:gunn_3323,https://pfaffs-web.lib.lehigh.edu/gunn_transcripts/3323.txt,https://pfaffs-web.lib.lehigh.edu/gunn_transcripts/3323.txt
291488,digitalcollections:gunn_3324,https://pfaffs-web.lib.lehigh.edu/gunn_transcripts/3324.txt,https://pfaffs-web.lib.lehigh.edu/gunn_transcripts/3324.txt
291489,digitalcollections:gunn_3325,https://pfaffs-web.lib.lehigh.edu/gunn_transcripts/3325.txt,https://pfaffs-web.lib.lehigh.edu/gunn_transcripts/3325.txt
291490,digitalcollections:gunn_3326,https://pfaffs-web.lib.lehigh.edu/gunn_transcripts/3326.txt,https://pfaffs-web.lib.lehigh.edu/gunn_transcripts/3326.txt
291491,digitalcollections:gunn_3321,https://pfaffs-web.lib.lehigh.edu/gunn_transcripts/3321.txt,https://pfaffs-web.lib.lehigh.edu/gunn_transcripts/3321.txt
291492,digitalcollections:gunn_3327,https://pfaffs-web.lib.lehigh.edu/gunn_transcripts/3327.txt,https://pfaffs-web.lib.lehigh.edu/gunn_transcripts/3327.txt
291493,digitalcollections:gunn_2742,https://pfaffs-web.lib.lehigh.edu/gunn_transcripts/2742.txt,https://pfaffs-web.lib.lehigh.edu/gunn_transcripts/2742.txt
291494,digitalcollections:gunn_2743,https://pfaffs-web.lib.lehigh.edu/gunn_transcripts/2743.txt,https://pfaffs-web.lib.lehigh.edu/gunn_transcripts/2743.txt
291495,digitalcollections:gunn_2744,https://pfaffs-web.lib.lehigh.edu/gunn_transcripts/2744.txt,https://pfaffs-web.lib.lehigh.edu/gunn_transcripts/2744.txt
291496,digitalcollections:gunn_2745,https://pfaffs-web.lib.lehigh.edu/gunn_transcripts/2745.txt,https://pfaffs-web.lib.lehigh.edu/gunn_transcripts/2745.txt
291497,digitalcollections:gunn_2746,https://pfaffs-web.lib.lehigh.edu/gunn_transcripts/2746.txt,https://pfaffs-web.lib.lehigh.edu/gunn_transcripts/2746.txt
291498,digitalcollections:gunn_2747,https://pfaffs-web.lib.lehigh.edu/gunn_transcripts/2747.txt,https://pfaffs-web.lib.lehigh.edu/gunn_transcripts/2747.txt
291499,digitalcollections:gunn_2748,https://pfaffs-web.lib.lehigh.edu/gunn_transcripts/2748.txt,https://pfaffs-web.lib.lehigh.edu/gunn_transcripts/2748.txt
291500,digitalcollections:gunn_2749,https://pfaffs-web.lib.lehigh.edu/gunn_transcripts/2749.txt,https://pfaffs-web.lib.lehigh.edu/gunn_transcripts/2749.txt
291501,digitalcollections:gunn_2735,https://pfaffs-web.lib.lehigh.edu/gunn_transcripts/2735.txt,https://pfaffs-web.lib.lehigh.edu/gunn_transcripts/2735.txt
291502,digitalcollections:gunn_2736,https://pfaffs-web.lib.lehigh.edu/gunn_transcripts/2736.txt,https://pfaffs-web.lib.lehigh.edu/gunn_transcripts/2736.txt
291503,digitalcollections:gunn_2737,https://pfaffs-web.lib.lehigh.edu/gunn_transcripts/2737.txt,https://pfaffs-web.lib.lehigh.edu/gunn_transcripts/2737.txt
291504,digitalcollections:gunn_2738,https://pfaffs-web.lib.lehigh.edu/gunn_transcripts/2738.txt,https://pfaffs-web.lib.lehigh.edu/gunn_transcripts/2738.txt
291505,digitalcollections:gunn_2739,https://pfaffs-web.lib.lehigh.edu/gunn_transcripts/2739.txt,https://pfaffs-web.lib.lehigh.edu/gunn_transcripts/2739.txt
291506,digitalcollections:gunn_2740,https://pfaffs-web.lib.lehigh.edu/gunn_transcripts/2740.txt,https://pfaffs-web.lib.lehigh.edu/gunn_transcripts/2740.txt
291507,digitalcollections:gunn_2741,https://pfaffs-web.lib.lehigh.edu/gunn_transcripts/2741.txt,https://pfaffs-web.lib.lehigh.edu/gunn_transcripts/2741.txt
291508,digitalcollections:gunn_2720,https://pfaffs-web.lib.lehigh.edu/gunn_transcripts/2720.txt,https://pfaffs-web.lib.lehigh.edu/gunn_transcripts/2720.txt
291509,digitalcollections:gunn_2721,https://pfaffs-web.lib.lehigh.edu/gunn_transcripts/2721.txt,https://pfaffs-web.lib.lehigh.edu/gunn_transcripts/2721.txt
291510,digitalcollections:gunn_2722,https://pfaffs-web.lib.lehigh.edu/gunn_transcripts/2722.txt,https://pfaffs-web.lib.lehigh.edu/gunn_transcripts/2722.txt
291511,digitalcollections:gunn_2723,https://pfaffs-web.lib.lehigh.edu/gunn_transcripts/2723.txt,https://pfaffs-web.lib.lehigh.edu/gunn_transcripts/2723.txt
291512,digitalcollections:gunn_2724,https://pfaffs-web.lib.lehigh.edu/gunn_transcripts/2724.txt,https://pfaffs-web.lib.lehigh.edu/gunn_transcripts/2724.txt
291513,digitalcollections:gunn_2725,https://pfaffs-web.lib.lehigh.edu/gunn_transcripts/2725.txt,https://pfaffs-web.lib.lehigh.edu/gunn_transcripts/2725.txt
291514,digitalcollections:gunn_2726,https://pfaffs-web.lib.lehigh.edu/gunn_transcripts/2726.txt,https://pfaffs-web.lib.lehigh.edu/gunn_transcripts/2726.txt
291515,digitalcollections:gunn_2727,https://pfaffs-web.lib.lehigh.edu/gunn_transcripts/2727.txt,https://pfaffs-web.lib.lehigh.edu/gunn_transcripts/2727.txt
291516,digitalcollections:gunn_2757,https://pfaffs-web.lib.lehigh.edu/gunn_transcripts/2757.txt,https://pfaffs-web.lib.lehigh.edu/gunn_transcripts/2757.txt
291517,digitalcollections:gunn_2758,https://pfaffs-web.lib.lehigh.edu/gunn_transcripts/2758.txt,https://pfaffs-web.lib.lehigh.edu/gunn_transcripts/2758.txt
291518,digitalcollections:gunn_2759,https://pfaffs-web.lib.lehigh.edu/gunn_transcripts/2759.txt,https://pfaffs-web.lib.lehigh.edu/gunn_transcripts/2759.txt
291519,digitalcollections:gunn_2760,https://pfaffs-web.lib.lehigh.edu/gunn_transcripts/2760.txt,https://pfaffs-web.lib.lehigh.edu/gunn_transcripts/2760.txt
291520,digitalcollections:gunn_2761,https://pfaffs-web.lib.lehigh.edu/gunn_transcripts/2761.txt,https://pfaffs-web.lib.lehigh.edu/gunn_transcripts/2761.txt
291521,digitalcollections:gunn_2762,https://pfaffs-web.lib.lehigh.edu/gunn_transcripts/2762.txt,https://pfaffs-web.lib.lehigh.edu/gunn_transcripts/2762.txt
291522,digitalcollections:gunn_2763,https://pfaffs-web.lib.lehigh.edu/gunn_transcripts/2763.txt,https://pfaffs-web.lib.lehigh.edu/gunn_transcripts/2763.txt
291523,digitalcollections:gunn_2764,https://pfaffs-web.lib.lehigh.edu/gunn_transcripts/2764.txt,https://pfaffs-web.lib.lehigh.edu/gunn_transcripts/2764.txt
291524,digitalcollections:gunn_2765,https://pfaffs-web.lib.lehigh.edu/gunn_transcripts/2765.txt,https://pfaffs-web.lib.lehigh.edu/gunn_transcripts/2765.txt
291525,digitalcollections:gunn_2766,https://pfaffs-web.lib.lehigh.edu/gunn_transcripts/2766.txt,https://pfaffs-web.lib.lehigh.edu/gunn_transcripts/2766.txt
291526,digitalcollections:gunn_2767,https://pfaffs-web.lib.lehigh.edu/gunn_transcripts/2767.txt,https://pfaffs-web.lib.lehigh.edu/gunn_transcripts/2767.txt
291527,digitalcollections:gunn_2768,https://pfaffs-web.lib.lehigh.edu/gunn_transcripts/2768.txt,https://pfaffs-web.lib.lehigh.edu/gunn_transcripts/2768.txt
291528,digitalcollections:gunn_2769,https://pfaffs-web.lib.lehigh.edu/gunn_transcripts/2769.txt,https://pfaffs-web.lib.lehigh.edu/gunn_transcripts/2769.txt
291529,digitalcollections:gunn_2770,https://pfaffs-web.lib.lehigh.edu/gunn_transcripts/2770.txt,https://pfaffs-web.lib.lehigh.edu/gunn_transcripts/2770.txt
291530,digitalcollections:gunn_2771,https://pfaffs-web.lib.lehigh.edu/gunn_transcripts/2771.txt,https://pfaffs-web.lib.lehigh.edu/gunn_transcripts/2771.txt
291531,digitalcollections:gunn_2772,https://pfaffs-web.lib.lehigh.edu/gunn_transcripts/2772.txt,https://pfaffs-web.lib.lehigh.edu/gunn_transcripts/2772.txt
291532,digitalcollections:gunn_2729,https://pfaffs-web.lib.lehigh.edu/gunn_transcripts/2729.txt,https://pfaffs-web.lib.lehigh.edu/gunn_transcripts/2729.txt
291533,digitalcollections:gunn_2730,https://pfaffs-web.lib.lehigh.edu/gunn_transcripts/2730.txt,https://pfaffs-web.lib.lehigh.edu/gunn_transcripts/2730.txt
291534,digitalcollections:gunn_2731,https://pfaffs-web.lib.lehigh.edu/gunn_transcripts/2731.txt,https://pfaffs-web.lib.lehigh.edu/gunn_transcripts/2731.txt
291535,digitalcollections:gunn_2732,https://pfaffs-web.lib.lehigh.edu/gunn_transcripts/2732.txt,https://pfaffs-web.lib.lehigh.edu/gunn_transcripts/2732.txt
291536,digitalcollections:gunn_2733,https://pfaffs-web.lib.lehigh.edu/gunn_transcripts/2733.txt,https://pfaffs-web.lib.lehigh.edu/gunn_transcripts/2733.txt
291537,digitalcollections:gunn_2734,https://pfaffs-web.lib.lehigh.edu/gunn_transcripts/2734.txt,https://pfaffs-web.lib.lehigh.edu/gunn_transcripts/2734.txt
291538,digitalcollections:gunn_2751,https://pfaffs-web.lib.lehigh.edu/gunn_transcripts/2751.txt,https://pfaffs-web.lib.lehigh.edu/gunn_transcripts/2751.txt
291539,digitalcollections:gunn_2752,https://pfaffs-web.lib.lehigh.edu/gunn_transcripts/2752.txt,https://pfaffs-web.lib.lehigh.edu/gunn_transcripts/2752.txt
291540,digitalcollections:gunn_2753,https://pfaffs-web.lib.lehigh.edu/gunn_transcripts/2753.txt,https://pfaffs-web.lib.lehigh.edu/gunn_transcripts/2753.txt
291541,digitalcollections:gunn_2754,https://pfaffs-web.lib.lehigh.edu/gunn_transcripts/2754.txt,https://pfaffs-web.lib.lehigh.edu/gunn_transcripts/2754.txt
291542,digitalcollections:gunn_2755,https://pfaffs-web.lib.lehigh.edu/gunn_transcripts/2755.txt,https://pfaffs-web.lib.lehigh.edu/gunn_transcripts/2755.txt
291543,digitalcollections:gunn_2756,https://pfaffs-web.lib.lehigh.edu/gunn_transcripts/2756.txt,https://pfaffs-web.lib.lehigh.edu/gunn_transcripts/2756.txt
291544,digitalcollections:gunn_2728,https://pfaffs-web.lib.lehigh.edu/gunn_transcripts/2728.txt,https://pfaffs-web.lib.lehigh.edu/gunn_transcripts/2728.txt
291545,digitalcollections:gunn_2836,https://pfaffs-web.lib.lehigh.edu/gunn_transcripts/2836.txt,https://pfaffs-web.lib.lehigh.edu/gunn_transcripts/2836.txt
291546,digitalcollections:gunn_2837,https://pfaffs-web.lib.lehigh.edu/gunn_transcripts/2837.txt,https://pfaffs-web.lib.lehigh.edu/gunn_transcripts/2837.txt
291547,digitalcollections:gunn_2838,https://pfaffs-web.lib.lehigh.edu/gunn_transcripts/2838.txt,https://pfaffs-web.lib.lehigh.edu/gunn_transcripts/2838.txt
291548,digitalcollections:gunn_2839,https://pfaffs-web.lib.lehigh.edu/gunn_transcripts/2839.txt,https://pfaffs-web.lib.lehigh.edu/gunn_transcripts/2839.txt
291549,digitalcollections:gunn_2840,https://pfaffs-web.lib.lehigh.edu/gunn_transcripts/2840.txt,https://pfaffs-web.lib.lehigh.edu/gunn_transcripts/2840.txt
291550,digitalcollections:gunn_2841,https://pfaffs-web.lib.lehigh.edu/gunn_transcripts/2841.txt,https://pfaffs-web.lib.lehigh.edu/gunn_transcripts/2841.txt
291551,digitalcollections:gunn_2842,https://pfaffs-web.lib.lehigh.edu/gunn_transcripts/2842.txt,https://pfaffs-web.lib.lehigh.edu/gunn_transcripts/2842.txt
291552,digitalcollections:gunn_2843,https://pfaffs-web.lib.lehigh.edu/gunn_transcripts/2843.txt,https://pfaffs-web.lib.lehigh.edu/gunn_transcripts/2843.txt
291553,digitalcollections:gunn_2844,https://pfaffs-web.lib.lehigh.edu/gunn_transcripts/2844.txt,https://pfaffs-web.lib.lehigh.edu/gunn_transcripts/2844.txt
291554,digitalcollections:gunn_2789,https://pfaffs-web.lib.lehigh.edu/gunn_transcripts/2789.txt,https://pfaffs-web.lib.lehigh.edu/gunn_transcripts/2789.txt
291555,digitalcollections:gunn_2790,https://pfaffs-web.lib.lehigh.edu/gunn_transcripts/2790.txt,https://pfaffs-web.lib.lehigh.edu/gunn_transcripts/2790.txt
291556,digitalcollections:gunn_2791,https://pfaffs-web.lib.lehigh.edu/gunn_transcripts/2791.txt,https://pfaffs-web.lib.lehigh.edu/gunn_transcripts/2791.txt
291557,digitalcollections:gunn_2792,https://pfaffs-web.lib.lehigh.edu/gunn_transcripts/2792.txt,https://pfaffs-web.lib.lehigh.edu/gunn_transcripts/2792.txt
291558,digitalcollections:gunn_2793,https://pfaffs-web.lib.lehigh.edu/gunn_transcripts/2793.txt,https://pfaffs-web.lib.lehigh.edu/gunn_transcripts/2793.txt
291559,digitalcollections:gunn_2794,https://pfaffs-web.lib.lehigh.edu/gunn_transcripts/2794.txt,https://pfaffs-web.lib.lehigh.edu/gunn_transcripts/2794.txt
291560,digitalcollections:gunn_2795,https://pfaffs-web.lib.lehigh.edu/gunn_transcripts/2795.txt,https://pfaffs-web.lib.lehigh.edu/gunn_transcripts/2795.txt
291561,digitalcollections:gunn_2796,https://pfaffs-web.lib.lehigh.edu/gunn_transcripts/2796.txt,https://pfaffs-web.lib.lehigh.edu/gunn_transcripts/2796.txt
291562,digitalcollections:gunn_2797,https://pfaffs-web.lib.lehigh.edu/gunn_transcripts/2797.txt,https://pfaffs-web.lib.lehigh.edu/gunn_transcripts/2797.txt
291563,digitalcollections:gunn_2798,https://pfaffs-web.lib.lehigh.edu/gunn_transcripts/2798.txt,https://pfaffs-web.lib.lehigh.edu/gunn_transcripts/2798.txt
291564,digitalcollections:gunn_2799,https://pfaffs-web.lib.lehigh.edu/gunn_transcripts/2799.txt,https://pfaffs-web.lib.lehigh.edu/gunn_transcripts/2799.txt
291565,digitalcollections:gunn_2800,https://pfaffs-web.lib.lehigh.edu/gunn_transcripts/2800.txt,https://pfaffs-web.lib.lehigh.edu/gunn_transcripts/2800.txt
291566,digitalcollections:gunn_2801,https://pfaffs-web.lib.lehigh.edu/gunn_transcripts/2801.txt,https://pfaffs-web.lib.lehigh.edu/gunn_transcripts/2801.txt
291567,digitalcollections:gunn_2802,https://pfaffs-web.lib.lehigh.edu/gunn_transcripts/2802.txt,https://pfaffs-web.lib.lehigh.edu/gunn_transcripts/2802.txt
291568,digitalcollections:gunn_2803,https://pfaffs-web.lib.lehigh.edu/gunn_transcripts/2803.txt,https://pfaffs-web.lib.lehigh.edu/gunn_transcripts/2803.txt
291569,digitalcollections:gunn_2804,https://pfaffs-web.lib.lehigh.edu/gunn_transcripts/2804.txt,https://pfaffs-web.lib.lehigh.edu/gunn_transcripts/2804.txt
291570,digitalcollections:gunn_2805,https://pfaffs-web.lib.lehigh.edu/gunn_transcripts/2805.txt,https://pfaffs-web.lib.lehigh.edu/gunn_transcripts/2805.txt
291571,digitalcollections:gunn_2828,https://pfaffs-web.lib.lehigh.edu/gunn_transcripts/2828.txt,https://pfaffs-web.lib.lehigh.edu/gunn_transcripts/2828.txt
291572,digitalcollections:gunn_2829,https://pfaffs-web.lib.lehigh.edu/gunn_transcripts/2829.txt,https://pfaffs-web.lib.lehigh.edu/gunn_transcripts/2829.txt
291573,digitalcollections:gunn_2830,https://pfaffs-web.lib.lehigh.edu/gunn_transcripts/2830.txt,https://pfaffs-web.lib.lehigh.edu/gunn_transcripts/2830.txt
291574,digitalcollections:gunn_2831,https://pfaffs-web.lib.lehigh.edu/gunn_transcripts/2831.txt,https://pfaffs-web.lib.lehigh.edu/gunn_transcripts/2831.txt
291575,digitalcollections:gunn_2832,https://pfaffs-web.lib.lehigh.edu/gunn_transcripts/2832.txt,https://pfaffs-web.lib.lehigh.edu/gunn_transcripts/2832.txt
291576,digitalcollections:gunn_2833,https://pfaffs-web.lib.lehigh.edu/gunn_transcripts/2833.txt,https://pfaffs-web.lib.lehigh.edu/gunn_transcripts/2833.txt
291577,digitalcollections:gunn_2834,https://pfaffs-web.lib.lehigh.edu/gunn_transcripts/2834.txt,https://pfaffs-web.lib.lehigh.edu/gunn_transcripts/2834.txt
291578,digitalcollections:gunn_2835,https://pfaffs-web.lib.lehigh.edu/gunn_transcripts/2835.txt,https://pfaffs-web.lib.lehigh.edu/gunn_transcripts/2835.txt
291579,digitalcollections:gunn_2781,https://pfaffs-web.lib.lehigh.edu/gunn_transcripts/2781.txt,https://pfaffs-web.lib.lehigh.edu/gunn_transcripts/2781.txt
291580,digitalcollections:gunn_2782,https://pfaffs-web.lib.lehigh.edu/gunn_transcripts/2782.txt,https://pfaffs-web.lib.lehigh.edu/gunn_transcripts/2782.txt
291581,digitalcollections:gunn_2783,https://pfaffs-web.lib.lehigh.edu/gunn_transcripts/2783.txt,https://pfaffs-web.lib.lehigh.edu/gunn_transcripts/2783.txt
291582,digitalcollections:gunn_2784,https://pfaffs-web.lib.lehigh.edu/gunn_transcripts/2784.txt,https://pfaffs-web.lib.lehigh.edu/gunn_transcripts/2784.txt
291583,digitalcollections:gunn_2785,https://pfaffs-web.lib.lehigh.edu/gunn_transcripts/2785.txt,https://pfaffs-web.lib.lehigh.edu/gunn_transcripts/2785.txt
291584,digitalcollections:gunn_2786,https://pfaffs-web.lib.lehigh.edu/gunn_transcripts/2786.txt,https://pfaffs-web.lib.lehigh.edu/gunn_transcripts/2786.txt
291585,digitalcollections:gunn_2787,https://pfaffs-web.lib.lehigh.edu/gunn_transcripts/2787.txt,https://pfaffs-web.lib.lehigh.edu/gunn_transcripts/2787.txt
291586,digitalcollections:gunn_2788,https://pfaffs-web.lib.lehigh.edu/gunn_transcripts/2788.txt,https://pfaffs-web.lib.lehigh.edu/gunn_transcripts/2788.txt
291587,digitalcollections:gunn_2813,https://pfaffs-web.lib.lehigh.edu/gunn_transcripts/2813.txt,https://pfaffs-web.lib.lehigh.edu/gunn_transcripts/2813.txt
291588,digitalcollections:gunn_2814,https://pfaffs-web.lib.lehigh.edu/gunn_transcripts/2814.txt,https://pfaffs-web.lib.lehigh.edu/gunn_transcripts/2814.txt
291589,digitalcollections:gunn_2815,https://pfaffs-web.lib.lehigh.edu/gunn_transcripts/2815.txt,https://pfaffs-web.lib.lehigh.edu/gunn_transcripts/2815.txt
291590,digitalcollections:gunn_2816,https://pfaffs-web.lib.lehigh.edu/gunn_transcripts/2816.txt,https://pfaffs-web.lib.lehigh.edu/gunn_transcripts/2816.txt
291591,digitalcollections:gunn_2817,https://pfaffs-web.lib.lehigh.edu/gunn_transcripts/2817.txt,https://pfaffs-web.lib.lehigh.edu/gunn_transcripts/2817.txt
291592,digitalcollections:gunn_2818,https://pfaffs-web.lib.lehigh.edu/gunn_transcripts/2818.txt,https://pfaffs-web.lib.lehigh.edu/gunn_transcripts/2818.txt
291593,digitalcollections:gunn_2819,https://pfaffs-web.lib.lehigh.edu/gunn_transcripts/2819.txt,https://pfaffs-web.lib.lehigh.edu/gunn_transcripts/2819.txt
291594,digitalcollections:gunn_2773,https://pfaffs-web.lib.lehigh.edu/gunn_transcripts/2773.txt,https://pfaffs-web.lib.lehigh.edu/gunn_transcripts/2773.txt
291595,digitalcollections:gunn_2774,https://pfaffs-web.lib.lehigh.edu/gunn_transcripts/2774.txt,https://pfaffs-web.lib.lehigh.edu/gunn_transcripts/2774.txt
291596,digitalcollections:gunn_2775,https://pfaffs-web.lib.lehigh.edu/gunn_transcripts/2775.txt,https://pfaffs-web.lib.lehigh.edu/gunn_transcripts/2775.txt
291597,digitalcollections:gunn_2776,https://pfaffs-web.lib.lehigh.edu/gunn_transcripts/2776.txt,https://pfaffs-web.lib.lehigh.edu/gunn_transcripts/2776.txt
291598,digitalcollections:gunn_2777,https://pfaffs-web.lib.lehigh.edu/gunn_transcripts/2777.txt,https://pfaffs-web.lib.lehigh.edu/gunn_transcripts/2777.txt
291599,digitalcollections:gunn_2778,https://pfaffs-web.lib.lehigh.edu/gunn_transcripts/2778.txt,https://pfaffs-web.lib.lehigh.edu/gunn_transcripts/2778.txt
291600,digitalcollections:gunn_2779,https://pfaffs-web.lib.lehigh.edu/gunn_transcripts/2779.txt,https://pfaffs-web.lib.lehigh.edu/gunn_transcripts/2779.txt
291601,digitalcollections:gunn_2780,https://pfaffs-web.lib.lehigh.edu/gunn_transcripts/2780.txt,https://pfaffs-web.lib.lehigh.edu/gunn_transcripts/2780.txt
291602,digitalcollections:gunn_2820,https://pfaffs-web.lib.lehigh.edu/gunn_transcripts/2820.txt,https://pfaffs-web.lib.lehigh.edu/gunn_transcripts/2820.txt
291603,digitalcollections:gunn_2821,https://pfaffs-web.lib.lehigh.edu/gunn_transcripts/2821.txt,https://pfaffs-web.lib.lehigh.edu/gunn_transcripts/2821.txt
291604,digitalcollections:gunn_2822,https://pfaffs-web.lib.lehigh.edu/gunn_transcripts/2822.txt,https://pfaffs-web.lib.lehigh.edu/gunn_transcripts/2822.txt
291605,digitalcollections:gunn_2823,https://pfaffs-web.lib.lehigh.edu/gunn_transcripts/2823.txt,https://pfaffs-web.lib.lehigh.edu/gunn_transcripts/2823.txt
291606,digitalcollections:gunn_2824,https://pfaffs-web.lib.lehigh.edu/gunn_transcripts/2824.txt,https://pfaffs-web.lib.lehigh.edu/gunn_transcripts/2824.txt
291607,digitalcollections:gunn_2825,https://pfaffs-web.lib.lehigh.edu/gunn_transcripts/2825.txt,https://pfaffs-web.lib.lehigh.edu/gunn_transcripts/2825.txt
291608,digitalcollections:gunn_2826,https://pfaffs-web.lib.lehigh.edu/gunn_transcripts/2826.txt,https://pfaffs-web.lib.lehigh.edu/gunn_transcripts/2826.txt
291609,digitalcollections:gunn_2827,https://pfaffs-web.lib.lehigh.edu/gunn_transcripts/2827.txt,https://pfaffs-web.lib.lehigh.edu/gunn_transcripts/2827.txt
291610,digitalcollections:gunn_2806,https://pfaffs-web.lib.lehigh.edu/gunn_transcripts/2806.txt,https://pfaffs-web.lib.lehigh.edu/gunn_transcripts/2806.txt
291611,digitalcollections:gunn_2807,https://pfaffs-web.lib.lehigh.edu/gunn_transcripts/2807.txt,https://pfaffs-web.lib.lehigh.edu/gunn_transcripts/2807.txt
291612,digitalcollections:gunn_2808,https://pfaffs-web.lib.lehigh.edu/gunn_transcripts/2808.txt,https://pfaffs-web.lib.lehigh.edu/gunn_transcripts/2808.txt
291613,digitalcollections:gunn_2809,https://pfaffs-web.lib.lehigh.edu/gunn_transcripts/2809.txt,https://pfaffs-web.lib.lehigh.edu/gunn_transcripts/2809.txt
291614,digitalcollections:gunn_2810,https://pfaffs-web.lib.lehigh.edu/gunn_transcripts/2810.txt,https://pfaffs-web.lib.lehigh.edu/gunn_transcripts/2810.txt
291615,digitalcollections:gunn_2811,https://pfaffs-web.lib.lehigh.edu/gunn_transcripts/2811.txt,https://pfaffs-web.lib.lehigh.edu/gunn_transcripts/2811.txt
291616,digitalcollections:gunn_2812,https://pfaffs-web.lib.lehigh.edu/gunn_transcripts/2812.txt,https://pfaffs-web.lib.lehigh.edu/gunn_transcripts/2812.txt
291617,digitalcollections:gunn_2750,https://pfaffs-web.lib.lehigh.edu/gunn_transcripts/2750.txt,https://pfaffs-web.lib.lehigh.edu/gunn_transcripts/2750.txt
291618,digitalcollections:gunn_2845,https://pfaffs-web.lib.lehigh.edu/gunn_transcripts/2845.txt,https://pfaffs-web.lib.lehigh.edu/gunn_transcripts/2845.txt
291619,digitalcollections:gunn_2846,https://pfaffs-web.lib.lehigh.edu/gunn_transcripts/2846.txt,https://pfaffs-web.lib.lehigh.edu/gunn_transcripts/2846.txt
291620,digitalcollections:gunn_2847,https://pfaffs-web.lib.lehigh.edu/gunn_transcripts/2847.txt,https://pfaffs-web.lib.lehigh.edu/gunn_transcripts/2847.txt
291621,digitalcollections:gunn_2848,https://pfaffs-web.lib.lehigh.edu/gunn_transcripts/2848.txt,https://pfaffs-web.lib.lehigh.edu/gunn_transcripts/2848.txt
291622,digitalcollections:gunn_2849,https://pfaffs-web.lib.lehigh.edu/gunn_transcripts/2849.txt,https://pfaffs-web.lib.lehigh.edu/gunn_transcripts/2849.txt
291623,digitalcollections:gunn_2850,https://pfaffs-web.lib.lehigh.edu/gunn_transcripts/2850.txt,https://pfaffs-web.lib.lehigh.edu/gunn_transcripts/2850.txt
291624,digitalcollections:gunn_2851,https://pfaffs-web.lib.lehigh.edu/gunn_transcripts/2851.txt,https://pfaffs-web.lib.lehigh.edu/gunn_transcripts/2851.txt
291625,digitalcollections:gunn_2852,https://pfaffs-web.lib.lehigh.edu/gunn_transcripts/2852.txt,https://pfaffs-web.lib.lehigh.edu/gunn_transcripts/2852.txt
291626,digitalcollections:gunn_2853,https://pfaffs-web.lib.lehigh.edu/gunn_transcripts/2853.txt,https://pfaffs-web.lib.lehigh.edu/gunn_transcripts/2853.txt
291627,digitalcollections:gunn_2854,https://pfaffs-web.lib.lehigh.edu/gunn_transcripts/2854.txt,https://pfaffs-web.lib.lehigh.edu/gunn_transcripts/2854.txt
291628,digitalcollections:gunn_2855,https://pfaffs-web.lib.lehigh.edu/gunn_transcripts/2855.txt,https://pfaffs-web.lib.lehigh.edu/gunn_transcripts/2855.txt
291629,digitalcollections:gunn_2856,https://pfaffs-web.lib.lehigh.edu/gunn_transcripts/2856.txt,https://pfaffs-web.lib.lehigh.edu/gunn_transcripts/2856.txt
291630,digitalcollections:gunn_2857,https://pfaffs-web.lib.lehigh.edu/gunn_transcripts/2857.txt,https://pfaffs-web.lib.lehigh.edu/gunn_transcripts/2857.txt
291631,digitalcollections:gunn_2858,https://pfaffs-web.lib.lehigh.edu/gunn_transcripts/2858.txt,https://pfaffs-web.lib.lehigh.edu/gunn_transcripts/2858.txt
291632,digitalcollections:gunn_2613,https://pfaffs-web.lib.lehigh.edu/gunn_transcripts/2613.txt,https://pfaffs-web.lib.lehigh.edu/gunn_transcripts/2613.txt
291633,digitalcollections:gunn_2628,https://pfaffs-web.lib.lehigh.edu/gunn_transcripts/2628.txt,https://pfaffs-web.lib.lehigh.edu/gunn_transcripts/2628.txt
291634,digitalcollections:gunn_2629,https://pfaffs-web.lib.lehigh.edu/gunn_transcripts/2629.txt,https://pfaffs-web.lib.lehigh.edu/gunn_transcripts/2629.txt
291635,digitalcollections:gunn_2630,https://pfaffs-web.lib.lehigh.edu/gunn_transcripts/2630.txt,https://pfaffs-web.lib.lehigh.edu/gunn_transcripts/2630.txt
291636,digitalcollections:gunn_2631,https://pfaffs-web.lib.lehigh.edu/gunn_transcripts/2631.txt,https://pfaffs-web.lib.lehigh.edu/gunn_transcripts/2631.txt
291637,digitalcollections:gunn_2632,https://pfaffs-web.lib.lehigh.edu/gunn_transcripts/2632.txt,https://pfaffs-web.lib.lehigh.edu/gunn_transcripts/2632.txt
291638,digitalcollections:gunn_2633,https://pfaffs-web.lib.lehigh.edu/gunn_transcripts/2633.txt,https://pfaffs-web.lib.lehigh.edu/gunn_transcripts/2633.txt
291639,digitalcollections:gunn_2634,https://pfaffs-web.lib.lehigh.edu/gunn_transcripts/2634.txt,https://pfaffs-web.lib.lehigh.edu/gunn_transcripts/2634.txt
291640,digitalcollections:gunn_2635,https://pfaffs-web.lib.lehigh.edu/gunn_transcripts/2635.txt,https://pfaffs-web.lib.lehigh.edu/gunn_transcripts/2635.txt
291641,digitalcollections:gunn_2621,https://pfaffs-web.lib.lehigh.edu/gunn_transcripts/2621.txt,https://pfaffs-web.lib.lehigh.edu/gunn_transcripts/2621.txt
291642,digitalcollections:gunn_2622,https://pfaffs-web.lib.lehigh.edu/gunn_transcripts/2622.txt,https://pfaffs-web.lib.lehigh.edu/gunn_transcripts/2622.txt
291643,digitalcollections:gunn_2623,https://pfaffs-web.lib.lehigh.edu/gunn_transcripts/2623.txt,https://pfaffs-web.lib.lehigh.edu/gunn_transcripts/2623.txt
291644,digitalcollections:gunn_2624,https://pfaffs-web.lib.lehigh.edu/gunn_transcripts/2624.txt,https://pfaffs-web.lib.lehigh.edu/gunn_transcripts/2624.txt
291645,digitalcollections:gunn_2625,https://pfaffs-web.lib.lehigh.edu/gunn_transcripts/2625.txt,https://pfaffs-web.lib.lehigh.edu/gunn_transcripts/2625.txt
291646,digitalcollections:gunn_2626,https://pfaffs-web.lib.lehigh.edu/gunn_transcripts/2626.txt,https://pfaffs-web.lib.lehigh.edu/gunn_transcripts/2626.txt
291647,digitalcollections:gunn_2627,https://pfaffs-web.lib.lehigh.edu/gunn_transcripts/2627.txt,https://pfaffs-web.lib.lehigh.edu/gunn_transcripts/2627.txt
291648,digitalcollections:gunn_2650,https://pfaffs-web.lib.lehigh.edu/gunn_transcripts/2650.txt,https://pfaffs-web.lib.lehigh.edu/gunn_transcripts/2650.txt
291649,digitalcollections:gunn_2651,https://pfaffs-web.lib.lehigh.edu/gunn_transcripts/2651.txt,https://pfaffs-web.lib.lehigh.edu/gunn_transcripts/2651.txt
291650,digitalcollections:gunn_2652,https://pfaffs-web.lib.lehigh.edu/gunn_transcripts/2652.txt,https://pfaffs-web.lib.lehigh.edu/gunn_transcripts/2652.txt
291651,digitalcollections:gunn_2653,https://pfaffs-web.lib.lehigh.edu/gunn_transcripts/2653.txt,https://pfaffs-web.lib.lehigh.edu/gunn_transcripts/2653.txt
291652,digitalcollections:gunn_2654,https://pfaffs-web.lib.lehigh.edu/gunn_transcripts/2654.txt,https://pfaffs-web.lib.lehigh.edu/gunn_transcripts/2654.txt
291653,digitalcollections:gunn_2655,https://pfaffs-web.lib.lehigh.edu/gunn_transcripts/2655.txt,https://pfaffs-web.lib.lehigh.edu/gunn_transcripts/2655.txt
291654,digitalcollections:gunn_2656,https://pfaffs-web.lib.lehigh.edu/gunn_transcripts/2656.txt,https://pfaffs-web.lib.lehigh.edu/gunn_transcripts/2656.txt
291655,digitalcollections:gunn_2636,https://pfaffs-web.lib.lehigh.edu/gunn_transcripts/2636.txt,https://pfaffs-web.lib.lehigh.edu/gunn_transcripts/2636.txt
291656,digitalcollections:gunn_2637,https://pfaffs-web.lib.lehigh.edu/gunn_transcripts/2637.txt,https://pfaffs-web.lib.lehigh.edu/gunn_transcripts/2637.txt
291657,digitalcollections:gunn_2638,https://pfaffs-web.lib.lehigh.edu/gunn_transcripts/2638.txt,https://pfaffs-web.lib.lehigh.edu/gunn_transcripts/2638.txt
291658,digitalcollections:gunn_2639,https://pfaffs-web.lib.lehigh.edu/gunn_transcripts/2639.txt,https://pfaffs-web.lib.lehigh.edu/gunn_transcripts/2639.txt
291659,digitalcollections:gunn_2640,https://pfaffs-web.lib.lehigh.edu/gunn_transcripts/2640.txt,https://pfaffs-web.lib.lehigh.edu/gunn_transcripts/2640.txt
291660,digitalcollections:gunn_2641,https://pfaffs-web.lib.lehigh.edu/gunn_transcripts/2641.txt,https://pfaffs-web.lib.lehigh.edu/gunn_transcripts/2641.txt
291661,digitalcollections:gunn_2642,https://pfaffs-web.lib.lehigh.edu/gunn_transcripts/2642.txt,https://pfaffs-web.lib.lehigh.edu/gunn_transcripts/2642.txt
291662,digitalcollections:gunn_2643,https://pfaffs-web.lib.lehigh.edu/gunn_transcripts/2643.txt,https://pfaffs-web.lib.lehigh.edu/gunn_transcripts/2643.txt
291663,digitalcollections:gunn_2644,https://pfaffs-web.lib.lehigh.edu/gunn_transcripts/2644.txt,https://pfaffs-web.lib.lehigh.edu/gunn_transcripts/2644.txt
291664,digitalcollections:gunn_2645,https://pfaffs-web.lib.lehigh.edu/gunn_transcripts/2645.txt,https://pfaffs-web.lib.lehigh.edu/gunn_transcripts/2645.txt
291665,digitalcollections:gunn_2646,https://pfaffs-web.lib.lehigh.edu/gunn_transcripts/2646.txt,https://pfaffs-web.lib.lehigh.edu/gunn_transcripts/2646.txt
291666,digitalcollections:gunn_2647,https://pfaffs-web.lib.lehigh.edu/gunn_transcripts/2647.txt,https://pfaffs-web.lib.lehigh.edu/gunn_transcripts/2647.txt
291667,digitalcollections:gunn_2648,https://pfaffs-web.lib.lehigh.edu/gunn_transcripts/2648.txt,https://pfaffs-web.lib.lehigh.edu/gunn_transcripts/2648.txt
291668,digitalcollections:gunn_2649,https://pfaffs-web.lib.lehigh.edu/gunn_transcripts/2649.txt,https://pfaffs-web.lib.lehigh.edu/gunn_transcripts/2649.txt
291669,digitalcollections:gunn_2614,https://pfaffs-web.lib.lehigh.edu/gunn_transcripts/2614.txt,https://pfaffs-web.lib.lehigh.edu/gunn_transcripts/2614.txt
291670,digitalcollections:gunn_2615,https://pfaffs-web.lib.lehigh.edu/gunn_transcripts/2615.txt,https://pfaffs-web.lib.lehigh.edu/gunn_transcripts/2615.txt
291671,digitalcollections:gunn_2616,https://pfaffs-web.lib.lehigh.edu/gunn_transcripts/2616.txt,https://pfaffs-web.lib.lehigh.edu/gunn_transcripts/2616.txt
291672,digitalcollections:gunn_2617,https://pfaffs-web.lib.lehigh.edu/gunn_transcripts/2617.txt,https://pfaffs-web.lib.lehigh.edu/gunn_transcripts/2617.txt
291673,digitalcollections:gunn_2618,https://pfaffs-web.lib.lehigh.edu/gunn_transcripts/2618.txt,https://pfaffs-web.lib.lehigh.edu/gunn_transcripts/2618.txt
291674,digitalcollections:gunn_2619,https://pfaffs-web.lib.lehigh.edu/gunn_transcripts/2619.txt,https://pfaffs-web.lib.lehigh.edu/gunn_transcripts/2619.txt
291675,digitalcollections:gunn_2620,https://pfaffs-web.lib.lehigh.edu/gunn_transcripts/2620.txt,https://pfaffs-web.lib.lehigh.edu/gunn_transcripts/2620.txt
291676,digitalcollections:gunn_2711,https://pfaffs-web.lib.lehigh.edu/gunn_transcripts/2711.txt,https://pfaffs-web.lib.lehigh.edu/gunn_transcripts/2711.txt
291677,digitalcollections:gunn_2712,https://pfaffs-web.lib.lehigh.edu/gunn_transcripts/2712.txt,https://pfaffs-web.lib.lehigh.edu/gunn_transcripts/2712.txt
291678,digitalcollections:gunn_2713,https://pfaffs-web.lib.lehigh.edu/gunn_transcripts/2713.txt,https://pfaffs-web.lib.lehigh.edu/gunn_transcripts/2713.txt
291679,digitalcollections:gunn_2714,https://pfaffs-web.lib.lehigh.edu/gunn_transcripts/2714.txt,https://pfaffs-web.lib.lehigh.edu/gunn_transcripts/2714.txt
291680,digitalcollections:gunn_2715,https://pfaffs-web.lib.lehigh.edu/gunn_transcripts/2715.txt,https://pfaffs-web.lib.lehigh.edu/gunn_transcripts/2715.txt
291681,digitalcollections:gunn_2716,https://pfaffs-web.lib.lehigh.edu/gunn_transcripts/2716.txt,https://pfaffs-web.lib.lehigh.edu/gunn_transcripts/2716.txt
291682,digitalcollections:gunn_2717,https://pfaffs-web.lib.lehigh.edu/gunn_transcripts/2717.txt,https://pfaffs-web.lib.lehigh.edu/gunn_transcripts/2717.txt
291683,digitalcollections:gunn_2718,https://pfaffs-web.lib.lehigh.edu/gunn_transcripts/2718.txt,https://pfaffs-web.lib.lehigh.edu/gunn_transcripts/2718.txt
291684,digitalcollections:gunn_2719,https://pfaffs-web.lib.lehigh.edu/gunn_transcripts/2719.txt,https://pfaffs-web.lib.lehigh.edu/gunn_transcripts/2719.txt
291685,digitalcollections:gunn_2703,https://pfaffs-web.lib.lehigh.edu/gunn_transcripts/2703.txt,https://pfaffs-web.lib.lehigh.edu/gunn_transcripts/2703.txt
291686,digitalcollections:gunn_2704,https://pfaffs-web.lib.lehigh.edu/gunn_transcripts/2704.txt,https://pfaffs-web.lib.lehigh.edu/gunn_transcripts/2704.txt
291687,digitalcollections:gunn_2705,https://pfaffs-web.lib.lehigh.edu/gunn_transcripts/2705.txt,https://pfaffs-web.lib.lehigh.edu/gunn_transcripts/2705.txt
291688,digitalcollections:gunn_2706,https://pfaffs-web.lib.lehigh.edu/gunn_transcripts/2706.txt,https://pfaffs-web.lib.lehigh.edu/gunn_transcripts/2706.txt
291689,digitalcollections:gunn_2707,https://pfaffs-web.lib.lehigh.edu/gunn_transcripts/2707.txt,https://pfaffs-web.lib.lehigh.edu/gunn_transcripts/2707.txt
291690,digitalcollections:gunn_2708,https://pfaffs-web.lib.lehigh.edu/gunn_transcripts/2708.txt,https://pfaffs-web.lib.lehigh.edu/gunn_transcripts/2708.txt
291691,digitalcollections:gunn_2709,https://pfaffs-web.lib.lehigh.edu/gunn_transcripts/2709.txt,https://pfaffs-web.lib.lehigh.edu/gunn_transcripts/2709.txt
291692,digitalcollections:gunn_2710,https://pfaffs-web.lib.lehigh.edu/gunn_transcripts/2710.txt,https://pfaffs-web.lib.lehigh.edu/gunn_transcripts/2710.txt
291693,digitalcollections:gunn_2664,https://pfaffs-web.lib.lehigh.edu/gunn_transcripts/2664.txt,https://pfaffs-web.lib.lehigh.edu/gunn_transcripts/2664.txt
291694,digitalcollections:gunn_2665,https://pfaffs-web.lib.lehigh.edu/gunn_transcripts/2665.txt,https://pfaffs-web.lib.lehigh.edu/gunn_transcripts/2665.txt
291695,digitalcollections:gunn_2666,https://pfaffs-web.lib.lehigh.edu/gunn_transcripts/2666.txt,https://pfaffs-web.lib.lehigh.edu/gunn_transcripts/2666.txt
291696,digitalcollections:gunn_2667,https://pfaffs-web.lib.lehigh.edu/gunn_transcripts/2667.txt,https://pfaffs-web.lib.lehigh.edu/gunn_transcripts/2667.txt
291697,digitalcollections:gunn_2668,https://pfaffs-web.lib.lehigh.edu/gunn_transcripts/2668.txt,https://pfaffs-web.lib.lehigh.edu/gunn_transcripts/2668.txt
291698,digitalcollections:gunn_2669,https://pfaffs-web.lib.lehigh.edu/gunn_transcripts/2669.txt,https://pfaffs-web.lib.lehigh.edu/gunn_transcripts/2669.txt
291699,digitalcollections:gunn_2670,https://pfaffs-web.lib.lehigh.edu/gunn_transcripts/2670.txt,https://pfaffs-web.lib.lehigh.edu/gunn_transcripts/2670.txt
291700,digitalcollections:gunn_2671,https://pfaffs-web.lib.lehigh.edu/gunn_transcripts/2671.txt,https://pfaffs-web.lib.lehigh.edu/gunn_transcripts/2671.txt
291701,digitalcollections:gunn_2695,https://pfaffs-web.lib.lehigh.edu/gunn_transcripts/2695.txt,https://pfaffs-web.lib.lehigh.edu/gunn_transcripts/2695.txt
291702,digitalcollections:gunn_2696,https://pfaffs-web.lib.lehigh.edu/gunn_transcripts/2696.txt,https://pfaffs-web.lib.lehigh.edu/gunn_transcripts/2696.txt
291703,digitalcollections:gunn_2697,https://pfaffs-web.lib.lehigh.edu/gunn_transcripts/2697.txt,https://pfaffs-web.lib.lehigh.edu/gunn_transcripts/2697.txt
291704,digitalcollections:gunn_2698,https://pfaffs-web.lib.lehigh.edu/gunn_transcripts/2698.txt,https://pfaffs-web.lib.lehigh.edu/gunn_transcripts/2698.txt
291705,digitalcollections:gunn_2699,https://pfaffs-web.lib.lehigh.edu/gunn_transcripts/2699.txt,https://pfaffs-web.lib.lehigh.edu/gunn_transcripts/2699.txt
291706,digitalcollections:gunn_2700,https://pfaffs-web.lib.lehigh.edu/gunn_transcripts/2700.txt,https://pfaffs-web.lib.lehigh.edu/gunn_transcripts/2700.txt
291707,digitalcollections:gunn_2701,https://pfaffs-web.lib.lehigh.edu/gunn_transcripts/2701.txt,https://pfaffs-web.lib.lehigh.edu/gunn_transcripts/2701.txt
291708,digitalcollections:gunn_2702,https://pfaffs-web.lib.lehigh.edu/gunn_transcripts/2702.txt,https://pfaffs-web.lib.lehigh.edu/gunn_transcripts/2702.txt
291709,digitalcollections:gunn_2672,https://pfaffs-web.lib.lehigh.edu/gunn_transcripts/2672.txt,https://pfaffs-web.lib.lehigh.edu/gunn_transcripts/2672.txt
291710,digitalcollections:gunn_2673,https://pfaffs-web.lib.lehigh.edu/gunn_transcripts/2673.txt,https://pfaffs-web.lib.lehigh.edu/gunn_transcripts/2673.txt
291711,digitalcollections:gunn_2674,https://pfaffs-web.lib.lehigh.edu/gunn_transcripts/2674.txt,https://pfaffs-web.lib.lehigh.edu/gunn_transcripts/2674.txt
291712,digitalcollections:gunn_2675,https://pfaffs-web.lib.lehigh.edu/gunn_transcripts/2675.txt,https://pfaffs-web.lib.lehigh.edu/gunn_transcripts/2675.txt
291713,digitalcollections:gunn_2676,https://pfaffs-web.lib.lehigh.edu/gunn_transcripts/2676.txt,https://pfaffs-web.lib.lehigh.edu/gunn_transcripts/2676.txt
291714,digitalcollections:gunn_2677,https://pfaffs-web.lib.lehigh.edu/gunn_transcripts/2677.txt,https://pfaffs-web.lib.lehigh.edu/gunn_transcripts/2677.txt
291715,digitalcollections:gunn_2678,https://pfaffs-web.lib.lehigh.edu/gunn_transcripts/2678.txt,https://pfaffs-web.lib.lehigh.edu/gunn_transcripts/2678.txt
291716,digitalcollections:gunn_2679,https://pfaffs-web.lib.lehigh.edu/gunn_transcripts/2679.txt,https://pfaffs-web.lib.lehigh.edu/gunn_transcripts/2679.txt
291717,digitalcollections:gunn_2657,https://pfaffs-web.lib.lehigh.edu/gunn_transcripts/2657.txt,https://pfaffs-web.lib.lehigh.edu/gunn_transcripts/2657.txt
291718,digitalcollections:gunn_2658,https://pfaffs-web.lib.lehigh.edu/gunn_transcripts/2658.txt,https://pfaffs-web.lib.lehigh.edu/gunn_transcripts/2658.txt
291719,digitalcollections:gunn_2659,https://pfaffs-web.lib.lehigh.edu/gunn_transcripts/2659.txt,https://pfaffs-web.lib.lehigh.edu/gunn_transcripts/2659.txt
291720,digitalcollections:gunn_2660,https://pfaffs-web.lib.lehigh.edu/gunn_transcripts/2660.txt,https://pfaffs-web.lib.lehigh.edu/gunn_transcripts/2660.txt
291721,digitalcollections:gunn_2661,https://pfaffs-web.lib.lehigh.edu/gunn_transcripts/2661.txt,https://pfaffs-web.lib.lehigh.edu/gunn_transcripts/2661.txt
291722,digitalcollections:gunn_2662,https://pfaffs-web.lib.lehigh.edu/gunn_transcripts/2662.txt,https://pfaffs-web.lib.lehigh.edu/gunn_transcripts/2662.txt
291723,digitalcollections:gunn_2663,https://pfaffs-web.lib.lehigh.edu/gunn_transcripts/2663.txt,https://pfaffs-web.lib.lehigh.edu/gunn_transcripts/2663.txt
291724,digitalcollections:gunn_2682,https://pfaffs-web.lib.lehigh.edu/gunn_transcripts/2682.txt,https://pfaffs-web.lib.lehigh.edu/gunn_transcripts/2682.txt
291725,digitalcollections:gunn_2683,https://pfaffs-web.lib.lehigh.edu/gunn_transcripts/2683.txt,https://pfaffs-web.lib.lehigh.edu/gunn_transcripts/2683.txt
291726,digitalcollections:gunn_2684,https://pfaffs-web.lib.lehigh.edu/gunn_transcripts/2684.txt,https://pfaffs-web.lib.lehigh.edu/gunn_transcripts/2684.txt
291727,digitalcollections:gunn_2685,https://pfaffs-web.lib.lehigh.edu/gunn_transcripts/2685.txt,https://pfaffs-web.lib.lehigh.edu/gunn_transcripts/2685.txt
291728,digitalcollections:gunn_2686,https://pfaffs-web.lib.lehigh.edu/gunn_transcripts/2686.txt,https://pfaffs-web.lib.lehigh.edu/gunn_transcripts/2686.txt
291729,digitalcollections:gunn_2687,https://pfaffs-web.lib.lehigh.edu/gunn_transcripts/2687.txt,https://pfaffs-web.lib.lehigh.edu/gunn_transcripts/2687.txt
291730,digitalcollections:gunn_2688,https://pfaffs-web.lib.lehigh.edu/gunn_transcripts/2688.txt,https://pfaffs-web.lib.lehigh.edu/gunn_transcripts/2688.txt
291731,digitalcollections:gunn_2689,https://pfaffs-web.lib.lehigh.edu/gunn_transcripts/2689.txt,https://pfaffs-web.lib.lehigh.edu/gunn_transcripts/2689.txt
291732,digitalcollections:gunn_2690,https://pfaffs-web.lib.lehigh.edu/gunn_transcripts/2690.txt,https://pfaffs-web.lib.lehigh.edu/gunn_transcripts/2690.txt
291733,digitalcollections:gunn_2691,https://pfaffs-web.lib.lehigh.edu/gunn_transcripts/2691.txt,https://pfaffs-web.lib.lehigh.edu/gunn_transcripts/2691.txt
291734,digitalcollections:gunn_2692,https://pfaffs-web.lib.lehigh.edu/gunn_transcripts/2692.txt,https://pfaffs-web.lib.lehigh.edu/gunn_transcripts/2692.txt
291735,digitalcollections:gunn_2693,https://pfaffs-web.lib.lehigh.edu/gunn_transcripts/2693.txt,https://pfaffs-web.lib.lehigh.edu/gunn_transcripts/2693.txt
291736,digitalcollections:gunn_2694,https://pfaffs-web.lib.lehigh.edu/gunn_transcripts/2694.txt,https://pfaffs-web.lib.lehigh.edu/gunn_transcripts/2694.txt
291737,digitalcollections:gunn_2680,https://pfaffs-web.lib.lehigh.edu/gunn_transcripts/2680.txt,https://pfaffs-web.lib.lehigh.edu/gunn_transcripts/2680.txt
291738,digitalcollections:gunn_2681,https://pfaffs-web.lib.lehigh.edu/gunn_transcripts/2681.txt,https://pfaffs-web.lib.lehigh.edu/gunn_transcripts/2681.txt