id,subj,spage,epage,ptr,vol
1,1,39,40,222,2
2,2,116,116,115,1
3,3,179,179,1307,7
4,3,184,186,1312,7
5,3,189,190,1317,7
6,3,195,195,1323,7
7,3,197,198,1325,7
8,3,201,201,1329,7
9,3,203,204,1331,7
10,3,207,207,1335,7
11,3,210,211,1338,7
12,4,78,78,4449,21
13,5,8,8,2867,14
14,6,78,78,4449,21
15,7,104,104,103,1
16,7,115,115,114,1
17,7,122,122,121,1
18,8,104,104,103,1
19,8,115,115,114,1
20,8,122,122,121,1
21,9,197,198,4286,19
22,10,78,78,4449,21
23,11,114,114,113,1
24,11,127,127,126,1
25,11,183,183,1073,6
26,11,142,142,1270,7
27,11,244,245,2356,11
28,11,107,107,2719,13
29,11,28,29,3130,15
30,11,73,73,3175,15
31,11,97,97,3199,15
32,11,198,198,3300,15
33,11,165,165,3495,16
34,11,104,104,3931,18
35,11,77,77,4166,19
36,11,235,235,4324,19
37,11,34,35,4895,20
38,11,77,77,4938,20
39,11,81,81,4942,20
40,11,5,5,4376,21
41,11,14,14,4385,21
42,11,20,20,4391,21
43,11,136,136,4507,21
44,11,260,260,4631,21
45,12,169,169,1297,7
46,12,83,83,1684,9
47,12,94,94,1695,9
48,12,133,134,1988,10
49,13,119,120,302,2
50,14,143,144,2255,11
51,14,150,153,2262,11
52,14,70,72,2438,12
53,14,140,140,2508,12
54,14,35,35,2647,13
55,14,129,129,2988,14
56,14,45,45,3375,16
57,14,75,75,3405,16
58,14,89,89,3419,16
59,14,74,75,3654,17
60,15,37,37,2405,12
61,15,168,168,2536,12
62,15,19,19,2631,13
63,15,110,110,2969,14
64,15,235,236,4062,18
65,16,49,49,2908,14
66,16,281,281,4370,19
67,17,29,29,28,1
68,17,102,102,101,1
69,17,179,180,178,1
70,17,188,188,371,2
71,17,27,27,404,3
72,17,34,34,411,3
73,17,51,51,428,3
74,17,31,31,463,4
75,17,89,89,521,4
76,17,118,118,550,4
77,17,50,50,698,5
78,17,53,54,701,5
79,17,94,94,742,5
80,17,105,105,753,5
81,17,164,164,812,5
82,17,166,166,814,5
83,17,174,174,822,5
84,17,213,215,861,5
85,17,218,218,1108,6
86,17,111,111,1472,8
87,17,156,156,1517,8
88,17,13,13,1614,9
89,17,109,109,1710,9
90,17,85,85,1940,10
91,17,146,146,2001,10
92,17,24,24,2136,11
93,17,230,230,2342,11
94,17,68,68,2680,13
95,17,99,99,2958,14
96,17,205,206,3307,15
97,17,33,34,3860,18
98,17,153,155,3980,18
99,17,176,177,4003,18
100,17,245,245,4072,18
101,17,247,247,4074,18
102,17,42,42,4131,19
103,17,192,192,5053,20
104,17,97,98,4734,22
105,18,179,179,4006,18
106,19,196,196,2051,10
107,20,195,195,2563,12
108,21,196,196,4285,19
109,22,78,78,4449,21
110,22,262,262,4633,21
111,23,196,196,3055,14
112,24,31,31,3611,17
113,25,143,144,2511,12
114,25,147,147,2515,12
115,25,149,150,2517,12
116,25,155,155,2523,12
117,25,160,165,2528,12
118,25,167,168,2535,12
119,25,186,186,2554,12
120,25,189,190,2557,12
121,25,194,194,2562,12
122,25,196,196,2564,12
123,25,200,200,2568,12
124,25,203,204,2571,12
125,25,208,211,2576,12
126,25,222,222,2590,12
127,25,224,227,2592,12
128,25,231,231,2599,12
129,25,235,235,2603,12
130,25,12,13,2624,13
131,25,19,19,2631,13
132,25,26,26,2638,13
133,25,38,40,2650,13
134,25,43,43,2655,13
135,25,49,51,2661,13
136,25,59,59,2671,13
137,25,70,70,2682,13
138,25,106,107,2718,13
139,25,140,140,2752,13
140,25,177,177,2789,13
141,25,35,35,2894,14
142,25,77,77,2936,14
143,25,152,152,3011,14
144,25,21,21,3601,17
145,25,21,21,3848,18
146,25,81,81,3908,18
147,25,104,104,4475,21
148,26,47,47,3149,15
149,27,47,47,3149,15
150,28,222,222,3802,17
151,28,121,121,4982,20
152,29,194,194,2049,10
153,29,196,196,2051,10
154,30,245,246,4072,18
155,31,40,40,4129,19
156,31,70,70,4931,20
157,31,93,93,4954,20
158,31,95,95,4956,20
159,31,97,97,4958,20
160,31,99,99,4960,20
161,31,118,118,4979,20
162,31,146,146,4517,21
163,31,228,228,4599,21
164,31,231,231,4602,21
165,32,127,127,126,1
166,32,135,135,134,1
167,32,145,145,144,1
168,32,134,135,782,5
169,32,59,59,949,6
170,32,126,126,1016,6
171,32,130,132,1020,6
172,32,140,140,1030,6
173,32,143,144,1033,6
174,32,159,159,1049,6
175,32,169,169,1059,6
176,32,183,187,1073,6
177,32,155,156,1756,9
178,32,242,242,2354,11
179,32,107,108,2719,13
180,32,180,180,3039,14
181,32,184,184,3043,14
182,32,204,204,3063,14
183,32,206,206,3065,14
184,32,11,11,3113,15
185,32,47,47,3149,15
186,32,65,65,3167,15
187,32,68,68,3170,15
188,32,75,75,3177,15
189,32,86,88,3188,15
190,32,125,127,3227,15
191,32,132,132,3234,15
192,32,140,140,3242,15
193,32,196,196,3298,15
194,32,198,198,3300,15
195,32,203,203,3305,15
196,32,76,76,3406,16
197,32,84,84,3414,16
198,32,157,157,3487,16
199,32,184,184,3764,17
200,32,225,225,3805,17
201,32,36,36,4125,19
202,32,40,40,4129,19
203,32,67,67,4156,19
204,32,111,113,4200,19
205,32,115,116,4204,19
206,32,119,120,4208,19
207,32,124,124,4213,19
208,32,131,131,4220,19
209,32,151,151,4240,19
210,32,156,156,4245,19
211,32,180,180,4269,19
212,32,183,183,4272,19
213,32,202,202,4291,19
214,32,226,227,4315,19
215,32,235,235,4324,19
216,32,237,237,4326,19
217,32,240,240,4329,19
218,32,245,245,4334,19
219,32,4,4,4865,20
220,32,67,67,4928,20
221,32,72,72,4933,20
222,32,86,86,4947,20
223,32,89,89,4950,20
224,32,93,93,4954,20
225,32,95,97,4956,20
226,32,99,101,4960,20
227,32,103,103,4964,20
228,32,105,105,4966,20
229,32,108,108,4969,20
230,32,118,118,4979,20
231,32,183,183,5044,20
232,32,50,50,4421,21
233,32,107,107,4478,21
234,32,119,119,4490,21
235,32,122,122,4493,21
236,32,124,126,4495,21
237,32,141,141,4512,21
238,32,143,143,4514,21
239,32,146,146,4517,21
240,32,170,171,4541,21
241,32,174,174,4545,21
242,32,216,216,4587,21
243,32,220,220,4591,21
244,32,228,228,4599,21
245,32,231,231,4602,21
246,32,234,234,4605,21
247,32,19,19,4656,22
248,32,22,22,4659,22
249,32,119,119,4756,22
250,33,279,279,4368,19
251,34,6,7,654,5
252,34,10,10,658,5
253,34,182,182,1072,6
254,34,212,212,1813,9
255,34,109,109,2968,14
256,34,95,95,3675,17
257,34,99,100,3679,17
258,35,126,126,4497,21
259,36,192,193,3051,14
260,36,200,200,3059,14
261,36,53,53,3155,15
262,36,85,85,3187,15
263,36,136,136,3716,17
264,37,87,89,4176,19
265,37,93,93,4182,19
266,37,95,95,4184,19
267,37,102,103,4191,19
268,37,130,131,4219,19
269,37,133,133,4222,19
270,37,139,139,4228,19
271,37,143,143,4232,19
272,37,153,153,4242,19
273,37,168,168,4257,19
274,37,172,172,4261,19
275,37,193,193,4282,19
276,37,18,18,4879,20
277,38,220,220,3800,17
278,38,82,82,4453,21
279,38,99,99,4470,21
280,38,138,138,4509,21
281,38,177,177,4548,21
282,38,179,179,4550,21
283,38,213,213,4584,21
284,38,222,222,4593,21
285,38,231,231,4602,21
286,39,164,164,4253,19
287,40,64,64,3394,16
288,41,52,52,1180,7
289,41,139,139,1994,10
290,41,8,9,2867,14
291,41,113,113,3940,18
292,42,66,66,1194,7
293,43,41,41,689,5
294,43,88,88,736,5
295,44,60,60,59,1
296,44,148,148,147,1
297,44,43,43,226,2
298,44,155,155,338,2
299,44,18,18,666,5
300,44,58,58,706,5
301,44,141,141,789,5
302,44,145,145,793,5
303,44,175,175,823,5
304,44,179,179,827,5
305,44,206,207,1096,6
306,44,211,211,1101,6
307,44,217,217,1107,6
308,44,220,220,1110,6
309,44,135,136,1263,7
310,44,168,169,1296,7
311,44,179,181,1307,7
312,44,183,183,1311,7
313,44,55,55,1416,8
314,44,213,213,1574,8
315,44,58,58,1659,9
316,44,230,230,3560,16
317,45,175,175,823,5
318,46,104,104,1232,7
319,47,164,164,3991,18
320,47,166,166,3993,18
321,48,86,86,1687,9
322,48,103,103,1958,10
323,48,84,84,2196,11
324,48,155,155,2523,12
325,48,21,21,3601,17
326,48,25,25,3605,17
327,48,70,70,4441,21
328,49,278,278,4367,19
329,50,96,96,95,1
330,51,78,78,4449,21
331,52,78,78,4449,21
332,53,143,143,1033,6
333,53,146,153,1036,6
334,54,125,125,308,2
335,54,75,75,507,4
336,55,59,59,242,2
337,55,202,202,4029,18
338,56,107,107,4196,19
339,57,194,194,3524,16
340,58,78,78,4449,21
341,59,143,143,3723,17
342,60,5,5,1860,10
343,61,87,89,3189,15
344,62,136,136,1737,9
345,63,76,76,3406,16
346,64,58,58,1186,7
347,64,68,69,1196,7
348,64,79,80,1207,7
349,64,111,111,1239,7
350,64,137,137,1498,8
351,64,157,157,3984,18
352,65,58,58,1186,7
353,65,68,69,1196,7
354,65,98,98,1459,8
355,65,63,63,1918,10
356,66,44,45,1172,7
357,66,58,58,1186,7
358,66,68,69,1196,7
359,66,79,80,1207,7
360,66,103,103,1231,7
361,66,111,111,1239,7
362,66,63,63,1918,10
363,67,70,70,69,1
364,67,118,118,117,1
365,67,122,122,121,1
366,68,219,220,3799,17
367,69,76,76,3406,16
368,70,59,59,1660,9
369,71,220,220,3800,17
370,72,205,205,2317,11
371,73,33,33,32,1
372,73,42,42,41,1
373,73,47,47,46,1
374,74,144,144,576,4
375,74,162,162,594,4
376,75,19,19,4390,21
377,75,52,53,4423,21
378,75,169,169,4806,22
379,76,213,213,2068,10
380,76,221,221,2076,10
381,76,228,228,2083,10
382,77,116,116,4205,19
383,77,119,119,4208,19
384,77,121,121,4210,19
385,77,123,125,4212,19
386,77,20,20,4881,20
387,78,150,150,149,1
388,79,228,228,4599,21
389,80,24,24,4885,20
390,80,41,41,4902,20
391,81,15,15,392,3
392,82,242,242,4069,18
393,83,129,131,4990,20
394,84,158,158,157,1
395,84,170,170,169,1
396,84,176,176,175,1
397,84,8,13,191,2
398,84,15,15,198,2
399,84,17,20,200,2
400,84,22,22,205,2
401,84,26,26,209,2
402,84,30,30,213,2
403,84,34,34,217,2
404,84,43,43,226,2
405,84,45,45,228,2
406,84,47,47,230,2
407,84,51,51,234,2
408,84,54,55,237,2
409,84,61,61,244,2
410,84,66,66,249,2
411,84,68,70,251,2
412,84,90,90,273,2
413,84,101,101,284,2
414,84,103,103,286,2
415,84,110,111,293,2
416,84,114,114,297,2
417,84,119,119,302,2
418,84,123,123,306,2
419,84,137,137,320,2
420,84,148,149,331,2
421,84,151,151,334,2
422,84,168,168,351,2
423,84,170,170,353,2
424,84,179,179,362,2
425,84,183,183,366,2
426,84,187,187,370,2
427,84,1,2,378,3
428,84,4,5,381,3
429,84,9,9,386,3
430,84,13,13,390,3
431,84,83,83,515,4
432,84,84,84,732,5
433,84,223,223,1113,6
434,84,189,189,1790,9
435,84,179,179,2791,13
436,85,58,58,4919,20
437,86,84,84,4173,19
438,86,86,86,4175,19
439,86,115,115,4204,19
440,86,128,128,4217,19
441,86,131,131,4220,19
442,86,145,145,4234,19
443,86,153,153,4242,19
444,86,160,160,4249,19
445,86,163,163,4252,19
446,86,247,247,4336,19
447,86,253,253,4342,19
448,86,134,134,4771,22
449,87,44,44,2903,14
450,88,10,10,193,2
451,88,14,19,197,2
452,88,22,23,205,2
453,88,25,26,208,2
454,88,30,30,213,2
455,88,33,34,216,2
456,88,47,47,230,2
457,88,50,50,233,2
458,88,52,52,235,2
459,88,61,62,244,2
460,88,68,70,251,2
461,88,73,73,256,2
462,88,75,75,258,2
463,88,88,88,271,2
464,88,110,110,293,2
465,88,114,114,297,2
466,88,123,123,306,2
467,88,129,129,312,2
468,88,137,137,320,2
469,88,83,83,515,4
470,88,43,43,691,5
471,88,68,68,716,5
472,88,84,84,732,5
473,88,223,223,1113,6
474,88,188,189,1789,9
475,89,86,86,269,2
476,90,19,19,202,2
477,90,23,23,206,2
478,90,27,27,210,2
479,90,30,30,213,2
480,90,33,34,216,2
481,90,61,62,244,2
482,90,68,70,251,2
483,90,73,73,256,2
484,90,75,75,258,2
485,90,82,82,265,2
486,90,88,88,271,2
487,90,123,123,306,2
488,90,129,129,312,2
489,90,137,137,320,2
490,90,187,187,370,2
491,90,83,83,515,4
492,90,68,68,716,5
493,90,84,84,732,5
494,90,189,189,1790,9
495,91,177,177,3036,14
496,91,186,186,3045,14
497,91,188,188,3047,14
498,91,191,193,3050,14
499,91,196,196,3055,14
500,91,201,202,3060,14
501,91,48,49,3150,15
502,91,55,55,3157,15
503,91,57,58,3159,15
504,91,60,60,3162,15
505,91,64,64,3166,15
506,91,66,66,3168,15
507,91,72,72,3174,15
508,91,96,97,3198,15
509,91,103,103,3205,15
510,91,105,105,3207,15
511,91,115,115,3217,15
512,91,122,123,3224,15
513,91,133,133,3235,15
514,91,137,137,3239,15
515,91,147,147,3249,15
516,91,153,153,3255,15
517,91,155,155,3257,15
518,91,157,159,3259,15
519,91,179,179,3281,15
520,91,182,182,3284,15
521,91,217,217,3319,15
522,91,84,85,3414,16
523,91,90,90,3420,16
524,91,105,105,3435,16
525,91,115,115,3445,16
526,91,129,129,3459,16
527,91,222,222,3552,16
528,91,238,239,3568,16
529,91,5,5,3585,17
530,91,7,8,3587,17
531,91,36,36,3616,17
532,91,245,246,3825,17
533,91,72,72,4161,19
534,91,74,74,4163,19
535,91,91,91,4952,20
536,91,79,79,4450,21
537,92,158,158,1519,8
538,93,127,127,1488,8
539,93,172,172,1533,8
540,93,177,177,1538,8
541,93,179,180,1540,8
542,93,183,183,1544,8
543,93,188,188,1549,8
544,93,196,196,1557,8
545,93,207,207,1568,8
546,93,209,211,1570,8
547,93,10,10,1611,9
548,93,47,47,1648,9
549,93,51,51,1652,9
550,93,81,81,1682,9
551,93,194,195,1795,9
552,93,7,7,2119,11
553,93,224,224,2836,13
554,94,211,211,1572,8
555,94,224,224,2836,13
556,95,153,153,1281,7
557,95,169,169,1297,7
558,95,83,83,1444,8
559,95,99,100,1460,8
560,95,119,119,1480,8
561,95,122,122,1483,8
562,95,133,135,1494,8
563,95,143,144,1504,8
564,95,148,148,1509,8
565,95,165,165,1526,8
566,95,167,167,1528,8
567,95,169,170,1530,8
568,95,173,173,1534,8
569,96,102,102,1703,9
570,96,109,109,2477,12
571,97,257,257,4628,21
572,98,181,181,4818,22
573,99,80,80,4451,21
574,100,86,86,85,1
575,100,94,94,93,1
576,100,98,102,97,1
577,100,115,116,114,1
578,100,118,120,117,1
579,100,138,138,137,1
580,100,143,145,142,1
581,100,151,151,150,1
582,100,169,170,168,1
583,100,5,5,188,2
584,100,8,8,191,2
585,100,66,66,249,2
586,100,68,70,251,2
587,100,72,72,255,2
588,100,75,75,258,2
589,100,80,80,263,2
590,100,86,86,269,2
591,100,88,90,271,2
592,100,93,93,276,2
593,100,96,98,279,2
594,100,108,108,291,2
595,100,150,150,333,2
596,100,233,233,881,5
597,100,174,174,1535,8
598,100,22,22,3849,18
599,101,47,47,424,3
600,101,41,41,473,4
601,102,180,180,612,4
602,103,93,94,3920,18
603,104,220,220,3800,17
604,105,69,69,2681,13
605,105,58,58,3388,16
606,106,103,103,1231,7
607,106,108,108,1236,7
608,107,108,108,1236,7
609,107,94,94,1695,9
610,107,58,58,3388,16
611,108,253,253,1854,9
612,109,187,187,2555,12
613,109,36,36,2895,14
614,109,110,110,2969,14
615,109,16,16,3843,18
616,109,47,47,3874,18
617,110,113,113,4974,20
618,111,260,260,4631,21
619,112,11,11,10,1
620,112,13,15,12,1
621,112,17,21,16,1
622,112,23,23,22,1
623,112,27,27,26,1
624,112,143,143,142,1
625,113,70,71,253,2
626,114,121,121,3948,18
627,114,110,110,4971,20
628,114,104,104,4475,21
629,115,47,47,2906,14
630,115,160,160,3019,14
631,115,164,164,3023,14
632,115,281,281,4370,19
633,116,22,22,21,1
634,116,170,170,169,1
635,116,10,10,193,2
636,116,13,13,196,2
637,116,16,17,199,2
638,116,22,22,205,2
639,116,104,104,287,2
640,116,78,78,1206,7
641,117,138,138,4509,21
642,118,220,220,4591,21
643,119,36,36,1397,8
644,119,93,93,2705,13
645,119,126,126,2985,14
646,119,184,184,3514,16
647,119,189,190,3519,16
648,119,201,201,3781,17
649,119,223,223,3803,17
650,119,41,41,3868,18
651,119,87,87,3914,18
652,119,97,97,3924,18
653,119,108,109,3935,18
654,119,177,177,4004,18
655,119,214,214,4041,18
656,120,242,242,4069,18
657,121,258,259,4085,18
658,121,76,76,4165,19
659,121,102,102,4191,19
660,121,104,104,4193,19
661,121,276,276,4365,19
662,122,83,83,3663,17
663,123,133,133,1261,7
664,123,137,137,1265,7
665,123,139,139,1267,7
666,123,179,179,1307,7
667,123,189,189,1317,7
668,123,193,193,1321,7
669,123,197,197,1325,7
670,123,200,203,1328,7
671,123,208,208,1336,7
672,123,212,212,1340,7
673,123,220,220,1348,7
674,123,10,10,1371,8
675,123,14,14,1375,8
676,123,20,20,1381,8
677,123,24,24,1385,8
678,123,27,27,1388,8
679,123,30,30,1391,8
680,123,100,100,1461,8
681,123,105,105,1466,8
682,123,134,134,1495,8
683,123,179,179,1540,8
684,123,186,186,1547,8
685,123,195,195,1556,8
686,123,226,227,1587,8
687,123,17,18,1618,9
688,123,21,25,1622,9
689,123,27,27,1628,9
690,123,33,33,1634,9
691,123,35,35,1636,9
692,123,38,38,1639,9
693,123,41,42,1642,9
694,123,52,52,1653,9
695,123,54,54,1655,9
696,123,58,58,1659,9
697,123,63,65,1664,9
698,123,73,73,1674,9
699,123,88,90,1689,9
700,123,110,110,1711,9
701,123,114,114,1715,9
702,123,140,141,1741,9
703,123,150,151,1751,9
704,123,157,158,1758,9
705,123,160,161,1761,9
706,123,164,164,1765,9
707,123,171,171,1772,9
708,123,177,178,1778,9
709,123,183,183,1784,9
710,123,197,197,1798,9
711,123,10,10,1865,10
712,123,20,21,1875,10
713,123,46,46,1901,10
714,123,61,61,1916,10
715,123,77,77,1932,10
716,123,96,96,1951,10
717,123,113,116,1968,10
718,123,127,127,1982,10
719,123,141,141,1996,10
720,123,171,171,2026,10
721,123,214,214,2069,10
722,123,221,224,2076,10
723,123,228,228,2083,10
724,123,239,240,2094,10
725,123,242,244,2097,10
726,123,247,248,2102,10
727,123,22,22,2134,11
728,123,40,41,2152,11
729,123,64,64,2176,11
730,123,83,84,2195,11
731,123,92,92,2204,11
732,123,96,96,2208,11
733,123,104,104,2216,11
734,123,108,108,2220,11
735,123,143,144,2255,11
736,123,146,147,2258,11
737,123,160,165,2272,11
738,123,185,186,2297,11
739,123,189,190,2301,11
740,123,246,246,2358,11
741,123,12,12,2380,12
742,123,17,18,2385,12
743,123,50,50,2418,12
744,123,75,75,2443,12
745,123,85,85,2453,12
746,123,101,102,2469,12
747,123,137,137,2505,12
748,123,158,158,2526,12
749,123,161,162,2529,12
750,123,168,168,2536,12
751,123,200,200,2568,12
752,123,213,213,2581,12
753,123,216,216,2584,12
754,123,228,228,2596,12
755,123,236,236,2604,12
756,123,13,13,2625,13
757,123,19,19,2631,13
758,123,26,28,2638,13
759,123,34,34,2646,13
760,123,37,37,2649,13
761,123,43,43,2655,13
762,123,81,81,2693,13
763,123,84,87,2696,13
764,123,89,89,2701,13
765,123,114,114,2726,13
766,123,120,121,2732,13
767,123,199,199,2811,13
768,123,206,206,2818,13
769,123,238,238,2850,13
770,123,91,91,2950,14
771,123,34,34,3364,16
772,123,49,49,3379,16
773,123,52,52,3382,16
774,123,60,60,3390,16
775,123,62,62,3392,16
776,123,117,118,3447,16
777,123,126,126,3456,16
778,123,130,130,3460,16
779,123,158,158,3488,16
780,123,160,160,3490,16
781,123,246,246,3576,16
782,123,229,229,3809,17
783,123,231,231,3811,17
784,123,20,20,3847,18
785,123,96,96,3923,18
786,123,204,204,4031,18
787,123,153,153,5014,20
788,123,9,10,4380,21
789,123,37,37,4408,21
790,123,164,164,4801,22
791,124,133,133,1261,7
792,124,200,203,1328,7
793,124,213,213,1341,7
794,124,14,14,1375,8
795,124,61,61,1916,10
796,124,113,114,1968,10
797,124,76,76,2188,11
798,124,92,92,2204,11
799,124,166,166,2278,11
800,124,43,43,2655,13
801,124,118,118,3448,16
802,124,130,130,3460,16
803,124,204,204,4031,18
804,124,168,168,5029,20
805,124,9,9,4380,21
806,124,37,37,4408,21
807,124,104,104,4475,21
808,125,223,223,2078,10
809,126,78,78,4449,21
810,127,143,143,3723,17
811,128,10,10,3837,18
812,129,129,129,1490,8
813,130,129,129,1490,8
814,131,79,80,727,5
815,131,223,224,1113,6
816,131,30,30,1158,7
817,131,79,80,1207,7
818,131,10,10,1371,8
819,131,51,51,1412,8
820,131,99,99,1460,8
821,131,131,131,1732,9
822,131,38,38,2406,12
823,131,62,62,2430,12
824,131,133,133,2501,12
825,131,240,240,2608,12
826,131,179,179,2791,13
827,131,185,185,2797,13
828,131,22,22,3350,16
829,131,35,35,3365,16
830,131,47,47,3377,16
831,131,226,226,3806,17
832,131,121,121,3948,18
833,131,87,88,4458,21
834,131,113,113,4750,22
835,132,94,94,3196,15
836,132,47,47,3377,16
837,132,174,174,3504,16
838,133,221,221,4858,22
839,134,168,168,167,1
840,135,145,145,144,1
841,135,106,107,1961,10
842,136,141,141,3000,14
843,137,47,47,2906,14
844,138,60,61,1188,7
845,138,65,67,1193,7
846,138,72,72,1200,7
847,139,43,43,226,2
848,139,50,51,233,2
849,139,53,53,236,2
850,139,56,56,239,2
851,139,58,58,241,2
852,139,72,72,255,2
853,140,140,141,1501,8
854,141,240,241,4329,19
855,141,243,244,4332,19
856,141,12,12,4873,20
857,142,45,45,1646,9
858,142,74,74,1675,9
859,142,149,149,3008,14
860,142,52,52,3879,18
861,142,147,147,5008,20
862,143,121,121,120,1
863,143,152,152,151,1
864,144,166,166,4537,21
865,145,26,26,209,2
866,145,41,41,224,2
867,145,59,59,242,2
868,145,97,97,280,2
869,145,25,25,402,3
870,145,162,162,594,4
871,145,76,76,2935,14
872,146,121,121,2980,14
873,146,133,133,2992,14
874,147,78,78,4939,20
875,147,115,115,4976,20
876,148,147,147,1748,9
877,148,208,208,2063,10
878,148,18,19,2877,14
879,148,124,127,3226,15
880,148,140,140,3242,15
881,148,29,30,3358,16
882,149,78,78,4449,21
883,149,80,80,4451,21
884,149,109,110,4480,21
885,149,119,119,4490,21
886,149,129,129,4500,21
887,149,172,172,4543,21
888,149,179,179,4550,21
889,149,183,184,4554,21
890,149,188,188,4559,21
891,149,215,215,4586,21
892,149,221,221,4592,21
893,149,31,32,4668,22
894,149,36,37,4673,22
895,149,40,40,4677,22
896,149,51,51,4688,22
897,150,176,176,3035,14
898,151,207,207,3309,15
899,152,43,43,42,1
900,152,108,108,998,6
901,152,213,213,1814,9
902,153,197,198,4286,19
903,153,206,206,4295,19
904,154,51,51,428,3
905,154,6,6,438,4
906,154,105,105,537,4
907,154,107,110,539,4
908,154,144,144,1272,7
909,154,150,152,1278,7
910,154,165,165,1293,7
911,154,24,24,2883,14
912,154,82,82,2941,14
913,154,146,146,3248,15
914,155,136,136,3238,15
915,155,239,239,3569,16
916,156,167,167,3269,15
917,157,125,125,3952,18
918,158,189,189,4278,19
919,159,104,104,4193,19
920,159,189,191,4278,19
921,159,20,20,4881,20
922,160,106,106,3208,15
923,160,108,109,3210,15
924,160,112,114,3214,15
925,160,122,122,3224,15
926,160,128,129,3230,15
927,160,133,133,3235,15
928,160,136,136,3238,15
929,160,143,144,3245,15
930,160,146,146,3248,15
931,160,151,152,3253,15
932,160,159,159,3261,15
933,160,171,171,3273,15
934,160,184,184,3286,15
935,160,191,191,3293,15
936,160,15,15,3343,16
937,160,69,69,3399,16
938,160,78,80,3408,16
939,160,238,238,3568,16
940,160,221,221,3801,17
941,160,24,24,4395,21
942,161,120,121,4209,19
943,161,123,124,4212,19
944,162,59,59,4920,20
945,162,67,67,4928,20
946,162,69,71,4930,20
947,162,104,104,4965,20
948,162,106,106,4967,20
949,162,108,108,4969,20
950,162,110,110,4971,20
951,163,27,27,26,1
952,164,129,129,4500,21
953,165,138,138,4999,20
954,165,141,142,5002,20
955,165,147,147,5008,20
956,165,149,150,5010,20
957,165,155,155,5016,20
958,165,158,158,5019,20
959,165,160,160,5021,20
960,166,150,150,5011,20
961,167,148,149,5009,20
962,168,148,149,5009,20
963,169,109,109,108,1
964,169,112,113,111,1
965,169,119,121,118,1
966,169,123,126,122,1
967,169,136,136,135,1
968,169,138,138,137,1
969,169,140,142,139,1
970,169,145,145,144,1
971,169,147,147,146,1
972,169,149,149,148,1
973,169,152,152,151,1
974,169,154,154,153,1
975,169,24,24,401,3
976,169,99,99,531,4
977,169,156,156,588,4
978,170,153,153,585,4
979,171,58,58,4429,21
980,172,109,110,1237,7
981,172,112,112,1240,7
982,172,29,29,1390,8
983,172,98,98,1459,8
984,172,28,28,1629,9
985,172,63,63,1918,10
986,172,87,87,2946,14
987,172,91,91,2950,14
988,172,109,109,2968,14
989,172,128,128,2987,14
990,172,88,88,3915,18
991,173,63,63,1918,10
992,174,111,111,1239,7
993,175,105,105,995,6
994,176,237,237,2349,11
995,176,244,244,2356,11
996,177,9,9,8,1
997,177,18,18,17,1
998,177,31,31,30,1
999,177,34,34,33,1
1000,177,39,39,38,1
1001,177,42,43,41,1
1002,177,104,104,103,1
1003,177,120,120,119,1
1004,177,139,139,138,1
1005,177,150,150,149,1
1006,178,121,121,3948,18
1007,179,160,160,1288,7
1008,179,61,61,1916,10
1009,180,100,100,2712,13
1010,181,8,8,4097,19
1011,181,212,212,4301,19
1012,182,197,201,4568,21
1013,182,223,223,4594,21
1014,182,227,227,4598,21
1015,182,229,230,4600,21
1016,182,45,48,4682,22
1017,182,52,53,4689,22
1018,182,55,55,4692,22
1019,182,69,69,4706,22
1020,182,73,73,4710,22
1021,182,111,111,4748,22
1022,182,129,130,4766,22
1023,182,181,181,4818,22
1024,183,227,227,4598,21
1025,183,229,229,4600,21
1026,183,55,56,4692,22
1027,183,73,73,4710,22
1028,184,240,240,2608,12
1029,184,194,194,2806,13
1030,185,59,60,3639,17
1031,185,66,67,3646,17
1032,185,88,88,3668,17
1033,185,90,90,3670,17
1034,185,94,96,3674,17
1035,185,99,103,3679,17
1036,185,113,114,3693,17
1037,185,139,141,3719,17
1038,185,177,178,3757,17
1039,185,46,46,3873,18
1040,185,51,51,3878,18
1041,186,101,101,3681,17
1042,186,141,141,3721,17
1043,187,155,156,4244,19
1044,188,199,199,847,5
1045,189,242,242,4069,18
1046,190,213,214,2581,12
1047,191,213,213,2581,12
1048,192,19,19,667,5
1049,192,145,145,3247,15
1050,193,233,233,2845,13
1051,193,27,27,4888,20
1052,194,153,153,1281,7
1053,194,82,82,1443,8
1054,194,21,21,1622,9
1055,194,33,33,1634,9
1056,194,102,102,1703,9
1057,194,119,119,1720,9
1058,194,61,61,1916,10
1059,194,8,8,2120,11
1060,195,65,66,497,4
1061,195,96,96,1224,7
1062,195,40,40,1641,9
1063,195,57,61,2425,12
1064,195,103,107,2471,12
1065,195,52,52,2911,14
1066,195,55,55,2914,14
1067,195,117,117,3219,15
1068,195,144,144,3246,15
1069,195,212,212,4039,18
1070,195,229,229,4056,18
1071,195,19,19,4108,19
1072,196,90,90,980,6
1073,197,181,181,4008,18
1074,198,116,116,3218,15
1075,199,178,178,610,4
1076,199,16,16,664,5
1077,200,47,47,2159,11
1078,200,148,149,2260,11
1079,200,105,106,2473,12
1080,201,58,58,241,2
1081,201,224,224,872,5
1082,202,114,115,762,5
1083,202,12,12,1613,9
1084,202,5,5,3107,15
1085,202,218,218,3548,16
1086,202,253,253,4080,18
1087,203,53,53,701,5
1088,203,59,59,707,5
1089,203,95,95,743,5
1090,203,19,19,1147,7
1091,203,49,49,1177,7
1092,203,130,131,1258,7
1093,203,133,142,1261,7
1094,203,146,146,1274,7
1095,203,148,150,1276,7
1096,203,153,153,1281,7
1097,203,155,155,1283,7
1098,203,160,161,1288,7
1099,203,164,165,1292,7
1100,203,168,168,1296,7
1101,203,170,170,1298,7
1102,203,173,173,1301,7
1103,203,175,175,1303,7
1104,203,177,177,1305,7
1105,203,180,180,1308,7
1106,203,186,186,1314,7
1107,203,189,189,1317,7
1108,203,193,193,1321,7
1109,203,195,197,1323,7
1110,203,199,200,1327,7
1111,203,202,202,1330,7
1112,203,207,208,1335,7
1113,203,210,210,1338,7
1114,203,214,215,1342,7
1115,203,221,221,1349,7
1116,203,8,9,1369,8
1117,203,20,20,1381,8
1118,203,26,27,1387,8
1119,203,31,31,1392,8
1120,203,53,54,1414,8
1121,203,60,60,1421,8
1122,203,64,64,1425,8
1123,203,81,82,1442,8
1124,203,85,85,1446,8
1125,203,94,95,1455,8
1126,203,101,101,1462,8
1127,203,104,104,1465,8
1128,203,110,110,1471,8
1129,203,134,134,1495,8
1130,203,177,177,1538,8
1131,203,225,228,1586,8
1132,203,15,16,1616,9
1133,203,90,90,1691,9
1134,203,95,95,1696,9
1135,203,103,104,1704,9
1136,203,117,117,1718,9
1137,203,146,147,1747,9
1138,203,150,151,1751,9
1139,203,162,162,1763,9
1140,203,177,178,1778,9
1141,203,34,35,1889,10
1142,203,77,78,1932,10
1143,203,123,123,1978,10
1144,203,153,153,2008,10
1145,203,159,162,2014,10
1146,203,168,169,2023,10
1147,203,171,172,2026,10
1148,203,180,180,2035,10
1149,203,225,225,2080,10
1150,203,244,244,2099,10
1151,203,8,8,2120,11
1152,203,32,32,2144,11
1153,203,87,87,2199,11
1154,203,89,89,2201,11
1155,203,160,160,2272,11
1156,203,162,162,2274,11
1157,203,13,14,2381,12
1158,203,92,93,2460,12
1159,203,144,145,2512,12
1160,203,203,203,2571,12
1161,203,205,205,2573,12
1162,203,209,209,2577,12
1163,203,225,225,2593,12
1164,203,227,227,2595,12
1165,203,231,231,2599,12
1166,203,236,236,2604,12
1167,203,5,5,2617,13
1168,203,12,12,2624,13
1169,203,46,47,2658,13
1170,203,50,50,2662,13
1171,203,58,58,2670,13
1172,203,103,103,2715,13
1173,203,111,111,2723,13
1174,203,168,168,2780,13
1175,203,170,173,2782,13
1176,203,190,190,2802,13
1177,203,207,207,2819,13
1178,203,110,111,2969,14
1179,203,133,133,2992,14
1180,203,135,135,2994,14
1181,203,157,157,3016,14
1182,203,82,82,3184,15
1183,203,193,193,3295,15
1184,203,195,195,3297,15
1185,203,15,18,3343,16
1186,203,27,27,3355,16
1187,203,118,118,3448,16
1188,203,130,130,3460,16
1189,203,197,197,3527,16
1190,203,13,13,3593,17
1191,203,170,170,3750,17
1192,203,204,205,3784,17
1193,203,216,217,3796,17
1194,203,237,237,3817,17
1195,203,27,27,3854,18
1196,203,45,45,3872,18
1197,203,47,47,3874,18
1198,203,71,71,3898,18
1199,203,83,83,3910,18
1200,203,88,88,3915,18
1201,203,94,94,3921,18
1202,203,108,108,3935,18
1203,203,113,113,3940,18
1204,203,117,117,3944,18
1205,203,175,175,4002,18
1206,203,178,178,4005,18
1207,203,187,187,4014,18
1208,203,198,198,4025,18
1209,203,204,204,4031,18
1210,203,243,243,4070,18
1211,203,246,246,4073,18
1212,203,248,249,4075,18
1213,203,6,6,4095,19
1214,203,12,13,4101,19
1215,203,49,49,4910,20
1216,203,51,51,4912,20
1217,203,168,169,5029,20
1218,203,173,173,5034,20
1219,203,37,37,4408,21
1220,203,57,57,4428,21
1221,203,63,64,4434,21
1222,203,158,158,4795,22
1223,204,76,76,4447,21
1224,204,78,78,4449,21
1225,204,80,80,4451,21
1226,204,83,84,4454,21
1227,204,86,86,4457,21
1228,204,92,92,4463,21
1229,204,94,94,4465,21
1230,204,99,103,4470,21
1231,204,105,110,4476,21
1232,204,119,119,4490,21
1233,204,121,121,4492,21
1234,204,126,127,4497,21
1235,204,136,138,4507,21
1236,204,141,141,4512,21
1237,204,145,145,4516,21
1238,204,151,151,4522,21
1239,204,153,153,4524,21
1240,204,162,162,4533,21
1241,204,165,165,4536,21
1242,204,172,172,4543,21
1243,204,177,177,4548,21
1244,204,184,184,4555,21
1245,204,188,190,4559,21
1246,204,192,192,4563,21
1247,204,202,202,4573,21
1248,204,215,215,4586,21
1249,204,224,224,4595,21
1250,204,226,226,4597,21
1251,204,228,228,4599,21
1252,204,231,233,4602,21
1253,204,6,6,4643,22
1254,204,13,13,4650,22
1255,204,32,32,4669,22
1256,204,37,37,4674,22
1257,204,40,41,4677,22
1258,204,71,71,4708,22
1259,204,73,73,4710,22
1260,204,106,106,4743,22
1261,204,115,115,4752,22
1262,204,174,174,4811,22
1263,205,242,242,4069,18
1264,206,268,268,4357,19
1265,207,18,18,17,1
1266,208,16,17,199,2
1267,209,108,108,1236,7
1268,210,119,119,2978,14
1269,211,28,28,405,3
1270,212,137,137,1738,9
1271,213,212,212,4301,19
1272,214,112,112,1002,6
1273,214,114,114,1004,6
1274,215,20,20,397,3
1275,215,84,84,732,5
1276,215,109,109,757,5
1277,215,174,174,822,5
1278,215,89,89,979,6
1279,215,214,214,1575,8
1280,215,165,165,2277,11
1281,215,138,138,3718,17
1282,216,87,87,977,6
1283,216,91,91,981,6
1284,217,61,61,1662,9
1285,217,66,66,1667,9
1286,217,176,176,1777,9
1287,218,87,87,977,6
1288,219,27,27,26,1
1289,220,266,266,4355,19
1290,221,50,50,2418,12
1291,221,56,56,2424,12
1292,221,62,62,2430,12
1293,221,77,77,2445,12
1294,222,165,165,348,2
1295,223,120,120,119,1
1296,223,146,146,145,1
1297,223,151,151,150,1
1298,223,169,169,168,1
1299,223,16,17,199,2
1300,223,57,58,1658,9
1301,224,33,33,923,6
1302,224,203,204,1093,6
1303,224,31,31,1159,7
1304,224,34,36,1162,7
1305,224,40,40,1168,7
1306,224,55,55,1183,7
1307,224,111,111,1239,7
1308,224,218,218,1346,7
1309,224,218,218,3548,16
1310,225,150,150,582,4
1311,225,174,174,606,4
1312,225,100,100,990,6
1313,225,203,203,1093,6
1314,225,31,31,1159,7
1315,225,35,36,1163,7
1316,225,39,39,1167,7
1317,225,111,111,1239,7
1318,225,218,218,1346,7
1319,225,36,36,1637,9
1320,225,94,94,1695,9
1321,225,218,218,3548,16
1322,226,7,7,6,1
1323,226,9,9,8,1
1324,226,35,35,34,1
1325,226,142,143,141,1
1326,226,155,155,154,1
1327,226,159,159,158,1
1328,226,177,177,176,1
1329,226,5,6,188,2
1330,226,12,12,195,2
1331,226,16,17,199,2
1332,226,20,24,203,2
1333,226,28,28,211,2
1334,226,31,32,214,2
1335,226,35,36,218,2
1336,226,39,39,222,2
1337,226,42,43,225,2
1338,226,46,46,229,2
1339,226,48,48,231,2
1340,226,50,50,233,2
1341,226,52,53,235,2
1342,226,58,61,241,2
1343,226,64,64,247,2
1344,226,67,68,250,2
1345,226,73,75,256,2
1346,226,86,87,269,2
1347,226,97,97,280,2
1348,226,100,100,283,2
1349,226,103,103,286,2
1350,226,105,106,288,2
1351,226,111,111,294,2
1352,226,127,128,310,2
1353,226,134,135,317,2
1354,226,138,140,321,2
1355,226,143,143,326,2
1356,226,148,149,331,2
1357,226,152,152,335,2
1358,226,157,157,340,2
1359,226,162,162,345,2
1360,226,168,168,351,2
1361,226,177,178,360,2
1362,226,181,182,364,2
1363,226,188,190,371,2
1364,226,1,3,378,3
1365,226,5,5,382,3
1366,226,12,12,389,3
1367,226,16,18,393,3
1368,226,20,20,397,3
1369,226,23,23,400,3
1370,226,28,30,405,3
1371,226,32,33,409,3
1372,226,37,38,414,3
1373,226,45,45,422,3
1374,226,49,50,426,3
1375,226,6,7,438,4
1376,226,19,19,451,4
1377,226,25,25,457,4
1378,226,45,45,477,4
1379,226,50,51,482,4
1380,226,55,55,487,4
1381,226,65,67,497,4
1382,226,78,80,510,4
1383,226,83,83,515,4
1384,226,106,106,538,4
1385,226,108,109,540,4
1386,226,112,112,544,4
1387,226,114,119,546,4
1388,226,123,123,555,4
1389,226,128,128,560,4
1390,226,131,131,563,4
1391,226,133,135,565,4
1392,226,138,142,570,4
1393,226,150,151,582,4
1394,226,161,161,593,4
1395,226,163,163,595,4
1396,226,166,166,598,4
1397,226,170,170,602,4
1398,226,172,172,604,4
1399,226,175,175,607,4
1400,226,177,177,609,4
1401,226,14,15,662,5
1402,226,19,20,667,5
1403,226,22,22,670,5
1404,226,27,28,675,5
1405,226,33,35,681,5
1406,226,37,37,685,5
1407,226,40,40,688,5
1408,226,42,42,690,5
1409,226,59,59,707,5
1410,226,64,64,712,5
1411,226,66,66,714,5
1412,226,74,74,722,5
1413,226,89,89,737,5
1414,226,93,93,741,5
1415,226,98,99,746,5
1416,226,151,151,799,5
1417,226,154,154,802,5
1418,226,168,168,816,5
1419,226,179,180,827,5
1420,226,194,194,842,5
1421,226,199,199,847,5
1422,226,202,204,850,5
1423,226,33,33,923,6
1424,226,53,53,943,6
1425,226,100,100,990,6
1426,226,102,104,992,6
1427,226,106,109,996,6
1428,226,111,111,1001,6
1429,226,114,114,1004,6
1430,226,117,117,1007,6
1431,226,203,204,1093,6
1432,226,206,207,1096,6
1433,226,221,221,1111,6
1434,226,229,229,1119,6
1435,226,31,31,1159,7
1436,226,36,36,1164,7
1437,226,40,40,1168,7
1438,226,136,136,1264,7
1439,226,138,138,1266,7
1440,226,145,145,1273,7
1441,226,185,186,1313,7
1442,226,197,197,1325,7
1443,226,202,202,1330,7
1444,226,204,204,1332,7
1445,226,215,215,1343,7
1446,226,218,218,1346,7
1447,226,221,221,1349,7
1448,226,10,10,1371,8
1449,226,13,14,1374,8
1450,226,38,38,1399,8
1451,226,104,104,1465,8
1452,226,115,115,1476,8
1453,226,135,135,1496,8
1454,226,8,8,1609,9
1455,226,27,27,1628,9
1456,226,32,32,1633,9
1457,226,36,36,1637,9
1458,226,71,71,1672,9
1459,226,94,94,1695,9
1460,226,38,38,1893,10
1461,226,230,230,2598,12
1462,226,123,123,3453,16
1463,226,12,12,3592,17
1464,226,81,81,4170,19
1465,226,96,96,4185,19
1466,226,129,130,4218,19
1467,227,100,100,990,6
1468,227,102,104,992,6
1469,227,109,109,999,6
1470,227,111,111,1001,6
1471,227,204,204,1094,6
1472,227,40,40,1168,7
1473,227,123,123,3453,16
1474,227,12,12,3592,17
1475,228,194,194,2806,13
1476,228,97,97,2956,14
1477,229,183,184,831,5
1478,230,130,130,3232,15
1479,231,13,13,3341,16
1480,232,10,10,387,3
1481,232,13,13,390,3
1482,232,16,16,393,3
1483,232,24,24,401,3
1484,232,28,28,405,3
1485,232,32,32,409,3
1486,232,43,43,420,3
1487,232,45,45,422,3
1488,232,6,6,438,4
1489,232,37,37,469,4
1490,232,60,60,492,4
1491,232,107,108,539,4
1492,232,110,110,542,4
1493,232,58,58,706,5
1494,232,20,20,2632,13
1495,233,12,12,2624,13
1496,234,20,20,2632,13
1497,235,113,114,2481,12
1498,235,160,160,2528,12
1499,235,133,133,2992,14
1500,235,20,20,3348,16
1501,235,70,71,3400,16
1502,235,82,82,3412,16
1503,235,112,113,3442,16
1504,235,127,127,3457,16
1505,235,131,131,3461,16
1506,235,174,174,5035,20
1507,235,33,33,4404,21
1508,236,6,6,2374,12
1509,236,105,105,2473,12
1510,236,114,114,2482,12
1511,236,160,160,2528,12
1512,236,215,215,2827,13
1513,236,31,31,2890,14
1514,236,122,122,2981,14
1515,236,20,20,3348,16
1516,236,70,71,3400,16
1517,236,82,82,3412,16
1518,236,110,110,3440,16
1519,236,112,113,3442,16
1520,236,127,127,3457,16
1521,236,131,131,3461,16
1522,236,163,163,3493,16
1523,236,174,174,5035,20
1524,236,33,33,4404,21
1525,237,151,152,150,1
1526,238,84,84,3664,17
1527,239,169,169,3749,17
1528,239,64,64,3891,18
1529,240,67,67,499,4
1530,240,84,84,516,4
1531,241,121,121,1482,8
1532,242,80,80,4451,21
1533,243,163,163,2275,11
1534,243,165,165,2277,11
1535,243,187,187,2299,11
1536,243,248,248,4075,18
1537,243,171,171,5032,20
1538,243,164,165,4801,22
1539,244,164,164,4801,22
1540,245,165,165,2277,11
1541,246,269,269,4358,19
1542,247,129,129,312,2
1543,247,156,156,588,4
1544,247,162,162,594,4
1545,247,225,225,873,5
1546,248,218,218,3320,15
1547,248,30,30,4401,21
1548,249,276,276,4365,19
1549,250,136,136,4997,20
1550,251,80,80,3660,17
1551,251,88,88,3668,17
1552,251,90,90,3670,17
1553,251,100,100,3680,17
1554,251,205,205,3785,17
1555,251,244,244,3824,17
1556,251,78,78,3905,18
1557,251,30,30,4119,19
1558,251,39,39,4128,19
1559,251,190,190,4279,19
1560,251,256,256,4345,19
1561,251,276,276,4365,19
1562,251,6,6,4867,20
1563,251,14,14,4875,20
1564,251,87,87,4948,20
1565,252,263,263,4352,19
1566,252,14,14,4875,20
1567,253,164,164,4253,19
1568,253,171,171,4260,19
1569,254,38,38,4409,21
1570,255,36,37,4897,20
1571,255,40,41,4901,20
1572,255,45,45,4906,20
1573,255,24,24,4395,21
1574,255,36,36,4407,21
1575,256,22,22,4883,20
1576,256,25,25,4886,20
1577,257,276,276,4365,19
1578,258,175,175,4264,19
1579,258,185,186,4274,19
1580,258,190,190,4279,19
1581,258,193,193,4282,19
1582,258,196,213,4285,19
1583,258,217,217,4306,19
1584,258,256,256,4345,19
1585,258,4,4,4865,20
1586,258,6,6,4867,20
1587,259,33,33,4894,20
1588,260,164,165,163,1
1589,260,168,169,167,1
1590,260,10,10,193,2
1591,260,12,12,195,2
1592,260,19,19,202,2
1593,260,47,47,230,2
1594,260,56,56,239,2
1595,260,101,101,284,2
1596,260,48,48,425,3
1597,260,24,24,456,4
1598,260,69,69,501,4
1599,260,89,89,521,4
1600,260,128,128,560,4
1601,260,161,161,593,4
1602,260,99,99,747,5
1603,260,169,169,817,5
1604,260,201,201,849,5
1605,260,167,167,1295,7
1606,260,23,23,1384,8
1607,261,18,18,450,4
1608,262,153,153,4524,21
1609,262,124,124,4761,22
1610,262,126,126,4763,22
1611,262,136,137,4773,22
1612,262,143,143,4780,22
1613,262,151,151,4788,22
1614,263,174,174,1775,9
1615,264,130,130,4219,19
1616,265,54,54,4143,19
1617,266,99,99,747,5
1618,266,109,109,757,5
1619,266,174,174,822,5
1620,266,113,113,1714,9
1621,266,83,83,3910,18
1622,266,85,86,3912,18
1623,267,189,189,3519,16
1624,268,69,69,3896,18
1625,269,50,50,4139,19
1626,269,52,52,4141,19
1627,269,57,57,4146,19
1628,270,218,218,3320,15
1629,270,10,10,3590,17
1630,270,40,40,4129,19
1631,270,276,276,4365,19
1632,270,85,85,4946,20
1633,271,132,132,315,2
1634,272,130,132,313,2
1635,272,35,35,412,3
1636,272,9,9,657,5
1637,272,68,68,958,6
1638,272,88,88,2456,12
1639,272,155,155,3982,18
1640,272,254,254,4625,21
1641,273,117,117,300,2
1642,274,78,78,4449,21
1643,274,224,224,4595,21
1644,275,202,202,3061,14
1645,275,78,78,3180,15
1646,275,141,141,3243,15
1647,275,151,151,3253,15
1648,275,157,157,3259,15
1649,275,162,162,3264,15
1650,276,31,33,30,1
1651,276,45,45,44,1
1652,276,76,77,1677,9
1653,277,135,135,318,2
1654,277,190,190,373,2
1655,277,29,29,1630,9
1656,277,82,82,1683,9
1657,277,160,160,1761,9
1658,277,53,53,1908,10
1659,277,57,57,1912,10
1660,277,114,114,2226,11
1661,277,177,177,3507,16
1662,277,179,179,3509,16
1663,277,195,195,3525,16
1664,277,30,31,3610,17
1665,277,20,20,4391,21
1666,278,192,192,2047,10
1667,279,143,143,3723,17
1668,280,204,204,2316,11
1669,280,227,227,3086,14
1670,280,232,232,3812,17
1671,280,117,117,3944,18
1672,280,147,147,3974,18
1673,281,119,119,4980,20
1674,282,211,211,4582,21
1675,282,213,213,4584,21
1676,283,132,132,3234,15
1677,284,72,73,3652,17
1678,284,87,87,3667,17
1679,284,101,102,3681,17
1680,284,105,105,3685,17
1681,284,115,115,3695,17
1682,284,117,117,3697,17
1683,284,134,134,3714,17
1684,284,139,139,3719,17
1685,284,151,151,3731,17
1686,284,177,178,3757,17
1687,284,184,184,3764,17
1688,285,38,38,4127,19
1689,286,109,109,1470,8
1690,286,12,12,1613,9
1691,286,17,17,1618,9
1692,286,82,82,2194,11
1693,286,87,87,2199,11
1694,286,18,18,2386,12
1695,286,169,169,2781,13
1696,286,171,171,2783,13
1697,286,182,182,2794,13
1698,286,184,185,2796,13
1699,286,159,159,3739,17
1700,286,204,204,3784,17
1701,286,168,168,3995,18
1702,286,182,182,4009,18
1703,286,193,193,4020,18
1704,286,195,195,4022,18
1705,286,230,230,4057,18
1706,286,260,261,4087,18
1707,286,6,7,4095,19
1708,286,175,175,5036,20
1709,287,177,178,2789,13
1710,287,71,72,3401,16
1711,287,158,160,3985,18
1712,287,189,189,4016,18
1713,287,185,185,4822,22
1714,288,160,160,3987,18
1715,289,12,12,444,4
1716,289,20,22,452,4
1717,289,27,27,459,4
1718,289,34,34,466,4
1719,289,37,38,469,4
1720,289,45,45,477,4
1721,289,50,50,482,4
1722,289,56,56,488,4
1723,289,61,61,493,4
1724,289,66,66,498,4
1725,289,69,70,501,4
1726,289,76,76,508,4
1727,289,79,79,511,4
1728,289,81,81,513,4
1729,289,83,83,515,4
1730,289,90,90,522,4
1731,289,95,95,527,4
1732,289,98,98,530,4
1733,289,105,105,537,4
1734,289,108,108,540,4
1735,289,121,121,553,4
1736,289,153,153,585,4
1737,289,18,18,666,5
1738,289,67,67,715,5
1739,289,92,92,740,5
1740,289,99,99,747,5
1741,289,108,108,756,5
1742,289,207,207,1097,6
1743,289,19,19,1147,7
1744,289,175,175,1303,7
1745,289,182,182,1310,7
1746,289,196,197,1324,7
1747,289,199,200,1327,7
1748,289,202,203,1330,7
1749,289,209,211,1337,7
1750,289,215,215,1343,7
1751,289,217,217,1345,7
1752,289,8,9,1369,8
1753,289,23,23,1384,8
1754,289,31,31,1392,8
1755,289,60,60,1421,8
1756,289,63,64,1424,8
1757,289,77,77,1438,8
1758,289,79,79,1440,8
1759,289,82,83,1443,8
1760,289,85,85,1446,8
1761,289,93,95,1454,8
1762,289,101,107,1462,8
1763,289,109,109,1470,8
1764,289,113,113,1474,8
1765,289,119,119,1480,8
1766,289,121,122,1482,8
1767,289,125,125,1486,8
1768,289,127,127,1488,8
1769,289,134,135,1495,8
1770,289,139,139,1500,8
1771,289,143,143,1504,8
1772,289,148,148,1509,8
1773,289,151,153,1512,8
1774,289,157,159,1518,8
1775,289,161,161,1522,8
1776,289,164,165,1525,8
1777,289,168,171,1529,8
1778,289,173,173,1534,8
1779,289,176,179,1537,8
1780,289,181,182,1542,8
1781,289,184,187,1545,8
1782,289,192,193,1553,8
1783,289,197,197,1558,8
1784,289,209,209,1570,8
1785,289,213,213,1574,8
1786,289,224,224,1585,8
1787,289,12,12,1613,9
1788,289,14,18,1615,9
1789,289,22,23,1623,9
1790,289,28,28,1629,9
1791,289,30,30,1631,9
1792,289,33,33,1634,9
1793,289,35,36,1636,9
1794,289,40,40,1641,9
1795,289,52,52,1653,9
1796,289,54,55,1655,9
1797,289,57,57,1658,9
1798,289,60,60,1661,9
1799,289,70,71,1671,9
1800,289,77,79,1678,9
1801,289,95,96,1696,9
1802,289,99,100,1700,9
1803,289,102,102,1703,9
1804,289,104,104,1705,9
1805,289,106,106,1707,9
1806,289,109,109,1710,9
1807,289,112,118,1713,9
1808,289,120,120,1721,9
1809,289,133,133,1734,9
1810,289,139,140,1740,9
1811,289,142,142,1743,9
1812,289,147,147,1748,9
1813,289,150,151,1751,9
1814,289,153,153,1754,9
1815,289,160,160,1761,9
1816,289,162,162,1763,9
1817,289,166,166,1767,9
1818,289,176,177,1777,9
1819,289,181,181,1782,9
1820,289,191,191,1792,9
1821,289,236,236,1837,9
1822,289,240,240,1841,9
1823,289,36,36,1891,10
1824,289,46,46,1901,10
1825,289,48,49,1903,10
1826,289,69,69,1924,10
1827,289,76,76,1931,10
1828,289,84,85,1939,10
1829,289,87,88,1942,10
1830,289,96,97,1951,10
1831,289,101,101,1956,10
1832,289,106,111,1961,10
1833,289,113,114,1968,10
1834,289,116,117,1971,10
1835,289,119,120,1974,10
1836,289,126,126,1981,10
1837,289,143,143,1998,10
1838,289,150,150,2005,10
1839,289,153,153,2008,10
1840,289,168,168,2023,10
1841,289,183,183,2038,10
1842,289,191,191,2046,10
1843,289,231,231,2086,10
1844,289,246,246,2101,10
1845,289,8,8,2120,11
1846,289,30,30,2142,11
1847,289,82,83,2194,11
1848,289,85,85,2197,11
1849,289,87,87,2199,11
1850,289,89,90,2201,11
1851,289,97,97,2209,11
1852,289,99,99,2211,11
1853,289,104,104,2216,11
1854,289,108,108,2220,11
1855,289,119,119,2231,11
1856,289,164,164,2276,11
1857,289,180,180,2292,11
1858,289,222,222,2334,11
1859,289,228,228,2340,11
1860,289,15,15,2383,12
1861,289,17,18,2385,12
1862,289,21,21,2389,12
1863,289,36,36,2404,12
1864,289,41,41,2409,12
1865,289,45,45,2413,12
1866,289,48,48,2416,12
1867,289,56,56,2424,12
1868,289,75,75,2443,12
1869,289,83,83,2451,12
1870,289,88,89,2456,12
1871,289,101,102,2469,12
1872,289,136,136,2504,12
1873,289,138,138,2506,12
1874,289,146,146,2514,12
1875,289,150,150,2518,12
1876,289,160,162,2528,12
1877,289,165,165,2533,12
1878,289,168,169,2536,12
1879,289,188,188,2556,12
1880,289,190,190,2558,12
1881,289,196,196,2564,12
1882,289,204,204,2572,12
1883,289,208,211,2576,12
1884,289,218,218,2586,12
1885,289,223,224,2591,12
1886,289,227,227,2595,12
1887,289,237,237,2605,12
1888,289,13,13,2625,13
1889,289,22,22,2634,13
1890,289,35,35,2647,13
1891,289,40,40,2652,13
1892,289,46,50,2658,13
1893,289,52,54,2664,13
1894,289,58,60,2670,13
1895,289,70,70,2682,13
1896,289,73,73,2685,13
1897,289,86,86,2698,13
1898,289,111,111,2723,13
1899,289,119,119,2731,13
1900,289,169,177,2781,13
1901,289,179,186,2791,13
1902,289,190,190,2802,13
1903,289,195,196,2807,13
1904,289,204,204,2816,13
1905,289,206,206,2818,13
1906,289,229,229,2841,13
1907,289,31,31,2890,14
1908,289,33,34,2892,14
1909,289,67,67,2926,14
1910,289,76,76,2935,14
1911,289,150,152,3009,14
1912,289,163,163,3022,14
1913,289,44,45,3146,15
1914,289,93,94,3195,15
1915,289,118,118,3220,15
1916,289,160,161,3262,15
1917,289,204,205,3306,15
1918,289,207,207,3309,15
1919,289,13,13,3341,16
1920,289,16,18,3344,16
1921,289,27,27,3355,16
1922,289,39,40,3369,16
1923,289,44,44,3374,16
1924,289,46,47,3376,16
1925,289,57,57,3387,16
1926,289,60,60,3390,16
1927,289,71,75,3401,16
1928,289,79,79,3409,16
1929,289,91,91,3421,16
1930,289,98,98,3428,16
1931,289,131,131,3461,16
1932,289,139,139,3469,16
1933,289,174,174,3504,16
1934,289,218,218,3548,16
1935,289,21,21,3601,17
1936,289,74,76,3654,17
1937,289,92,92,3672,17
1938,289,119,119,3699,17
1939,289,159,160,3739,17
1940,289,203,204,3783,17
1941,289,206,206,3786,17
1942,289,216,217,3796,17
1943,289,227,228,3807,17
1944,289,231,231,3811,17
1945,289,8,8,3835,18
1946,289,15,15,3842,18
1947,289,19,19,3846,18
1948,289,27,29,3854,18
1949,289,42,44,3869,18
1950,289,47,48,3874,18
1951,289,59,59,3886,18
1952,289,69,69,3896,18
1953,289,71,71,3898,18
1954,289,73,73,3900,18
1955,289,77,77,3904,18
1956,289,79,79,3906,18
1957,289,82,83,3909,18
1958,289,94,94,3921,18
1959,289,96,96,3923,18
1960,289,111,111,3938,18
1961,289,113,115,3940,18
1962,289,118,118,3945,18
1963,289,149,149,3976,18
1964,289,156,162,3983,18
1965,289,167,168,3994,18
1966,289,171,171,3998,18
1967,289,178,178,4005,18
1968,289,180,182,4007,18
1969,289,186,198,4013,18
1970,289,202,202,4029,18
1971,289,204,204,4031,18
1972,289,207,208,4034,18
1973,289,214,219,4041,18
1974,289,221,221,4048,18
1975,289,226,227,4053,18
1976,289,230,230,4057,18
1977,289,233,233,4060,18
1978,289,246,246,4073,18
1979,289,248,249,4075,18
1980,289,260,261,4087,18
1981,289,6,7,4095,19
1982,289,9,12,4098,19
1983,289,16,16,4105,19
1984,289,21,23,4110,19
1985,289,44,44,4133,19
1986,289,62,62,4151,19
1987,289,71,71,4160,19
1988,289,77,77,4166,19
1989,289,167,167,4256,19
1990,289,49,49,4910,20
1991,289,51,51,4912,20
1992,289,167,169,5028,20
1993,289,174,177,5035,20
1994,289,36,37,4407,21
1995,289,49,49,4420,21
1996,289,57,57,4428,21
1997,289,76,76,4447,21
1998,289,85,86,4456,21
1999,289,157,158,4794,22
2000,289,160,160,4797,22
2001,289,184,185,4821,22
2002,289,203,204,4840,22
2003,290,260,261,4087,18
2004,290,167,167,4256,19
2005,290,175,175,5036,20
2006,291,103,103,1464,8
2007,291,109,109,1470,8
2008,291,12,12,1613,9
2009,291,17,17,1618,9
2010,291,22,22,1623,9
2011,291,52,52,1653,9
2012,291,107,107,1962,10
2013,291,82,82,2194,11
2014,291,87,87,2199,11
2015,291,18,18,2386,12
2016,291,46,46,2658,13
2017,291,52,53,2664,13
2018,291,169,169,2781,13
2019,291,171,171,2783,13
2020,291,173,173,2785,13
2021,291,181,185,2793,13
2022,291,205,206,2817,13
2023,291,33,33,2892,14
2024,291,39,39,3369,16
2025,291,44,44,3374,16
2026,291,46,47,3376,16
2027,291,57,57,3387,16
2028,291,71,71,3401,16
2029,291,73,74,3403,16
2030,291,131,131,3461,16
2031,291,75,75,3655,17
2032,291,159,159,3739,17
2033,291,204,204,3784,17
2034,291,42,43,3869,18
2035,291,73,73,3900,18
2036,291,114,115,3941,18
2037,291,149,149,3976,18
2038,291,159,159,3986,18
2039,291,167,168,3994,18
2040,291,178,178,4005,18
2041,291,181,181,4008,18
2042,291,188,188,4015,18
2043,291,191,198,4018,18
2044,291,202,202,4029,18
2045,291,204,204,4031,18
2046,291,208,208,4035,18
2047,291,214,218,4041,18
2048,291,226,226,4053,18
2049,291,249,249,4076,18
2050,291,6,7,4095,19
2051,291,10,12,4099,19
2052,291,21,22,4110,19
2053,291,71,71,4160,19
2054,291,77,77,4166,19
2055,291,65,65,4926,20
2056,291,175,176,5036,20
2057,291,37,37,4408,21
2058,291,203,203,4840,22
2059,292,182,182,1783,9
2060,292,240,241,1841,9
2061,292,69,69,1924,10
2062,292,85,85,1940,10
2063,292,118,118,1973,10
2064,292,180,180,2292,11
2065,292,50,50,2662,13
2066,292,176,176,2788,13
2067,292,46,46,3376,16
2068,292,48,48,3378,16
2069,292,75,75,3655,17
2070,292,204,204,3784,17
2071,292,108,108,3935,18
2072,292,113,114,3940,18
2073,292,117,117,3944,18
2074,292,121,122,3948,18
2075,292,149,149,3976,18
2076,292,159,160,3986,18
2077,292,168,169,3995,18
2078,292,178,178,4005,18
2079,292,180,181,4007,18
2080,292,186,190,4013,18
2081,292,198,198,4025,18
2082,292,216,217,4043,18
2083,292,12,13,4101,19
2084,292,23,23,4112,19
2085,292,177,177,5038,20
2086,292,63,64,4434,21
2087,292,158,158,4795,22
2088,292,183,185,4820,22
2089,293,108,108,3935,18
2090,293,159,160,3986,18
2091,293,169,169,3996,18
2092,293,189,190,4016,18
2093,293,63,64,4434,21
2094,293,158,158,4795,22
2095,293,184,185,4821,22
2096,294,178,178,2790,13
2097,295,176,176,175,1
2098,295,5,5,188,2
2099,296,176,176,175,1
2100,297,150,150,798,5
2101,298,189,189,372,2
2102,299,150,150,1751,9
2103,300,150,152,4239,19
2104,300,156,156,4245,19
2105,300,173,173,4262,19
2106,300,176,176,4265,19
2107,300,181,181,4270,19
2108,300,213,213,4302,19
2109,300,252,253,4341,19
2110,300,17,17,4878,20
2111,301,126,126,1016,6
2112,302,101,101,4190,19
2113,303,217,217,4854,22
2114,304,210,210,4299,19
2115,305,6,6,3586,17
2116,306,82,82,3909,18
2117,306,91,92,3918,18
2118,306,269,269,4358,19
2119,306,74,75,4935,20
2120,306,85,85,4946,20
2121,306,89,89,4950,20
2122,306,93,93,4954,20
2123,306,109,109,4970,20
2124,307,231,231,4602,21
2125,308,114,114,1004,6
2126,309,47,47,1902,10
2127,310,46,47,1901,10
2128,310,49,49,1904,10
2129,310,51,51,1906,10
2130,310,62,63,1917,10
2131,310,70,71,1925,10
2132,310,75,75,1930,10
2133,310,80,80,1935,10
2134,310,83,83,1938,10
2135,310,87,88,1942,10
2136,310,102,102,1957,10
2137,310,123,123,1978,10
2138,310,141,141,1996,10
2139,310,229,230,2084,10
2140,311,78,78,4449,21
2141,312,113,113,3215,15
2142,312,131,131,3461,16
2143,312,19,19,3599,17
2144,313,114,114,297,2
2145,314,155,155,338,2
2146,314,179,179,2034,10
2147,314,141,141,2253,11
2148,314,206,206,4033,18
2149,314,192,192,4563,21
2150,314,43,43,4680,22
2151,315,17,18,1145,7
2152,315,209,209,3789,17
2153,315,29,30,4400,21
2154,316,48,48,4909,20
2155,317,50,50,1178,7
2156,317,196,196,1324,7
2157,318,136,136,1737,9
2158,319,106,106,1234,7
2159,319,179,179,2034,10
2160,320,36,36,1164,7
2161,320,40,40,1168,7
2162,320,105,105,1233,7
2163,320,107,107,1235,7
2164,320,117,117,1478,8
2165,320,178,178,1539,8
2166,320,224,224,1585,8
2167,320,8,8,1609,9
2168,320,112,112,1713,9
2169,320,204,204,1805,9
2170,320,141,141,2253,11
2171,320,167,167,2279,11
2172,320,166,166,2534,12
2173,320,22,22,2634,13
2174,320,188,188,2800,13
2175,320,218,218,3548,16
2176,320,114,114,3694,17
2177,320,209,209,3789,17
2178,320,94,94,3921,18
2179,320,101,101,3928,18
2180,320,206,206,4033,18
2181,321,51,52,234,2
2182,321,65,65,248,2
2183,321,16,18,1144,7
2184,321,25,26,1153,7
2185,321,29,30,1157,7
2186,321,33,34,1161,7
2187,321,36,37,1164,7
2188,321,40,40,1168,7
2189,321,53,53,1181,7
2190,321,55,55,1183,7
2191,321,61,62,1189,7
2192,321,64,64,1192,7
2193,321,70,70,1198,7
2194,321,72,72,1200,7
2195,321,75,76,1203,7
2196,321,105,107,1233,7
2197,321,111,111,1239,7
2198,321,133,133,1261,7
2199,321,136,136,1264,7
2200,321,147,147,1275,7
2201,321,149,150,1277,7
2202,321,154,154,1282,7
2203,321,160,160,1288,7
2204,321,162,164,1290,7
2205,321,170,170,1298,7
2206,321,177,178,1305,7
2207,321,183,183,1311,7
2208,321,197,197,1325,7
2209,321,206,206,1334,7
2210,321,212,213,1340,7
2211,321,219,219,1347,7
2212,321,11,11,1372,8
2213,321,13,13,1374,8
2214,321,20,22,1381,8
2215,321,32,32,1393,8
2216,321,39,39,1400,8
2217,321,57,57,1418,8
2218,321,68,68,1429,8
2219,321,71,71,1432,8
2220,321,73,73,1434,8
2221,321,90,90,1451,8
2222,321,96,97,1457,8
2223,321,100,100,1461,8
2224,321,115,119,1476,8
2225,321,131,131,1492,8
2226,321,139,139,1500,8
2227,321,143,143,1504,8
2228,321,153,153,1514,8
2229,321,166,166,1527,8
2230,321,168,168,1529,8
2231,321,178,178,1539,8
2232,321,184,184,1545,8
2233,321,187,187,1548,8
2234,321,201,201,1562,8
2235,321,208,209,1569,8
2236,321,223,224,1584,8
2237,321,233,233,1594,8
2238,321,8,9,1609,9
2239,321,12,12,1613,9
2240,321,28,30,1629,9
2241,321,40,40,1641,9
2242,321,42,42,1643,9
2243,321,66,67,1667,9
2244,321,70,70,1671,9
2245,321,87,87,1688,9
2246,321,106,106,1707,9
2247,321,108,108,1709,9
2248,321,112,112,1713,9
2249,321,116,116,1717,9
2250,321,118,118,1719,9
2251,321,129,129,1730,9
2252,321,133,133,1734,9
2253,321,141,141,1742,9
2254,321,153,153,1754,9
2255,321,155,155,1756,9
2256,321,162,162,1763,9
2257,321,165,165,1766,9
2258,321,171,171,1772,9
2259,321,192,192,1793,9
2260,321,197,197,1798,9
2261,321,204,204,1805,9
2262,321,236,236,1837,9
2263,321,241,242,1842,9
2264,321,42,42,1897,10
2265,321,47,47,1902,10
2266,321,87,87,1942,10
2267,321,91,91,1946,10
2268,321,102,102,1957,10
2269,321,105,105,1960,10
2270,321,135,135,1990,10
2271,321,165,165,2020,10
2272,321,178,179,2033,10
2273,321,182,182,2037,10
2274,321,209,209,2064,10
2275,321,242,242,2097,10
2276,321,245,245,2100,10
2277,321,251,251,2106,10
2278,321,16,16,2128,11
2279,321,29,29,2141,11
2280,321,39,40,2151,11
2281,321,84,84,2196,11
2282,321,86,86,2198,11
2283,321,113,113,2225,11
2284,321,120,121,2232,11
2285,321,137,137,2249,11
2286,321,141,142,2253,11
2287,321,167,167,2279,11
2288,321,172,172,2284,11
2289,321,190,190,2302,11
2290,321,196,196,2308,11
2291,321,19,19,2387,12
2292,321,21,21,2389,12
2293,321,36,36,2404,12
2294,321,98,98,2466,12
2295,321,110,110,2478,12
2296,321,154,154,2522,12
2297,321,166,167,2534,12
2298,321,203,203,2571,12
2299,321,7,7,2619,13
2300,321,18,18,2630,13
2301,321,22,24,2634,13
2302,321,34,34,2646,13
2303,321,100,102,2712,13
2304,321,114,114,2726,13
2305,321,117,117,2729,13
2306,321,164,164,2776,13
2307,321,187,188,2799,13
2308,321,192,192,2804,13
2309,321,212,213,2824,13
2310,321,238,238,2850,13
2311,321,6,6,2865,14
2312,321,39,39,2898,14
2313,321,53,53,2912,14
2314,321,62,62,2921,14
2315,321,66,66,2925,14
2316,321,74,75,2933,14
2317,321,111,112,2970,14
2318,321,135,135,2994,14
2319,321,79,82,3181,15
2320,321,105,105,3207,15
2321,321,140,140,3242,15
2322,321,175,175,3277,15
2323,321,30,30,3360,16
2324,321,132,132,3462,16
2325,321,165,165,3495,16
2326,321,206,206,3536,16
2327,321,243,243,3573,16
2328,321,21,21,3601,17
2329,321,113,114,3693,17
2330,321,116,116,3696,17
2331,321,129,129,3709,17
2332,321,148,148,3728,17
2333,321,208,211,3788,17
2334,321,225,225,3805,17
2335,321,8,8,3835,18
2336,321,45,46,3872,18
2337,321,51,51,3878,18
2338,321,80,80,3907,18
2339,321,94,94,3921,18
2340,321,100,101,3927,18
2341,321,118,118,3945,18
2342,321,205,206,4032,18
2343,321,225,225,4052,18
2344,321,229,229,4056,18
2345,321,239,241,4066,18
2346,321,25,25,4114,19
2347,321,43,43,4132,19
2348,321,78,78,4167,19
2349,321,95,95,4184,19
2350,321,149,149,4238,19
2351,321,241,241,4330,19
2352,321,23,23,4884,20
2353,321,38,38,4899,20
2354,321,66,66,4927,20
2355,321,88,88,4949,20
2356,321,134,134,4995,20
2357,321,142,142,5003,20
2358,321,157,157,5018,20
2359,321,167,167,5028,20
2360,321,177,177,5038,20
2361,321,183,183,5044,20
2362,321,29,30,4400,21
2363,321,44,44,4415,21
2364,321,59,62,4430,21
2365,321,67,67,4438,21
2366,321,120,120,4491,21
2367,321,184,184,4555,21
2368,321,192,192,4563,21
2369,321,32,32,4669,22
2370,321,43,43,4680,22
2371,321,211,211,4848,22
2372,322,124,124,3226,15
2373,323,69,69,717,5
2374,323,88,88,736,5
2375,323,253,253,4080,18
2376,324,17,17,1145,7
2377,324,40,40,1168,7
2378,324,107,107,1235,7
2379,324,117,117,1478,8
2380,324,179,179,2034,10
2381,324,142,142,2254,11
2382,324,19,19,2387,12
2383,324,187,187,2799,13
2384,325,172,172,171,1
2385,325,15,15,1143,7
2386,325,17,17,1145,7
2387,325,36,36,1164,7
2388,325,40,40,1168,7
2389,325,76,76,1204,7
2390,325,106,106,1234,7
2391,325,117,118,1478,8
2392,325,202,202,1563,8
2393,325,179,179,2034,10
2394,325,40,40,2152,11
2395,325,120,120,2488,12
2396,325,166,166,2534,12
2397,325,188,189,2800,13
2398,325,8,8,3835,18
2399,325,45,45,3872,18
2400,325,206,206,4033,18
2401,325,239,239,4066,18
2402,325,23,23,4112,19
2403,325,30,30,4401,21
2404,326,17,17,1145,7
2405,326,179,179,2034,10
2406,326,210,210,3790,17
2407,327,16,18,1144,7
2408,327,106,106,1234,7
2409,327,117,118,1478,8
2410,327,197,197,2565,12
2411,328,95,95,985,6
2412,329,17,17,1145,7
2413,330,17,17,1145,7
2414,331,15,15,14,1
2415,332,124,125,4213,19
2416,332,163,163,4252,19
2417,333,92,92,740,5
2418,334,107,107,4196,19
2419,334,110,110,4199,19
2420,334,118,118,4207,19
2421,334,131,133,4220,19
2422,334,153,153,4242,19
2423,334,159,159,4248,19
2424,334,172,172,4261,19
2425,334,181,181,4270,19
2426,334,225,225,4314,19
2427,334,246,246,4335,19
2428,334,18,19,4879,20
2429,334,35,35,4896,20
2430,335,185,185,1313,7
2431,335,92,92,2460,12
2432,335,101,101,2469,12
2433,335,109,109,2477,12
2434,335,148,148,3007,14
2435,335,47,47,3874,18
2436,335,18,18,4107,19
2437,335,78,78,4167,19
2438,336,207,207,4578,21
2439,337,45,45,2904,14
2440,338,128,128,4217,19
2441,338,130,130,4219,19
2442,338,165,165,4254,19
2443,338,168,168,4257,19
2444,338,204,204,4293,19
2445,338,206,206,4295,19
2446,339,206,206,4295,19
2447,339,210,210,4299,19
2448,340,102,102,1957,10
2449,341,98,99,2466,12
2450,342,34,34,4405,21
2451,343,113,113,3693,17
2452,344,122,122,1977,10
2453,344,139,139,2251,11
2454,344,120,120,2488,12
2455,344,202,202,4029,18
2456,345,253,253,4080,18
2457,346,117,117,4978,20
2458,346,119,119,4980,20
2459,346,121,121,4982,20
2460,346,138,139,4999,20
2461,346,144,144,5005,20
2462,346,159,159,5020,20
2463,346,33,33,4404,21
2464,346,140,140,4777,22
2465,347,162,162,345,2
2466,347,188,188,371,2
2467,347,190,190,373,2
2468,347,5,5,382,3
2469,347,17,17,394,3
2470,347,23,23,400,3
2471,347,6,6,438,4
2472,347,25,25,457,4
2473,347,65,65,497,4
2474,347,20,20,668,5
2475,347,37,37,685,5
2476,347,198,198,846,5
2477,347,12,12,3592,17
2478,347,96,96,4185,19
2479,348,155,155,338,2
2480,348,171,171,354,2
2481,349,258,258,4629,21
2482,350,153,153,1754,9
2483,350,155,155,1756,9
2484,350,138,138,2250,11
2485,350,23,23,2391,12
2486,351,23,23,2391,12
2487,352,106,106,1234,7
2488,353,203,203,1093,6
2489,353,13,13,1141,7
2490,353,106,106,1234,7
2491,353,93,93,1694,9
2492,353,190,190,2802,13
2493,353,118,118,3220,15
2494,353,46,46,3873,18
2495,354,86,86,3913,18
2496,355,139,139,2998,14
2497,355,154,154,3013,14
2498,355,156,157,3015,14
2499,355,160,160,3019,14
2500,355,162,162,3021,14
2501,355,167,167,3026,14
2502,355,179,179,3038,14
2503,355,43,43,3145,15
2504,355,65,65,3167,15
2505,355,82,82,3184,15
2506,355,142,142,3244,15
2507,355,170,170,3272,15
2508,355,178,178,3280,15
2509,355,182,183,3284,15
2510,355,15,15,3343,16
2511,355,13,13,3593,17
2512,355,108,108,3688,17
2513,355,79,79,4450,21
2514,356,132,132,131,1
2515,356,134,134,133,1
2516,357,123,123,555,4
2517,357,97,97,745,5
2518,357,150,150,798,5
2519,358,23,23,2135,11
2520,358,30,30,2142,11
2521,358,99,100,2211,11
2522,358,103,103,2215,11
2523,358,125,125,2237,11
2524,358,147,147,2259,11
2525,358,150,157,2262,11
2526,358,165,165,2277,11
2527,358,170,170,2282,11
2528,358,173,174,2285,11
2529,358,179,179,2291,11
2530,358,188,188,2300,11
2531,358,190,191,2302,11
2532,358,199,199,2311,11
2533,358,10,11,2378,12
2534,358,13,13,2381,12
2535,358,35,36,2403,12
2536,358,41,41,2409,12
2537,358,50,51,2418,12
2538,358,75,75,2443,12
2539,358,79,79,2447,12
2540,358,92,92,2460,12
2541,358,111,111,2479,12
2542,358,138,139,2506,12
2543,358,145,145,2513,12
2544,358,151,151,2519,12
2545,358,198,198,2566,12
2546,358,205,205,2573,12
2547,358,225,225,2593,12
2548,358,19,19,2631,13
2549,358,21,22,2633,13
2550,358,32,32,2644,13
2551,358,54,54,2666,13
2552,358,56,56,2668,13
2553,358,113,113,2725,13
2554,358,225,225,2837,13
2555,358,227,227,2839,13
2556,358,234,234,2846,13
2557,358,15,15,2874,14
2558,358,140,140,2999,14
2559,358,130,130,3232,15
2560,358,181,181,3283,15
2561,358,191,191,3293,15
2562,358,15,15,3343,16
2563,358,37,37,3367,16
2564,358,89,89,3419,16
2565,358,104,106,3434,16
2566,358,113,113,3443,16
2567,358,205,205,3535,16
2568,358,88,88,3915,18
2569,358,95,95,3922,18
2570,358,228,228,4055,18
2571,358,236,236,4063,18
2572,358,179,179,5040,20
2573,358,64,64,4435,21
2574,358,66,66,4437,21
2575,358,70,70,4441,21
2576,359,35,35,34,1
2577,359,67,67,1195,7
2578,360,131,131,1492,8
2579,361,7,7,6,1
2580,361,14,14,13,1
2581,361,16,17,15,1
2582,361,21,21,20,1
2583,361,34,34,33,1
2584,361,36,39,35,1
2585,361,54,55,53,1
2586,361,57,57,56,1
2587,361,60,62,59,1
2588,361,65,65,64,1
2589,361,67,69,66,1
2590,361,76,76,75,1
2591,361,80,80,79,1
2592,361,83,84,82,1
2593,361,96,96,95,1
2594,361,99,100,98,1
2595,361,104,104,103,1
2596,361,110,110,109,1
2597,361,113,113,112,1
2598,361,116,116,115,1
2599,361,119,119,118,1
2600,361,121,121,120,1
2601,361,123,123,122,1
2602,361,125,125,124,1
2603,361,136,136,135,1
2604,361,147,147,146,1
2605,361,150,151,149,1
2606,361,153,153,152,1
2607,361,155,155,154,1
2608,361,159,159,158,1
2609,361,177,177,176,1
2610,361,6,9,189,2
2611,361,13,13,196,2
2612,361,17,17,200,2
2613,361,22,24,205,2
2614,361,27,27,210,2
2615,361,31,31,214,2
2616,361,49,51,232,2
2617,361,59,61,242,2
2618,361,67,69,250,2
2619,361,115,115,298,2
2620,361,139,139,322,2
2621,361,146,146,329,2
2622,361,44,44,421,3
2623,361,87,87,519,4
2624,361,166,166,598,4
2625,361,11,12,659,5
2626,361,87,87,735,5
2627,361,52,52,942,6
2628,361,221,222,1111,6
2629,361,229,229,1119,6
2630,361,45,45,1173,7
2631,361,64,65,1192,7
2632,361,115,115,1476,8
2633,361,29,29,2141,11
2634,361,87,87,2199,11
2635,361,14,16,2626,13
2636,361,18,19,2630,13
2637,361,101,101,2713,13
2638,361,164,164,2776,13
2639,361,212,212,2824,13
2640,361,74,74,2933,14
2641,361,113,113,3215,15
2642,361,212,212,3792,17
2643,361,16,16,4877,20
2644,362,192,192,3051,14
2645,362,18,18,3120,15
2646,362,45,45,3147,15
2647,362,48,48,3150,15
2648,362,54,54,3156,15
2649,362,69,69,3171,15
2650,362,78,78,3180,15
2651,362,92,92,3194,15
2652,362,140,140,3242,15
2653,363,88,89,271,2
2654,363,114,114,297,2
2655,364,107,107,4968,20
2656,364,129,129,4990,20
2657,364,144,145,5005,20
2658,364,154,155,5015,20
2659,364,160,160,5021,20
2660,364,177,178,5038,20
2661,364,184,184,5045,20
2662,364,29,29,4400,21
2663,364,33,33,4404,21
2664,364,145,145,4782,22
2665,364,148,148,4785,22
2666,365,125,125,4214,19
2667,365,206,206,4295,19
2668,366,48,49,231,2
2669,366,63,63,495,4
2670,366,157,157,805,5
2671,366,204,204,1332,7
2672,366,153,153,1514,8
2673,366,61,61,1662,9
2674,366,70,71,1671,9
2675,366,73,73,1674,9
2676,366,191,191,1792,9
2677,366,238,239,2093,10
2678,366,63,63,2431,12
2679,366,211,211,2579,12
2680,366,14,14,2626,13
2681,366,162,162,3264,15
2682,366,169,170,3271,15
2683,366,172,172,3274,15
2684,366,175,175,3277,15
2685,366,81,81,3661,17
2686,366,8,8,3835,18
2687,366,80,80,3907,18
2688,366,197,197,4024,18
2689,366,213,213,4040,18
2690,366,229,229,4056,18
2691,366,239,239,4066,18
2692,366,254,254,4081,18
2693,367,205,205,3535,16
2694,367,223,223,3553,16
2695,368,130,132,1020,6
2696,368,134,135,1024,6
2697,368,137,146,1027,6
2698,368,152,152,1042,6
2699,368,159,159,1049,6
2700,368,213,213,1103,6
2701,369,152,152,1042,6
2702,370,144,144,576,4
2703,370,156,156,588,4
2704,370,161,161,593,4
2705,371,104,104,1232,7
2706,372,110,110,4199,19
2707,372,21,21,4882,20
2708,372,35,35,4896,20
2709,372,102,102,4963,20
2710,373,203,203,3783,17
2711,373,84,84,3911,18
2712,373,26,26,4397,21
2713,374,197,198,4286,19
2714,375,218,218,1108,6
2715,376,146,147,4517,21
2716,376,69,69,4706,22
2717,377,209,209,4580,21
2718,378,124,124,1979,10
2719,379,183,183,1784,9
2720,379,186,187,1787,9
2721,379,189,189,1790,9
2722,379,191,191,1792,9
2723,379,195,195,1796,9
2724,379,208,208,1809,9
2725,380,46,46,1901,10
2726,380,49,49,1904,10
2727,380,70,70,1925,10
2728,380,74,74,1929,10
2729,380,80,80,1935,10
2730,380,86,86,1941,10
2731,380,19,19,2131,11
2732,380,131,131,2243,11
2733,380,97,97,2465,12
2734,380,113,113,2481,12
2735,380,189,189,2557,12
2736,380,137,137,2996,14
2737,380,177,177,3279,15
2738,380,198,198,4025,18
2739,380,202,202,4029,18
2740,380,215,216,4042,18
2741,381,18,18,395,3
2742,382,78,78,4449,21
2743,383,224,224,4313,19
2744,383,8,8,4869,20
2745,383,17,17,4878,20
2746,384,15,15,447,4
2747,384,40,40,472,4
2748,385,15,15,447,4
2749,385,89,89,521,4
2750,386,172,173,5033,20
2751,386,13,14,4384,21
2752,386,19,21,4390,21
2753,386,50,56,4421,21
2754,386,59,59,4430,21
2755,386,102,102,4473,21
2756,386,212,212,4583,21
2757,386,214,214,4585,21
2758,386,221,221,4592,21
2759,387,173,173,5034,20
2760,387,13,15,4384,21
2761,388,56,56,4427,21
2762,389,13,14,4384,21
2763,389,16,16,4387,21
2764,389,19,21,4390,21
2765,389,51,54,4422,21
2766,389,56,56,4427,21
2767,389,59,59,4430,21
2768,389,102,102,4473,21
2769,389,212,212,4583,21
2770,389,214,214,4585,21
2771,390,47,47,2906,14
2772,391,170,170,1531,8
2773,391,195,195,1556,8
2774,391,114,114,1715,9
2775,391,173,173,1774,9
2776,392,170,170,1531,8
2777,393,195,195,1556,8
2778,394,207,207,4578,21
2779,394,209,209,4580,21
2780,395,104,104,1232,7
2781,396,227,227,2839,13
2782,396,229,231,2841,13
2783,396,239,240,2851,13
2784,396,10,12,2869,14
2785,396,30,30,2889,14
2786,396,57,57,2916,14
2787,396,236,239,3095,14
2788,396,77,77,3657,17
2789,397,238,238,3097,14
2790,398,147,147,2002,10
2791,399,167,167,350,2
2792,399,5,5,437,4
2793,400,167,167,350,2
2794,401,122,122,4759,22
2795,402,16,17,15,1
2796,402,36,43,35,1
2797,402,45,45,44,1
2798,402,50,52,49,1
2799,402,57,57,56,1
2800,402,59,59,58,1
2801,402,61,65,60,1
2802,402,67,70,66,1
2803,402,75,76,74,1
2804,402,78,80,77,1
2805,402,82,84,81,1
2806,402,88,94,87,1
2807,402,97,99,96,1
2808,402,101,102,100,1
2809,402,108,109,107,1
2810,402,114,114,113,1
2811,402,119,120,118,1
2812,402,126,126,125,1
2813,402,139,141,138,1
2814,402,143,144,142,1
2815,402,146,147,145,1
2816,402,162,162,161,1
2817,402,166,166,165,1
2818,402,9,9,192,2
2819,402,12,12,195,2
2820,402,14,14,197,2
2821,402,17,17,200,2
2822,402,21,21,204,2
2823,402,24,25,207,2
2824,402,27,28,210,2
2825,402,30,31,213,2
2826,402,35,35,218,2
2827,402,40,40,223,2
2828,402,42,42,225,2
2829,402,49,49,232,2
2830,402,54,54,237,2
2831,402,62,62,245,2
2832,402,66,67,249,2
2833,402,72,73,255,2
2834,402,80,80,263,2
2835,402,83,86,266,2
2836,402,88,88,271,2
2837,402,90,90,273,2
2838,402,92,93,275,2
2839,402,96,97,279,2
2840,402,100,100,283,2
2841,402,108,109,291,2
2842,402,114,115,297,2
2843,402,127,127,310,2
2844,402,129,130,312,2
2845,402,136,137,319,2
2846,402,143,143,326,2
2847,402,145,152,328,2
2848,402,154,154,337,2
2849,402,156,156,339,2
2850,402,158,158,341,2
2851,402,161,161,344,2
2852,402,181,184,364,2
2853,402,187,188,370,2
2854,402,190,191,373,2
2855,402,1,1,378,3
2856,402,4,5,381,3
2857,402,8,8,385,3
2858,402,11,11,388,3
2859,402,14,14,391,3
2860,402,20,20,397,3
2861,402,27,27,404,3
2862,402,31,31,408,3
2863,402,34,34,411,3
2864,402,46,47,423,3
2865,402,51,51,428,3
2866,402,13,13,445,4
2867,402,15,17,447,4
2868,402,24,24,456,4
2869,402,41,41,473,4
2870,402,47,49,479,4
2871,402,51,51,483,4
2872,402,84,84,516,4
2873,402,89,89,521,4
2874,402,114,114,546,4
2875,402,159,159,591,4
2876,402,161,161,593,4
2877,402,175,175,607,4
2878,402,10,11,658,5
2879,402,48,48,696,5
2880,402,93,94,741,5
2881,402,132,132,780,5
2882,402,134,134,782,5
2883,402,141,141,789,5
2884,402,155,155,803,5
2885,402,157,157,805,5
2886,402,159,161,807,5
2887,402,166,166,814,5
2888,402,186,187,834,5
2889,402,193,193,841,5
2890,402,184,184,1312,7
2891,402,197,197,1325,7
2892,402,220,220,1348,7
2893,402,40,40,1401,8
2894,402,62,62,1423,8
2895,402,69,69,1430,8
2896,402,74,74,1435,8
2897,402,78,78,1439,8
2898,402,100,100,1461,8
2899,402,127,130,1488,8
2900,402,143,143,1504,8
2901,402,146,149,1507,8
2902,402,159,159,1520,8
2903,402,172,172,1533,8
2904,402,175,177,1536,8
2905,402,179,179,1540,8
2906,402,183,183,1544,8
2907,402,185,185,1546,8
2908,402,212,212,1573,8
2909,402,230,231,1591,8
2910,402,8,8,1609,9
2911,402,15,16,1616,9
2912,402,20,20,1621,9
2913,402,31,32,1632,9
2914,402,38,38,1639,9
2915,402,48,49,1649,9
2916,402,51,51,1652,9
2917,402,53,53,1654,9
2918,402,55,56,1656,9
2919,402,74,74,1675,9
2920,402,81,81,1682,9
2921,402,85,85,1686,9
2922,402,91,91,1692,9
2923,402,94,101,1695,9
2924,402,109,109,1710,9
2925,402,116,117,1717,9
2926,402,130,130,1731,9
2927,402,140,140,1741,9
2928,402,142,145,1743,9
2929,402,157,157,1758,9
2930,402,160,160,1761,9
2931,402,170,170,1771,9
2932,402,190,191,1791,9
2933,402,204,205,1805,9
2934,402,207,207,1808,9
2935,402,235,235,1836,9
2936,402,240,240,1841,9
2937,402,242,244,1843,9
2938,402,25,30,1880,10
2939,402,37,39,1892,10
2940,402,41,41,1896,10
2941,402,65,65,1920,10
2942,402,73,73,1928,10
2943,402,81,82,1936,10
2944,402,88,88,1943,10
2945,402,90,90,1945,10
2946,402,92,93,1947,10
2947,402,103,104,1958,10
2948,402,112,112,1967,10
2949,402,121,121,1976,10
2950,402,123,124,1978,10
2951,402,126,126,1981,10
2952,402,158,159,2013,10
2953,402,167,167,2022,10
2954,402,182,182,2037,10
2955,402,184,185,2039,10
2956,402,193,193,2048,10
2957,402,201,204,2056,10
2958,402,208,210,2063,10
2959,402,212,215,2067,10
2960,402,222,222,2077,10
2961,402,235,236,2090,10
2962,402,244,246,2099,10
2963,402,9,10,2121,11
2964,402,42,49,2154,11
2965,402,56,56,2168,11
2966,402,69,69,2181,11
2967,402,76,77,2188,11
2968,402,115,115,2227,11
2969,402,147,150,2259,11
2970,402,153,157,2265,11
2971,402,170,170,2282,11
2972,402,198,198,2310,11
2973,402,5,6,2373,12
2974,402,16,16,2384,12
2975,402,33,33,2401,12
2976,402,51,51,2419,12
2977,402,57,58,2425,12
2978,402,61,61,2429,12
2979,402,63,64,2431,12
2980,402,87,88,2455,12
2981,402,92,97,2460,12
2982,402,101,101,2469,12
2983,402,103,108,2471,12
2984,402,112,112,2480,12
2985,402,114,116,2482,12
2986,402,148,148,2516,12
2987,402,157,157,2525,12
2988,402,185,185,2553,12
2989,402,188,188,2556,12
2990,402,194,194,2562,12
2991,402,218,218,2586,12
2992,402,6,7,2618,13
2993,402,10,10,2622,13
2994,402,12,12,2624,13
2995,402,26,26,2638,13
2996,402,32,34,2644,13
2997,402,51,51,2663,13
2998,402,57,57,2669,13
2999,402,60,61,2672,13
3000,402,71,73,2683,13
3001,402,90,90,2702,13
3002,402,104,104,2716,13
3003,402,110,110,2722,13
3004,402,132,132,2744,13
3005,402,165,168,2777,13
3006,402,204,204,2816,13
3007,402,226,226,2838,13
3008,402,238,238,2850,13
3009,402,242,242,2854,13
3010,402,15,16,2874,14
3011,402,25,30,2884,14
3012,402,64,64,2923,14
3013,402,154,154,3013,14
3014,402,156,156,3015,14
3015,402,44,44,3146,15
3016,402,89,89,3191,15
3017,402,91,91,3193,15
3018,402,116,116,3218,15
3019,402,176,176,3278,15
3020,402,181,181,3283,15
3021,402,40,40,3370,16
3022,402,56,56,3386,16
3023,402,63,66,3393,16
3024,402,101,101,3431,16
3025,402,104,104,3434,16
3026,402,108,108,3438,16
3027,402,117,117,3447,16
3028,402,127,128,3457,16
3029,402,138,138,3468,16
3030,402,187,187,3517,16
3031,402,207,208,3537,16
3032,402,233,233,3563,16
3033,402,11,11,3591,17
3034,402,14,14,3594,17
3035,402,16,16,3596,17
3036,402,23,24,3603,17
3037,402,64,66,3644,17
3038,402,149,149,3729,17
3039,402,174,176,3754,17
3040,402,197,203,3777,17
3041,402,217,217,3797,17
3042,402,222,222,3802,17
3043,402,230,230,3810,17
3044,402,22,25,3849,18
3045,402,30,31,3857,18
3046,402,35,42,3862,18
3047,402,59,63,3886,18
3048,402,65,66,3892,18
3049,402,70,70,3897,18
3050,402,87,88,3914,18
3051,402,99,99,3926,18
3052,402,103,104,3930,18
3053,402,107,109,3934,18
3054,402,119,122,3946,18
3055,402,163,166,3990,18
3056,402,171,171,3998,18
3057,402,177,177,4004,18
3058,402,207,207,4034,18
3059,402,212,212,4039,18
3060,402,219,219,4046,18
3061,402,222,222,4049,18
3062,402,228,228,4055,18
3063,402,239,239,4066,18
3064,402,13,13,4102,19
3065,402,24,24,4113,19
3066,402,47,47,4908,20
3067,402,51,52,4912,20
3068,402,167,168,5028,20
3069,402,8,9,4379,21
3070,402,12,14,4383,21
3071,402,16,21,4387,21
3072,402,31,31,4402,21
3073,402,50,56,4421,21
3074,402,59,59,4430,21
3075,402,75,75,4446,21
3076,402,193,196,4564,21
3077,402,212,212,4583,21
3078,402,214,214,4585,21
3079,402,218,218,4589,21
3080,402,221,221,4592,21
3081,402,155,157,4792,22
3082,402,164,167,4801,22
3083,402,169,171,4806,22
3084,402,183,183,4820,22
3085,402,187,187,4824,22
3086,403,257,257,4628,21
3087,404,141,141,324,2
3088,404,147,147,330,2
3089,405,5,5,4,1
3090,405,125,125,124,1
3091,405,156,156,155,1
3092,405,155,155,2523,12
3093,405,38,38,3368,16
3094,405,26,26,3606,17
3095,406,5,5,4,1
3096,406,8,8,7,1
3097,406,25,25,24,1
3098,406,156,156,155,1
3099,406,47,47,230,2
3100,407,262,262,4633,21
3101,408,101,101,2960,14
3102,409,269,269,4358,19
3103,410,227,227,4054,18
3104,411,120,120,4491,21
3105,412,62,62,710,5
3106,412,88,88,736,5
3107,412,90,91,738,5
3108,412,211,211,1101,6
3109,412,167,167,4538,21
3110,412,16,16,4653,22
3111,413,84,84,267,2
3112,414,84,84,267,2
3113,415,209,209,1337,7
3114,415,22,27,1623,9
3115,415,42,46,1643,9
3116,415,56,56,1657,9
3117,415,62,63,1663,9
3118,415,80,80,1681,9
3119,415,88,91,1689,9
3120,415,93,93,1694,9
3121,415,95,95,1696,9
3122,415,158,158,1759,9
3123,415,196,196,1797,9
3124,415,206,206,1807,9
3125,415,15,16,1870,10
3126,415,34,34,1889,10
3127,415,112,114,1967,10
3128,415,142,142,1997,10
3129,415,146,149,2001,10
3130,415,221,221,2076,10
3131,415,223,224,2078,10
3132,415,239,240,2094,10
3133,415,242,242,2097,10
3134,415,247,247,2102,10
3135,415,90,90,2202,11
3136,415,92,92,2204,11
3137,415,144,144,2256,11
3138,415,146,147,2258,11
3139,415,160,165,2272,11
3140,415,177,178,2289,11
3141,415,185,186,2297,11
3142,415,12,14,2380,12
3143,415,16,18,2384,12
3144,415,50,50,2418,12
3145,415,85,85,2453,12
3146,415,137,137,2505,12
3147,415,139,140,2507,12
3148,415,144,145,2512,12
3149,415,155,159,2523,12
3150,415,162,162,2530,12
3151,415,192,192,2560,12
3152,415,215,215,2583,12
3153,415,227,228,2595,12
3154,415,5,5,2617,13
3155,415,10,10,2622,13
3156,415,13,13,2625,13
3157,415,34,35,2646,13
3158,415,41,43,2653,13
3159,415,45,45,2657,13
3160,415,59,60,2671,13
3161,415,80,85,2692,13
3162,415,87,87,2699,13
3163,415,89,89,2701,13
3164,415,109,109,2721,13
3165,415,114,114,2726,13
3166,415,119,121,2731,13
3167,415,199,199,2811,13
3168,415,16,17,2875,14
3169,415,35,36,2894,14
3170,415,102,102,2961,14
3171,415,200,200,3059,14
3172,415,91,91,3193,15
3173,415,207,207,3309,15
3174,415,36,36,3366,16
3175,415,49,49,3379,16
3176,415,58,58,3388,16
3177,415,62,62,3392,16
3178,415,89,90,3419,16
3179,415,118,118,3448,16
3180,415,126,126,3456,16
3181,415,130,130,3460,16
3182,415,158,158,3488,16
3183,415,160,160,3490,16
3184,415,224,225,3554,16
3185,415,246,246,3576,16
3186,415,25,25,3605,17
3187,415,32,32,3612,17
3188,415,216,216,3796,17
3189,415,227,227,3807,17
3190,415,26,26,3853,18
3191,415,50,50,3877,18
3192,415,52,52,3879,18
3193,415,65,65,3892,18
3194,415,96,96,3923,18
3195,415,174,175,4001,18
3196,415,177,178,4004,18
3197,415,204,204,4031,18
3198,415,247,247,4074,18
3199,415,152,152,5013,20
3200,415,168,168,5029,20
3201,415,19,19,4390,21
3202,415,75,76,4446,21
3203,415,104,104,4475,21
3204,415,193,193,4564,21
3205,415,195,196,4566,21
3206,415,221,221,4858,22
3207,416,190,190,1551,8
3208,417,16,16,4387,21
3209,418,214,214,2069,10
3210,418,45,45,2157,11
3211,418,112,112,2480,12
3212,418,131,132,2743,13
3213,418,199,199,3779,17
3214,418,90,90,3917,18
3215,418,120,120,3947,18
3216,418,165,165,3992,18
3217,418,17,18,4388,21
3218,418,52,54,4423,21
3219,419,203,204,2058,10
3220,419,209,210,2064,10
3221,419,212,213,2067,10
3222,419,222,222,2077,10
3223,419,225,225,2080,10
3224,419,235,236,2090,10
3225,419,245,245,2100,10
3226,419,42,42,2154,11
3227,419,44,45,2156,11
3228,419,148,150,2260,11
3229,419,154,155,2266,11
3230,419,170,170,2282,11
3231,419,188,188,2300,11
3232,419,41,41,2409,12
3233,419,64,64,2432,12
3234,419,87,88,2455,12
3235,419,96,96,2464,12
3236,419,101,101,2469,12
3237,419,103,103,2471,12
3238,419,106,107,2474,12
3239,419,113,114,2481,12
3240,419,185,185,2553,12
3241,419,190,190,2558,12
3242,419,207,207,2575,12
3243,419,224,224,2592,12
3244,419,234,234,2602,12
3245,419,10,10,2622,13
3246,419,37,37,2649,13
3247,419,51,51,2663,13
3248,419,71,72,2683,13
3249,419,127,127,2739,13
3250,419,133,133,2745,13
3251,419,165,166,2777,13
3252,419,168,168,2780,13
3253,419,173,173,2785,13
3254,419,196,196,2808,13
3255,419,226,227,2838,13
3256,419,242,242,2854,13
3257,419,15,16,2874,14
3258,419,27,27,2886,14
3259,419,30,30,2889,14
3260,419,82,82,3184,15
3261,419,91,91,3193,15
3262,419,116,116,3218,15
3263,419,176,176,3278,15
3264,419,181,181,3283,15
3265,419,40,40,3370,16
3266,419,58,58,3388,16
3267,419,64,65,3394,16
3268,419,71,71,3401,16
3269,419,101,101,3431,16
3270,419,110,110,3440,16
3271,419,113,113,3443,16
3272,419,124,124,3454,16
3273,419,127,128,3457,16
3274,419,152,152,3482,16
3275,419,166,166,3496,16
3276,419,196,196,3526,16
3277,419,207,208,3537,16
3278,419,233,233,3563,16
3279,419,24,24,3604,17
3280,419,30,30,3610,17
3281,419,149,149,3729,17
3282,419,175,176,3755,17
3283,419,197,198,3777,17
3284,419,201,201,3781,17
3285,419,222,222,3802,17
3286,419,23,23,3850,18
3287,419,25,25,3852,18
3288,419,30,31,3857,18
3289,419,35,36,3862,18
3290,419,38,39,3865,18
3291,419,59,59,3886,18
3292,419,63,63,3890,18
3293,419,65,66,3892,18
3294,419,77,77,3904,18
3295,419,80,80,3907,18
3296,419,83,83,3910,18
3297,419,88,90,3915,18
3298,419,103,103,3930,18
3299,419,107,108,3934,18
3300,419,119,121,3946,18
3301,419,164,166,3991,18
3302,419,219,219,4046,18
3303,419,222,222,4049,18
3304,419,228,228,4055,18
3305,419,24,24,4113,19
3306,419,47,47,4908,20
3307,419,167,168,5028,20
3308,419,12,12,4383,21
3309,419,14,14,4385,21
3310,419,16,19,4387,21
3311,419,50,50,4421,21
3312,419,53,54,4424,21
3313,419,74,74,4445,21
3314,419,192,192,4563,21
3315,419,212,212,4583,21
3316,419,218,218,4589,21
3317,419,242,242,4613,21
3318,419,155,155,4792,22
3319,419,165,166,4802,22
3320,419,169,169,4806,22
3321,419,171,171,4808,22
3322,419,183,183,4820,22
3323,419,185,185,4822,22
3324,419,187,187,4824,22
3325,420,9,9,1137,7
3326,420,11,12,1139,7
3327,421,202,202,1092,6
3328,421,105,105,1233,7
3329,421,28,28,1629,9
3330,421,141,141,1742,9
3331,421,120,120,2488,12
3332,421,211,211,3791,17
3333,421,94,94,3921,18
3334,422,5,24,4,1
3335,422,34,35,33,1
3336,422,40,40,39,1
3337,422,53,53,52,1
3338,422,55,55,54,1
3339,422,62,62,61,1
3340,422,76,76,75,1
3341,422,110,110,109,1
3342,422,155,155,154,1
3343,422,157,157,156,1
3344,422,26,26,209,2
3345,422,32,32,215,2
3346,422,43,43,226,2
3347,422,59,59,242,2
3348,422,90,90,273,2
3349,422,102,102,285,2
3350,422,127,127,310,2
3351,422,139,139,322,2
3352,422,14,14,391,3
3353,422,21,21,398,3
3354,422,34,34,411,3
3355,422,68,68,500,4
3356,422,76,76,508,4
3357,422,87,87,519,4
3358,422,103,103,535,4
3359,422,96,96,744,5
3360,422,101,101,749,5
3361,422,137,137,785,5
3362,422,229,229,877,5
3363,422,47,47,937,6
3364,422,154,154,1044,6
3365,422,193,193,1083,6
3366,422,202,202,1092,6
3367,422,206,206,1096,6
3368,422,229,229,1119,6
3369,422,14,16,1142,7
3370,422,20,20,1148,7
3371,422,74,74,1202,7
3372,422,106,107,1234,7
3373,422,115,115,1243,7
3374,422,203,203,1331,7
3375,422,13,13,1374,8
3376,422,137,137,1498,8
3377,422,184,184,1545,8
3378,422,227,229,1588,8
3379,422,233,233,1594,8
3380,422,16,16,1617,9
3381,422,27,27,1628,9
3382,422,38,40,1639,9
3383,422,67,67,1668,9
3384,422,70,70,1671,9
3385,422,110,111,1711,9
3386,422,123,123,1724,9
3387,422,153,153,1754,9
3388,422,160,160,1761,9
3389,422,169,169,1770,9
3390,422,187,187,1788,9
3391,422,207,207,1808,9
3392,422,211,211,1812,9
3393,422,213,213,1814,9
3394,422,215,218,1816,9
3395,422,220,225,1821,9
3396,422,179,180,2034,10
3397,422,193,193,2048,10
3398,422,213,213,2068,10
3399,422,23,23,2135,11
3400,422,32,32,2144,11
3401,422,40,40,2152,11
3402,422,83,83,2195,11
3403,422,88,88,2200,11
3404,422,102,102,2214,11
3405,422,141,141,2253,11
3406,422,167,167,2279,11
3407,422,20,20,2388,12
3408,422,196,196,2564,12
3409,422,205,205,2573,12
3410,422,114,115,2726,13
3411,422,112,112,2971,14
3412,422,38,38,3368,16
3413,422,77,78,3407,16
3414,422,148,148,3478,16
3415,422,205,205,3535,16
3416,422,209,211,3539,16
3417,422,215,217,3545,16
3418,422,244,244,3574,16
3419,422,26,26,3606,17
3420,422,58,63,3638,17
3421,422,66,74,3646,17
3422,422,77,79,3657,17
3423,422,81,82,3661,17
3424,422,84,85,3664,17
3425,422,87,88,3667,17
3426,422,90,114,3670,17
3427,422,117,119,3697,17
3428,422,121,125,3701,17
3429,422,127,127,3707,17
3430,422,131,134,3711,17
3431,422,139,139,3719,17
3432,422,141,141,3721,17
3433,422,151,151,3731,17
3434,422,155,155,3735,17
3435,422,177,182,3757,17
3436,422,209,209,3789,17
3437,422,10,10,3837,18
3438,422,46,47,3873,18
3439,422,51,51,3878,18
3440,422,53,53,3880,18
3441,422,73,73,3900,18
3442,422,100,100,3927,18
3443,422,58,58,4429,21
3444,422,61,61,4432,21
3445,422,68,68,4439,21
3446,423,78,78,3408,16
3447,424,202,202,1092,6
3448,424,10,12,1138,7
3449,424,39,39,1640,9
3450,424,67,67,1668,9
3451,424,222,222,1823,9
3452,424,24,25,2636,13
3453,424,6,6,2865,14
3454,424,32,32,2891,14
3455,424,96,96,3676,17
3456,424,133,133,3713,17
3457,424,210,210,3790,17
3458,425,6,6,1134,7
3459,425,8,11,1136,7
3460,425,9,9,1864,10
3461,425,96,96,3676,17
3462,425,133,133,3713,17
3463,426,229,229,877,5
3464,426,202,202,1092,6
3465,426,63,63,1191,7
3466,426,74,74,1202,7
3467,426,224,224,1825,9
3468,426,120,120,2488,12
3469,427,6,6,1134,7
3470,427,11,11,1139,7
3471,428,215,217,3545,16
3472,428,26,26,3606,17
3473,428,58,58,3638,17
3474,428,86,86,3666,17
3475,429,202,202,1092,6
3476,429,11,11,1139,7
3477,429,63,63,1191,7
3478,429,28,28,1629,9
3479,429,39,39,1640,9
3480,429,222,222,1823,9
3481,429,40,40,2152,11
3482,429,85,85,2197,11
3483,429,24,25,2636,13
3484,429,101,101,2713,13
3485,429,189,189,2801,13
3486,429,6,6,2865,14
3487,429,112,112,2971,14
3488,429,30,30,3360,16
3489,429,132,132,3462,16
3490,429,217,218,3547,16
3491,429,74,74,3654,17
3492,429,96,96,3676,17
3493,429,119,119,3699,17
3494,429,209,210,3789,17
3495,429,74,74,3901,18
3496,429,167,167,4256,19
3497,429,58,58,4429,21
3498,430,94,94,3921,18
3499,431,202,202,1092,6
3500,431,30,30,1158,7
3501,431,74,74,1202,7
3502,431,105,107,1233,7
3503,431,111,112,1239,7
3504,431,115,115,1243,7
3505,431,184,184,1545,8
3506,431,188,188,1549,8
3507,431,196,196,1557,8
3508,431,208,208,1569,8
3509,431,212,212,1573,8
3510,431,214,214,1575,8
3511,431,227,227,1588,8
3512,431,10,10,1611,9
3513,431,27,27,1628,9
3514,431,36,36,1637,9
3515,431,67,67,1668,9
3516,431,169,169,1770,9
3517,431,187,187,1788,9
3518,431,224,224,1825,9
3519,431,102,102,2214,11
3520,431,104,104,2216,11
3521,431,196,196,2564,12
3522,431,229,229,2597,12
3523,431,7,7,2619,13
3524,431,106,107,2718,13
3525,431,110,115,2722,13
3526,431,118,118,2730,13
3527,431,78,78,3408,16
3528,431,215,216,3545,16
3529,431,68,68,3648,17
3530,431,110,110,3690,17
3531,431,132,132,3712,17
3532,431,53,53,3880,18
3533,431,73,73,3900,18
3534,431,99,99,4188,19
3535,432,202,202,1092,6
3536,432,14,16,1142,7
3537,432,62,63,1190,7
3538,432,106,106,1234,7
3539,432,97,97,1458,8
3540,432,118,118,1479,8
3541,432,28,28,1629,9
3542,432,204,204,1805,9
3543,432,222,222,1823,9
3544,432,224,224,1825,9
3545,432,211,211,2066,10
3546,432,113,113,2225,11
3547,432,140,141,2252,11
3548,432,167,167,2279,11
3549,432,20,21,2388,12
3550,432,23,25,2635,13
3551,432,67,67,2679,13
3552,432,100,102,2712,13
3553,432,114,115,2726,13
3554,432,187,188,2799,13
3555,432,190,190,2802,13
3556,432,6,7,2865,14
3557,432,32,33,2891,14
3558,432,111,112,2970,14
3559,432,81,81,3183,15
3560,432,192,192,3294,15
3561,432,30,30,3360,16
3562,432,78,78,3408,16
3563,432,132,132,3462,16
3564,432,217,218,3547,16
3565,432,243,243,3573,16
3566,432,114,114,3694,17
3567,432,119,119,3699,17
3568,432,209,210,3789,17
3569,432,8,8,3835,18
3570,432,46,47,3873,18
3571,432,73,74,3900,18
3572,432,100,101,3927,18
3573,432,202,202,4029,18
3574,432,205,206,4032,18
3575,432,23,23,4112,19
3576,432,167,167,4256,19
3577,432,30,30,4401,21
3578,432,57,57,4428,21
3579,433,30,30,3360,16
3580,434,6,9,1134,7
3581,435,15,15,392,3
3582,435,202,202,1092,6
3583,435,15,16,1143,7
3584,435,76,76,1204,7
3585,435,106,107,1234,7
3586,435,115,115,1243,7
3587,435,9,9,1610,9
3588,435,42,42,1643,9
3589,435,67,67,1668,9
3590,435,112,112,1713,9
3591,435,222,222,1823,9
3592,435,236,236,1837,9
3593,435,187,187,2042,10
3594,435,211,211,2066,10
3595,435,85,85,2197,11
3596,435,113,113,2225,11
3597,435,140,141,2252,11
3598,435,20,20,2388,12
3599,435,188,188,2800,13
3600,435,6,7,2865,14
3601,435,32,33,2891,14
3602,435,112,112,2971,14
3603,435,81,81,3183,15
3604,435,78,78,3408,16
3605,435,132,132,3462,16
3606,435,244,244,3574,16
3607,435,85,85,3665,17
3608,435,97,98,3677,17
3609,435,114,114,3694,17
3610,435,119,119,3699,17
3611,435,148,148,3728,17
3612,435,180,181,3760,17
3613,435,210,210,3790,17
3614,435,10,10,3837,18
3615,435,12,12,3839,18
3616,435,73,73,3900,18
3617,435,23,23,4112,19
3618,435,166,167,4255,19
3619,435,60,61,4431,21
3620,436,78,79,261,2
3621,437,202,202,1092,6
3622,437,72,72,1200,7
3623,437,74,76,1202,7
3624,437,8,8,1609,9
3625,437,39,39,1640,9
3626,437,67,67,1668,9
3627,437,222,222,1823,9
3628,437,224,224,1825,9
3629,437,236,236,1837,9
3630,437,9,9,1864,10
3631,437,187,187,2042,10
3632,437,40,40,2152,11
3633,437,85,85,2197,11
3634,437,167,167,2279,11
3635,437,19,20,2387,12
3636,437,100,100,2712,13
3637,437,188,189,2800,13
3638,437,112,112,2971,14
3639,437,81,81,3183,15
3640,437,192,192,3294,15
3641,437,30,30,3360,16
3642,437,78,78,3408,16
3643,437,132,132,3462,16
3644,437,74,74,3654,17
3645,437,97,97,3677,17
3646,437,132,132,3712,17
3647,437,210,211,3790,17
3648,438,49,49,232,2
3649,438,6,6,1134,7
3650,438,10,11,1138,7
3651,439,194,194,1795,9
3652,440,5,5,4,1
3653,440,11,11,10,1
3654,440,62,62,710,5
3655,440,215,215,1105,6
3656,440,31,31,1392,8
3657,440,7,7,1862,10
3658,441,49,51,1410,8
3659,442,110,110,1711,9
3660,442,254,254,2109,10
3661,442,204,204,2316,11
3662,442,151,152,2763,13
3663,442,148,148,3007,14
3664,442,227,227,3086,14
3665,443,254,254,2109,10
3666,443,170,170,2538,12
3667,443,144,144,2756,13
3668,443,151,152,2763,13
3669,443,189,189,3291,15
3670,443,20,20,3847,18
3671,444,22,22,3350,16
3672,445,104,104,1232,7
3673,446,7,7,1608,9
3674,446,10,10,1611,9
3675,446,14,14,1615,9
3676,446,28,28,1629,9
3677,446,30,30,1631,9
3678,446,32,32,1633,9
3679,446,56,57,1657,9
3680,446,60,60,1661,9
3681,446,64,64,1665,9
3682,446,112,112,1713,9
3683,446,116,116,1717,9
3684,446,120,120,1721,9
3685,446,123,123,1724,9
3686,446,134,134,1735,9
3687,446,138,138,1739,9
3688,446,153,153,1754,9
3689,446,158,158,1759,9
3690,446,161,161,1762,9
3691,446,204,204,1805,9
3692,446,119,119,1974,10
3693,446,194,194,2049,10
3694,446,98,98,2466,12
3695,446,140,140,2508,12
3696,446,162,162,2530,12
3697,446,208,208,2576,12
3698,446,218,218,2586,12
3699,446,103,103,2715,13
3700,446,115,115,2727,13
3701,446,121,121,2733,13
3702,446,133,133,2745,13
3703,446,195,195,2807,13
3704,446,135,135,2994,14
3705,446,138,139,2997,14
3706,446,150,150,3252,15
3707,446,187,187,3289,15
3708,446,36,37,3366,16
3709,446,162,162,3492,16
3710,446,169,169,3499,16
3711,446,182,182,3512,16
3712,446,219,219,3549,16
3713,446,19,20,3846,18
3714,446,28,29,3855,18
3715,446,31,31,3858,18
3716,446,44,44,3871,18
3717,446,47,47,3874,18
3718,446,69,69,3896,18
3719,446,71,71,3898,18
3720,446,73,73,3900,18
3721,446,81,81,3908,18
3722,446,90,90,3917,18
3723,446,99,99,3926,18
3724,446,102,102,3929,18
3725,446,162,162,3989,18
3726,446,171,171,3998,18
3727,446,181,181,4008,18
3728,446,197,197,4024,18
3729,446,204,204,4031,18
3730,446,232,232,4059,18
3731,446,253,253,4080,18
3732,446,18,18,4107,19
3733,446,177,177,5038,20
3734,446,193,193,4564,21
3735,447,178,178,1539,8
3736,447,195,195,1556,8
3737,447,213,213,1574,8
3738,447,77,77,1678,9
3739,447,109,109,1964,10
3740,447,117,117,1972,10
3741,447,172,175,2027,10
3742,447,205,206,2060,10
3743,447,208,208,2063,10
3744,448,5,5,4,1
3745,448,169,169,168,1
3746,449,6,6,5,1
3747,449,16,16,15,1
3748,449,18,18,17,1
3749,449,20,20,19,1
3750,449,30,30,29,1
3751,449,41,41,40,1
3752,449,44,44,43,1
3753,449,47,48,46,1
3754,449,58,58,57,1
3755,449,65,65,64,1
3756,449,72,72,71,1
3757,449,84,85,83,1
3758,449,87,89,86,1
3759,449,96,98,95,1
3760,449,123,124,122,1
3761,449,130,130,129,1
3762,449,132,134,131,1
3763,449,137,137,136,1
3764,449,140,140,139,1
3765,449,146,146,145,1
3766,449,151,151,150,1
3767,449,154,154,153,1
3768,449,157,159,156,1
3769,449,162,162,161,1
3770,449,166,167,165,1
3771,449,169,170,168,1
3772,449,5,5,188,2
3773,449,15,15,198,2
3774,449,18,18,201,2
3775,449,24,24,207,2
3776,449,37,37,220,2
3777,449,40,40,223,2
3778,449,45,46,228,2
3779,449,54,54,237,2
3780,449,63,64,246,2
3781,449,66,68,249,2
3782,449,73,73,256,2
3783,449,81,81,264,2
3784,449,86,87,269,2
3785,449,102,103,285,2
3786,449,106,106,289,2
3787,449,108,108,291,2
3788,449,117,117,300,2
3789,449,120,122,303,2
3790,449,130,131,313,2
3791,449,141,141,324,2
3792,449,148,148,331,2
3793,449,157,157,340,2
3794,449,169,170,352,2
3795,449,177,177,360,2
3796,449,181,181,364,2
3797,449,2,2,379,3
3798,449,43,43,420,3
3799,449,46,46,423,3
3800,449,52,52,429,3
3801,449,25,25,457,4
3802,449,36,36,468,4
3803,449,49,50,481,4
3804,449,59,59,491,4
3805,449,62,62,494,4
3806,449,68,68,500,4
3807,449,70,70,502,4
3808,449,78,79,510,4
3809,449,89,89,521,4
3810,449,94,94,526,4
3811,449,98,98,530,4
3812,449,115,115,547,4
3813,449,139,139,571,4
3814,449,163,164,595,4
3815,449,172,172,604,4
3816,449,175,175,607,4
3817,449,177,177,609,4
3818,449,180,180,612,4
3819,449,5,5,653,5
3820,449,18,18,666,5
3821,449,21,21,669,5
3822,449,44,45,692,5
3823,449,54,54,702,5
3824,449,68,69,716,5
3825,449,75,75,723,5
3826,449,79,80,727,5
3827,449,92,98,740,5
3828,449,104,105,752,5
3829,449,108,108,756,5
3830,449,118,118,766,5
3831,449,151,151,799,5
3832,449,153,153,801,5
3833,449,156,157,804,5
3834,449,159,159,807,5
3835,449,163,164,811,5
3836,449,168,172,816,5
3837,449,179,179,827,5
3838,449,182,182,830,5
3839,449,186,186,834,5
3840,449,191,192,839,5
3841,449,202,202,850,5
3842,449,226,226,874,5
3843,449,230,230,878,5
3844,449,11,11,901,6
3845,449,19,19,909,6
3846,449,32,33,922,6
3847,449,54,54,944,6
3848,449,61,61,951,6
3849,449,127,127,1017,6
3850,449,183,183,1073,6
3851,449,187,187,1077,6
3852,449,196,196,1086,6
3853,449,208,210,1098,6
3854,449,213,214,1103,6
3855,449,217,217,1107,6
3856,449,22,23,1150,7
3857,449,89,89,1217,7
3858,449,91,91,1219,7
3859,449,139,139,1267,7
3860,449,166,167,1294,7
3861,449,192,192,1320,7
3862,449,183,183,1544,8
3863,449,46,46,1647,9
3864,449,54,54,1655,9
3865,449,58,58,1659,9
3866,449,62,62,1663,9
3867,449,72,72,1673,9
3868,449,91,91,1692,9
3869,449,104,104,1705,9
3870,449,127,127,1728,9
3871,449,129,129,1730,9
3872,449,145,145,1746,9
3873,449,162,162,1763,9
3874,449,185,185,1786,9
3875,449,248,248,1849,9
3876,449,34,34,1889,10
3877,449,47,47,1902,10
3878,449,75,75,1930,10
3879,449,91,92,1946,10
3880,449,108,108,1963,10
3881,449,133,133,1988,10
3882,449,155,155,2010,10
3883,449,163,163,2018,10
3884,449,199,199,2054,10
3885,449,217,217,2072,10
3886,449,233,233,2088,10
3887,449,22,22,2134,11
3888,449,131,132,2243,11
3889,449,66,66,2434,12
3890,449,70,70,2438,12
3891,449,133,133,2501,12
3892,449,241,241,2609,12
3893,449,61,61,2673,13
3894,449,162,162,2774,13
3895,449,175,175,2787,13
3896,449,177,177,2789,13
3897,449,213,213,2825,13
3898,449,66,66,2925,14
3899,449,76,76,2935,14
3900,449,85,85,2944,14
3901,449,151,151,3010,14
3902,449,173,174,3032,14
3903,449,183,183,3042,14
3904,449,240,240,3099,14
3905,449,71,71,3173,15
3906,449,113,114,3215,15
3907,449,117,117,3219,15
3908,449,123,123,3225,15
3909,449,136,136,3238,15
3910,449,148,148,3250,15
3911,449,222,222,3324,15
3912,449,9,9,3337,16
3913,449,11,11,3339,16
3914,449,14,14,3342,16
3915,449,26,26,3354,16
3916,449,31,32,3361,16
3917,449,38,38,3368,16
3918,449,76,76,3406,16
3919,449,79,79,3409,16
3920,449,94,94,3424,16
3921,449,134,134,3464,16
3922,449,142,142,3472,16
3923,449,157,157,3487,16
3924,449,185,187,3515,16
3925,449,191,191,3521,16
3926,449,196,196,3526,16
3927,449,217,217,3547,16
3928,449,231,231,3561,16
3929,449,31,31,3611,17
3930,449,67,67,3647,17
3931,449,72,72,3652,17
3932,449,83,83,3663,17
3933,449,93,93,3673,17
3934,449,95,95,3675,17
3935,449,97,97,3677,17
3936,449,103,103,3683,17
3937,449,112,112,3692,17
3938,449,115,116,3695,17
3939,449,127,127,3707,17
3940,449,145,145,3725,17
3941,449,154,154,3734,17
3942,449,167,168,3747,17
3943,449,213,213,3793,17
3944,449,227,227,3807,17
3945,449,230,230,3810,17
3946,449,235,235,3815,17
3947,449,7,7,3834,18
3948,449,9,9,3836,18
3949,449,34,34,3861,18
3950,449,41,41,3868,18
3951,449,115,115,3942,18
3952,449,213,213,4040,18
3953,449,232,232,4059,18
3954,449,234,234,4061,18
3955,449,245,245,4072,18
3956,449,255,255,4082,18
3957,449,60,60,4149,19
3958,449,77,77,4166,19
3959,449,178,178,4267,19
3960,449,183,184,4272,19
3961,449,213,213,4302,19
3962,449,243,243,4332,19
3963,449,266,266,4355,19
3964,449,270,270,4359,19
3965,449,272,272,4361,19
3966,449,280,280,4369,19
3967,449,61,61,4922,20
3968,449,96,97,4957,20
3969,449,101,101,4962,20
3970,449,103,103,4964,20
3971,449,109,109,4970,20
3972,449,111,111,4972,20
3973,449,125,125,4986,20
3974,449,127,128,4988,20
3975,449,139,139,5000,20
3976,449,144,144,5005,20
3977,449,162,162,5023,20
3978,449,49,49,4420,21
3979,449,66,66,4437,21
3980,449,79,79,4450,21
3981,449,83,83,4454,21
3982,449,100,100,4471,21
3983,449,103,104,4474,21
3984,449,116,116,4487,21
3985,449,184,184,4555,21
3986,449,187,187,4558,21
3987,449,191,191,4562,21
3988,449,249,249,4620,21
3989,449,32,32,4669,22
3990,449,37,37,4674,22
3991,449,42,42,4679,22
3992,449,137,137,4774,22
3993,450,47,47,2906,14
3994,451,170,170,5031,20
3995,452,128,128,127,1
3996,452,130,130,129,1
3997,453,56,56,3158,15
3998,454,159,159,3489,16
3999,455,271,271,4360,19
4000,456,208,208,1098,6
4001,456,196,196,2051,10
4002,456,222,222,2590,12
4003,456,205,206,3307,15
4004,456,154,154,3981,18
4005,457,205,205,3307,15
4006,458,231,231,4602,21
4007,458,67,67,4704,22
4008,459,91,91,3193,15
4009,459,45,45,3375,16
4010,459,48,48,3378,16
4011,459,60,61,3390,16
4012,459,69,70,3399,16
4013,459,121,122,3948,18
4014,460,91,91,3193,15
4015,461,27,27,1155,7
4016,461,30,30,1158,7
4017,461,33,34,1161,7
4018,461,36,36,1164,7
4019,461,46,46,1174,7
4020,461,51,51,1179,7
4021,461,54,54,1182,7
4022,461,75,75,1203,7
4023,461,77,78,1205,7
4024,461,103,103,1231,7
4025,461,97,98,1458,8
4026,461,138,138,1499,8
4027,461,165,165,1526,8
4028,461,236,236,1837,9
4029,462,138,138,1499,8
4030,463,36,36,1164,7
4031,463,78,78,1206,7
4032,463,97,97,1458,8
4033,464,15,15,14,1
4034,464,20,20,19,1
4035,464,40,41,39,1
4036,464,57,57,56,1
4037,464,60,60,59,1
4038,464,89,89,88,1
4039,464,91,92,90,1
4040,464,109,109,108,1
4041,464,116,116,115,1
4042,464,119,119,118,1
4043,464,136,136,135,1
4044,464,141,141,140,1
4045,464,155,158,154,1
4046,464,167,167,166,1
4047,464,12,12,195,2
4048,464,24,24,207,2
4049,464,49,49,232,2
4050,464,52,52,235,2
4051,464,72,72,255,2
4052,464,80,80,263,2
4053,464,110,111,293,2
4054,464,138,139,321,2
4055,464,166,166,349,2
4056,464,179,180,362,2
4057,464,15,15,392,3
4058,464,34,34,411,3
4059,464,9,9,441,4
4060,464,23,23,455,4
4061,464,36,36,468,4
4062,464,61,61,493,4
4063,464,87,87,519,4
4064,464,149,149,581,4
4065,464,171,172,603,4
4066,464,175,175,607,4
4067,464,14,14,662,5
4068,464,47,47,695,5
4069,464,61,61,709,5
4070,464,85,85,733,5
4071,464,105,106,753,5
4072,464,191,191,839,5
4073,464,219,219,867,5
4074,464,229,229,877,5
4075,464,32,32,922,6
4076,464,52,52,942,6
4077,464,203,203,1093,6
4078,464,205,205,1095,6
4079,464,215,215,1105,6
4080,464,217,218,1107,6
4081,464,222,222,1112,6
4082,464,229,229,1119,6
4083,464,25,25,1153,7
4084,464,44,44,1172,7
4085,464,46,46,1174,7
4086,464,54,54,1182,7
4087,464,56,56,1184,7
4088,464,61,61,1189,7
4089,464,72,72,1200,7
4090,464,75,75,1203,7
4091,464,77,81,1205,7
4092,464,103,103,1231,7
4093,464,105,105,1233,7
4094,464,107,108,1235,7
4095,464,110,113,1238,7
4096,464,134,136,1262,7
4097,464,147,147,1275,7
4098,464,160,160,1288,7
4099,464,162,162,1290,7
4100,464,164,164,1292,7
4101,464,186,186,1314,7
4102,464,207,207,1335,7
4103,464,213,213,1341,7
4104,464,20,20,1381,8
4105,464,39,39,1400,8
4106,464,58,58,1419,8
4107,464,96,98,1457,8
4108,464,113,113,1474,8
4109,464,136,139,1497,8
4110,464,165,165,1526,8
4111,464,212,212,1573,8
4112,464,224,224,1585,8
4113,464,8,9,1609,9
4114,464,27,27,1628,9
4115,464,29,29,1630,9
4116,464,134,134,1735,9
4117,464,236,237,1837,9
4118,464,241,241,1842,9
4119,464,62,63,1917,10
4120,464,116,116,1971,10
4121,464,248,248,2103,10
4122,464,253,253,2365,11
4123,464,74,75,2442,12
4124,464,14,14,2873,14
4125,464,118,118,3220,15
4126,464,46,46,3376,16
4127,464,57,57,3387,16
4128,464,243,243,3573,16
4129,464,74,74,3654,17
4130,464,156,158,3983,18
4131,464,178,178,4005,18
4132,464,202,202,4029,18
4133,464,23,23,4112,19
4134,464,58,58,4429,21
4135,465,150,153,4787,22
4136,466,166,167,2278,11
4137,466,57,57,2425,12
4138,466,64,65,2432,12
4139,466,67,67,2435,12
4140,466,77,77,2445,12
4141,466,84,85,2452,12
4142,466,90,97,2458,12
4143,466,101,103,2469,12
4144,466,112,117,2480,12
4145,466,137,140,2505,12
4146,466,143,143,2511,12
4147,466,146,147,2514,12
4148,466,149,150,2517,12
4149,466,154,157,2522,12
4150,466,159,160,2527,12
4151,466,167,167,2535,12
4152,466,186,186,2554,12
4153,466,188,188,2556,12
4154,466,190,190,2558,12
4155,466,198,199,2566,12
4156,466,204,205,2572,12
4157,466,207,207,2575,12
4158,466,210,219,2578,12
4159,466,222,222,2590,12
4160,466,229,230,2597,12
4161,466,237,237,2605,12
4162,466,5,6,2617,13
4163,466,10,10,2622,13
4164,466,13,13,2625,13
4165,466,26,26,2638,13
4166,466,43,43,2655,13
4167,466,50,50,2662,13
4168,466,52,52,2664,13
4169,466,54,54,2666,13
4170,466,60,61,2672,13
4171,466,72,73,2684,13
4172,466,75,75,2687,13
4173,466,79,80,2691,13
4174,466,110,110,2722,13
4175,466,112,112,2724,13
4176,466,114,114,2726,13
4177,466,127,127,2739,13
4178,466,129,129,2741,13
4179,466,131,131,2743,13
4180,466,140,140,2752,13
4181,466,165,168,2777,13
4182,466,173,173,2785,13
4183,466,190,190,2802,13
4184,466,196,196,2808,13
4185,466,200,202,2812,13
4186,466,209,209,2821,13
4187,466,216,217,2828,13
4188,466,219,223,2831,13
4189,466,225,226,2837,13
4190,466,229,229,2841,13
4191,466,232,232,2844,13
4192,466,234,235,2846,13
4193,466,238,238,2850,13
4194,466,241,241,2853,13
4195,466,9,9,2868,14
4196,466,16,16,2875,14
4197,466,26,26,2885,14
4198,466,29,30,2888,14
4199,466,43,43,2902,14
4200,466,46,46,2905,14
4201,466,57,58,2916,14
4202,466,61,61,2920,14
4203,466,63,66,2922,14
4204,466,76,78,2935,14
4205,466,80,80,2939,14
4206,466,92,92,2951,14
4207,466,94,95,2953,14
4208,466,103,103,2962,14
4209,466,113,113,2972,14
4210,466,116,116,2975,14
4211,466,128,128,2987,14
4212,466,141,141,3000,14
4213,466,156,156,3015,14
4214,466,169,170,3028,14
4215,466,179,179,3038,14
4216,466,182,182,3041,14
4217,466,31,31,3133,15
4218,466,44,44,3146,15
4219,466,49,49,3151,15
4220,466,79,79,3181,15
4221,466,82,84,3184,15
4222,466,89,93,3191,15
4223,466,104,105,3206,15
4224,466,114,114,3216,15
4225,466,116,116,3218,15
4226,466,119,119,3221,15
4227,466,129,130,3231,15
4228,466,133,133,3235,15
4229,466,138,138,3240,15
4230,466,176,176,3278,15
4231,466,179,179,3281,15
4232,466,181,181,3283,15
4233,466,188,188,3290,15
4234,466,8,8,3336,16
4235,466,16,17,3344,16
4236,466,19,20,3347,16
4237,466,26,27,3354,16
4238,466,40,40,3370,16
4239,466,50,50,3380,16
4240,466,52,52,3382,16
4241,466,57,57,3387,16
4242,466,66,66,3396,16
4243,466,74,74,3404,16
4244,466,80,80,3410,16
4245,466,91,91,3421,16
4246,466,101,104,3431,16
4247,466,107,111,3437,16
4248,466,113,114,3443,16
4249,466,116,117,3446,16
4250,466,124,124,3454,16
4251,466,126,127,3456,16
4252,466,132,132,3462,16
4253,466,135,137,3465,16
4254,466,145,146,3475,16
4255,466,149,149,3479,16
4256,466,152,153,3482,16
4257,466,163,170,3493,16
4258,466,191,191,3521,16
4259,466,193,193,3523,16
4260,466,195,195,3525,16
4261,466,202,202,3532,16
4262,466,206,208,3536,16
4263,466,211,212,3541,16
4264,466,214,215,3544,16
4265,466,219,220,3549,16
4266,466,223,223,3553,16
4267,466,226,226,3556,16
4268,466,233,233,3563,16
4269,466,236,236,3566,16
4270,466,11,11,3591,17
4271,466,21,23,3601,17
4272,466,26,26,3606,17
4273,466,33,33,3613,17
4274,466,63,66,3643,17
4275,466,75,75,3655,17
4276,466,77,78,3657,17
4277,466,169,169,3749,17
4278,466,171,171,3751,17
4279,466,173,173,3753,17
4280,466,175,177,3755,17
4281,466,197,202,3777,17
4282,466,216,216,3796,17
4283,466,221,222,3801,17
4284,466,227,227,3807,17
4285,466,236,236,3816,17
4286,466,10,11,3837,18
4287,466,19,19,3846,18
4288,466,22,22,3849,18
4289,466,24,25,3851,18
4290,466,29,29,3856,18
4291,466,36,36,3863,18
4292,466,40,41,3867,18
4293,466,47,47,3874,18
4294,466,50,50,3877,18
4295,466,60,60,3887,18
4296,466,62,63,3889,18
4297,466,65,65,3892,18
4298,466,69,71,3896,18
4299,466,76,76,3903,18
4300,466,78,78,3905,18
4301,466,83,84,3910,18
4302,466,89,89,3916,18
4303,466,96,96,3923,18
4304,466,104,105,3931,18
4305,466,109,109,3936,18
4306,466,113,113,3940,18
4307,466,119,122,3946,18
4308,466,125,125,3952,18
4309,466,152,153,3979,18
4310,466,156,156,3983,18
4311,466,163,164,3990,18
4312,466,166,167,3993,18
4313,466,169,169,3996,18
4314,466,178,178,4005,18
4315,466,180,181,4007,18
4316,466,208,208,4035,18
4317,466,223,223,4050,18
4318,466,225,229,4052,18
4319,466,231,231,4058,18
4320,466,233,233,4060,18
4321,466,240,241,4067,18
4322,466,243,243,4070,18
4323,466,245,245,4072,18
4324,466,249,249,4076,18
4325,466,7,7,4096,19
4326,466,10,10,4099,19
4327,466,13,13,4102,19
4328,466,21,21,4110,19
4329,466,63,64,4152,19
4330,466,92,92,4181,19
4331,466,97,97,4186,19
4332,466,99,99,4188,19
4333,466,139,139,4228,19
4334,466,142,142,4231,19
4335,466,155,155,4244,19
4336,466,171,171,4260,19
4337,466,250,250,4339,19
4338,466,38,38,4899,20
4339,466,47,47,4908,20
4340,466,50,52,4911,20
4341,466,88,88,4949,20
4342,466,120,120,4981,20
4343,466,138,138,4999,20
4344,466,168,168,5029,20
4345,466,181,182,5042,20
4346,466,7,7,4378,21
4347,466,14,14,4385,21
4348,466,21,21,4392,21
4349,466,52,52,4423,21
4350,466,55,57,4426,21
4351,466,60,60,4431,21
4352,466,65,67,4436,21
4353,466,69,70,4440,21
4354,466,75,76,4446,21
4355,466,83,83,4454,21
4356,466,91,92,4462,21
4357,466,104,104,4475,21
4358,466,145,145,4516,21
4359,466,192,197,4563,21
4360,466,208,208,4579,21
4361,466,212,212,4583,21
4362,466,214,214,4585,21
4363,466,216,216,4587,21
4364,466,218,218,4589,21
4365,466,221,221,4592,21
4366,466,259,259,4630,21
4367,466,261,261,4632,21
4368,466,43,43,4680,22
4369,466,51,51,4688,22
4370,466,157,157,4794,22
4371,466,167,169,4804,22
4372,466,172,172,4809,22
4373,466,185,187,4822,22
4374,467,127,127,1255,7
4375,468,162,165,3742,17
4376,468,167,168,3747,17
4377,469,165,165,2533,12
4378,469,190,190,2558,12
4379,469,204,204,2572,12
4380,469,208,208,2576,12
4381,469,222,222,2590,12
4382,469,226,226,2594,12
4383,469,235,235,2603,12
4384,469,13,13,2625,13
4385,469,29,29,2641,13
4386,469,79,79,2691,13
4387,469,239,239,2851,13
4388,469,7,7,2866,14
4389,469,12,12,2871,14
4390,469,25,25,2884,14
4391,469,76,76,2935,14
4392,469,153,153,3012,14
4393,469,26,27,3354,16
4394,469,151,151,3731,17
4395,469,155,155,3735,17
4396,469,159,159,3739,17
4397,469,161,163,3741,17
4398,469,236,236,3816,17
4399,469,79,79,3906,18
4400,469,83,83,3910,18
4401,469,89,89,3916,18
4402,470,161,162,3741,17
4403,470,164,166,3744,17
4404,471,161,162,3741,17
4405,471,164,166,3744,17
4406,472,161,162,3741,17
4407,472,164,164,3744,17
4408,472,166,167,3746,17
4409,473,164,165,3744,17
4410,473,167,167,3747,17
4411,474,161,162,3741,17
4412,474,164,164,3744,17
4413,474,166,167,3746,17
4414,475,75,75,1676,9
4415,476,76,76,4165,19
4416,476,87,88,4176,19
4417,476,231,231,4320,19
4418,477,143,143,142,1
4419,477,177,177,176,1
4420,477,179,179,178,1
4421,477,136,136,568,4
4422,477,56,56,704,5
4423,477,82,82,730,5
4424,478,193,195,625,4
4425,479,80,80,4451,21
4426,480,136,138,135,1
4427,481,242,242,4613,21
4428,481,67,68,4704,22
4429,482,26,26,209,2
4430,483,170,171,1771,9
4431,483,29,29,1884,10
4432,483,31,31,1886,10
4433,483,92,92,1947,10
4434,483,158,159,2013,10
4435,483,201,202,2056,10
4436,483,209,209,2064,10
4437,483,215,215,2070,10
4438,483,222,222,2077,10
4439,483,228,228,2083,10
4440,483,42,44,2154,11
4441,483,46,46,2158,11
4442,483,150,150,3480,16
4443,484,170,171,1771,9
4444,484,29,31,1884,10
4445,484,89,89,1944,10
4446,484,92,92,1947,10
4447,484,158,158,2013,10
4448,484,202,204,2057,10
4449,484,208,208,2063,10
4450,484,214,215,2069,10
4451,484,222,222,2077,10
4452,484,42,46,2154,11
4453,484,142,142,2254,11
4454,484,40,40,2652,13
4455,484,71,71,2683,13
4456,484,150,150,3480,16
4457,485,170,171,1771,9
4458,485,30,31,1885,10
4459,485,92,92,1947,10
4460,485,158,158,2013,10
4461,485,185,185,2040,10
4462,485,201,203,2056,10
4463,485,209,209,2064,10
4464,485,212,213,2067,10
4465,485,215,216,2070,10
4466,485,222,222,2077,10
4467,485,9,9,2121,11
4468,485,42,44,2154,11
4469,485,58,58,2170,11
4470,485,40,40,2652,13
4471,485,71,71,2683,13
4472,485,150,150,3480,16
4473,486,47,47,2906,14
4474,486,49,49,2908,14
4475,487,59,59,242,2
4476,487,68,70,251,2
4477,487,72,72,255,2
4478,488,42,42,4131,19
4479,488,183,186,4554,21
4480,488,30,31,4667,22
4481,488,33,34,4670,22
4482,488,36,36,4673,22
4483,489,242,242,2854,13
4484,489,25,26,2884,14
4485,489,130,130,3460,16
4486,489,16,16,3596,17
4487,489,176,176,3756,17
4488,489,197,197,3777,17
4489,489,222,222,3802,17
4490,489,230,230,3810,17
4491,489,25,25,3852,18
4492,489,38,39,3865,18
4493,489,120,120,3947,18
4494,489,150,150,3977,18
4495,489,164,164,3991,18
4496,489,24,24,4113,19
4497,489,172,172,5033,20
4498,489,18,18,4389,21
4499,489,20,21,4391,21
4500,489,55,55,4426,21
4501,489,169,169,4806,22
4502,490,209,209,857,5
4503,490,35,35,925,6
4504,490,19,19,1147,7
4505,490,157,157,1285,7
4506,490,160,160,1288,7
4507,490,151,151,1512,8
4508,490,193,194,1554,8
4509,490,215,215,1576,8
4510,490,218,218,1579,8
4511,490,81,81,1682,9
4512,490,118,118,1719,9
4513,490,24,24,2883,14
4514,490,206,206,4295,19
4515,491,269,269,4358,19
4516,492,101,101,3431,16
4517,492,110,112,3440,16
4518,492,127,127,3457,16
4519,493,131,133,1259,7
4520,493,148,148,1276,7
4521,493,154,154,1282,7
4522,493,178,178,1306,7
4523,493,222,229,1350,7
4524,493,7,8,1368,8
4525,493,19,19,1380,8
4526,493,27,27,1388,8
4527,493,43,43,1404,8
4528,493,58,58,1419,8
4529,493,68,68,1429,8
4530,493,83,83,1444,8
4531,493,88,89,1449,8
4532,493,91,91,1452,8
4533,493,99,99,1460,8
4534,493,119,119,1480,8
4535,493,171,171,1532,8
4536,493,218,218,1579,8
4537,493,33,33,1634,9
4538,493,36,36,1637,9
4539,493,119,119,1720,9
4540,493,67,67,1922,10
4541,493,122,122,2490,12
4542,493,148,148,2516,12
4543,493,25,25,2884,14
4544,494,103,103,1231,7
4545,495,63,63,1918,10
4546,496,76,76,3406,16
4547,497,178,178,5039,20
4548,498,59,59,4920,20
4549,498,64,64,4925,20
4550,499,246,246,2101,10
4551,500,141,142,4778,22
4552,501,121,121,4982,20
4553,502,265,265,4354,19
4554,503,239,239,4610,21
4555,503,63,63,4700,22
4556,504,167,167,4538,21
4557,504,171,171,4542,21
4558,504,17,17,4654,22
4559,505,220,220,3800,17
4560,506,122,122,4493,21
4561,507,148,149,4519,21
4562,507,5,5,4642,22
4563,508,165,168,2777,13
4564,508,191,192,2803,13
4565,508,201,202,2813,13
4566,508,225,225,2837,13
4567,508,234,234,2846,13
4568,508,92,93,2951,14
4569,508,113,113,2972,14
4570,508,115,115,2974,14
4571,508,29,29,3609,17
4572,508,32,32,3859,18
4573,509,207,207,4578,21
4574,510,137,137,1738,9
4575,511,104,104,1232,7
4576,512,67,67,715,5
4577,512,76,76,724,5
4578,512,83,83,731,5
4579,512,109,109,757,5
4580,513,102,102,1703,9
4581,514,94,94,3196,15
4582,515,24,24,2392,12
4583,516,24,24,2392,12
4584,517,93,95,92,1
4585,517,103,103,102,1
4586,517,109,109,108,1
4587,517,119,119,118,1
4588,517,122,122,121,1
4589,517,128,128,127,1
4590,517,149,149,148,1
4591,518,120,120,119,1
4592,518,139,139,138,1
4593,518,141,141,140,1
4594,519,32,32,922,6
4595,519,41,41,931,6
4596,519,48,48,938,6
4597,520,155,155,338,2
4598,521,253,253,1854,9
4599,521,110,110,1965,10
4600,522,171,171,2026,10
4601,523,109,109,757,5
4602,523,164,164,812,5
4603,523,173,173,821,5
4604,523,181,182,829,5
4605,523,14,14,1615,9
4606,523,63,63,1664,9
4607,523,80,80,1681,9
4608,523,76,76,1931,10
4609,523,105,105,1960,10
4610,523,139,141,1994,10
4611,523,66,67,2178,11
4612,523,75,75,2187,11
4613,523,161,161,2273,11
4614,523,196,196,2308,11
4615,523,199,199,2311,11
4616,523,219,219,2331,11
4617,523,9,9,2377,12
4618,523,12,12,2380,12
4619,523,37,37,2405,12
4620,523,65,65,2433,12
4621,523,80,80,2448,12
4622,523,89,90,2457,12
4623,523,92,92,2460,12
4624,523,97,98,2465,12
4625,523,140,140,2508,12
4626,523,159,159,2527,12
4627,523,162,165,2530,12
4628,523,186,186,2554,12
4629,523,188,189,2556,12
4630,523,197,197,2565,12
4631,523,200,200,2568,12
4632,523,208,208,2576,12
4633,523,210,210,2578,12
4634,523,222,222,2590,12
4635,523,84,85,2696,13
4636,523,170,170,2782,13
4637,523,182,182,2794,13
4638,523,24,24,2883,14
4639,523,53,53,2912,14
4640,523,82,82,2941,14
4641,523,135,135,2994,14
4642,523,156,156,3015,14
4643,523,187,187,3289,15
4644,523,207,207,3309,15
4645,523,35,35,3365,16
4646,523,100,100,3430,16
4647,523,207,207,3537,16
4648,523,13,13,3593,17
4649,523,50,50,4911,20
4650,524,70,76,4159,19
4651,524,78,78,4167,19
4652,524,82,83,4171,19
4653,524,85,85,4174,19
4654,524,88,90,4177,19
4655,524,94,95,4183,19
4656,524,97,98,4186,19
4657,524,100,100,4189,19
4658,524,102,103,4191,19
4659,524,105,105,4194,19
4660,524,138,139,4227,19
4661,524,143,143,4232,19
4662,524,165,166,4254,19
4663,524,172,172,4261,19
4664,524,190,190,4279,19
4665,524,200,200,4289,19
4666,524,202,202,4291,19
4667,524,213,213,4302,19
4668,524,220,221,4309,19
4669,524,232,232,4321,19
4670,524,244,244,4333,19
4671,524,266,266,4355,19
4672,524,43,45,4904,20
4673,524,33,33,4404,21
4674,525,219,219,4046,18
4675,525,222,222,4049,18
4676,525,21,21,4110,19
4677,526,106,106,754,5
4678,526,141,141,789,5
4679,526,146,146,794,5
4680,526,150,151,798,5
4681,526,153,154,801,5
4682,526,156,163,804,5
4683,526,165,168,813,5
4684,526,170,170,818,5
4685,526,176,176,824,5
4686,526,178,179,826,5
4687,526,181,181,829,5
4688,526,184,184,832,5
4689,526,187,187,835,5
4690,526,193,193,841,5
4691,526,202,202,850,5
4692,526,201,201,1091,6
4693,526,206,206,1096,6
4694,526,208,208,1098,6
4695,526,216,218,1106,6
4696,526,220,220,1110,6
4697,526,228,229,1118,6
4698,526,170,170,1298,7
4699,526,30,30,1391,8
4700,526,65,65,1426,8
4701,526,88,88,1449,8
4702,526,67,67,1922,10
4703,526,74,74,1929,10
4704,526,84,84,1939,10
4705,526,103,103,1958,10
4706,526,167,167,2022,10
4707,526,126,126,2238,11
4708,526,102,102,2470,12
4709,526,109,110,2477,12
4710,526,118,119,2486,12
4711,526,146,146,2514,12
4712,526,209,209,2577,12
4713,526,219,219,2831,13
4714,526,162,162,3989,18
4715,526,178,178,4005,18
4716,526,186,187,4013,18
4717,526,227,227,4054,18
4718,526,233,233,4060,18
4719,526,161,161,4798,22
4720,527,5,5,1860,10
4721,528,33,36,32,1
4722,528,38,40,37,1
4723,528,51,52,50,1
4724,528,63,64,62,1
4725,529,45,45,3625,17
4726,530,44,46,3624,17
4727,530,54,57,3634,17
4728,530,195,196,3775,17
4729,530,218,218,3798,17
4730,530,112,112,3939,18
4731,530,150,150,3977,18
4732,531,213,213,2581,12
4733,532,84,84,732,5
4734,533,69,69,1924,10
4735,533,80,80,1935,10
4736,533,101,101,1956,10
4737,533,125,125,1980,10
4738,533,144,144,1999,10
4739,533,146,146,2001,10
4740,533,194,194,2049,10
4741,533,196,196,2051,10
4742,533,199,199,2054,10
4743,534,5,5,1860,10
4744,535,131,131,3958,18
4745,536,131,131,3958,18
4746,536,133,133,3960,18
4747,537,244,245,3574,16
4748,538,106,106,4967,20
4749,539,128,129,1018,6
4750,539,139,139,1029,6
4751,540,199,202,1560,8
4752,540,70,70,4707,22
4753,541,199,200,1560,8
4754,541,202,202,1563,8
4755,542,10,11,1138,7
4756,543,134,134,133,1
4757,543,174,174,1775,9
4758,543,157,157,2012,10
4759,543,12,12,2624,13
4760,544,134,134,133,1
4761,545,47,47,2906,14
4762,546,42,42,932,6
4763,547,32,32,922,6
4764,547,42,42,932,6
4765,548,32,32,922,6
4766,548,42,42,932,6
4767,549,197,197,1798,9
4768,550,55,55,3157,15
4769,550,60,60,3162,15
4770,550,63,63,3165,15
4771,550,177,177,4548,21
4772,550,213,213,4584,21
4773,550,231,231,4602,21
4774,551,137,138,320,2
4775,551,181,181,364,2
4776,551,1,1,378,3
4777,552,203,203,1804,9
4778,553,5,5,1860,10
4779,554,47,47,2906,14
4780,555,137,137,320,2
4781,555,181,181,364,2
4782,555,162,163,1523,8
4783,555,172,172,1533,8
4784,555,175,176,1536,8
4785,555,199,199,1560,8
4786,555,203,203,1564,8
4787,555,205,205,1566,8
4788,555,207,208,1568,8
4789,555,212,212,1573,8
4790,555,226,226,1587,8
4791,555,51,51,1652,9
4792,555,96,96,1697,9
4793,555,99,100,1700,9
4794,555,121,121,1722,9
4795,555,181,181,2036,10
4796,556,162,163,1523,8
4797,556,172,172,1533,8
4798,556,175,176,1536,8
4799,556,188,188,1549,8
4800,556,191,191,1552,8
4801,556,199,199,1560,8
4802,556,203,205,1564,8
4803,556,207,208,1568,8
4804,556,226,226,1587,8
4805,556,7,7,1608,9
4806,556,12,12,1613,9
4807,556,48,48,1649,9
4808,556,51,51,1652,9
4809,556,53,53,1654,9
4810,556,96,96,1697,9
4811,556,99,100,1700,9
4812,556,121,121,1722,9
4813,556,158,158,1759,9
4814,556,181,181,1782,9
4815,556,19,19,1874,10
4816,556,37,37,1892,10
4817,556,181,182,2036,10
4818,556,27,27,3854,18
4819,556,9,9,4380,21
4820,556,70,70,4707,22
4821,557,190,190,3049,14
4822,558,67,67,250,2
4823,558,176,176,359,2
4824,558,189,189,372,2
4825,558,165,165,1055,6
4826,558,123,123,1251,7
4827,558,81,81,1936,10
4828,558,94,94,2206,11
4829,558,144,144,2256,11
4830,558,228,228,2596,12
4831,558,35,35,2647,13
4832,558,85,85,2697,13
4833,558,102,102,3204,15
4834,558,144,144,3246,15
4835,558,29,29,3609,17
4836,558,104,104,3931,18
4837,558,127,127,3954,18
4838,558,129,129,3956,18
4839,558,133,133,3960,18
4840,558,83,83,4454,21
4841,559,101,102,284,2
4842,559,107,107,290,2
4843,559,183,183,366,2
4844,559,233,233,881,5
4845,560,5,6,2617,13
4846,561,39,39,471,4
4847,561,154,154,586,4
4848,561,13,13,661,5
4849,562,42,42,41,1
4850,562,44,44,43,1
4851,562,100,100,283,2
4852,562,13,13,390,3
4853,562,49,49,426,3
4854,562,12,12,444,4
4855,562,21,21,453,4
4856,562,27,27,459,4
4857,562,33,33,465,4
4858,562,38,38,470,4
4859,562,45,45,477,4
4860,562,50,50,482,4
4861,562,53,53,485,4
4862,562,55,55,487,4
4863,562,60,60,492,4
4864,562,66,66,498,4
4865,562,76,76,508,4
4866,562,79,86,511,4
4867,562,90,90,522,4
4868,562,95,96,527,4
4869,562,101,101,533,4
4870,562,112,112,544,4
4871,562,121,121,553,4
4872,562,126,126,558,4
4873,562,173,173,605,4
4874,562,19,19,667,5
4875,562,25,25,673,5
4876,562,27,28,675,5
4877,562,40,40,688,5
4878,562,42,44,690,5
4879,562,53,54,701,5
4880,562,60,60,708,5
4881,562,63,63,711,5
4882,562,67,67,715,5
4883,562,76,77,724,5
4884,562,79,79,727,5
4885,562,85,85,733,5
4886,562,93,93,741,5
4887,562,95,95,743,5
4888,562,99,99,747,5
4889,562,102,103,750,5
4890,562,108,108,756,5
4891,562,145,145,793,5
4892,562,163,163,811,5
4893,562,166,166,814,5
4894,562,169,169,817,5
4895,562,179,180,827,5
4896,562,191,191,839,5
4897,562,208,208,856,5
4898,562,218,218,1108,6
4899,562,154,154,1282,7
4900,562,46,46,1647,9
4901,562,57,57,1658,9
4902,562,127,127,1728,9
4903,562,36,36,1891,10
4904,562,66,66,1921,10
4905,562,85,85,1940,10
4906,562,162,162,2017,10
4907,562,56,56,2168,11
4908,562,205,206,3307,15
4909,562,153,154,3980,18
4910,562,261,261,4088,18
4911,562,192,192,5053,20
4912,562,240,240,4611,21
4913,562,65,65,4702,22
4914,563,20,20,4109,19
4915,564,140,140,2999,14
4916,565,7,7,4378,21
4917,566,150,150,1278,7
4918,566,157,157,1285,7
4919,566,197,197,1325,7
4920,566,204,204,1332,7
4921,567,114,114,1004,6
4922,568,78,78,4449,21
4923,569,153,153,152,1
4924,569,36,36,219,2
4925,569,41,42,224,2
4926,569,82,82,265,2
4927,569,102,102,285,2
4928,569,137,137,320,2
4929,569,159,159,342,2
4930,569,162,162,345,2
4931,569,165,165,348,2
4932,569,168,168,351,2
4933,569,171,171,354,2
4934,569,180,180,363,2
4935,569,48,48,425,3
4936,569,35,35,467,4
4937,569,50,50,482,4
4938,569,101,102,533,4
4939,569,117,118,549,4
4940,569,23,24,671,5
4941,569,58,58,706,5
4942,569,32,32,1160,7
4943,569,206,206,1334,7
4944,569,135,135,1496,8
4945,569,130,130,2242,11
4946,569,24,24,2392,12
4947,569,193,193,2805,13
4948,570,153,153,152,1
4949,570,58,58,241,2
4950,570,102,103,285,2
4951,570,161,161,344,2
4952,570,35,35,467,4
4953,570,117,118,549,4
4954,570,122,122,554,4
4955,570,127,127,559,4
4956,570,175,175,607,4
4957,570,24,24,672,5
4958,570,63,63,711,5
4959,570,70,71,718,5
4960,570,73,73,721,5
4961,570,91,91,739,5
4962,570,100,100,748,5
4963,570,146,146,794,5
4964,570,155,155,803,5
4965,570,157,158,805,5
4966,570,178,178,826,5
4967,570,181,181,829,5
4968,570,32,32,1160,7
4969,570,206,206,1334,7
4970,570,130,130,2242,11
4971,570,26,26,2394,12
4972,571,130,130,2242,11
4973,571,26,26,2394,12
4974,572,12,12,195,2
4975,573,41,42,3143,15
4976,573,59,59,4696,22
4977,574,174,174,4263,19
4978,575,93,93,2952,14
4979,575,228,228,3087,14
4980,575,144,144,3971,18
4981,575,15,15,4104,19
4982,575,36,36,4407,21
4983,576,161,161,344,2
4984,576,63,63,711,5
4985,576,70,70,718,5
4986,576,100,100,748,5
4987,576,216,216,864,5
4988,576,223,224,871,5
4989,576,37,37,927,6
4990,576,18,18,1146,7
4991,576,27,28,1155,7
4992,576,32,32,1160,7
4993,576,133,134,1261,7
4994,576,139,139,1267,7
4995,576,76,76,1437,8
4996,576,135,135,1496,8
4997,576,129,130,2241,11
4998,576,26,26,2394,12
4999,576,182,182,2550,12
5000,576,201,201,2569,12
5001,576,66,66,2678,13
5002,576,169,169,2781,13
5003,576,193,194,2805,13
5004,576,87,87,2946,14
5005,576,96,96,2955,14
5006,576,98,98,2957,14
5007,576,101,101,2960,14
5008,576,117,117,2976,14
5009,576,119,119,2978,14
5010,576,122,122,2981,14
5011,576,131,131,2990,14
5012,576,134,134,2993,14
5013,576,148,148,3007,14
5014,577,13,13,196,2
5015,577,137,137,320,2
5016,577,157,157,340,2
5017,577,159,159,342,2
5018,577,162,162,345,2
5019,577,10,10,387,3
5020,577,60,60,492,4
5021,577,67,67,499,4
5022,577,23,23,671,5
5023,577,224,224,872,5
5024,577,206,206,1096,6
5025,577,129,130,2241,11
5026,577,193,193,2805,13
5027,577,97,98,2956,14
5028,577,50,50,3877,18
5029,578,159,160,342,2
5030,578,165,165,348,2
5031,578,180,180,363,2
5032,578,184,185,367,2
5033,578,10,10,387,3
5034,578,10,10,442,4
5035,578,67,67,499,4
5036,578,224,224,872,5
5037,578,206,206,1096,6
5038,578,182,182,2550,12
5039,578,67,67,2679,13
5040,578,193,195,2805,13
5041,578,216,216,2828,13
5042,578,96,99,2955,14
5043,578,49,50,3876,18
5044,579,224,224,872,5
5045,579,228,228,876,5
5046,580,114,114,4975,20
5047,581,78,78,4449,21
5048,582,89,89,88,1
5049,583,133,133,2245,11
5050,583,221,221,2333,11
5051,583,236,237,2348,11
5052,583,242,242,2354,11
5053,583,244,245,2356,11
5054,583,215,215,2583,12
5055,583,197,197,2809,13
5056,583,199,199,3058,14
5057,583,114,114,3444,16
5058,583,40,40,4129,19
5059,583,78,78,4167,19
5060,584,244,244,2356,11
5061,585,78,78,4167,19
5062,586,155,155,3257,15
5063,586,240,240,3570,16
5064,586,215,215,4586,21
5065,587,191,191,2303,11
5066,587,204,204,2316,11
5067,587,48,48,2416,12
5068,587,39,39,2651,13
5069,587,153,153,2765,13
5070,587,20,21,2879,14
5071,587,93,93,2952,14
5072,587,111,111,2970,14
5073,587,122,122,2981,14
5074,587,166,166,3025,14
5075,587,228,228,3087,14
5076,587,169,169,3271,15
5077,587,17,17,3597,17
5078,587,116,117,3943,18
5079,587,147,147,3974,18
5080,587,15,15,4104,19
5081,588,226,226,4597,21
5082,588,228,228,4599,21
5083,588,234,234,4605,21
5084,589,83,83,2451,12
5085,590,112,112,295,2
5086,590,127,127,310,2
5087,590,143,147,326,2
5088,590,178,178,361,2
5089,590,184,185,367,2
5090,591,48,48,2416,12
5091,591,153,155,2765,13
5092,591,157,163,2769,13
5093,591,165,165,2777,13
5094,591,169,169,2781,13
5095,591,207,207,2819,13
5096,591,234,234,2846,13
5097,591,19,19,2878,14
5098,591,21,21,2880,14
5099,591,37,37,2896,14
5100,591,40,40,2899,14
5101,591,67,68,2926,14
5102,591,228,228,3087,14
5103,591,169,169,3271,15
5104,591,7,7,3335,16
5105,591,38,38,3368,16
5106,591,114,114,3444,16
5107,591,226,226,3806,17
5108,591,232,232,3812,17
5109,591,116,116,3943,18
5110,591,144,144,3971,18
5111,591,15,15,4104,19
5112,591,36,36,4407,21
5113,592,29,30,1157,7
5114,592,32,33,1160,7
5115,592,108,108,1236,7
5116,592,110,110,1238,7
5117,592,133,134,1261,7
5118,593,27,27,1155,7
5119,593,32,33,1160,7
5120,593,133,134,1261,7
5121,594,33,34,3860,18
5122,594,245,245,4072,18
5123,594,11,11,4100,19
5124,595,102,102,750,5
5125,595,105,105,753,5
5126,595,215,215,2583,12
5127,596,278,278,4367,19
5128,597,150,150,5011,20
5129,598,125,125,1015,6
5130,599,49,49,2908,14
5131,599,242,242,3101,14
5132,599,281,281,4370,19
5133,600,14,14,391,3
5134,600,33,34,410,3
5135,601,202,202,3061,14
5136,601,13,13,3115,15
5137,601,53,53,3155,15
5138,601,100,100,3202,15
5139,601,114,114,3216,15
5140,601,130,130,3232,15
5141,601,141,141,3243,15
5142,602,102,102,101,1
5143,602,114,114,113,1
5144,602,114,114,3444,16
5145,603,113,113,3443,16
5146,603,116,116,3446,16
5147,603,128,128,3458,16
5148,603,21,21,3848,18
5149,603,67,67,3894,18
5150,603,260,260,4631,21
5151,604,37,37,3367,16
5152,604,48,48,3378,16
5153,604,77,77,3904,18
5154,604,122,122,3949,18
5155,604,66,66,4437,21
5156,605,47,47,2906,14
5157,606,148,148,4519,21
5158,607,226,226,4597,21
5159,608,63,63,1424,8
5160,608,128,128,1489,8
5161,608,161,161,3020,14
5162,608,196,196,3055,14
5163,608,44,44,3146,15
5164,608,103,103,3205,15
5165,608,155,155,3257,15
5166,608,281,281,4370,19
5167,609,78,78,4449,21
5168,610,90,90,980,6
5169,610,95,95,985,6
5170,611,168,168,2780,13
5171,612,215,216,2583,12
5172,612,219,219,2587,12
5173,612,230,230,2598,12
5174,612,202,202,2814,13
5175,612,31,31,3133,15
5176,612,126,126,3456,16
5177,613,216,216,2584,12
5178,614,215,215,4586,21
5179,615,246,246,3826,17
5180,615,164,164,4253,19
5181,615,276,276,4365,19
5182,616,122,122,4493,21
5183,617,119,119,4980,20
5184,617,123,123,4984,20
5185,617,126,126,4987,20
5186,617,131,131,4992,20
5187,618,119,119,4980,20
5188,619,39,39,4676,22
5189,619,75,76,4712,22
5190,620,165,166,3267,15
5191,620,168,168,3270,15
5192,621,163,166,3265,15
5193,621,119,119,3449,16
5194,622,166,166,3268,15
5195,623,78,78,4449,21
5196,624,165,165,3024,14
5197,625,182,182,3041,14
5198,625,187,187,3046,14
5199,625,8,8,3110,15
5200,625,54,54,3156,15
5201,625,132,132,3234,15
5202,625,139,140,3241,15
5203,625,151,151,3253,15
5204,625,163,163,3265,15
5205,625,191,191,3293,15
5206,625,103,103,3433,16
5207,625,206,206,3536,16
5208,625,68,68,3895,18
5209,625,179,179,4006,18
5210,625,281,281,4370,19
5211,625,151,151,4522,21
5212,625,7,7,4644,22
5213,626,128,129,127,1
5214,627,56,58,704,5
5215,627,61,65,709,5
5216,627,67,68,715,5
5217,627,73,73,721,5
5218,627,75,77,723,5
5219,627,79,79,727,5
5220,627,82,84,730,5
5221,627,89,89,737,5
5222,627,91,91,739,5
5223,627,95,95,743,5
5224,627,106,106,754,5
5225,627,109,109,757,5
5226,627,147,147,795,5
5227,627,165,165,813,5
5228,627,179,179,827,5
5229,627,200,200,848,5
5230,627,206,206,1096,6
5231,627,215,215,1105,6
5232,627,169,169,1297,7
5233,627,55,55,1416,8
5234,628,179,179,827,5
5235,628,206,206,1096,6
5236,629,6,6,5,1
5237,629,165,165,164,1
5238,629,168,168,167,1
5239,629,174,174,173,1
5240,629,179,179,178,1
5241,629,5,5,188,2
5242,629,159,159,342,2
5243,629,141,142,1502,8
5244,629,151,151,1752,9
5245,629,98,98,2957,14
5246,630,149,151,1510,8
5247,630,22,22,2390,12
5248,631,57,57,2425,12
5249,631,94,94,2462,12
5250,631,97,97,2465,12
5251,631,101,101,2469,12
5252,631,105,105,2473,12
5253,631,111,111,2479,12
5254,631,114,114,2482,12
5255,631,118,118,2486,12
5256,631,134,135,2502,12
5257,631,218,218,2586,12
5258,631,235,235,2603,12
5259,631,72,72,2684,13
5260,631,105,106,3435,16
5261,631,224,224,3554,16
5262,632,193,195,625,4
5263,633,140,140,1995,10
5264,634,207,207,4578,21
5265,635,102,102,534,4
5266,635,105,105,537,4
5267,635,17,17,665,5
5268,635,19,19,667,5
5269,635,42,42,1403,8
5270,636,17,17,665,5
5271,637,60,60,59,1
5272,638,234,234,2089,10
5273,639,86,86,4947,20
5274,640,224,224,2592,12
5275,641,122,122,4493,21
5276,642,207,207,4578,21
5277,643,179,179,4268,19
5278,644,243,243,3823,17
5279,645,90,90,4951,20
5280,645,93,93,4954,20
5281,645,111,111,4972,20
5282,645,129,129,4990,20
5283,646,170,170,3997,18
5284,646,269,269,4358,19
5285,646,136,136,4507,21
5286,647,143,143,3473,16
5287,648,167,169,3497,16
5288,649,155,155,4526,21
5289,649,157,157,4528,21
5290,649,163,163,4534,21
5291,649,166,166,4537,21
5292,650,226,226,1827,9
5293,651,78,78,4449,21
5294,651,104,104,4475,21
5295,651,127,128,4498,21
5296,651,133,133,4504,21
5297,651,135,135,4506,21
5298,651,138,138,4509,21
5299,651,151,151,4522,21
5300,651,153,154,4524,21
5301,651,159,159,4530,21
5302,651,257,257,4628,21
5303,651,262,262,4633,21
5304,651,6,9,4643,22
5305,652,90,90,980,6
5306,652,95,95,985,6
5307,653,58,58,2426,12
5308,653,106,107,2474,12
5309,654,58,58,2426,12
5310,654,105,105,2473,12
5311,654,165,165,3992,18
5312,654,16,16,4387,21
5313,654,18,18,4389,21
5314,655,80,80,512,4
5315,655,128,128,1018,6
5316,656,88,88,1689,9
5317,656,140,140,1995,10
5318,657,62,62,3642,17
5319,658,168,168,600,4
5320,658,55,56,703,5
5321,658,68,68,716,5
5322,658,94,94,742,5
5323,658,106,106,754,5
5324,658,217,217,1107,6
5325,659,32,32,31,1
5326,660,90,90,89,1
5327,660,19,19,396,3
5328,660,4,4,1132,7
5329,660,25,25,1386,8
5330,660,58,58,1659,9
5331,660,7,8,2619,13
5332,660,97,97,3199,15
5333,660,139,139,3241,15
5334,660,155,155,3257,15
5335,660,180,180,3282,15
5336,660,46,46,3376,16
5337,660,253,253,4080,18
5338,661,137,137,785,5
5339,661,203,203,851,5
5340,662,168,168,167,1
5341,662,170,173,169,1
5342,662,175,175,174,1
5343,662,9,9,192,2
5344,662,13,13,196,2
5345,663,221,221,1111,6
5346,664,27,27,26,1
5347,665,169,169,3996,18
5348,665,188,188,5049,20
5349,665,109,109,4480,21
5350,665,123,129,4494,21
5351,665,136,139,4507,21
5352,665,141,142,4512,21
5353,665,151,151,4522,21
5354,665,158,158,4529,21
5355,665,202,203,4573,21
5356,665,205,205,4576,21
5357,665,207,207,4578,21
5358,665,214,214,4585,21
5359,665,220,220,4591,21
5360,665,224,224,4595,21
5361,665,226,226,4597,21
5362,665,231,231,4602,21
5363,665,234,234,4605,21
5364,665,236,238,4607,21
5365,665,264,265,4635,21
5366,665,61,63,4698,22
5367,665,67,67,4704,22
5368,665,79,79,4716,22
5369,665,81,81,4718,22
5370,665,112,112,4749,22
5371,665,172,173,4809,22
5372,666,120,120,2488,12
5373,667,30,30,2889,14
5374,667,60,60,2919,14
5375,667,66,66,2925,14
5376,667,111,111,2970,14
5377,667,58,58,3388,16
5378,668,60,60,2919,14
5379,669,132,132,315,2
5380,669,134,134,317,2
5381,669,141,141,324,2
5382,669,147,147,330,2
5383,669,77,80,509,4
5384,670,15,15,198,2
5385,671,241,241,4330,19
5386,671,243,243,4332,19
5387,672,138,140,2250,11
5388,673,66,66,1194,7
5389,674,15,15,198,2
5390,675,66,66,3396,16
5391,675,104,104,3434,16
5392,675,208,208,3538,16
5393,675,23,24,3603,17
5394,675,28,28,3608,17
5395,675,64,64,3644,17
5396,675,66,66,3646,17
5397,675,174,176,3754,17
5398,675,203,203,3783,17
5399,675,228,228,3808,17
5400,675,15,15,3842,18
5401,675,42,42,3869,18
5402,675,117,117,3944,18
5403,675,219,219,4046,18
5404,675,65,65,4436,21
5405,675,187,187,4824,22
5406,676,221,221,1111,6
5407,677,25,25,673,5
5408,678,120,120,2488,12
5409,679,11,11,10,1
5410,679,45,46,44,1
5411,679,53,53,52,1
5412,679,57,57,56,1
5413,679,59,59,58,1
5414,679,61,61,60,1
5415,679,63,63,62,1
5416,679,67,67,66,1
5417,679,70,70,69,1
5418,679,74,74,73,1
5419,679,84,84,83,1
5420,679,89,89,88,1
5421,679,91,91,90,1
5422,679,93,93,92,1
5423,679,96,97,95,1
5424,679,101,101,100,1
5425,679,104,104,103,1
5426,679,115,116,114,1
5427,679,120,120,119,1
5428,679,125,125,124,1
5429,679,138,142,137,1
5430,679,154,154,153,1
5431,679,159,159,158,1
5432,679,166,166,165,1
5433,679,168,170,167,1
5434,679,172,172,171,1
5435,679,174,174,173,1
5436,679,5,5,188,2
5437,679,12,12,195,2
5438,679,14,15,197,2
5439,679,19,19,202,2
5440,679,25,25,208,2
5441,679,27,27,210,2
5442,679,29,29,212,2
5443,679,38,38,221,2
5444,679,66,66,249,2
5445,679,70,70,253,2
5446,679,74,75,257,2
5447,679,80,80,263,2
5448,679,89,89,272,2
5449,679,96,96,279,2
5450,679,98,98,281,2
5451,679,101,101,284,2
5452,679,107,108,290,2
5453,679,114,115,297,2
5454,679,119,119,302,2
5455,679,126,127,309,2
5456,679,129,129,312,2
5457,679,132,132,315,2
5458,679,140,141,323,2
5459,679,147,147,330,2
5460,679,158,158,341,2
5461,679,57,57,489,4
5462,679,67,67,499,4
5463,679,69,69,501,4
5464,679,77,77,509,4
5465,679,79,79,511,4
5466,679,83,83,515,4
5467,679,89,89,521,4
5468,679,153,153,585,4
5469,679,170,170,602,4
5470,679,18,18,666,5
5471,679,62,62,710,5
5472,679,88,88,736,5
5473,679,90,90,738,5
5474,679,111,111,759,5
5475,680,15,15,198,2
5476,680,98,98,281,2
5477,680,31,31,679,5
5478,680,33,33,681,5
5479,681,138,140,2250,11
5480,681,120,120,2488,12
5481,682,120,120,2488,12
5482,683,90,90,4951,20
5483,684,227,227,4054,18
5484,685,45,45,4416,21
5485,686,220,220,4047,18
5486,687,34,35,1162,7
5487,687,54,54,1182,7
5488,688,31,31,4120,19
5489,689,122,122,4493,21
5490,690,212,212,3542,16
5491,691,153,153,336,2
5492,691,194,194,1795,9
5493,692,256,256,4627,21
5494,693,273,273,4362,19
5495,694,204,204,2572,12
5496,695,218,218,4589,21
5497,696,165,165,1766,9
5498,697,94,94,1455,8
5499,697,113,113,1474,8
5500,697,143,144,1504,8
5501,697,149,149,1510,8
5502,697,161,161,1522,8
5503,697,164,164,1525,8
5504,697,166,167,1527,8
5505,697,176,179,1537,8
5506,697,182,182,1543,8
5507,697,186,186,1547,8
5508,697,192,192,1553,8
5509,697,213,213,1574,8
5510,697,226,231,1587,8
5511,697,7,7,1608,9
5512,697,10,10,1611,9
5513,697,12,12,1613,9
5514,697,14,20,1615,9
5515,697,22,28,1623,9
5516,697,31,33,1632,9
5517,697,35,36,1636,9
5518,697,38,38,1639,9
5519,697,40,42,1641,9
5520,697,48,48,1649,9
5521,697,52,54,1653,9
5522,697,56,56,1657,9
5523,697,60,65,1661,9
5524,697,67,71,1668,9
5525,697,73,74,1674,9
5526,697,76,76,1677,9
5527,697,79,80,1680,9
5528,697,87,89,1688,9
5529,697,94,96,1695,9
5530,697,98,98,1699,9
5531,697,108,110,1709,9
5532,697,112,115,1713,9
5533,697,121,121,1722,9
5534,697,123,123,1724,9
5535,697,130,130,1731,9
5536,697,132,132,1733,9
5537,697,140,140,1741,9
5538,697,143,143,1744,9
5539,697,146,148,1747,9
5540,697,157,158,1758,9
5541,697,160,161,1761,9
5542,697,164,164,1765,9
5543,697,166,166,1767,9
5544,697,171,171,1772,9
5545,697,177,178,1778,9
5546,697,181,183,1782,9
5547,697,185,186,1786,9
5548,697,191,192,1792,9
5549,697,201,201,1802,9
5550,697,205,206,1806,9
5551,697,235,236,1836,9
5552,697,238,241,1839,9
5553,697,246,247,1847,9
5554,697,10,10,1865,10
5555,697,16,16,1871,10
5556,697,23,23,1878,10
5557,697,25,25,1880,10
5558,697,28,28,1883,10
5559,697,35,35,1890,10
5560,697,37,37,1892,10
5561,697,46,46,1901,10
5562,697,48,48,1903,10
5563,697,52,52,1907,10
5564,697,55,55,1910,10
5565,697,60,61,1915,10
5566,697,65,65,1920,10
5567,697,72,72,1927,10
5568,697,77,78,1932,10
5569,697,80,81,1935,10
5570,697,86,86,1941,10
5571,697,96,96,1951,10
5572,697,101,101,1956,10
5573,697,111,111,1966,10
5574,697,113,114,1968,10
5575,697,121,124,1976,10
5576,697,127,127,1982,10
5577,697,135,135,1990,10
5578,697,150,150,2005,10
5579,697,153,153,2008,10
5580,697,168,169,2023,10
5581,697,171,171,2026,10
5582,697,186,186,2041,10
5583,697,196,196,2051,10
5584,697,200,200,2055,10
5585,697,205,205,2060,10
5586,697,209,209,2064,10
5587,697,225,225,2080,10
5588,697,230,230,2085,10
5589,697,233,233,2088,10
5590,697,239,241,2094,10
5591,697,244,247,2099,10
5592,697,254,254,2109,10
5593,697,17,17,2129,11
5594,697,22,22,2134,11
5595,697,25,27,2137,11
5596,697,30,35,2142,11
5597,697,39,41,2151,11
5598,697,51,51,2163,11
5599,697,53,53,2165,11
5600,697,58,59,2170,11
5601,697,61,68,2173,11
5602,697,70,77,2182,11
5603,697,79,79,2191,11
5604,697,82,84,2194,11
5605,697,86,95,2198,11
5606,697,97,99,2209,11
5607,697,101,104,2213,11
5608,697,108,108,2220,11
5609,697,110,113,2222,11
5610,697,116,117,2228,11
5611,697,119,119,2231,11
5612,697,122,122,2234,11
5613,697,125,125,2237,11
5614,697,127,127,2239,11
5615,697,142,144,2254,11
5616,697,146,147,2258,11
5617,697,152,153,2264,11
5618,697,157,157,2269,11
5619,697,160,160,2272,11
5620,697,162,165,2274,11
5621,697,170,171,2282,11
5622,697,173,175,2285,11
5623,697,179,180,2291,11
5624,697,186,188,2298,11
5625,697,190,190,2302,11
5626,697,196,196,2308,11
5627,697,198,199,2310,11
5628,697,6,6,2374,12
5629,697,9,13,2377,12
5630,697,17,18,2385,12
5631,697,21,22,2389,12
5632,697,26,26,2394,12
5633,697,35,38,2403,12
5634,697,41,42,2409,12
5635,697,44,44,2412,12
5636,697,46,51,2414,12
5637,697,57,57,2425,12
5638,697,59,59,2427,12
5639,697,63,65,2431,12
5640,697,67,67,2435,12
5641,697,69,69,2437,12
5642,697,71,72,2439,12
5643,697,75,75,2443,12
5644,697,77,77,2445,12
5645,697,79,80,2447,12
5646,697,82,83,2450,12
5647,697,85,85,2453,12
5648,697,89,89,2457,12
5649,697,92,92,2460,12
5650,697,95,97,2463,12
5651,697,101,103,2469,12
5652,697,107,109,2475,12
5653,697,111,111,2479,12
5654,697,114,116,2482,12
5655,697,118,118,2486,12
5656,697,121,121,2489,12
5657,697,124,124,2492,12
5658,697,126,130,2494,12
5659,697,134,134,2502,12
5660,697,136,143,2504,12
5661,697,146,147,2514,12
5662,697,155,157,2523,12
5663,697,161,162,2529,12
5664,697,165,165,2533,12
5665,697,167,169,2535,12
5666,697,171,171,2539,12
5667,697,185,186,2553,12
5668,697,189,190,2557,12
5669,697,192,193,2560,12
5670,697,196,198,2564,12
5671,697,200,200,2568,12
5672,697,204,204,2572,12
5673,697,206,208,2574,12
5674,697,210,210,2578,12
5675,697,218,224,2586,12
5676,697,226,228,2594,12
5677,697,230,236,2598,12
5678,697,5,5,2617,13
5679,697,7,7,2619,13
5680,697,9,10,2621,13
5681,697,13,13,2625,13
5682,697,19,20,2631,13
5683,697,22,22,2634,13
5684,697,25,38,2637,13
5685,697,41,43,2653,13
5686,697,45,47,2657,13
5687,697,51,51,2663,13
5688,697,58,59,2670,13
5689,697,71,71,2683,13
5690,697,74,74,2686,13
5691,697,88,89,2700,13
5692,697,175,175,2787,13
5693,697,180,180,2792,13
5694,697,183,183,2795,13
5695,697,196,196,2808,13
5696,697,199,199,2811,13
5697,697,236,236,2848,13
5698,697,238,239,2850,13
5699,697,16,16,2875,14
5700,697,26,27,2885,14
5701,697,34,34,2893,14
5702,697,58,58,2917,14
5703,697,98,98,2957,14
5704,697,101,102,2960,14
5705,697,150,150,3009,14
5706,697,152,153,3011,14
5707,697,44,44,3146,15
5708,697,118,118,3220,15
5709,697,136,136,3238,15
5710,697,161,161,3263,15
5711,697,13,13,3341,16
5712,697,27,27,3355,16
5713,697,37,37,3367,16
5714,697,39,50,3369,16
5715,697,52,54,3382,16
5716,697,58,61,3388,16
5717,697,66,66,3396,16
5718,697,69,73,3399,16
5719,697,75,75,3405,16
5720,697,79,80,3409,16
5721,697,82,82,3412,16
5722,697,89,91,3419,16
5723,697,97,97,3427,16
5724,697,101,101,3431,16
5725,697,103,106,3433,16
5726,697,113,113,3443,16
5727,697,115,115,3445,16
5728,697,118,118,3448,16
5729,697,121,121,3451,16
5730,697,124,124,3454,16
5731,697,126,129,3456,16
5732,697,132,132,3462,16
5733,697,136,136,3466,16
5734,697,138,140,3468,16
5735,697,144,144,3474,16
5736,697,146,148,3476,16
5737,697,150,150,3480,16
5738,697,152,153,3482,16
5739,697,157,157,3487,16
5740,697,162,166,3492,16
5741,697,168,168,3498,16
5742,697,170,171,3500,16
5743,697,173,175,3503,16
5744,697,177,177,3507,16
5745,697,184,185,3514,16
5746,697,189,191,3519,16
5747,697,193,193,3523,16
5748,697,195,195,3525,16
5749,697,198,198,3528,16
5750,697,202,203,3532,16
5751,697,206,207,3536,16
5752,697,211,211,3541,16
5753,697,215,215,3545,16
5754,697,219,219,3549,16
5755,697,224,224,3554,16
5756,697,233,233,3563,16
5757,697,244,245,3574,16
5758,697,11,11,3591,17
5759,697,13,13,3593,17
5760,697,16,16,3596,17
5761,697,23,24,3603,17
5762,697,29,29,3609,17
5763,697,33,33,3613,17
5764,697,35,35,3615,17
5765,697,40,42,3620,17
5766,697,63,66,3643,17
5767,697,74,76,3654,17
5768,697,78,78,3658,17
5769,697,160,160,3740,17
5770,697,171,171,3751,17
5771,697,174,174,3754,17
5772,697,176,176,3756,17
5773,697,197,203,3777,17
5774,697,206,207,3786,17
5775,697,211,211,3791,17
5776,697,216,217,3796,17
5777,697,219,219,3799,17
5778,697,221,223,3801,17
5779,697,228,228,3808,17
5780,697,230,230,3810,17
5781,697,8,8,3835,18
5782,697,10,12,3837,18
5783,697,14,15,3841,18
5784,697,18,21,3845,18
5785,697,24,26,3851,18
5786,697,29,29,3856,18
5787,697,33,33,3860,18
5788,697,35,38,3862,18
5789,697,41,41,3868,18
5790,697,47,47,3874,18
5791,697,51,52,3878,18
5792,697,55,55,3882,18
5793,697,59,59,3886,18
5794,697,62,67,3889,18
5795,697,69,71,3896,18
5796,697,73,73,3900,18
5797,697,75,80,3902,18
5798,697,84,85,3911,18
5799,697,87,89,3914,18
5800,697,91,92,3918,18
5801,697,96,97,3923,18
5802,697,100,100,3927,18
5803,697,103,111,3930,18
5804,697,115,115,3942,18
5805,697,119,119,3946,18
5806,697,121,121,3948,18
5807,697,123,123,3950,18
5808,697,150,150,3977,18
5809,697,158,161,3985,18
5810,697,163,164,3990,18
5811,697,166,168,3993,18
5812,697,171,171,3998,18
5813,697,176,178,4003,18
5814,697,180,180,4007,18
5815,697,201,201,4028,18
5816,697,204,204,4031,18
5817,697,207,207,4034,18
5818,697,212,212,4039,18
5819,697,219,219,4046,18
5820,697,225,225,4052,18
5821,697,228,229,4055,18
5822,697,233,233,4060,18
5823,697,235,235,4062,18
5824,697,237,240,4064,18
5825,697,243,243,4070,18
5826,697,245,245,4072,18
5827,697,249,250,4076,18
5828,697,261,261,4088,18
5829,697,6,6,4095,19
5830,697,11,11,4100,19
5831,697,13,13,4102,19
5832,697,15,17,4104,19
5833,697,20,20,4109,19
5834,697,51,52,4912,20
5835,697,108,108,4969,20
5836,697,135,135,4996,20
5837,697,167,168,5028,20
5838,697,173,173,5034,20
5839,697,183,183,5044,20
5840,697,12,14,4383,21
5841,697,17,21,4388,21
5842,697,31,31,4402,21
5843,697,52,52,4423,21
5844,697,55,56,4426,21
5845,697,63,63,4434,21
5846,697,74,75,4445,21
5847,697,193,194,4564,21
5848,697,155,156,4792,22
5849,697,163,168,4800,22
5850,697,182,182,4819,22
5851,697,184,184,4821,22
5852,698,254,254,2109,10
5853,699,204,204,2572,12
5854,700,162,162,1763,9
5855,700,121,121,2733,13
5856,701,40,40,4129,19
5857,702,188,188,3047,14
5858,702,199,199,3058,14
5859,702,68,68,3170,15
5860,702,125,125,3227,15
5861,703,75,75,1676,9
5862,704,22,22,3350,16
5863,704,53,53,3880,18
5864,705,104,104,1232,7
5865,706,244,244,3824,17
5866,706,279,279,4368,19
5867,707,45,45,4134,19
5868,708,30,33,678,5
5869,709,180,181,2292,11
5870,710,157,157,3737,17
5871,711,157,157,3737,17
5872,712,221,221,4592,21
5873,712,51,51,4688,22
5874,713,107,107,1962,10
5875,713,221,221,2076,10
5876,714,99,99,3429,16
5877,715,74,74,964,6
5878,715,77,77,967,6
5879,715,101,101,991,6
5880,715,112,114,1002,6
5881,715,194,195,3774,17
5882,716,98,99,2710,13
5883,717,121,121,4982,20
5884,718,78,78,968,6
5885,718,98,98,988,6
5886,719,158,158,5019,20
5887,719,33,33,4404,21
5888,720,242,242,4069,18
5889,721,91,91,2950,14
5890,721,36,39,3863,18
5891,721,92,92,3919,18
5892,721,126,127,3953,18
5893,721,131,131,3958,18
5894,722,121,121,4758,22
5895,723,45,45,44,1
5896,723,137,137,2996,14
5897,723,154,154,3013,14
5898,723,154,155,3484,16
5899,723,73,73,4444,21
5900,724,70,70,4441,21
5901,725,220,220,3800,17
5902,726,184,184,3043,14
5903,726,192,192,3051,14
5904,726,199,201,3058,14
5905,726,6,6,3108,15
5906,726,9,11,3111,15
5907,726,18,22,3120,15
5908,726,25,29,3127,15
5909,726,36,36,3138,15
5910,726,41,41,3143,15
5911,726,45,47,3147,15
5912,726,49,49,3151,15
5913,726,52,52,3154,15
5914,726,54,54,3156,15
5915,726,61,61,3163,15
5916,726,63,63,3165,15
5917,726,69,69,3171,15
5918,726,71,71,3173,15
5919,726,76,79,3178,15
5920,726,85,89,3187,15
5921,726,93,93,3195,15
5922,726,98,99,3200,15
5923,726,104,104,3206,15
5924,726,114,114,3216,15
5925,726,119,120,3221,15
5926,726,122,122,3224,15
5927,726,128,128,3230,15
5928,726,130,130,3232,15
5929,726,133,133,3235,15
5930,726,139,141,3241,15
5931,726,143,143,3245,15
5932,726,146,146,3248,15
5933,726,151,152,3253,15
5934,726,154,154,3256,15
5935,726,156,156,3258,15
5936,726,159,159,3261,15
5937,726,163,166,3265,15
5938,726,168,168,3270,15
5939,726,171,172,3273,15
5940,726,193,193,3295,15
5941,726,22,22,3350,16
5942,726,105,105,3435,16
5943,726,239,239,3569,16
5944,726,5,5,3585,17
5945,726,67,68,3894,18
5946,726,72,73,4161,19
5947,727,12,12,2624,13
5948,727,148,148,5009,20
5949,728,65,66,497,4
5950,729,123,123,2735,13
5951,729,170,170,2782,13
5952,730,34,35,1635,9
5953,731,137,137,1738,9
5954,732,34,35,1635,9
5955,732,238,238,1839,9
5956,732,28,28,1883,10
5957,732,208,208,2063,10
5958,733,162,162,594,4
5959,734,82,82,3412,16
5960,735,33,33,465,4
5961,735,38,38,470,4
5962,735,45,45,477,4
5963,735,50,50,482,4
5964,735,67,67,499,4
5965,735,77,77,509,4
5966,735,83,84,515,4
5967,735,89,89,521,4
5968,735,95,95,527,4
5969,735,60,60,708,5
5970,735,67,67,715,5
5971,735,95,95,743,5
5972,735,108,108,756,5
5973,735,150,150,798,5
5974,735,179,179,827,5
5975,735,185,185,833,5
5976,735,191,191,839,5
5977,735,197,197,845,5
5978,735,225,225,873,5
5979,735,215,215,1105,6
5980,735,220,220,1348,7
5981,735,187,187,3289,15
5982,736,65,66,4154,19
5983,737,242,242,4069,18
5984,738,158,159,4247,19
5985,739,257,257,4628,21
5986,740,56,56,55,1
5987,741,26,26,25,1
5988,741,47,47,46,1
5989,741,51,51,50,1
5990,741,56,56,55,1
5991,742,198,198,3528,16
5992,743,262,262,4633,21
5993,744,113,113,3443,16
5994,744,163,163,3493,16
5995,744,198,198,3528,16
5996,745,256,256,4345,19
5997,746,128,129,4765,22
5998,746,139,139,4776,22
5999,747,129,129,4766,22
6000,748,54,54,944,6
6001,749,44,44,2903,14
6002,749,47,47,2906,14
6003,749,51,51,2910,14
6004,750,236,236,3095,14
6005,751,109,109,4970,20
6006,751,124,124,4985,20
6007,751,190,190,5051,20
6008,751,217,217,4854,22
6009,752,108,108,1236,7
6010,752,155,155,1756,9
6011,753,149,149,148,1
6012,753,164,164,163,1
6013,753,109,109,292,2
6014,753,163,163,346,2
6015,753,54,54,431,3
6016,753,51,51,2910,14
6017,753,64,64,3891,18
6018,753,281,281,4370,19
6019,754,177,177,3036,14
6020,754,20,20,3122,15
6021,754,34,34,3136,15
6022,754,46,46,3148,15
6023,754,60,60,3162,15
6024,754,155,155,3257,15
6025,755,51,51,2910,14
6026,755,235,235,3815,17
6027,755,11,11,3838,18
6028,756,13,13,1141,7
6029,756,155,155,1756,9
6030,757,80,80,3660,17
6031,757,110,110,4199,19
6032,757,138,138,4227,19
6033,757,159,159,4248,19
6034,757,162,162,4251,19
6035,757,197,198,4286,19
6036,757,206,206,4295,19
6037,757,210,210,4299,19
6038,757,212,212,4301,19
6039,758,180,180,1308,7
6040,759,52,52,51,1
6041,760,10,21,900,6
6042,760,45,53,1406,8
6043,761,29,29,1630,9
6044,762,104,104,103,1
6045,762,121,121,120,1
6046,763,163,164,1053,6
6047,764,116,116,1244,7
6048,764,119,120,1247,7
6049,764,126,126,1254,7
6050,765,213,213,4584,21
6051,766,207,207,4578,21
6052,767,29,30,28,1
6053,767,131,131,130,1
6054,767,157,157,156,1
6055,767,175,176,823,5
6056,767,6,6,1134,7
6057,767,98,98,1226,7
6058,767,86,86,3666,17
6059,767,64,64,3891,18
6060,768,136,136,2995,14
6061,769,120,120,2232,11
6062,769,137,137,2249,11
6063,769,121,121,2980,14
6064,769,139,139,2998,14
6065,769,154,154,3013,14
6066,769,157,157,3016,14
6067,769,183,183,3042,14
6068,769,31,31,3133,15
6069,769,129,129,3231,15
6070,769,8,8,3336,16
6071,769,13,13,3341,16
6072,769,66,66,3396,16
6073,769,145,145,3475,16
6074,769,268,268,4357,19
6075,770,65,65,64,1
6076,771,225,225,2080,10
6077,772,244,244,3824,17
6078,773,253,253,1854,9
6079,774,114,114,762,5
6080,775,245,245,1846,9
6081,776,125,125,3952,18
6082,776,164,164,3991,18
6083,776,166,166,3993,18
6084,777,119,119,4980,20
6085,778,248,250,4337,19
6086,779,122,122,4759,22
6087,780,49,49,2908,14
6088,780,281,281,4370,19
6089,781,105,105,1960,10
6090,781,231,231,2086,10
6091,782,104,104,1232,7
6092,783,114,114,113,1
6093,783,117,117,116,1
6094,783,122,122,121,1
6095,783,124,125,123,1
6096,783,137,137,136,1
6097,783,140,140,139,1
6098,783,155,155,154,1
6099,783,166,166,165,1
6100,783,23,23,206,2
6101,783,26,26,209,2
6102,783,33,34,216,2
6103,783,36,36,219,2
6104,783,39,39,222,2
6105,783,46,46,229,2
6106,783,53,53,236,2
6107,783,68,68,251,2
6108,783,93,95,276,2
6109,783,99,99,282,2
6110,783,103,103,286,2
6111,783,113,113,296,2
6112,783,149,149,332,2
6113,783,2,2,379,3
6114,783,48,48,425,3
6115,783,7,7,439,4
6116,783,10,10,442,4
6117,783,26,26,458,4
6118,783,34,34,466,4
6119,783,55,55,487,4
6120,783,70,75,502,4
6121,783,92,92,524,4
6122,783,38,38,686,5
6123,783,40,40,688,5
6124,783,51,51,699,5
6125,783,54,54,702,5
6126,783,57,57,705,5
6127,783,60,60,708,5
6128,783,65,65,713,5
6129,783,68,68,716,5
6130,783,75,77,723,5
6131,783,81,81,729,5
6132,783,98,98,746,5
6133,783,173,173,821,5
6134,783,217,217,865,5
6135,783,29,30,919,6
6136,783,228,228,1118,6
6137,783,207,207,1335,7
6138,783,146,147,1507,8
6139,783,152,152,1513,8
6140,783,159,159,1520,8
6141,783,104,106,1705,9
6142,783,120,122,1721,9
6143,783,69,69,1924,10
6144,783,101,101,1956,10
6145,783,111,111,1966,10
6146,783,111,111,2223,11
6147,783,6,6,2374,12
6148,783,224,224,2836,13
6149,783,66,66,3396,16
6150,783,90,90,3420,16
6151,783,219,219,3799,17
6152,783,122,122,3949,18
6153,783,149,149,3976,18
6154,784,149,149,3976,18
6155,785,24,24,3126,15
6156,785,169,169,3271,15
6157,785,200,200,4027,18
6158,786,69,69,501,4
6159,786,85,85,517,4
6160,786,89,89,521,4
6161,786,91,91,523,4
6162,786,96,98,528,4
6163,786,104,104,536,4
6164,786,109,109,541,4
6165,786,119,119,551,4
6166,786,129,129,561,4
6167,786,136,136,568,4
6168,786,145,145,577,4
6169,786,161,161,593,4
6170,786,76,76,724,5
6171,786,191,191,839,5
6172,786,141,141,1269,7
6173,786,204,204,3534,16
6174,787,125,125,308,2
6175,787,72,73,504,4
6176,788,74,74,506,4
6177,789,183,183,3042,14
6178,789,191,191,3050,14
6179,789,6,6,3108,15
6180,789,36,36,3138,15
6181,789,48,48,3150,15
6182,789,55,56,3157,15
6183,789,62,62,3164,15
6184,789,69,69,3171,15
6185,789,71,71,3173,15
6186,789,89,89,3191,15
6187,789,193,193,3295,15
6188,789,241,241,3571,16
6189,789,211,211,4038,18
6190,790,12,12,3114,15
6191,791,178,178,3037,14
6192,791,190,190,3049,14
6193,791,203,203,3062,14
6194,791,205,206,3064,14
6195,791,8,8,3110,15
6196,791,75,75,3177,15
6197,791,194,194,3296,15
6198,791,196,196,3298,15
6199,791,198,198,3300,15
6200,791,20,21,3348,16
6201,792,196,196,3055,14
6202,792,26,26,3128,15
6203,792,48,49,3150,15
6204,792,51,53,3153,15
6205,792,55,56,3157,15
6206,792,62,62,3164,15
6207,792,85,85,3187,15
6208,792,117,117,3219,15
6209,792,124,124,3226,15
6210,792,137,137,3239,15
6211,792,139,139,3241,15
6212,792,180,180,3282,15
6213,792,93,93,4954,20
6214,793,110,111,3440,16
6215,794,78,78,4449,21
6216,795,111,111,3441,16
6217,796,88,88,87,1
6218,797,6,6,5,1
6219,797,102,102,101,1
6220,797,125,126,124,1
6221,798,12,12,1140,7
6222,799,104,104,1232,7
6223,800,260,260,4631,21
6224,801,77,77,4448,21
6225,802,77,77,4448,21
6226,802,93,93,4464,21
6227,803,78,78,4449,21
6228,803,93,93,4464,21
6229,803,108,108,4479,21
6230,803,113,113,4484,21
6231,803,171,171,4542,21
6232,803,22,23,4659,22
6233,804,211,211,4582,21
6234,805,76,76,3406,16
6235,805,157,157,3487,16
6236,806,61,61,60,1
6237,806,81,81,1682,9
6238,806,83,83,1684,9
6239,806,50,51,1905,10
6240,806,54,55,1909,10
6241,806,196,196,2564,12
6242,807,67,67,66,1
6243,807,104,105,103,1
6244,807,114,114,297,2
6245,807,63,63,495,4
6246,807,205,205,637,4
6247,807,34,35,682,5
6248,807,94,94,742,5
6249,807,122,122,770,5
6250,807,175,176,823,5
6251,807,229,229,877,5
6252,807,21,22,911,6
6253,807,32,32,922,6
6254,807,74,76,964,6
6255,807,81,81,971,6
6256,807,61,62,1422,8
6257,807,74,74,1435,8
6258,807,78,79,1439,8
6259,807,109,109,1470,8
6260,807,115,115,1476,8
6261,807,127,128,1488,8
6262,807,144,146,1505,8
6263,807,186,186,1547,8
6264,807,34,34,1635,9
6265,807,61,61,1662,9
6266,807,64,64,1665,9
6267,807,69,71,1670,9
6268,807,76,77,1677,9
6269,807,84,85,1685,9
6270,807,94,94,1695,9
6271,807,110,110,1711,9
6272,807,127,127,1728,9
6273,807,171,171,1772,9
6274,807,29,31,1884,10
6275,807,58,59,1913,10
6276,807,89,89,1944,10
6277,807,134,134,1989,10
6278,807,158,158,2013,10
6279,807,184,184,2039,10
6280,807,202,202,2057,10
6281,807,42,44,2154,11
6282,807,214,214,2326,11
6283,807,18,18,2386,12
6284,807,177,177,2545,12
6285,807,181,181,2549,12
6286,807,202,202,2570,12
6287,807,62,66,2674,13
6288,807,184,184,2796,13
6289,807,239,239,2851,13
6290,807,162,162,3021,14
6291,807,200,200,3059,14
6292,807,165,166,3267,15
6293,807,168,168,3270,15
6294,807,28,29,3356,16
6295,807,81,81,3411,16
6296,807,123,124,3453,16
6297,807,142,144,3472,16
6298,807,47,47,3627,17
6299,807,81,81,3661,17
6300,807,101,101,3681,17
6301,807,124,124,3704,17
6302,807,129,129,3709,17
6303,807,146,148,3726,17
6304,807,151,151,3731,17
6305,807,90,90,3917,18
6306,807,98,98,3925,18
6307,807,116,116,3943,18
6308,807,168,168,3995,18
6309,807,195,195,4022,18
6310,807,52,52,4141,19
6311,807,135,135,4224,19
6312,807,95,95,4956,20
6313,807,97,97,4958,20
6314,807,101,101,4962,20
6315,807,105,105,4966,20
6316,807,144,145,5005,20
6317,807,157,157,5018,20
6318,807,22,23,4393,21
6319,807,28,28,4399,21
6320,807,41,41,4412,21
6321,807,119,119,4490,21
6322,807,225,225,4596,21
6323,807,53,54,4690,22
6324,808,9,12,8,1
6325,808,14,15,13,1
6326,808,21,21,20,1
6327,808,45,45,44,1
6328,808,47,47,46,1
6329,808,49,49,48,1
6330,808,143,143,142,1
6331,808,119,119,1480,8
6332,809,205,205,2317,11
6333,810,19,19,4108,19
6334,811,225,225,4052,18
6335,812,83,84,3185,15
6336,813,43,43,226,2
6337,813,50,51,233,2
6338,813,53,53,236,2
6339,813,56,56,239,2
6340,813,58,58,241,2
6341,813,185,185,1075,6
6342,813,144,144,1505,8
6343,814,122,122,4493,21
6344,815,122,122,4493,21
6345,816,16,16,1144,7
6346,816,37,38,1165,7
6347,817,34,34,1162,7
6348,817,37,39,1165,7
6349,817,45,45,1173,7
6350,817,62,62,1190,7
6351,817,9,9,1610,9
6352,817,39,40,2151,11
6353,817,84,85,2196,11
6354,817,113,113,2225,11
6355,817,141,141,2253,11
6356,817,102,103,2714,13
6357,818,38,38,1166,7
6358,818,66,66,1667,9
6359,819,52,52,51,1
6360,820,104,104,1232,7
6361,821,215,215,3795,17
6362,822,69,70,4930,20
6363,823,67,69,66,1
6364,823,92,92,91,1
6365,823,21,21,204,2
6366,823,25,25,208,2
6367,823,27,29,210,2
6368,823,49,50,426,3
6369,823,113,113,761,5
6370,823,228,229,1118,6
6371,823,187,188,1315,7
6372,823,121,122,1482,8
6373,823,41,41,1642,9
6374,823,59,61,1914,10
6375,823,254,254,2109,10
6376,823,187,188,2299,11
6377,823,190,195,2302,11
6378,823,200,215,2312,11
6379,823,255,255,2367,11
6380,823,124,124,2983,14
6381,823,184,185,3043,14
6382,823,216,230,3075,14
6383,823,232,233,3091,14
6384,823,22,24,3124,15
6385,823,31,32,3133,15
6386,823,79,79,3181,15
6387,823,192,192,3294,15
6388,823,110,110,3937,18
6389,823,113,113,3940,18
6390,823,115,117,3942,18
6391,823,135,140,3962,18
6392,823,142,147,3969,18
6393,823,133,134,4504,21
6394,823,136,136,4507,21
6395,823,210,210,4581,21
6396,824,25,25,208,2
6397,824,28,28,211,2
6398,825,67,67,66,1
6399,826,114,114,3444,16
6400,827,193,194,1794,9
6401,827,237,237,1838,9
6402,828,160,161,1050,6
6403,829,123,123,122,1
6404,829,132,132,131,1
6405,829,172,172,171,1
6406,829,55,57,238,2
6407,829,78,78,261,2
6408,829,139,139,322,2
6409,829,14,14,1142,7
6410,829,22,22,1150,7
6411,829,38,38,1166,7
6412,829,72,72,1200,7
6413,829,89,91,1217,7
6414,829,87,87,3189,15
6415,829,167,167,3269,15
6416,829,202,202,3304,15
6417,829,204,204,3306,15
6418,829,225,225,3327,15
6419,829,31,31,4120,19
6420,829,49,49,4138,19
6421,829,52,52,4141,19
6422,829,135,135,4506,21
6423,829,217,217,4854,22
6424,830,87,87,4948,20
6425,831,210,210,1571,8
6426,831,193,193,1794,9
6427,831,237,237,1838,9
6428,832,78,78,1439,8
6429,832,127,127,1488,8
6430,832,160,160,1521,8
6431,832,171,173,1532,8
6432,832,176,177,1537,8
6433,832,179,180,1540,8
6434,832,183,183,1544,8
6435,832,188,188,1549,8
6436,832,196,196,1557,8
6437,832,207,207,1568,8
6438,832,209,211,1570,8
6439,832,214,214,1575,8
6440,832,10,10,1611,9
6441,832,31,32,1632,9
6442,832,41,41,1642,9
6443,832,47,47,1648,9
6444,832,49,49,1650,9
6445,832,99,99,1700,9
6446,832,120,121,1721,9
6447,832,131,131,1732,9
6448,832,139,139,1740,9
6449,832,141,141,1742,9
6450,832,150,150,1751,9
6451,832,170,171,1771,9
6452,832,183,183,1784,9
6453,832,190,190,1791,9
6454,832,192,195,1793,9
6455,832,236,239,1837,9
6456,832,26,28,1881,10
6457,832,30,30,1885,10
6458,832,73,73,1928,10
6459,832,91,91,1946,10
6460,832,134,134,1989,10
6461,832,159,159,2014,10
6462,832,188,188,2043,10
6463,832,58,58,2170,11
6464,832,88,88,2200,11
6465,832,65,66,2433,12
6466,832,224,224,2836,13
6467,832,82,82,3909,18
6468,832,93,93,3920,18
6469,832,23,23,4112,19
6470,833,121,121,1482,8
6471,834,98,98,3200,15
6472,835,194,195,1084,6
6473,836,169,169,1059,6
6474,836,41,42,1402,8
6475,837,47,47,2906,14
6476,838,190,190,4827,22
6477,839,76,76,1677,9
6478,839,25,25,2393,12
6479,839,160,161,3019,14
6480,839,192,192,3051,14
6481,839,194,194,3053,14
6482,839,196,196,3055,14
6483,839,43,43,3145,15
6484,839,48,49,3150,15
6485,839,53,55,3155,15
6486,839,60,60,3162,15
6487,839,66,66,3168,15
6488,839,83,83,3185,15
6489,839,89,89,3191,15
6490,839,96,97,3198,15
6491,839,103,103,3205,15
6492,839,115,115,3217,15
6493,839,122,123,3224,15
6494,839,137,137,3239,15
6495,839,139,139,3241,15
6496,839,155,155,3257,15
6497,839,157,157,3259,15
6498,839,173,173,3275,15
6499,839,180,180,3282,15
6500,839,187,187,3289,15
6501,839,204,204,3306,15
6502,839,218,218,3320,15
6503,839,12,12,3340,16
6504,839,82,85,3412,16
6505,839,88,88,3418,16
6506,839,98,98,3428,16
6507,839,100,100,3430,16
6508,839,102,106,3432,16
6509,839,108,110,3438,16
6510,839,113,121,3443,16
6511,839,124,124,3454,16
6512,839,126,129,3456,16
6513,839,131,132,3461,16
6514,839,135,140,3465,16
6515,839,144,150,3474,16
6516,839,153,153,3483,16
6517,839,158,158,3488,16
6518,839,163,165,3493,16
6519,839,168,168,3498,16
6520,839,171,173,3501,16
6521,839,175,177,3505,16
6522,839,182,183,3512,16
6523,839,192,195,3522,16
6524,839,198,199,3528,16
6525,839,201,202,3531,16
6526,839,205,206,3535,16
6527,839,212,213,3542,16
6528,839,215,215,3545,16
6529,839,221,225,3551,16
6530,839,233,233,3563,16
6531,839,237,238,3567,16
6532,839,240,242,3570,16
6533,839,247,247,3577,16
6534,839,5,6,3585,17
6535,839,8,10,3588,17
6536,839,16,16,3596,17
6537,839,20,20,3600,17
6538,839,25,25,3605,17
6539,839,31,32,3611,17
6540,839,60,60,3640,17
6541,839,65,65,3645,17
6542,839,77,77,3657,17
6543,839,88,90,3668,17
6544,839,92,92,3672,17
6545,839,100,100,3680,17
6546,839,105,105,3685,17
6547,839,136,139,3716,17
6548,839,143,143,3723,17
6549,839,162,163,3742,17
6550,839,171,171,3751,17
6551,839,174,177,3754,17
6552,839,203,205,3783,17
6553,839,211,211,3791,17
6554,839,213,213,3793,17
6555,839,219,220,3799,17
6556,839,222,226,3802,17
6557,839,229,229,3809,17
6558,839,231,231,3811,17
6559,839,235,236,3815,17
6560,839,238,238,3818,17
6561,839,244,246,3824,17
6562,839,11,11,3838,18
6563,839,13,13,3840,18
6564,839,17,17,3844,18
6565,839,20,21,3847,18
6566,839,25,27,3852,18
6567,839,31,31,3858,18
6568,839,36,36,3863,18
6569,839,42,43,3869,18
6570,839,48,48,3875,18
6571,839,52,53,3879,18
6572,839,55,56,3882,18
6573,839,64,65,3891,18
6574,839,67,69,3894,18
6575,839,72,72,3899,18
6576,839,75,75,3902,18
6577,839,78,78,3905,18
6578,839,81,82,3908,18
6579,839,86,87,3913,18
6580,839,91,92,3918,18
6581,839,95,100,3922,18
6582,839,102,102,3929,18
6583,839,104,106,3931,18
6584,839,112,113,3939,18
6585,839,116,119,3943,18
6586,839,121,121,3948,18
6587,839,123,124,3950,18
6588,839,136,136,3963,18
6589,839,140,142,3967,18
6590,839,148,148,3975,18
6591,839,169,170,3996,18
6592,839,179,181,4006,18
6593,839,195,196,4022,18
6594,839,201,202,4028,18
6595,839,205,205,4032,18
6596,839,207,207,4034,18
6597,839,210,212,4037,18
6598,839,217,217,4044,18
6599,839,219,219,4046,18
6600,839,222,228,4049,18
6601,839,232,233,4059,18
6602,839,235,235,4062,18
6603,839,241,245,4068,18
6604,839,248,248,4075,18
6605,839,250,250,4077,18
6606,839,257,259,4084,18
6607,839,5,8,4094,19
6608,839,11,13,4100,19
6609,839,15,17,4104,19
6610,839,22,24,4111,19
6611,839,27,34,4116,19
6612,839,36,45,4125,19
6613,839,47,48,4136,19
6614,839,50,54,4139,19
6615,839,56,140,4145,19
6616,839,142,143,4231,19
6617,839,145,145,4234,19
6618,839,147,190,4236,19
6619,839,192,250,4281,19
6620,839,252,258,4341,19
6621,839,261,263,4350,19
6622,839,267,269,4356,19
6623,839,273,276,4362,19
6624,839,279,279,4368,19
6625,839,4,4,4865,20
6626,839,6,32,4867,20
6627,839,34,48,4895,20
6628,839,50,51,4911,20
6629,839,53,53,4914,20
6630,839,55,55,4916,20
6631,839,57,60,4918,20
6632,839,63,63,4924,20
6633,839,65,115,4926,20
6634,839,117,132,4978,20
6635,839,134,147,4995,20
6636,839,149,166,5010,20
6637,839,169,173,5030,20
6638,839,177,179,5038,20
6639,839,181,181,5042,20
6640,839,183,184,5044,20
6641,839,188,188,5049,20
6642,839,193,193,5054,20
6643,839,5,8,4376,21
6644,839,11,12,4382,21
6645,839,14,14,4385,21
6646,839,20,21,4391,21
6647,839,23,26,4394,21
6648,839,28,34,4399,21
6649,839,36,39,4407,21
6650,839,43,43,4414,21
6651,839,47,50,4418,21
6652,839,56,56,4427,21
6653,839,59,60,4430,21
6654,839,62,62,4433,21
6655,839,67,67,4438,21
6656,839,70,71,4441,21
6657,839,74,74,4445,21
6658,839,78,84,4449,21
6659,839,86,117,4457,21
6660,839,119,129,4490,21
6661,839,132,139,4503,21
6662,839,141,193,4512,21
6663,839,198,209,4569,21
6664,839,211,211,4582,21
6665,839,213,217,4584,21
6666,839,219,242,4590,21
6667,839,247,247,4618,21
6668,839,251,253,4622,21
6669,839,255,255,4626,21
6670,839,257,257,4628,21
6671,839,259,259,4630,21
6672,839,261,262,4632,21
6673,839,264,265,4635,21
6674,839,5,14,4642,22
6675,839,17,156,4654,22
6676,839,158,163,4795,22
6677,839,172,178,4809,22
6678,839,181,182,4818,22
6679,839,185,185,4822,22
6680,839,188,188,4825,22
6681,839,220,222,4857,22
6682,840,92,92,2460,12
6683,841,96,96,95,1
6684,842,54,54,4915,20
6685,843,49,49,3379,16
6686,843,52,52,3382,16
6687,844,35,35,1636,9
6688,844,42,43,1643,9
6689,844,53,53,1654,9
6690,844,62,63,1663,9
6691,844,68,69,1669,9
6692,844,80,80,1681,9
6693,844,99,99,1700,9
6694,844,158,158,1759,9
6695,844,191,191,1792,9
6696,844,195,196,1796,9
6697,844,204,204,1805,9
6698,844,236,236,1837,9
6699,844,14,18,1869,10
6700,844,66,66,1921,10
6701,844,82,82,1937,10
6702,844,103,103,1958,10
6703,844,108,108,1963,10
6704,844,110,110,1965,10
6705,844,112,114,1967,10
6706,844,146,149,2001,10
6707,844,168,168,2023,10
6708,844,172,172,2027,10
6709,844,213,214,2068,10
6710,844,244,244,2099,10
6711,844,10,10,2122,11
6712,844,32,32,2144,11
6713,844,84,84,2196,11
6714,844,89,89,2201,11
6715,844,160,162,2272,11
6716,844,186,186,2298,11
6717,844,12,14,2380,12
6718,844,18,18,2386,12
6719,844,22,22,2390,12
6720,844,62,62,2430,12
6721,844,139,140,2507,12
6722,844,145,145,2513,12
6723,844,156,156,2524,12
6724,844,169,169,2537,12
6725,844,192,192,2560,12
6726,844,215,215,2583,12
6727,844,225,225,2593,12
6728,844,81,81,2693,13
6729,844,83,83,2695,13
6730,844,114,114,2726,13
6731,844,119,120,2731,13
6732,844,177,177,2789,13
6733,844,199,199,2811,13
6734,844,206,206,2818,13
6735,844,238,238,2850,13
6736,844,17,17,2876,14
6737,844,102,102,2961,14
6738,844,8,8,3336,16
6739,844,34,34,3364,16
6740,844,52,52,3382,16
6741,844,99,99,3429,16
6742,844,117,118,3447,16
6743,844,143,143,3473,16
6744,844,157,157,3487,16
6745,844,160,160,3490,16
6746,844,227,228,3807,17
6747,844,33,33,4122,19
6748,845,148,148,2003,10
6749,845,160,162,2272,11
6750,845,175,175,2287,11
6751,845,13,14,2381,12
6752,845,18,18,2386,12
6753,845,140,140,2508,12
6754,845,156,156,2524,12
6755,845,16,17,2875,14
6756,845,99,99,3429,16
6757,845,160,160,3490,16
6758,845,168,168,3995,18
6759,845,54,54,4915,20
6760,845,56,56,4917,20
6761,846,253,253,4080,18
6762,847,125,125,1980,10
6763,848,202,202,1803,9
6764,848,217,217,3797,17
6765,849,204,204,4575,21
6766,850,95,95,743,5
6767,850,128,128,1729,9
6768,851,226,226,4597,21
6769,851,228,228,4599,21
6770,852,78,78,4449,21
6771,852,198,198,4569,21
6772,852,215,215,4586,21
6773,852,217,217,4588,21
6774,852,247,247,4618,21
6775,852,178,178,4815,22
6776,853,174,174,4545,21
6777,854,206,206,3786,17
6778,854,8,8,3835,18
6779,854,23,25,3850,18
6780,854,30,31,3857,18
6781,854,59,60,3886,18
6782,855,126,126,4497,21
6783,856,40,40,3620,17
6784,857,25,25,1153,7
6785,857,29,29,1157,7
6786,857,33,34,1161,7
6787,857,37,37,1165,7
6788,857,43,45,1171,7
6789,857,47,47,1175,7
6790,857,53,54,1181,7
6791,857,61,61,1189,7
6792,857,66,72,1194,7
6793,857,74,74,1202,7
6794,857,76,76,1204,7
6795,857,78,81,1206,7
6796,857,103,103,1231,7
6797,857,105,105,1233,7
6798,857,107,107,1235,7
6799,857,110,110,1238,7
6800,857,136,136,1264,7
6801,857,164,164,1292,7
6802,857,196,196,1324,7
6803,857,207,207,1335,7
6804,857,20,20,1381,8
6805,857,83,83,1444,8
6806,857,98,98,1459,8
6807,857,113,113,1474,8
6808,857,136,137,1497,8
6809,857,169,169,1530,8
6810,857,9,9,1610,9
6811,857,28,29,1629,9
6812,857,236,236,1837,9
6813,857,63,63,1918,10
6814,857,118,118,3220,15
6815,857,57,57,3387,16
6816,857,74,74,3654,17
6817,857,157,157,3984,18
6818,857,23,23,4112,19
6819,858,48,49,2160,11
6820,858,157,157,2269,11
6821,858,198,198,2310,11
6822,858,187,187,4824,22
6823,859,108,108,1236,7
6824,860,104,104,1232,7
6825,861,156,156,155,1
6826,862,62,62,2430,12
6827,862,236,236,3566,16
6828,862,279,279,4368,19
6829,863,91,91,90,1
6830,863,157,157,589,4
6831,863,174,174,606,4
6832,863,165,165,1055,6
6833,863,36,36,4125,19
6834,863,140,140,4511,21
6835,864,155,155,5016,20
6836,865,81,81,1936,10
6837,865,92,97,2204,11
6838,865,146,147,2258,11
6839,865,228,228,2596,12
6840,865,199,199,2811,13
6841,865,98,98,2957,14
6842,865,104,104,3931,18
6843,866,114,114,1004,6
6844,867,193,193,5054,20
6845,868,155,157,4526,21
6846,868,159,159,4530,21
6847,868,161,161,4532,21
6848,868,10,10,4647,22
6849,869,245,245,4072,18
6850,870,79,79,4940,20
6851,870,86,86,4947,20
6852,870,102,102,4963,20
6853,871,235,235,3815,17
6854,871,10,10,3837,18
6855,872,13,13,12,1
6856,872,27,27,26,1
6857,872,39,39,38,1
6858,872,90,90,89,1
6859,872,154,154,153,1
6860,872,20,20,203,2
6861,872,129,129,312,2
6862,872,176,176,359,2
6863,872,179,180,362,2
6864,872,1,2,378,3
6865,872,8,9,385,3
6866,872,17,17,394,3
6867,872,22,22,399,3
6868,872,27,27,404,3
6869,872,31,31,408,3
6870,872,34,34,411,3
6871,872,36,36,413,3
6872,872,51,51,483,4
6873,872,78,78,510,4
6874,872,177,177,609,4
6875,872,202,203,634,4
6876,872,205,206,637,4
6877,872,209,209,641,4
6878,872,211,212,643,4
6879,872,19,19,667,5
6880,872,21,22,669,5
6881,872,24,24,672,5
6882,872,26,26,674,5
6883,872,29,29,677,5
6884,872,66,66,714,5
6885,872,76,76,724,5
6886,872,86,86,734,5
6887,872,92,93,740,5
6888,872,96,96,744,5
6889,872,102,102,750,5
6890,872,108,108,756,5
6891,872,116,116,764,5
6892,872,130,130,778,5
6893,872,173,173,821,5
6894,872,181,181,829,5
6895,872,192,192,840,5
6896,872,196,196,844,5
6897,872,211,211,859,5
6898,872,218,218,866,5
6899,872,229,229,877,5
6900,872,233,233,881,5
6901,872,28,28,918,6
6902,872,33,33,923,6
6903,872,46,46,936,6
6904,872,71,71,961,6
6905,872,74,75,964,6
6906,872,81,81,971,6
6907,872,187,187,1077,6
6908,872,201,201,1091,6
6909,872,208,208,1098,6
6910,872,214,214,1104,6
6911,872,228,228,1118,6
6912,872,12,12,1140,7
6913,872,42,42,1170,7
6914,872,52,52,1180,7
6915,872,75,75,1203,7
6916,872,82,82,1210,7
6917,872,87,87,1215,7
6918,872,91,91,1219,7
6919,872,114,114,1242,7
6920,872,117,118,1245,7
6921,872,140,140,1268,7
6922,872,195,195,1323,7
6923,872,218,218,1346,7
6924,872,197,197,1558,8
6925,872,41,41,1642,9
6926,872,52,52,1653,9
6927,872,56,56,1657,9
6928,872,68,68,1669,9
6929,872,73,73,1674,9
6930,872,129,129,1730,9
6931,872,176,176,1777,9
6932,872,32,32,2144,11
6933,872,36,36,2148,11
6934,872,133,133,2245,11
6935,872,185,185,2297,11
6936,872,38,39,2406,12
6937,872,41,41,2409,12
6938,872,71,71,2439,12
6939,872,89,89,2457,12
6940,872,104,104,2472,12
6941,872,107,107,2475,12
6942,872,159,159,2527,12
6943,872,171,172,2539,12
6944,872,181,181,2549,12
6945,872,195,195,2563,12
6946,872,222,222,2590,12
6947,872,40,40,2652,13
6948,872,76,76,2688,13
6949,872,95,95,2707,13
6950,872,137,137,2749,13
6951,872,141,141,2753,13
6952,872,173,173,2785,13
6953,872,218,218,2830,13
6954,872,221,221,2833,13
6955,872,223,223,2835,13
6956,872,230,230,2842,13
6957,872,233,233,2845,13
6958,872,91,91,2950,14
6959,872,120,121,2979,14
6960,872,158,158,3017,14
6961,872,180,180,3039,14
6962,872,123,123,3225,15
6963,872,125,125,3227,15
6964,872,137,137,3239,15
6965,872,145,145,3247,15
6966,872,151,151,3253,15
6967,872,162,162,3264,15
6968,872,29,30,3358,16
6969,872,38,38,3368,16
6970,872,40,40,3370,16
6971,872,45,45,3375,16
6972,872,65,65,3395,16
6973,872,70,70,3400,16
6974,872,85,85,3415,16
6975,872,98,98,3428,16
6976,872,129,129,3459,16
6977,872,150,150,3480,16
6978,872,171,173,3501,16
6979,872,179,179,3509,16
6980,872,205,205,3535,16
6981,872,213,213,3543,16
6982,872,219,219,3549,16
6983,872,221,221,3551,16
6984,872,227,228,3557,16
6985,872,232,232,3562,16
6986,872,235,235,3565,16
6987,872,27,27,3607,17
6988,872,31,31,3611,17
6989,872,36,36,3616,17
6990,872,81,81,3661,17
6991,872,94,94,3674,17
6992,872,108,108,3688,17
6993,872,124,124,3704,17
6994,872,166,167,3746,17
6995,872,200,200,3780,17
6996,872,238,238,3818,17
6997,872,86,87,3913,18
6998,872,106,106,3933,18
6999,872,129,129,3956,18
7000,872,131,131,3958,18
7001,872,133,133,3960,18
7002,872,228,229,4055,18
7003,872,11,11,4100,19
7004,872,21,21,4110,19
7005,872,27,27,4116,19
7006,872,29,29,4118,19
7007,872,33,33,4122,19
7008,872,35,35,4124,19
7009,872,41,41,4130,19
7010,872,47,47,4136,19
7011,872,56,56,4145,19
7012,872,63,63,4152,19
7013,872,72,72,4161,19
7014,872,106,106,4195,19
7015,872,108,108,4197,19
7016,872,112,112,4201,19
7017,872,123,123,4212,19
7018,872,164,164,4253,19
7019,872,186,186,4275,19
7020,872,200,200,4289,19
7021,872,238,238,4327,19
7022,872,47,47,4908,20
7023,872,53,54,4914,20
7024,872,57,57,4918,20
7025,872,95,95,4956,20
7026,872,97,97,4958,20
7027,872,101,101,4962,20
7028,872,125,125,4986,20
7029,872,131,132,4992,20
7030,872,140,140,5001,20
7031,872,162,162,5023,20
7032,872,166,167,5027,20
7033,872,98,98,4469,21
7034,872,119,119,4490,21
7035,872,138,139,4509,21
7036,872,220,220,4591,21
7037,872,241,241,4612,21
7038,872,96,96,4733,22
7039,872,98,98,4735,22
7040,872,123,123,4760,22
7041,872,133,133,4770,22
7042,873,207,207,4578,21
7043,873,209,209,4580,21
7044,874,129,129,1019,6
7045,875,222,222,4311,19
7046,876,83,83,2942,14
7047,876,149,149,3008,14
7048,876,151,151,3010,14
7049,876,156,156,3015,14
7050,876,162,162,3021,14
7051,876,44,44,3146,15
7052,876,176,176,3278,15
7053,876,179,179,3281,15
7054,876,11,11,3339,16
7055,876,13,14,3341,16
7056,876,22,22,3350,16
7057,876,26,26,3354,16
7058,876,35,35,3365,16
7059,876,55,55,3385,16
7060,876,177,177,3507,16
7061,876,226,226,3556,16
7062,876,29,29,3609,17
7063,876,173,173,3753,17
7064,876,176,176,3756,17
7065,876,227,227,3807,17
7066,876,21,21,3848,18
7067,876,53,53,3880,18
7068,876,163,163,3990,18
7069,876,42,42,4131,19
7070,877,151,151,3010,14
7071,877,26,26,3354,16
7072,877,226,226,3556,16
7073,878,6,6,4377,21
7074,879,78,78,4449,21
7075,880,47,47,2906,14
7076,881,232,232,3562,16
7077,881,17,17,3597,17
7078,882,53,53,1181,7
7079,883,200,200,4571,21
7080,884,167,167,4256,19
7081,885,102,102,4191,19
7082,885,46,46,4907,20
7083,886,11,11,2870,14
7084,886,30,30,2889,14
7085,887,136,137,2748,13
7086,887,139,139,2751,13
7087,887,154,155,2766,13
7088,887,158,160,2770,13
7089,888,154,154,2766,13
7090,888,158,158,2770,13
7091,889,204,204,1805,9
7092,890,220,220,3800,17
7093,891,177,177,2789,13
7094,892,66,66,65,1
7095,893,62,64,61,1
7096,893,68,68,67,1
7097,893,70,70,69,1
7098,893,76,78,75,1
7099,893,80,80,79,1
7100,893,82,82,81,1
7101,893,84,84,83,1
7102,893,86,86,85,1
7103,893,89,89,88,1
7104,893,91,91,90,1
7105,893,93,93,92,1
7106,893,102,103,101,1
7107,893,25,25,208,2
7108,893,29,29,212,2
7109,893,43,45,226,2
7110,894,25,25,208,2
7111,894,44,44,227,2
7112,895,220,222,4309,19
7113,895,224,224,4313,19
7114,895,230,233,4319,19
7115,895,255,255,4344,19
7116,895,6,7,4867,20
7117,896,184,184,3043,14
7118,896,186,186,3045,14
7119,896,192,197,3051,14
7120,896,202,203,3061,14
7121,896,8,10,3110,15
7122,896,12,20,3114,15
7123,896,49,49,3151,15
7124,896,57,57,3159,15
7125,896,145,145,3247,15
7126,896,184,184,3286,15
7127,896,187,187,3289,15
7128,896,191,192,3293,15
7129,896,26,26,3354,16
7130,896,84,84,3414,16
7131,896,198,198,3528,16
7132,896,202,202,3532,16
7133,896,10,10,3590,17
7134,896,50,50,4911,20
7135,897,26,26,3354,16
7136,898,184,184,3043,14
7137,898,191,191,3050,14
7138,899,93,93,3673,17
7139,900,93,94,3673,17
7140,901,73,73,3653,17
7141,901,87,87,3667,17
7142,902,173,173,5034,20
7143,903,176,176,3035,14
7144,903,107,107,3209,15
7145,904,109,109,4970,20
7146,905,83,85,515,4
7147,905,95,95,527,4
7148,905,101,101,533,4
7149,905,106,106,538,4
7150,905,110,110,542,4
7151,906,80,80,4451,21
7152,907,166,166,4537,21
7153,908,56,56,946,6
7154,908,58,59,948,6
7155,908,65,65,955,6
7156,908,73,74,963,6
7157,908,76,76,966,6
7158,908,87,87,977,6
7159,908,118,118,1008,6
7160,909,11,11,3339,16
7161,909,13,13,3341,16
7162,910,164,164,163,1
7163,910,169,169,168,1
7164,910,109,110,292,2
7165,910,139,139,322,2
7166,910,4,4,381,3
7167,910,19,20,396,3
7168,910,41,41,689,5
7169,910,88,88,736,5
7170,910,217,217,865,5
7171,910,138,138,3240,15
7172,910,205,205,3535,16
7173,910,223,223,3553,16
7174,911,148,148,147,1
7175,912,228,228,4599,21
7176,913,276,276,4365,19
7177,914,66,66,2434,12
7178,915,262,262,4633,21
7179,916,220,220,4857,22
7180,917,220,220,3800,17
7181,917,222,222,3802,17
7182,918,172,172,4543,21
7183,918,185,185,4556,21
7184,918,34,34,4671,22
7185,919,155,155,4526,21
7186,920,171,171,4542,21
7187,921,107,107,4968,20
7188,921,188,188,5049,20
7189,922,87,87,4948,20
7190,922,91,91,4952,20
7191,922,107,107,4968,20
7192,922,188,188,5049,20
7193,922,193,193,5054,20
7194,922,222,222,4859,22
7195,923,202,202,1803,9
7196,924,87,87,270,2
7197,924,188,188,371,2
7198,924,23,23,400,3
7199,924,29,29,406,3
7200,924,172,172,604,4
7201,924,176,177,608,4
7202,925,172,172,604,4
7203,926,207,207,4578,21
7204,927,45,45,2904,14
7205,928,70,71,1925,10
7206,928,123,123,1978,10
7207,928,139,141,1994,10
7208,928,188,188,2043,10
7209,929,184,184,5045,20
7210,929,29,29,4400,21
7211,929,39,39,4410,21
7212,929,62,62,4433,21
7213,930,45,45,477,4
7214,930,145,145,577,4
7215,931,254,254,2109,10
7216,932,106,106,1234,7
7217,932,108,108,1236,7
7218,932,211,212,1812,9
7219,932,218,220,1819,9
7220,932,223,223,1824,9
7221,932,106,106,2718,13
7222,932,77,78,3407,16
7223,932,244,244,3574,16
7224,932,86,86,3666,17
7225,933,211,211,1812,9
7226,933,213,213,1814,9
7227,933,169,169,3749,17
7228,934,14,14,391,3
7229,934,68,68,500,4
7230,934,115,115,1243,7
7231,934,67,67,1668,9
7232,934,153,153,1754,9
7233,934,211,211,1812,9
7234,934,213,213,1814,9
7235,934,215,215,1816,9
7236,934,218,219,1819,9
7237,934,223,225,1824,9
7238,934,77,77,3407,16
7239,934,210,210,3540,16
7240,934,244,244,3574,16
7241,934,26,26,3606,17
7242,934,59,61,3639,17
7243,934,68,71,3648,17
7244,934,77,77,3657,17
7245,934,81,81,3661,17
7246,934,84,86,3664,17
7247,934,90,91,3670,17
7248,934,98,99,3678,17
7249,934,101,101,3681,17
7250,934,107,110,3687,17
7251,934,112,114,3692,17
7252,934,117,118,3697,17
7253,934,120,120,3700,17
7254,934,122,122,3702,17
7255,934,125,125,3705,17
7256,934,127,127,3707,17
7257,934,131,135,3711,17
7258,934,139,141,3719,17
7259,934,144,145,3724,17
7260,934,148,148,3728,17
7261,934,151,152,3731,17
7262,934,154,156,3734,17
7263,934,159,159,3739,17
7264,934,161,161,3741,17
7265,934,163,166,3743,17
7266,934,168,169,3748,17
7267,934,177,182,3757,17
7268,934,210,210,3790,17
7269,934,10,10,3837,18
7270,934,12,12,3839,18
7271,934,51,51,3878,18
7272,934,64,64,3891,18
7273,934,74,74,3901,18
7274,934,30,30,4401,21
7275,934,60,61,4431,21
7276,934,68,68,4439,21
7277,935,24,24,23,1
7278,936,220,220,1821,9
7279,937,221,221,1822,9
7280,938,17,17,16,1
7281,938,24,24,23,1
7282,938,14,14,391,3
7283,938,106,106,1234,7
7284,938,115,115,1243,7
7285,938,67,67,1668,9
7286,938,211,211,1812,9
7287,938,220,220,1821,9
7288,938,223,223,1824,9
7289,938,23,23,2135,11
7290,938,88,88,2200,11
7291,938,20,20,2388,12
7292,938,196,196,2564,12
7293,938,115,115,2727,13
7294,938,77,77,3407,16
7295,938,209,211,3539,16
7296,938,215,217,3545,16
7297,938,58,58,3638,17
7298,938,61,61,3641,17
7299,938,69,69,3649,17
7300,938,71,72,3651,17
7301,938,79,79,3659,17
7302,938,86,86,3666,17
7303,938,91,91,3671,17
7304,938,97,97,3677,17
7305,938,104,104,3684,17
7306,938,106,106,3686,17
7307,938,110,111,3690,17
7308,938,114,114,3694,17
7309,938,132,132,3712,17
7310,938,134,134,3714,17
7311,938,144,144,3724,17
7312,938,180,181,3760,17
7313,939,224,224,1825,9
7314,939,30,30,4401,21
7315,940,153,153,1754,9
7316,941,224,224,1825,9
7317,941,70,70,3650,17
7318,941,86,86,3666,17
7319,941,108,109,3688,17
7320,941,113,113,3693,17
7321,941,125,125,3705,17
7322,941,141,141,3721,17
7323,941,144,144,3724,17
7324,941,148,148,3728,17
7325,941,152,152,3732,17
7326,941,155,155,3735,17
7327,941,158,158,3738,17
7328,942,106,107,1234,7
7329,942,111,113,1239,7
7330,942,115,115,1243,7
7331,942,126,126,1254,7
7332,942,130,130,1258,7
7333,942,188,188,1549,8
7334,942,211,211,1812,9
7335,942,213,213,1814,9
7336,942,224,224,1825,9
7337,942,60,60,3640,17
7338,942,63,63,3643,17
7339,942,73,73,3653,17
7340,942,78,79,3658,17
7341,942,90,90,3670,17
7342,942,94,95,3674,17
7343,942,99,102,3679,17
7344,942,105,105,3685,17
7345,942,107,112,3687,17
7346,942,117,117,3697,17
7347,942,125,125,3705,17
7348,942,131,131,3711,17
7349,942,133,133,3713,17
7350,942,141,141,3721,17
7351,942,168,168,3748,17
7352,942,177,178,3757,17
7353,942,209,209,3789,17
7354,943,158,159,3260,15
7355,943,192,192,3294,15
7356,944,153,153,3255,15
7357,945,274,274,4363,19
7358,946,257,257,4628,21
7359,947,164,164,347,2
7360,947,168,169,351,2
7361,947,48,48,425,3
7362,947,35,35,467,4
7363,948,104,104,3931,18
7364,948,169,169,3996,18
7365,948,226,226,4053,18
7366,948,17,17,4106,19
7367,948,36,36,4125,19
7368,949,104,104,1232,7
7369,950,161,161,5022,20
7370,951,192,192,1553,8
7371,951,213,213,1574,8
7372,951,53,53,1654,9
7373,951,97,97,1698,9
7374,951,120,120,1721,9
7375,951,170,170,1771,9
7376,951,225,227,1826,9
7377,951,229,229,1830,9
7378,951,28,28,1883,10
7379,951,73,73,1928,10
7380,951,93,95,1948,10
7381,951,98,98,1953,10
7382,951,103,103,1958,10
7383,951,125,125,1980,10
7384,951,164,164,2019,10
7385,951,182,183,2037,10
7386,951,190,190,2045,10
7387,951,208,208,2063,10
7388,951,210,211,2065,10
7389,951,215,215,2070,10
7390,951,224,224,2079,10
7391,951,243,243,2098,10
7392,951,10,10,2122,11
7393,951,85,85,2197,11
7394,951,158,158,2270,11
7395,951,14,14,2382,12
7396,951,26,26,2394,12
7397,951,28,28,2396,12
7398,951,32,33,2400,12
7399,951,84,84,2452,12
7400,951,228,228,2596,12
7401,951,26,26,2638,13
7402,951,88,88,2947,14
7403,951,140,140,3470,16
7404,951,182,183,3762,17
7405,951,8,8,4379,21
7406,951,31,31,4402,21
7407,952,130,130,1491,8
7408,952,8,8,1609,9
7409,952,20,20,1621,9
7410,952,97,97,1698,9
7411,952,125,125,1726,9
7412,952,144,145,1745,9
7413,952,225,225,1826,9
7414,952,234,235,1835,9
7415,952,28,29,1883,10
7416,952,37,37,1892,10
7417,952,73,73,1928,10
7418,952,93,93,1948,10
7419,952,103,103,1958,10
7420,952,180,180,2035,10
7421,952,182,183,2037,10
7422,952,225,225,2080,10
7423,952,8,9,4379,21
7424,952,157,157,4794,22
7425,953,47,47,2906,14
7426,953,49,49,2908,14
7427,953,281,281,4370,19
7428,954,242,242,3101,14
7429,955,53,53,701,5
7430,955,82,84,730,5
7431,956,151,151,4522,21
7432,957,27,27,26,1
7433,958,233,233,2845,13
7434,958,7,7,2866,14
7435,958,11,11,2870,14
7436,959,130,130,562,4
7437,960,51,51,1179,7
7438,961,103,103,2215,11
7439,961,170,170,2282,11
7440,961,179,180,2291,11
7441,961,185,185,2297,11
7442,961,10,10,2378,12
7443,961,96,96,2464,12
7444,961,98,98,2466,12
7445,961,210,210,2578,12
7446,961,41,41,2900,14
7447,962,118,118,550,4
7448,963,160,160,159,1
7449,963,162,163,161,1
7450,963,165,165,164,1
7451,963,174,174,173,1
7452,963,176,176,175,1
7453,963,179,179,178,1
7454,963,5,5,188,2
7455,963,10,10,193,2
7456,963,12,12,195,2
7457,963,19,19,202,2
7458,963,227,227,1588,8
7459,963,183,186,1784,9
7460,963,197,197,1798,9
7461,963,207,207,1808,9
7462,963,19,19,1874,10
7463,964,185,185,1786,9
7464,965,92,92,1220,7
7465,966,104,104,1232,7
7466,967,122,122,121,1
7467,968,5,5,3832,18
7468,969,192,192,4281,19
7469,970,127,127,4988,20
7470,971,78,78,4449,21
7471,972,75,75,4936,20
7472,972,86,86,4947,20
7473,972,111,111,4972,20
7474,972,118,118,4979,20
7475,972,158,158,5019,20
7476,972,177,177,5038,20
7477,972,147,147,4784,22
7478,973,192,193,3051,14
7479,973,26,27,3128,15
7480,973,45,45,3147,15
7481,973,71,71,3173,15
7482,973,76,77,3178,15
7483,973,79,79,3181,15
7484,973,119,119,3221,15
7485,973,133,133,3235,15
7486,973,138,138,3240,15
7487,974,224,224,4595,21
7488,975,148,148,4519,21
7489,975,226,226,4597,21
7490,976,11,12,4872,20
7491,977,91,91,3918,18
7492,977,126,126,4987,20
7493,978,53,53,3155,15
7494,978,159,159,3261,15
7495,979,172,172,3274,15
7496,979,173,173,3503,16
7497,980,22,22,3350,16
7498,981,172,172,4543,21
7499,981,174,174,4545,21
7500,982,99,102,3201,15
7501,982,104,104,3206,15
7502,982,142,142,3244,15
7503,982,144,144,3246,15
7504,982,146,146,3248,15
7505,982,152,152,3254,15
7506,982,159,159,3261,15
7507,982,239,239,3569,16
7508,983,69,69,1430,8
7509,984,65,65,1426,8
7510,984,71,76,1432,8
7511,984,92,93,1453,8
7512,984,225,225,1586,8
7513,984,97,97,1952,10
7514,984,160,160,2015,10
7515,984,101,101,2960,14
7516,984,174,175,4001,18
7517,985,75,75,1203,7
7518,986,165,165,2277,11
7519,986,187,187,2299,11
7520,986,11,11,3591,17
7521,987,93,93,4464,21
7522,987,100,100,4471,21
7523,987,187,187,4558,21
7524,987,37,37,4674,22
7525,988,132,132,2744,13
7526,989,30,30,2142,11
7527,989,231,231,3561,16
7528,989,240,240,4329,19
7529,990,153,154,4524,21
7530,990,164,164,4535,21
7531,990,167,167,4538,21
7532,990,8,9,4645,22
7533,990,14,14,4651,22
7534,990,16,16,4653,22
7535,991,257,257,4628,21
7536,992,221,221,4592,21
7537,992,51,51,4688,22
7538,993,144,144,5005,20
7539,993,158,158,5019,20
7540,993,242,242,4613,21
7541,993,68,68,4705,22
7542,994,262,262,4633,21
7543,995,189,189,372,2
7544,996,130,130,4219,19
7545,996,153,153,4242,19
7546,997,246,246,3826,17
7547,998,60,60,243,2
7548,998,103,103,286,2
7549,998,105,106,288,2
7550,998,127,128,310,2
7551,998,134,134,317,2
7552,998,152,152,335,2
7553,998,162,162,345,2
7554,998,168,168,351,2
7555,998,177,177,360,2
7556,998,180,180,363,2
7557,998,188,188,371,2
7558,998,190,190,373,2
7559,998,17,17,394,3
7560,998,23,23,400,3
7561,998,65,66,497,4
7562,998,78,78,510,4
7563,998,171,171,819,5
7564,998,198,199,846,5
7565,998,218,218,1108,6
7566,998,130,130,1258,7
7567,998,141,141,1269,7
7568,998,146,146,1274,7
7569,998,156,156,1284,7
7570,998,38,38,1399,8
7571,998,12,12,3592,17
7572,998,96,96,4185,19
7573,999,65,65,497,4
7574,999,38,38,1399,8
7575,999,97,97,4186,19
7576,1000,249,249,4620,21
7577,1000,256,256,4627,21
7578,1001,215,215,4586,21
7579,1002,118,118,117,1
7580,1002,49,49,1177,7
7581,1002,59,59,1187,7
7582,1002,75,75,1676,9
7583,1002,134,134,1735,9
7584,1002,20,20,1875,10
7585,1002,41,42,2653,13
7586,1002,45,45,2657,13
7587,1002,99,99,2711,13
7588,1002,7,7,3834,18
7589,1002,9,9,3836,18
7590,1003,123,123,1013,6
7591,1004,121,121,4982,20
7592,1004,140,141,5001,20
7593,1004,158,158,5019,20
7594,1005,89,89,88,1
7595,1006,167,167,5028,20
7596,1007,24,24,3126,15
7597,1007,199,199,4026,18
7598,1008,32,32,3134,15
7599,1009,108,108,2967,14
7600,1009,137,138,2996,14
7601,1009,148,148,3007,14
7602,1009,153,155,3012,14
7603,1009,157,158,3016,14
7604,1009,228,228,3087,14
7605,1009,232,233,3091,14
7606,1009,23,24,3125,15
7607,1009,45,45,3147,15
7608,1009,169,169,3271,15
7609,1009,23,23,3351,16
7610,1009,25,25,3353,16
7611,1009,55,56,3385,16
7612,1009,59,59,3389,16
7613,1009,69,69,3399,16
7614,1009,114,114,3444,16
7615,1009,138,138,3468,16
7616,1009,146,147,3476,16
7617,1009,33,33,3613,17
7618,1009,234,234,3814,17
7619,1009,115,116,3942,18
7620,1009,145,145,3972,18
7621,1009,183,183,4010,18
7622,1009,197,197,4024,18
7623,1009,199,201,4026,18
7624,1009,238,238,4065,18
7625,1009,171,171,5032,20
7626,1010,157,157,3016,14
7627,1010,228,228,3087,14
7628,1010,169,169,3271,15
7629,1010,115,115,3942,18
7630,1010,147,147,3974,18
7631,1011,108,108,2967,14
7632,1011,153,153,3012,14
7633,1011,158,158,3017,14
7634,1011,228,228,3087,14
7635,1011,23,24,3125,15
7636,1011,33,34,3613,17
7637,1011,115,116,3942,18
7638,1011,145,145,3972,18
7639,1011,199,200,4026,18
7640,1012,153,153,3012,14
7641,1012,24,24,3126,15
7642,1013,157,157,3016,14
7643,1014,228,228,3087,14
7644,1014,169,169,3271,15
7645,1014,147,147,3974,18
7646,1015,17,17,3597,17
7647,1016,129,130,1019,6
7648,1016,143,143,1033,6
7649,1017,34,34,3614,17
7650,1018,198,198,2810,13
7651,1018,23,23,2882,14
7652,1018,42,42,2901,14
7653,1018,53,53,2912,14
7654,1018,61,61,2920,14
7655,1018,63,63,2922,14
7656,1018,111,111,2970,14
7657,1018,154,154,3013,14
7658,1018,198,198,3528,16
7659,1018,229,229,3809,17
7660,1018,53,53,3880,18
7661,1018,163,163,3990,18
7662,1018,91,91,4462,21
7663,1019,91,91,4462,21
7664,1020,125,125,308,2
7665,1020,73,73,505,4
7666,1021,95,95,1950,10
7667,1022,89,89,2457,12
7668,1022,168,169,2536,12
7669,1022,209,209,2577,12
7670,1022,5,5,2617,13
7671,1022,49,49,2661,13
7672,1022,58,59,2670,13
7673,1022,36,36,2895,14
7674,1022,41,41,2900,14
7675,1022,110,110,2969,14
7676,1022,41,41,3621,17
7677,1022,216,216,3796,17
7678,1022,227,227,3807,17
7679,1022,47,47,3874,18
7680,1022,71,71,3898,18
7681,1022,118,118,3945,18
7682,1022,178,178,4005,18
7683,1022,187,187,4014,18
7684,1022,196,196,4023,18
7685,1022,221,221,4048,18
7686,1022,227,227,4054,18
7687,1022,246,246,4073,18
7688,1022,248,248,4075,18
7689,1022,6,6,4095,19
7690,1022,10,10,4099,19
7691,1022,12,12,4101,19
7692,1022,18,18,4107,19
7693,1022,24,24,4113,19
7694,1023,39,39,222,2
7695,1023,41,42,224,2
7696,1023,45,53,228,2
7697,1023,55,59,238,2
7698,1023,64,66,247,2
7699,1023,68,70,251,2
7700,1023,73,73,256,2
7701,1023,81,81,264,2
7702,1023,83,83,266,2
7703,1023,86,86,269,2
7704,1023,88,90,271,2
7705,1023,93,93,276,2
7706,1023,97,97,280,2
7707,1023,187,187,370,2
7708,1024,30,32,3610,17
7709,1025,20,20,3348,16
7710,1026,10,11,2378,12
7711,1027,20,20,3348,16
7712,1028,78,78,4449,21
7713,1029,47,47,2906,14
7714,1030,91,91,4952,20
7715,1031,75,75,3405,16
7716,1032,218,218,1579,8
7717,1032,208,208,1809,9
7718,1033,255,255,4344,19
7719,1033,4,4,4865,20
7720,1033,61,61,4922,20
7721,1034,23,23,913,6
7722,1034,33,36,923,6
7723,1034,223,224,1113,6
7724,1035,198,198,1088,6
7725,1036,134,134,782,5
7726,1036,136,136,784,5
7727,1037,134,134,782,5
7728,1037,136,136,784,5
7729,1038,29,29,4118,19
7730,1038,276,276,4365,19
7731,1039,155,155,4526,21
7732,1039,161,161,4532,21
7733,1039,163,163,4534,21
7734,1040,4,4,381,3
7735,1040,8,8,385,3
7736,1040,11,13,388,3
7737,1040,15,15,392,3
7738,1040,25,26,402,3
7739,1040,33,33,410,3
7740,1040,8,8,440,4
7741,1040,64,64,496,4
7742,1040,129,129,561,4
7743,1040,213,213,1574,8
7744,1041,179,179,4268,19
7745,1042,149,151,1510,8
7746,1042,232,232,1593,8
7747,1043,12,12,3114,15
7748,1043,115,115,3217,15
7749,1043,117,117,3219,15
7750,1043,130,130,3232,15
7751,1044,4,4,381,3
7752,1044,8,8,385,3
7753,1044,11,13,388,3
7754,1044,25,26,402,3
7755,1044,64,64,496,4
7756,1044,129,129,561,4
7757,1044,213,213,1574,8
7758,1045,160,160,159,1
7759,1046,231,231,4602,21
7760,1047,178,180,4549,21
7761,1047,183,183,4554,21
7762,1047,24,25,4661,22
7763,1048,197,198,4286,19
7764,1049,131,132,130,1
7765,1050,133,133,3463,16
7766,1050,28,28,4889,20
7767,1050,34,34,4895,20
7768,1051,192,192,1553,8
7769,1051,184,185,1785,9
7770,1051,248,248,2360,11
7771,1051,220,221,4047,18
7772,1052,179,180,178,1
7773,1052,126,127,2985,14
7774,1052,18,18,3346,16
7775,1053,231,231,2843,13
7776,1054,122,122,4983,20
7777,1055,45,45,2157,11
7778,1055,63,63,2431,12
7779,1055,101,101,2469,12
7780,1055,111,111,2479,12
7781,1055,184,184,2552,12
7782,1055,198,198,2566,12
7783,1055,235,235,2603,12
7784,1055,187,187,2799,13
7785,1055,26,26,2885,14
7786,1055,105,105,3435,16
7787,1055,65,65,3645,17
7788,1055,57,57,3884,18
7789,1055,180,181,4007,18
7790,1056,78,78,4449,21
7791,1057,222,222,4593,21
7792,1058,129,129,4990,20
7793,1059,80,81,4717,22
7794,1059,84,85,4721,22
7795,1059,87,87,4724,22
7796,1060,81,81,4718,22
7797,1061,138,139,137,1
7798,1061,41,41,224,2
7799,1061,82,82,265,2
7800,1061,170,171,602,4
7801,1061,196,197,844,5
7802,1061,209,209,857,5
7803,1062,48,48,4137,19
7804,1063,269,269,4358,19
7805,1064,44,46,1172,7
7806,1065,44,45,1172,7
7807,1066,94,94,1695,9
7808,1067,94,94,1695,9
7809,1068,45,45,2904,14
7810,1069,82,82,3909,18
7811,1070,150,151,5011,20
7812,1071,100,100,748,5
7813,1071,158,158,806,5
7814,1071,203,203,851,5
7815,1071,23,23,913,6
7816,1071,26,29,916,6
7817,1071,206,206,1096,6
7818,1071,212,212,1102,6
7819,1071,229,229,1119,6
7820,1071,49,49,1177,7
7821,1071,134,134,1262,7
7822,1071,137,137,1265,7
7823,1071,144,145,1272,7
7824,1071,169,169,1297,7
7825,1071,214,214,1342,7
7826,1071,222,222,1583,8
7827,1071,21,21,1622,9
7828,1071,102,102,1703,9
7829,1071,126,127,2238,11
7830,1071,129,130,2241,11
7831,1071,142,142,2254,11
7832,1071,24,24,2392,12
7833,1071,201,202,2569,12
7834,1071,62,66,2674,13
7835,1071,192,192,2804,13
7836,1071,52,52,2911,14
7837,1071,99,101,2958,14
7838,1071,116,119,2975,14
7839,1071,130,131,2989,14
7840,1071,152,152,3011,14
7841,1071,162,162,3021,14
7842,1071,167,167,3026,14
7843,1071,38,38,3140,15
7844,1071,162,162,3264,15
7845,1071,60,60,3390,16
7846,1071,33,34,3613,17
7847,1071,170,170,3750,17
7848,1071,214,215,3794,17
7849,1071,28,28,3855,18
7850,1071,71,71,3898,18
7851,1071,198,200,4025,18
7852,1072,138,141,137,1
7853,1072,146,146,145,1
7854,1072,151,162,150,1
7855,1072,164,165,163,1
7856,1072,167,167,166,1
7857,1072,169,170,168,1
7858,1072,172,172,171,1
7859,1072,174,175,173,1
7860,1072,177,177,176,1
7861,1072,5,5,188,2
7862,1072,7,11,190,2
7863,1072,13,15,196,2
7864,1072,17,27,200,2
7865,1072,29,31,212,2
7866,1072,33,43,216,2
7867,1072,45,49,228,2
7868,1072,54,54,237,2
7869,1072,58,58,241,2
7870,1072,62,63,245,2
7871,1072,65,65,248,2
7872,1072,67,67,250,2
7873,1072,69,69,252,2
7874,1072,71,71,254,2
7875,1072,74,74,257,2
7876,1072,80,80,263,2
7877,1072,82,82,265,2
7878,1072,97,98,280,2
7879,1072,107,107,290,2
7880,1072,113,113,296,2
7881,1072,118,119,301,2
7882,1072,127,127,310,2
7883,1072,129,129,312,2
7884,1072,138,138,321,2
7885,1072,140,140,323,2
7886,1072,146,146,329,2
7887,1072,159,159,342,2
7888,1072,161,163,344,2
7889,1072,182,182,365,2
7890,1072,27,27,404,3
7891,1072,32,32,409,3
7892,1072,46,46,423,3
7893,1072,14,14,446,4
7894,1072,24,24,672,5
7895,1072,58,58,706,5
7896,1072,63,63,711,5
7897,1072,70,73,718,5
7898,1072,82,82,730,5
7899,1072,88,89,736,5
7900,1072,99,101,747,5
7901,1072,103,103,751,5
7902,1072,105,108,753,5
7903,1072,111,113,759,5
7904,1072,141,141,789,5
7905,1072,144,144,792,5
7906,1072,146,146,794,5
7907,1072,150,151,798,5
7908,1072,153,158,801,5
7909,1072,160,161,808,5
7910,1072,163,163,811,5
7911,1072,165,165,813,5
7912,1072,167,168,815,5
7913,1072,170,172,818,5
7914,1072,176,176,824,5
7915,1072,178,181,826,5
7916,1072,183,187,831,5
7917,1072,189,192,837,5
7918,1072,195,197,843,5
7919,1072,200,203,848,5
7920,1072,215,217,863,5
7921,1072,222,226,870,5
7922,1072,228,228,876,5
7923,1072,232,232,880,5
7924,1072,23,24,913,6
7925,1072,26,29,916,6
7926,1072,37,37,927,6
7927,1072,44,44,934,6
7928,1072,46,46,936,6
7929,1072,201,201,1091,6
7930,1072,206,206,1096,6
7931,1072,208,208,1098,6
7932,1072,210,210,1100,6
7933,1072,212,213,1102,6
7934,1072,215,216,1105,6
7935,1072,218,221,1108,6
7936,1072,223,223,1113,6
7937,1072,225,225,1115,6
7938,1072,229,229,1119,6
7939,1072,231,232,1121,6
7940,1072,19,19,1147,7
7941,1072,29,30,1157,7
7942,1072,32,32,1160,7
7943,1072,49,49,1177,7
7944,1072,133,135,1261,7
7945,1072,137,137,1265,7
7946,1072,139,141,1267,7
7947,1072,144,145,1272,7
7948,1072,153,154,1281,7
7949,1072,169,169,1297,7
7950,1072,205,205,1333,7
7951,1072,214,214,1342,7
7952,1072,221,221,1349,7
7953,1072,13,13,1374,8
7954,1072,37,37,1398,8
7955,1072,76,76,1437,8
7956,1072,119,119,1480,8
7957,1072,133,133,1494,8
7958,1072,185,185,1546,8
7959,1072,220,223,1581,8
7960,1072,21,21,1622,9
7961,1072,69,69,1670,9
7962,1072,102,102,1703,9
7963,1072,119,119,1720,9
7964,1072,82,82,1937,10
7965,1072,167,167,2022,10
7966,1072,171,171,2026,10
7967,1072,232,232,2087,10
7968,1072,250,251,2105,10
7969,1072,8,8,2120,11
7970,1072,21,21,2133,11
7971,1072,88,88,2200,11
7972,1072,125,126,2237,11
7973,1072,128,130,2240,11
7974,1072,142,142,2254,11
7975,1072,24,24,2392,12
7976,1072,26,26,2394,12
7977,1072,35,35,2403,12
7978,1072,39,39,2407,12
7979,1072,48,48,2416,12
7980,1072,72,72,2440,12
7981,1072,79,79,2447,12
7982,1072,92,92,2460,12
7983,1072,94,94,2462,12
7984,1072,96,96,2464,12
7985,1072,101,102,2469,12
7986,1072,106,108,2474,12
7987,1072,110,111,2478,12
7988,1072,118,119,2486,12
7989,1072,146,146,2514,12
7990,1072,182,182,2550,12
7991,1072,201,203,2569,12
7992,1072,206,206,2574,12
7993,1072,210,210,2578,12
7994,1072,43,44,2655,13
7995,1072,50,50,2662,13
7996,1072,54,56,2666,13
7997,1072,61,67,2673,13
7998,1072,80,80,2692,13
7999,1072,86,86,2698,13
8000,1072,105,106,2717,13
8001,1072,111,113,2723,13
8002,1072,121,121,2733,13
8003,1072,169,170,2781,13
8004,1072,192,195,2804,13
8005,1072,217,217,2829,13
8006,1072,219,223,2831,13
8007,1072,42,42,2901,14
8008,1072,52,52,2911,14
8009,1072,87,88,2946,14
8010,1072,96,96,2955,14
8011,1072,98,101,2957,14
8012,1072,116,119,2975,14
8013,1072,121,122,2980,14
8014,1072,130,131,2989,14
8015,1072,133,135,2992,14
8016,1072,138,140,2997,14
8017,1072,148,148,3007,14
8018,1072,152,152,3011,14
8019,1072,162,162,3021,14
8020,1072,167,167,3026,14
8021,1072,37,38,3139,15
8022,1072,44,44,3146,15
8023,1072,91,91,3193,15
8024,1072,162,162,3264,15
8025,1072,187,188,3289,15
8026,1072,56,56,3386,16
8027,1072,60,60,3390,16
8028,1072,170,170,3500,16
8029,1072,182,182,3512,16
8030,1072,33,34,3613,17
8031,1072,47,47,3627,17
8032,1072,169,170,3749,17
8033,1072,214,216,3794,17
8034,1072,10,10,3837,18
8035,1072,28,29,3855,18
8036,1072,49,50,3876,18
8037,1072,71,71,3898,18
8038,1072,76,76,3903,18
8039,1072,198,200,4025,18
8040,1072,214,214,4041,18
8041,1072,237,239,4064,18
8042,1072,6,6,4095,19
8043,1072,24,25,4113,19
8044,1072,237,237,4326,19
8045,1072,164,164,5025,20
8046,1072,11,11,4382,21
8047,1072,22,22,4393,21
8048,1073,11,11,2623,13
8049,1074,135,135,1263,7
8050,1074,31,31,1392,8
8051,1074,42,42,1403,8
8052,1074,56,56,1417,8
8053,1074,58,58,1419,8
8054,1074,70,70,1431,8
8055,1074,167,167,1528,8
8056,1074,36,36,1891,10
8057,1074,129,130,1984,10
8058,1074,206,206,2061,10
8059,1074,73,74,2441,12
8060,1074,82,82,2450,12
8061,1074,85,87,2453,12
8062,1074,92,92,2460,12
8063,1074,141,141,2509,12
8064,1074,10,10,2622,13
8065,1074,52,52,3382,16
8066,1074,85,85,3415,16
8067,1074,100,100,3430,16
8068,1074,128,128,3458,16
8069,1074,133,133,3463,16
8070,1074,165,166,3495,16
8071,1074,203,203,3533,16
8072,1074,236,236,3816,17
8073,1074,35,35,3862,18
8074,1074,187,188,4014,18
8075,1074,214,214,4041,18
8076,1074,23,24,4112,19
8077,1074,76,76,4165,19
8078,1074,97,97,4186,19
8079,1074,265,265,4354,19
8080,1075,265,265,4354,19
8081,1076,265,265,4354,19
8082,1077,265,265,4354,19
8083,1078,80,80,4451,21
8084,1079,5,5,188,2
8085,1079,9,9,192,2
8086,1080,228,228,4317,19
8087,1080,232,233,4321,19
8088,1080,239,239,4328,19
8089,1081,66,66,65,1
8090,1082,176,178,175,1
8091,1083,92,92,1220,7
8092,1083,101,101,1229,7
8093,1084,13,13,1614,9
8094,1084,95,95,1696,9
8095,1084,113,114,1714,9
8096,1084,116,116,1717,9
8097,1084,123,123,1724,9
8098,1084,133,133,1734,9
8099,1084,135,136,1736,9
8100,1084,80,80,1935,10
8101,1084,200,200,2055,10
8102,1085,217,218,1107,6
8103,1086,122,122,1723,9
8104,1087,157,158,3259,15
8105,1088,123,123,1724,9
8106,1088,33,34,3860,18
8107,1088,173,174,4000,18
8108,1088,176,176,4003,18
8109,1088,240,240,4067,18
8110,1088,245,245,4072,18
8111,1088,11,11,4100,19
8112,1089,34,34,3861,18
8113,1090,43,43,3870,18
8114,1090,48,48,3875,18
8115,1090,52,53,3879,18
8116,1090,55,55,3882,18
8117,1090,223,225,4050,18
8118,1091,122,122,2734,13
8119,1092,146,146,145,1
8120,1093,146,146,145,1
8121,1094,76,76,1204,7
8122,1094,106,106,1234,7
8123,1094,224,224,1825,9
8124,1094,167,167,2279,11
8125,1094,20,20,2388,12
8126,1094,100,100,2712,13
8127,1094,73,73,3900,18
8128,1094,94,94,3921,18
8129,1095,76,76,1204,7
8130,1095,106,106,1234,7
8131,1095,167,167,2279,11
8132,1096,262,262,4633,21
8133,1097,250,250,4621,21
8134,1098,30,31,4891,20
8135,1099,81,81,264,2
8136,1099,89,90,272,2
8137,1099,97,97,280,2
8138,1099,102,102,285,2
8139,1099,135,135,318,2
8140,1099,140,140,323,2
8141,1099,146,146,329,2
8142,1099,21,21,398,3
8143,1099,42,42,419,3
8144,1099,48,48,425,3
8145,1099,51,51,428,3
8146,1099,11,11,443,4
8147,1099,14,14,446,4
8148,1099,17,18,449,4
8149,1099,25,25,457,4
8150,1099,53,54,485,4
8151,1099,56,56,488,4
8152,1099,58,58,490,4
8153,1099,66,66,498,4
8154,1099,75,75,507,4
8155,1099,80,80,512,4
8156,1099,85,85,517,4
8157,1099,93,93,525,4
8158,1099,95,95,527,4
8159,1099,99,99,531,4
8160,1099,115,115,547,4
8161,1099,125,126,557,4
8162,1099,129,129,561,4
8163,1099,137,137,569,4
8164,1099,157,157,589,4
8165,1099,160,160,592,4
8166,1099,171,171,603,4
8167,1099,175,175,607,4
8168,1099,13,13,661,5
8169,1099,20,21,668,5
8170,1099,23,24,671,5
8171,1099,28,29,676,5
8172,1099,43,43,691,5
8173,1099,79,79,727,5
8174,1099,84,84,732,5
8175,1099,88,89,736,5
8176,1099,115,115,763,5
8177,1099,162,162,810,5
8178,1099,167,168,815,5
8179,1099,231,231,1121,6
8180,1099,75,75,1203,7
8181,1099,207,207,1335,7
8182,1099,212,212,1340,7
8183,1099,216,216,1344,7
8184,1099,185,185,1546,8
8185,1099,51,52,1652,9
8186,1099,133,133,1734,9
8187,1099,242,242,1843,9
8188,1099,154,154,3013,14
8189,1100,119,119,1974,10
8190,1101,83,84,4172,19
8191,1101,150,150,4239,19
8192,1101,52,52,4913,20
8193,1102,182,182,3762,17
8194,1103,78,78,4449,21
8195,1104,155,155,4526,21
8196,1105,104,104,1232,7
8197,1106,163,163,4534,21
8198,1107,161,161,4532,21
8199,1107,163,163,4534,21
8200,1107,166,166,4537,21
8201,1108,95,95,4466,21
8202,1108,97,97,4468,21
8203,1109,253,253,1854,9
8204,1110,101,102,533,4
8205,1110,117,117,549,4
8206,1110,125,125,1015,6
8207,1110,177,177,2545,12
8208,1111,155,155,3257,15
8209,1111,185,185,3287,15
8210,1111,121,121,3451,16
8211,1111,128,128,3458,16
8212,1111,237,237,3567,16
8213,1111,40,40,4129,19
8214,1111,276,276,4365,19
8215,1111,136,136,4507,21
8216,1111,138,138,4509,21
8217,1111,215,215,4586,21
8218,1111,255,255,4626,21
8219,1112,49,49,3151,15
8220,1113,136,136,568,4
8221,1113,21,21,669,5
8222,1113,216,216,1344,7
8223,1113,51,51,1652,9
8224,1114,253,253,4624,21
8225,1115,222,222,2834,13
8226,1116,142,142,1270,7
8227,1116,144,144,1272,7
8228,1116,77,77,1678,9
8229,1117,262,262,4633,21
8230,1118,183,183,4554,21
8231,1118,30,30,4667,22
8232,1119,47,47,4136,19
8233,1119,50,50,4139,19
8234,1119,52,52,4141,19
8235,1119,54,54,4143,19
8236,1119,56,56,4145,19
8237,1119,64,64,4153,19
8238,1120,36,36,3616,17
8239,1121,137,137,1738,9
8240,1122,19,19,396,3
8241,1123,70,70,1925,10
8242,1123,171,171,3751,17
8243,1123,174,174,3754,17
8244,1123,234,234,4061,18
8245,1124,109,109,4970,20
8246,1125,41,41,4130,19
8247,1125,63,63,4152,19
8248,1126,117,117,4978,20
8249,1127,231,231,879,5
8250,1128,12,12,3592,17
8251,1128,81,81,4170,19
8252,1129,197,197,1325,7
8253,1129,200,200,1328,7
8254,1129,222,222,2590,12
8255,1129,35,35,2894,14
8256,1130,143,143,3723,17
8257,1131,157,157,156,1
8258,1131,167,167,599,4
8259,1131,32,32,1887,10
8260,1132,78,80,1206,7
8261,1132,105,105,1233,7
8262,1132,108,108,1236,7
8263,1133,62,63,1917,10
8264,1134,40,40,688,5
8265,1134,42,42,690,5
8266,1134,70,70,718,5
8267,1134,72,72,720,5
8268,1134,85,85,733,5
8269,1134,99,99,1460,8
8270,1134,43,43,1644,9
8271,1134,56,56,1657,9
8272,1134,106,107,1961,10
8273,1134,112,112,1967,10
8274,1134,180,181,2792,13
8275,1134,185,185,3044,14
8276,1134,116,116,3218,15
8277,1134,29,30,3358,16
8278,1134,72,74,3402,16
8279,1134,59,59,3639,17
8280,1134,204,204,3784,17
8281,1134,227,227,3807,17
8282,1134,61,61,3888,18
8283,1134,66,66,3893,18
8284,1134,114,114,3941,18
8285,1134,156,159,3983,18
8286,1134,207,208,4034,18
8287,1134,20,20,4109,19
8288,1135,29,29,406,3
8289,1135,227,227,875,5
8290,1136,163,163,3022,14
8291,1137,88,88,87,1
8292,1138,66,66,3396,16
8293,1139,65,65,3395,16
8294,1139,196,196,3526,16
8295,1139,205,205,3535,16
8296,1140,82,82,265,2
8297,1140,102,102,285,2
8298,1140,135,135,318,2
8299,1141,35,35,1636,9
8300,1141,213,213,2068,10
8301,1142,104,104,1232,7
8302,1143,104,104,1232,7
8303,1144,13,14,4384,21
8304,1144,16,16,4387,21
8305,1144,21,21,4392,21
8306,1144,193,193,4564,21
8307,1144,167,169,4804,22
8308,1145,90,90,4951,20
8309,1145,104,104,4965,20
8310,1145,107,107,4968,20
8311,1145,109,109,4970,20
8312,1145,111,111,4972,20
8313,1145,114,115,4975,20
8314,1145,117,117,4978,20
8315,1145,119,119,4980,20
8316,1145,121,123,4982,20
8317,1145,125,125,4986,20
8318,1145,128,129,4989,20
8319,1145,131,132,4992,20
8320,1145,136,137,4997,20
8321,1145,139,140,5000,20
8322,1145,143,143,5004,20
8323,1145,146,146,5007,20
8324,1145,149,151,5010,20
8325,1145,153,153,5014,20
8326,1145,155,161,5016,20
8327,1145,177,177,5038,20
8328,1145,33,33,4404,21
8329,1146,174,174,4263,19
8330,1147,103,103,4192,19
8331,1148,226,226,4597,21
8332,1148,228,228,4599,21
8333,1148,232,232,4603,21
8334,1149,20,20,4881,20
8335,1150,123,123,4494,21
8336,1151,27,27,675,5
8337,1151,45,45,693,5
8338,1151,78,78,726,5
8339,1152,138,138,570,4
8340,1152,74,74,722,5
8341,1152,92,92,740,5
8342,1153,187,187,2555,12
8343,1154,58,58,706,5
8344,1155,14,14,4385,21
8345,1156,13,14,4384,21
8346,1156,16,16,4387,21
8347,1156,19,19,4390,21
8348,1157,193,193,3523,16
8349,1158,201,201,4572,21
8350,1158,211,211,4582,21
8351,1158,223,223,4594,21
8352,1158,241,241,4612,21
8353,1158,48,48,4685,22
8354,1158,52,52,4689,22
8355,1158,66,66,4703,22
8356,1159,157,157,156,1
8357,1159,159,159,158,1
8358,1159,24,25,207,2
8359,1159,30,30,213,2
8360,1159,87,88,519,4
8361,1159,65,65,713,5
8362,1159,79,79,727,5
8363,1159,197,197,1325,7
8364,1159,149,149,1510,8
8365,1159,22,22,2390,12
8366,1159,103,104,2962,14
8367,1159,171,171,3030,14
8368,1160,70,70,2929,14
8369,1161,153,155,2265,11
8370,1162,204,205,1332,7
8371,1162,75,75,1436,8
8372,1162,188,189,2300,11
8373,1162,41,42,2409,12
8374,1162,44,45,2412,12
8375,1162,124,129,2492,12
8376,1162,139,139,2507,12
8377,1162,141,142,2509,12
8378,1162,156,156,2524,12
8379,1162,21,21,2633,13
8380,1162,29,29,2641,13
8381,1162,74,74,2686,13
8382,1163,78,78,4449,21
8383,1164,20,20,3600,17
8384,1165,172,173,2784,13
8385,1165,185,185,2797,13
8386,1165,39,39,3369,16
8387,1165,75,75,3405,16
8388,1165,77,77,3407,16
8389,1166,170,172,2025,10
8390,1167,128,128,4217,19
8391,1167,130,130,4219,19
8392,1167,155,155,4244,19
8393,1167,173,173,4262,19
8394,1167,181,181,5042,20
8395,1168,78,78,4449,21
8396,1169,96,96,4957,20
8397,1170,70,71,2438,12
8398,1171,48,48,47,1
8399,1171,132,133,131,1
8400,1171,18,18,201,2
8401,1171,40,41,223,2
8402,1171,43,43,420,3
8403,1171,48,48,425,3
8404,1171,62,62,494,4
8405,1171,95,95,743,5
8406,1171,127,127,1017,6
8407,1171,163,163,1291,7
8408,1171,127,128,1728,9
8409,1171,154,154,1755,9
8410,1171,183,183,1784,9
8411,1171,233,233,1834,9
8412,1171,163,163,2018,10
8413,1171,243,243,2098,10
8414,1171,12,12,2380,12
8415,1171,70,72,2438,12
8416,1171,140,140,2508,12
8417,1171,139,139,2998,14
8418,1171,181,181,3040,14
8419,1171,207,207,3309,15
8420,1171,34,34,3364,16
8421,1171,154,154,3734,17
8422,1171,144,144,4233,19
8423,1172,81,81,513,4
8424,1172,101,101,533,4
8425,1172,104,104,536,4
8426,1172,107,107,539,4
8427,1172,115,115,547,4
8428,1172,119,122,551,4
8429,1172,128,128,560,4
8430,1172,146,147,578,4
8431,1172,149,149,581,4
8432,1172,152,153,584,4
8433,1172,156,156,588,4
8434,1172,160,161,592,4
8435,1172,19,19,667,5
8436,1172,27,27,675,5
8437,1172,33,33,681,5
8438,1172,38,38,686,5
8439,1172,42,42,690,5
8440,1172,58,58,706,5
8441,1172,60,61,708,5
8442,1172,66,66,714,5
8443,1172,83,83,731,5
8444,1172,85,85,733,5
8445,1172,153,153,801,5
8446,1173,60,60,708,5
8447,1174,153,153,4524,21
8448,1175,89,89,521,4
8449,1175,135,135,567,4
8450,1175,137,139,569,4
8451,1175,102,102,1957,10
8452,1176,197,198,4286,19
8453,1177,211,211,4582,21
8454,1177,213,213,4584,21
8455,1178,13,13,12,1
8456,1178,68,69,67,1
8457,1178,92,92,91,1
8458,1178,36,36,219,2
8459,1178,82,82,265,2
8460,1178,15,15,663,5
8461,1178,26,26,674,5
8462,1178,28,28,676,5
8463,1178,76,76,724,5
8464,1178,95,95,743,5
8465,1178,102,102,750,5
8466,1178,141,141,789,5
8467,1178,159,159,807,5
8468,1178,224,224,872,5
8469,1178,229,229,877,5
8470,1178,158,158,1048,6
8471,1178,166,167,1056,6
8472,1178,170,172,1060,6
8473,1178,174,176,1064,6
8474,1178,179,179,1069,6
8475,1178,188,189,1078,6
8476,1178,191,191,1081,6
8477,1178,207,207,1097,6
8478,1178,219,219,1347,7
8479,1178,39,39,1400,8
8480,1178,135,135,1496,8
8481,1178,144,144,1505,8
8482,1178,149,149,1510,8
8483,1178,152,153,1513,8
8484,1178,234,235,1595,8
8485,1178,103,103,3205,15
8486,1178,204,204,4031,18
8487,1178,152,152,4241,19
8488,1178,37,38,4898,20
8489,1178,111,111,4972,20
8490,1178,114,114,4975,20
8491,1178,117,117,4978,20
8492,1178,119,119,4980,20
8493,1178,121,121,4982,20
8494,1178,123,123,4984,20
8495,1178,125,125,4986,20
8496,1178,134,134,4995,20
8497,1178,136,136,4997,20
8498,1178,138,138,4999,20
8499,1178,140,144,5001,20
8500,1178,146,146,5007,20
8501,1178,151,151,5012,20
8502,1178,158,158,5019,20
8503,1178,172,172,5033,20
8504,1178,177,177,5038,20
8505,1178,182,182,5043,20
8506,1178,33,33,4404,21
8507,1178,256,256,4627,21
8508,1178,148,148,4785,22
8509,1179,24,24,207,2
8510,1179,45,45,935,6
8511,1179,49,49,939,6
8512,1179,209,209,1099,6
8513,1179,148,148,1276,7
8514,1179,178,178,1306,7
8515,1179,182,182,1310,7
8516,1179,19,19,1380,8
8517,1179,58,58,1419,8
8518,1179,124,124,1485,8
8519,1179,211,211,1572,8
8520,1179,218,218,1579,8
8521,1179,227,227,1588,8
8522,1179,55,55,1656,9
8523,1179,119,119,1720,9
8524,1179,171,171,1772,9
8525,1179,197,197,2052,10
8526,1179,230,230,2342,11
8527,1179,148,148,2516,12
8528,1180,191,191,2559,12
8529,1181,80,80,4717,22
8530,1181,84,85,4721,22
8531,1181,87,87,4724,22
8532,1182,125,125,2984,14
8533,1182,162,162,3021,14
8534,1182,167,167,3026,14
8535,1182,193,193,3295,15
8536,1182,182,182,3512,16
8537,1182,19,19,3846,18
8538,1182,97,97,3924,18
8539,1183,5,6,1366,8
8540,1183,14,16,1375,8
8541,1183,21,21,1382,8
8542,1183,27,27,1388,8
8543,1183,195,195,1556,8
8544,1183,116,116,1717,9
8545,1183,133,133,1734,9
8546,1183,142,142,1743,9
8547,1183,159,159,1760,9
8548,1184,17,17,1618,9
8549,1184,33,33,1888,10
8550,1184,35,35,1890,10
8551,1184,47,47,1902,10
8552,1184,69,70,1924,10
8553,1184,109,109,1964,10
8554,1184,129,130,1984,10
8555,1184,167,167,2022,10
8556,1184,175,175,2030,10
8557,1184,19,19,2131,11
8558,1184,22,22,2134,11
8559,1184,26,26,2138,11
8560,1184,30,30,2142,11
8561,1184,57,57,2169,11
8562,1184,104,104,2216,11
8563,1184,114,114,2226,11
8564,1184,118,118,2230,11
8565,1184,243,243,2355,11
8566,1184,22,22,2390,12
8567,1184,93,93,2461,12
8568,1184,113,113,2481,12
8569,1184,119,119,2487,12
8570,1184,128,128,2496,12
8571,1184,133,133,2745,13
8572,1184,205,205,2817,13
8573,1184,208,208,2820,13
8574,1184,68,68,3648,17
8575,1184,93,94,3673,17
8576,1184,107,107,3687,17
8577,1184,128,128,3708,17
8578,1184,6,6,4377,21
8579,1184,187,189,4824,22
8580,1185,84,84,267,2
8581,1186,219,219,4856,22
8582,1187,139,140,138,1
8583,1187,12,12,195,2
8584,1187,35,35,218,2
8585,1187,53,54,236,2
8586,1187,58,58,241,2
8587,1187,63,64,246,2
8588,1187,66,67,249,2
8589,1187,80,81,263,2
8590,1187,83,85,266,2
8591,1187,88,88,271,2
8592,1187,98,99,281,2
8593,1187,141,141,324,2
8594,1187,150,150,333,2
8595,1187,158,158,341,2
8596,1187,168,168,351,2
8597,1187,46,46,423,3
8598,1187,5,5,437,4
8599,1187,161,161,593,4
8600,1187,10,11,658,5
8601,1187,24,24,672,5
8602,1187,33,33,681,5
8603,1187,101,101,749,5
8604,1187,155,155,803,5
8605,1187,49,49,1177,7
8606,1187,130,130,1258,7
8607,1187,148,148,1276,7
8608,1187,205,205,1333,7
8609,1187,67,67,1428,8
8610,1187,185,185,1546,8
8611,1187,209,209,1810,9
8612,1187,129,129,2241,11
8613,1187,134,134,2993,14
8614,1187,193,193,3295,15
8615,1188,193,193,3295,15
8616,1189,17,17,665,5
8617,1189,48,48,696,5
8618,1190,155,155,587,4
8619,1190,158,158,590,4
8620,1190,164,164,596,4
8621,1190,175,176,607,4
8622,1190,180,181,612,4
8623,1190,46,46,694,5
8624,1190,212,213,860,5
8625,1190,230,230,878,5
8626,1190,30,30,920,6
8627,1190,44,45,934,6
8628,1190,49,50,939,6
8629,1190,209,209,1099,6
8630,1190,20,20,2132,11
8631,1191,86,86,269,2
8632,1192,135,135,4224,19
8633,1192,199,199,4288,19
8634,1193,71,72,3173,15
8635,1193,74,74,3176,15
8636,1193,98,98,3200,15
8637,1193,105,105,3207,15
8638,1193,133,133,3235,15
8639,1193,139,140,3469,16
8640,1193,20,20,3600,17
8641,1193,80,81,3660,17
8642,1193,87,87,3667,17
8643,1193,213,213,3793,17
8644,1193,181,181,4008,18
8645,1193,24,24,4395,21
8646,1194,183,184,831,5
8647,1195,167,167,166,1
8648,1196,59,59,2918,14
8649,1196,61,61,2920,14
8650,1196,78,81,2937,14
8651,1196,224,224,3804,17
8652,1198,121,121,120,1
8653,1198,73,73,256,2
8654,1198,78,78,261,2
8655,1198,84,84,267,2
8656,1198,126,126,309,2
8657,1198,166,166,349,2
8658,1198,13,13,445,4
8659,1198,34,34,682,5
8660,1198,180,183,828,5
8661,1198,185,187,833,5
8662,1198,190,190,838,5
8663,1198,192,192,840,5
8664,1198,173,173,1063,6
8665,1198,186,186,1076,6
8666,1198,69,69,1197,7
8667,1198,222,223,1583,8
8668,1198,25,25,1626,9
8669,1198,61,61,1662,9
8670,1198,66,66,1667,9
8671,1198,90,91,1691,9
8672,1198,113,113,1714,9
8673,1198,142,144,1743,9
8674,1198,241,242,1842,9
8675,1198,96,97,2464,12
8676,1198,232,232,2600,12
8677,1198,24,24,2883,14
8678,1198,59,61,2918,14
8679,1198,78,81,2937,14
8680,1198,143,143,3002,14
8681,1198,199,200,3058,14
8682,1198,69,69,3399,16
8683,1198,152,152,3732,17
8684,1198,158,158,3738,17
8685,1198,216,218,4043,18
8686,1198,40,40,4129,19
8687,1198,156,156,4245,19
8688,1198,39,40,4410,21
8689,1198,131,131,4768,22
8690,1199,160,160,1761,9
8691,1199,171,171,2783,13
8692,1199,207,207,2819,13
8693,1200,160,160,5021,20
8694,1201,138,138,137,1
8695,1202,253,253,1854,9
8696,1203,8,8,191,2
8697,1204,145,145,144,1
8698,1204,150,150,333,2
8699,1204,179,179,362,2
8700,1204,5,5,382,3
8701,1204,32,32,409,3
8702,1204,52,52,484,4
8703,1205,62,62,245,2
8704,1206,17,17,665,5
8705,1207,99,99,98,1
8706,1208,174,174,173,1
8707,1209,7,7,3587,17
8708,1210,160,161,3019,14
8709,1210,8,8,3588,17
8710,1211,207,207,4578,21
8711,1212,74,74,722,5
8712,1212,227,228,2839,13
8713,1213,226,226,4053,18
8714,1214,5,5,1860,10
8715,1215,12,12,2624,13
8716,1216,108,108,1963,10
8717,1217,265,265,4354,19
8718,1218,265,265,4354,19
8719,1219,6,7,5,1
8720,1219,15,15,14,1
8721,1219,19,19,18,1
8722,1219,31,33,30,1
8723,1219,38,39,37,1
8724,1219,42,42,41,1
8725,1219,46,46,45,1
8726,1219,51,51,50,1
8727,1219,53,53,52,1
8728,1219,59,59,58,1
8729,1219,61,61,60,1
8730,1219,64,64,63,1
8731,1219,69,69,68,1
8732,1219,75,75,74,1
8733,1219,86,87,85,1
8734,1219,91,91,90,1
8735,1219,93,93,92,1
8736,1219,96,98,95,1
8737,1219,107,109,106,1
8738,1219,112,112,111,1
8739,1219,116,116,115,1
8740,1219,119,122,118,1
8741,1219,124,124,123,1
8742,1219,131,131,130,1
8743,1219,143,143,142,1
8744,1219,149,149,148,1
8745,1219,152,152,151,1
8746,1219,156,156,155,1
8747,1219,162,162,161,1
8748,1219,165,165,164,1
8749,1219,170,170,169,1
8750,1219,174,174,173,1
8751,1219,179,179,178,1
8752,1219,7,8,190,2
8753,1219,10,10,193,2
8754,1219,18,18,201,2
8755,1219,25,25,208,2
8756,1219,27,27,210,2
8757,1219,29,30,212,2
8758,1219,33,35,216,2
8759,1219,37,37,220,2
8760,1219,39,39,222,2
8761,1219,41,41,224,2
8762,1219,43,43,226,2
8763,1219,45,45,228,2
8764,1219,52,52,235,2
8765,1219,64,64,247,2
8766,1219,66,67,249,2
8767,1219,69,70,252,2
8768,1219,76,76,259,2
8769,1219,78,79,261,2
8770,1219,81,81,264,2
8771,1219,97,97,280,2
8772,1219,101,101,284,2
8773,1219,104,104,287,2
8774,1219,113,115,296,2
8775,1219,119,120,302,2
8776,1219,122,124,305,2
8777,1219,126,126,309,2
8778,1219,129,129,312,2
8779,1219,132,132,315,2
8780,1219,135,136,318,2
8781,1219,139,140,322,2
8782,1219,150,150,333,2
8783,1219,155,155,338,2
8784,1219,158,158,341,2
8785,1219,166,166,349,2
8786,1219,179,179,362,2
8787,1219,181,181,364,2
8788,1219,183,184,366,2
8789,1219,186,187,369,2
8790,1219,1,1,378,3
8791,1219,4,8,381,3
8792,1219,11,13,388,3
8793,1219,16,16,393,3
8794,1219,18,18,395,3
8795,1219,22,22,399,3
8796,1219,24,24,401,3
8797,1219,35,35,412,3
8798,1219,42,43,419,3
8799,1219,50,52,427,3
8800,1219,9,9,441,4
8801,1219,11,11,443,4
8802,1219,13,13,445,4
8803,1219,21,23,453,4
8804,1219,26,26,458,4
8805,1219,37,38,469,4
8806,1219,46,46,478,4
8807,1219,57,58,489,4
8808,1219,64,64,496,4
8809,1219,75,75,507,4
8810,1219,80,80,512,4
8811,1219,86,86,518,4
8812,1219,96,96,528,4
8813,1219,101,101,533,4
8814,1219,105,105,537,4
8815,1219,107,107,539,4
8816,1219,110,112,542,4
8817,1219,114,115,546,4
8818,1219,119,121,551,4
8819,1219,125,126,557,4
8820,1219,128,128,560,4
8821,1219,135,137,567,4
8822,1219,140,141,572,4
8823,1219,143,143,575,4
8824,1219,147,147,579,4
8825,1219,152,152,584,4
8826,1219,170,170,602,4
8827,1219,174,174,606,4
8828,1219,15,15,663,5
8829,1219,35,35,683,5
8830,1219,42,42,690,5
8831,1219,44,44,692,5
8832,1219,56,56,704,5
8833,1219,58,58,706,5
8834,1219,65,66,713,5
8835,1219,68,68,716,5
8836,1219,75,75,723,5
8837,1219,85,85,733,5
8838,1219,92,92,740,5
8839,1219,99,99,747,5
8840,1219,102,102,750,5
8841,1219,123,123,771,5
8842,1219,142,142,790,5
8843,1219,147,150,795,5
8844,1219,153,154,801,5
8845,1219,156,158,804,5
8846,1219,165,165,813,5
8847,1219,168,169,816,5
8848,1219,171,171,819,5
8849,1219,176,176,824,5
8850,1219,179,179,827,5
8851,1219,183,183,831,5
8852,1219,200,200,848,5
8853,1219,204,204,852,5
8854,1219,232,232,880,5
8855,1219,241,241,2096,10
8856,1219,256,256,2111,10
8857,1219,204,204,2816,13
8858,1219,146,147,3005,14
8859,1219,150,150,3009,14
8860,1219,30,30,3132,15
8861,1219,52,53,3154,15
8862,1219,57,57,3159,15
8863,1219,87,87,3189,15
8864,1219,94,94,3196,15
8865,1219,107,107,3209,15
8866,1219,129,129,3231,15
8867,1219,124,125,3454,16
8868,1219,138,138,3468,16
8869,1219,183,183,3513,16
8870,1219,105,105,3685,17
8871,1219,72,72,3899,18
8872,1219,182,182,4009,18
8873,1219,194,194,4021,18
8874,1219,240,240,4067,18
8875,1219,104,104,4193,19
8876,1219,154,154,4243,19
8877,1219,180,180,5041,20
8878,1220,168,169,3270,15
8879,1221,97,97,4958,20
8880,1222,84,84,83,1
8881,1222,67,67,250,2
8882,1222,87,87,735,5
8883,1222,221,222,1111,6
8884,1222,118,119,1479,8
8885,1223,25,25,1153,7
8886,1223,190,190,2802,13
8887,1223,118,118,3220,15
8888,1223,46,46,3873,18
8889,1224,57,57,56,1
8890,1224,63,63,62,1
8891,1224,72,72,71,1
8892,1224,164,164,163,1
8893,1224,69,69,252,2
8894,1224,183,183,366,2
8895,1224,47,49,479,4
8896,1224,130,130,562,4
8897,1224,176,177,608,4
8898,1224,62,63,710,5
8899,1224,55,55,945,6
8900,1224,13,13,1614,9
8901,1224,18,18,1619,9
8902,1224,23,26,1624,9
8903,1224,143,143,1744,9
8904,1224,158,158,1759,9
8905,1224,177,178,1778,9
8906,1224,191,191,1792,9
8907,1224,205,206,1806,9
8908,1224,247,247,2102,10
8909,1224,83,83,2195,11
8910,1224,9,9,2377,12
8911,1224,11,11,2379,12
8912,1224,49,49,2417,12
8913,1224,64,64,2432,12
8914,1224,93,96,2461,12
8915,1224,116,116,2484,12
8916,1224,10,10,2622,13
8917,1224,49,50,2661,13
8918,1224,68,68,2680,13
8919,1224,223,223,2835,13
8920,1224,36,36,2895,14
8921,1224,142,144,3001,14
8922,1224,61,61,3163,15
8923,1224,74,74,3176,15
8924,1224,99,99,3201,15
8925,1224,153,153,3255,15
8926,1224,36,36,3366,16
8927,1224,40,40,3370,16
8928,1224,43,43,3373,16
8929,1224,139,139,3469,16
8930,1224,177,177,3507,16
8931,1224,188,188,3518,16
8932,1224,191,191,3521,16
8933,1224,193,193,3523,16
8934,1224,8,8,3588,17
8935,1224,32,32,3612,17
8936,1224,65,65,3645,17
8937,1224,168,168,3748,17
8938,1224,15,15,3842,18
8939,1224,33,33,3860,18
8940,1224,35,35,3862,18
8941,1224,60,60,3887,18
8942,1224,66,66,3893,18
8943,1224,70,70,3897,18
8944,1224,84,85,3911,18
8945,1224,87,87,3914,18
8946,1224,103,104,3930,18
8947,1224,106,110,3933,18
8948,1224,164,164,3991,18
8949,1224,177,177,4004,18
8950,1224,224,224,4051,18
8951,1224,67,67,4156,19
8952,1224,99,99,4188,19
8953,1224,64,64,4925,20
8954,1224,91,91,4952,20
8955,1224,93,93,4954,20
8956,1224,122,122,4983,20
8957,1224,126,126,4987,20
8958,1224,128,128,4989,20
8959,1224,160,160,5021,20
8960,1224,165,165,5026,20
8961,1224,168,168,5029,20
8962,1224,31,31,4402,21
8963,1224,132,133,4503,21
8964,1224,181,182,4552,21
8965,1224,27,29,4664,22
8966,1224,98,99,4735,22
8967,1224,165,165,4802,22
8968,1225,45,45,2904,14
8969,1226,133,133,2745,13
8970,1227,93,93,4954,20
8971,1227,97,97,4958,20
8972,1227,159,160,5020,20
8973,1228,209,209,1570,8
8974,1228,24,24,1879,10
8975,1228,32,32,1887,10
8976,1228,15,15,3842,18
8977,1229,58,58,1186,7
8978,1230,145,145,577,4
8979,1230,18,19,3120,15
8980,1230,117,117,3219,15
8981,1230,84,84,3414,16
8982,1230,244,244,3574,16
8983,1231,90,90,2202,11
8984,1232,87,87,270,2
8985,1232,105,105,288,2
8986,1233,7,7,1135,7
8987,1234,78,78,4449,21
8988,1235,160,160,4531,21
8989,1235,12,12,4649,22
8990,1236,153,153,4524,21
8991,1237,217,217,1578,8
8992,1238,157,157,1047,6
8993,1239,217,217,1578,8
8994,1240,157,157,1047,6
8995,1241,11,11,10,1
8996,1242,57,57,2425,12
8997,1242,101,101,2469,12
8998,1242,122,122,2981,14
8999,1243,184,184,2552,12
9000,1244,78,78,4449,21
9001,1245,203,203,3305,15
9002,1246,22,22,399,3
9003,1247,7,7,2866,14
9004,1248,90,91,3192,15
9005,1248,93,93,3195,15
9006,1248,116,116,3218,15
9007,1248,178,178,3280,15
9008,1248,102,102,3432,16
9009,1249,116,116,3218,15
9010,1249,102,102,3432,16
9011,1250,75,75,1676,9
9012,1251,197,197,2809,13
9013,1252,93,93,3195,15
9014,1252,152,152,3254,15
9015,1252,65,65,3892,18
9016,1253,136,136,319,2
9017,1253,142,143,325,2
9018,1253,147,150,330,2
9019,1253,184,184,367,2
9020,1253,187,187,370,2
9021,1253,191,191,374,2
9022,1253,2,2,379,3
9023,1253,4,5,381,3
9024,1253,7,7,384,3
9025,1253,12,13,389,3
9026,1253,17,17,394,3
9027,1253,20,20,397,3
9028,1253,29,29,406,3
9029,1253,35,35,412,3
9030,1253,42,42,419,3
9031,1253,48,48,425,3
9032,1253,52,52,429,3
9033,1253,8,8,440,4
9034,1253,25,25,457,4
9035,1253,50,50,482,4
9036,1253,58,59,490,4
9037,1253,62,63,494,4
9038,1253,66,66,498,4
9039,1253,83,85,515,4
9040,1253,88,88,520,4
9041,1253,95,95,527,4
9042,1253,101,101,533,4
9043,1253,106,106,538,4
9044,1253,110,110,542,4
9045,1253,112,112,544,4
9046,1253,133,133,565,4
9047,1253,139,139,571,4
9048,1253,141,141,573,4
9049,1253,150,150,582,4
9050,1253,152,152,584,4
9051,1253,157,157,589,4
9052,1253,162,162,594,4
9053,1253,15,15,663,5
9054,1253,17,18,665,5
9055,1253,56,56,704,5
9056,1253,58,58,706,5
9057,1253,63,65,711,5
9058,1253,73,73,721,5
9059,1253,75,75,723,5
9060,1253,100,101,748,5
9061,1253,112,112,760,5
9062,1253,220,220,868,5
9063,1253,224,224,872,5
9064,1253,226,226,874,5
9065,1253,40,40,930,6
9066,1254,136,136,319,2
9067,1254,147,147,330,2
9068,1254,150,150,333,2
9069,1254,184,184,367,2
9070,1254,187,187,370,2
9071,1254,191,191,374,2
9072,1254,4,4,381,3
9073,1254,7,7,384,3
9074,1254,12,13,389,3
9075,1254,17,17,394,3
9076,1254,20,20,397,3
9077,1254,29,29,406,3
9078,1254,35,35,412,3
9079,1254,42,42,419,3
9080,1254,52,52,429,3
9081,1254,8,8,440,4
9082,1254,25,25,457,4
9083,1254,50,50,482,4
9084,1254,58,58,490,4
9085,1254,62,63,494,4
9086,1254,83,83,515,4
9087,1254,106,106,538,4
9088,1254,157,157,589,4
9089,1254,101,101,749,5
9090,1255,15,15,663,5
9091,1255,56,56,704,5
9092,1255,58,58,706,5
9093,1255,100,100,748,5
9094,1255,40,40,930,6
9095,1256,122,122,4493,21
9096,1257,43,43,1171,7
9097,1258,19,19,2131,11
9098,1258,24,24,2136,11
9099,1259,18,19,2130,11
9100,1259,22,22,2134,11
9101,1259,24,24,2136,11
9102,1259,33,33,2145,11
9103,1259,174,174,2542,12
9104,1260,143,143,3723,17
9105,1261,172,172,4543,21
9106,1261,23,23,4660,22
9107,1262,62,62,245,2
9108,1262,75,75,258,2
9109,1263,172,175,3502,16
9110,1264,179,179,4550,21
9111,1265,245,245,1846,9
9112,1266,71,71,1926,10
9113,1267,160,160,4531,21
9114,1267,162,162,4533,21
9115,1267,12,13,4649,22
9116,1268,153,153,4524,21
9117,1269,16,17,1377,8
9118,1269,23,23,1384,8
9119,1269,29,29,1390,8
9120,1269,40,40,1401,8
9121,1269,59,60,1420,8
9122,1269,100,100,1461,8
9123,1269,121,121,1482,8
9124,1269,125,125,1486,8
9125,1269,167,168,1528,8
9126,1269,213,213,1574,8
9127,1269,229,229,1590,8
9128,1269,21,21,1876,10
9129,1269,59,59,1914,10
9130,1269,135,135,1990,10
9131,1269,155,155,2010,10
9132,1269,13,14,2125,11
9133,1269,121,121,2980,14
9134,1270,96,96,2708,13
9135,1271,269,269,4358,19
9136,1272,54,54,237,2
9137,1273,17,17,2129,11
9138,1273,28,28,2140,11
9139,1274,246,246,2101,10
9140,1275,27,27,4116,19
9141,1275,30,30,4119,19
9142,1276,74,74,722,5
9143,1277,94,95,1222,7
9144,1277,100,100,1228,7
9145,1277,102,102,1230,7
9146,1278,106,108,1707,9
9147,1278,250,250,4077,18
9148,1278,18,20,4107,19
9149,1278,41,42,4130,19
9150,1278,60,60,4149,19
9151,1278,63,63,4152,19
9152,1279,220,221,1348,7
9153,1279,36,36,1397,8
9154,1279,58,58,1419,8
9155,1279,150,151,1511,8
9156,1279,156,156,1517,8
9157,1279,159,159,1520,8
9158,1279,166,166,1527,8
9159,1279,168,168,1529,8
9160,1279,57,57,1658,9
9161,1279,106,108,1707,9
9162,1279,11,11,1866,10
9163,1279,200,200,2055,10
9164,1279,228,229,2083,10
9165,1279,60,60,3390,16
9166,1279,12,12,3839,18
9167,1279,219,219,4046,18
9168,1279,222,222,4049,18
9169,1279,227,229,4054,18
9170,1279,233,234,4060,18
9171,1279,240,241,4067,18
9172,1279,243,243,4070,18
9173,1279,248,250,4075,18
9174,1279,13,13,4102,19
9175,1279,17,21,4106,19
9176,1279,28,30,4117,19
9177,1279,172,173,4261,19
9178,1279,176,177,4265,19
9179,1279,246,246,4335,19
9180,1279,35,35,4896,20
9181,1279,120,120,4981,20
9182,1279,169,169,5030,20
9183,1279,176,177,5037,20
9184,1279,183,183,5044,20
9185,1279,5,6,4376,21
9186,1279,11,12,4382,21
9187,1279,26,27,4397,21
9188,1279,55,55,4426,21
9189,1279,57,57,4428,21
9190,1279,67,68,4438,21
9191,1279,70,70,4441,21
9192,1279,76,76,4447,21
9193,1279,94,94,4465,21
9194,1279,192,196,4563,21
9195,1279,218,218,4589,21
9196,1279,145,146,4782,22
9197,1279,149,151,4786,22
9198,1280,166,166,1527,8
9199,1280,108,108,1709,9
9200,1280,20,20,4109,19
9201,1281,253,253,4080,18
9202,1282,101,101,284,2
9203,1283,227,227,3086,14
9204,1283,169,169,3271,15
9205,1284,104,104,103,1
9206,1284,34,34,1635,9
9207,1284,122,122,1723,9
9208,1284,96,97,4957,20
9209,1284,105,105,4966,20
9210,1285,240,240,2852,13
9211,1285,9,9,2868,14
9212,1285,43,49,2902,14
9213,1285,51,52,2910,14
9214,1285,54,55,2913,14
9215,1285,182,182,3041,14
9216,1285,242,242,3101,14
9217,1285,219,219,3321,15
9218,1285,19,19,4108,19
9219,1285,281,281,4370,19
9220,1286,154,154,153,1
9221,1286,156,156,155,1
9222,1286,8,8,191,2
9223,1286,98,98,281,2
9224,1287,136,136,2248,11
9225,1288,52,52,1413,8
9226,1288,227,227,2082,10
9227,1288,254,254,2109,10
9228,1288,118,119,2230,11
9229,1288,190,190,2302,11
9230,1288,194,194,2306,11
9231,1288,207,207,2319,11
9232,1288,215,215,2327,11
9233,1288,156,156,2524,12
9234,1288,169,169,2537,12
9235,1288,186,186,2554,12
9236,1288,195,195,2563,12
9237,1288,40,40,2652,13
9238,1288,76,76,2688,13
9239,1288,78,78,2690,13
9240,1288,105,105,2717,13
9241,1288,142,142,2754,13
9242,1288,146,146,2758,13
9243,1288,205,205,2817,13
9244,1288,207,207,2819,13
9245,1288,209,211,2821,13
9246,1288,217,217,2829,13
9247,1288,224,224,2836,13
9248,1288,232,232,2844,13
9249,1288,234,234,2846,13
9250,1288,236,236,2848,13
9251,1288,240,240,2852,13
9252,1288,8,8,2867,14
9253,1288,15,15,2874,14
9254,1288,19,22,2878,14
9255,1288,34,34,2893,14
9256,1288,52,52,2911,14
9257,1288,54,54,2913,14
9258,1288,56,56,2915,14
9259,1288,65,65,2924,14
9260,1288,67,68,2926,14
9261,1288,72,73,2931,14
9262,1288,83,85,2942,14
9263,1288,90,90,2949,14
9264,1288,93,93,2952,14
9265,1288,95,95,2954,14
9266,1288,103,103,2962,14
9267,1288,129,129,2988,14
9268,1288,131,132,2990,14
9269,1288,135,135,2994,14
9270,1288,137,137,2996,14
9271,1288,139,140,2998,14
9272,1288,147,148,3006,14
9273,1288,151,151,3010,14
9274,1288,155,155,3014,14
9275,1288,157,159,3016,14
9276,1288,162,163,3021,14
9277,1288,166,166,3025,14
9278,1288,168,168,3027,14
9279,1288,220,220,3079,14
9280,1288,24,24,3126,15
9281,1288,161,161,3263,15
9282,1288,177,177,3279,15
9283,1288,7,7,3335,16
9284,1288,10,10,3338,16
9285,1288,14,15,3342,16
9286,1288,25,25,3353,16
9287,1288,30,30,3360,16
9288,1288,33,34,3363,16
9289,1288,37,38,3367,16
9290,1288,53,54,3383,16
9291,1288,136,136,3466,16
9292,1288,180,180,3510,16
9293,1288,191,192,3521,16
9294,1288,200,200,3530,16
9295,1288,203,203,3533,16
9296,1288,206,206,3536,16
9297,1288,37,39,3617,17
9298,1288,193,193,3773,17
9299,1288,207,207,3787,17
9300,1288,232,232,3812,17
9301,1288,234,234,3814,17
9302,1288,29,29,3856,18
9303,1288,75,75,3902,18
9304,1288,115,115,3942,18
9305,1288,122,122,3949,18
9306,1288,147,147,3974,18
9307,1288,169,169,3996,18
9308,1288,183,183,4010,18
9309,1288,197,197,4024,18
9310,1288,213,213,4040,18
9311,1288,219,219,4046,18
9312,1288,222,222,4049,18
9313,1288,225,225,4052,18
9314,1288,227,227,4054,18
9315,1288,231,231,4058,18
9316,1288,243,243,4070,18
9317,1288,249,249,4076,18
9318,1288,10,10,4099,19
9319,1288,14,15,4103,19
9320,1288,48,48,4909,20
9321,1288,6,6,4377,21
9322,1288,196,196,4833,22
9323,1289,187,188,1315,7
9324,1289,32,32,1393,8
9325,1289,38,38,1399,8
9326,1289,43,43,1404,8
9327,1289,45,47,1406,8
9328,1289,212,212,1573,8
9329,1289,227,227,1588,8
9330,1289,110,110,1711,9
9331,1289,131,131,1732,9
9332,1289,171,171,1772,9
9333,1289,179,179,1780,9
9334,1289,192,192,1793,9
9335,1289,201,201,1802,9
9336,1289,204,204,1805,9
9337,1289,238,238,1839,9
9338,1289,19,19,1874,10
9339,1289,42,42,1897,10
9340,1289,48,48,1903,10
9341,1289,82,82,1937,10
9342,1289,156,156,2011,10
9343,1289,184,184,2039,10
9344,1289,196,196,2051,10
9345,1289,205,205,2060,10
9346,1289,225,225,2080,10
9347,1289,239,239,2094,10
9348,1289,246,246,2101,10
9349,1289,254,254,2109,10
9350,1289,28,28,2140,11
9351,1289,35,36,2147,11
9352,1289,38,38,2150,11
9353,1289,49,51,2161,11
9354,1289,59,60,2171,11
9355,1289,67,68,2179,11
9356,1289,73,73,2185,11
9357,1289,91,91,2203,11
9358,1289,100,101,2212,11
9359,1289,104,112,2216,11
9360,1289,114,115,2226,11
9361,1289,118,118,2230,11
9362,1289,123,125,2235,11
9363,1289,131,131,2243,11
9364,1289,137,137,2249,11
9365,1289,156,156,2268,11
9366,1289,166,166,2278,11
9367,1289,172,172,2284,11
9368,1289,178,178,2290,11
9369,1289,181,181,2293,11
9370,1289,184,184,2296,11
9371,1289,191,191,2303,11
9372,1289,193,193,2305,11
9373,1289,195,195,2307,11
9374,1289,203,203,2315,11
9375,1289,210,210,2322,11
9376,1289,215,215,2327,11
9377,1289,232,232,2344,11
9378,1289,7,7,2375,12
9379,1289,14,14,2382,12
9380,1289,19,19,2387,12
9381,1289,21,21,2389,12
9382,1289,34,35,2402,12
9383,1289,46,47,2414,12
9384,1289,51,51,2419,12
9385,1289,55,55,2423,12
9386,1289,68,69,2436,12
9387,1289,75,76,2443,12
9388,1289,79,79,2447,12
9389,1289,86,86,2454,12
9390,1289,93,93,2461,12
9391,1289,97,97,2465,12
9392,1289,119,119,2487,12
9393,1289,128,128,2496,12
9394,1289,135,135,2503,12
9395,1289,139,139,2507,12
9396,1289,154,156,2522,12
9397,1289,161,161,2529,12
9398,1289,165,165,2533,12
9399,1289,167,167,2535,12
9400,1289,169,171,2537,12
9401,1289,195,195,2563,12
9402,1289,199,199,2567,12
9403,1289,203,203,2571,12
9404,1289,205,205,2573,12
9405,1289,208,208,2576,12
9406,1289,221,222,2589,12
9407,1289,227,227,2595,12
9408,1289,234,234,2602,12
9409,1289,5,5,2617,13
9410,1289,14,14,2626,13
9411,1289,27,27,2639,13
9412,1289,39,40,2651,13
9413,1289,43,43,2655,13
9414,1289,47,47,2659,13
9415,1289,56,57,2668,13
9416,1289,72,73,2684,13
9417,1289,76,79,2688,13
9418,1289,87,87,2699,13
9419,1289,89,89,2701,13
9420,1289,105,105,2717,13
9421,1289,115,115,2727,13
9422,1289,118,118,2730,13
9423,1289,135,137,2747,13
9424,1289,139,142,2751,13
9425,1289,144,145,2756,13
9426,1289,147,149,2759,13
9427,1289,152,152,2764,13
9428,1289,154,155,2766,13
9429,1289,157,157,2769,13
9430,1289,169,170,2781,13
9431,1289,192,192,2804,13
9432,1289,195,196,2807,13
9433,1289,200,200,2812,13
9434,1289,207,210,2819,13
9435,1289,214,214,2826,13
9436,1289,224,224,2836,13
9437,1289,232,232,2844,13
9438,1289,234,234,2846,13
9439,1289,237,238,2849,13
9440,1289,240,241,2852,13
9441,1289,5,6,2864,14
9442,1289,8,8,2867,14
9443,1289,10,10,2869,14
9444,1289,12,12,2871,14
9445,1289,15,15,2874,14
9446,1289,20,22,2879,14
9447,1289,34,34,2893,14
9448,1289,37,37,2896,14
9449,1289,40,40,2899,14
9450,1289,52,52,2911,14
9451,1289,54,54,2913,14
9452,1289,65,65,2924,14
9453,1289,68,68,2927,14
9454,1289,72,73,2931,14
9455,1289,77,77,2936,14
9456,1289,83,84,2942,14
9457,1289,93,95,2952,14
9458,1289,102,103,2961,14
9459,1289,106,108,2965,14
9460,1289,111,111,2970,14
9461,1289,113,113,2972,14
9462,1289,120,120,2979,14
9463,1289,122,122,2981,14
9464,1289,125,126,2984,14
9465,1289,129,129,2988,14
9466,1289,131,131,2990,14
9467,1289,135,140,2994,14
9468,1289,147,148,3006,14
9469,1289,151,151,3010,14
9470,1289,154,158,3013,14
9471,1289,162,163,3021,14
9472,1289,166,168,3025,14
9473,1289,220,222,3079,14
9474,1289,24,24,3126,15
9475,1289,32,32,3134,15
9476,1289,46,46,3148,15
9477,1289,93,93,3195,15
9478,1289,116,117,3218,15
9479,1289,128,128,3230,15
9480,1289,169,169,3271,15
9481,1289,171,171,3273,15
9482,1289,177,177,3279,15
9483,1289,183,183,3285,15
9484,1289,186,186,3288,15
9485,1289,188,189,3290,15
9486,1289,7,7,3335,16
9487,1289,9,10,3337,16
9488,1289,12,15,3340,16
9489,1289,19,19,3347,16
9490,1289,24,27,3352,16
9491,1289,30,30,3360,16
9492,1289,33,34,3363,16
9493,1289,37,38,3367,16
9494,1289,50,50,3380,16
9495,1289,53,53,3383,16
9496,1289,55,55,3385,16
9497,1289,67,68,3397,16
9498,1289,82,82,3412,16
9499,1289,91,93,3421,16
9500,1289,97,97,3427,16
9501,1289,134,134,3464,16
9502,1289,136,136,3466,16
9503,1289,138,138,3468,16
9504,1289,140,140,3470,16
9505,1289,147,147,3477,16
9506,1289,149,149,3479,16
9507,1289,161,163,3491,16
9508,1289,179,180,3509,16
9509,1289,191,191,3521,16
9510,1289,199,201,3529,16
9511,1289,203,203,3533,16
9512,1289,205,206,3535,16
9513,1289,246,246,3576,16
9514,1289,13,13,3593,17
9515,1289,18,18,3598,17
9516,1289,27,27,3607,17
9517,1289,35,35,3615,17
9518,1289,38,38,3618,17
9519,1289,41,41,3621,17
9520,1289,92,92,3672,17
9521,1289,100,100,3680,17
9522,1289,159,159,3739,17
9523,1289,205,207,3785,17
9524,1289,219,219,3799,17
9525,1289,225,226,3805,17
9526,1289,228,228,3808,17
9527,1289,233,233,3813,17
9528,1289,18,18,3845,18
9529,1289,21,21,3848,18
9530,1289,29,30,3856,18
9531,1289,44,44,3871,18
9532,1289,55,55,3882,18
9533,1289,58,59,3885,18
9534,1289,75,75,3902,18
9535,1289,89,89,3916,18
9536,1289,106,106,3933,18
9537,1289,115,115,3942,18
9538,1289,122,122,3949,18
9539,1289,147,147,3974,18
9540,1289,152,152,3979,18
9541,1289,163,163,3990,18
9542,1289,169,169,3996,18
9543,1289,183,184,4010,18
9544,1289,197,201,4024,18
9545,1289,207,207,4034,18
9546,1289,210,210,4037,18
9547,1289,212,213,4039,18
9548,1289,219,219,4046,18
9549,1289,225,225,4052,18
9550,1289,231,231,4058,18
9551,1289,234,234,4061,18
9552,1289,238,238,4065,18
9553,1289,249,249,4076,18
9554,1289,256,256,4083,18
9555,1289,10,11,4099,19
9556,1289,14,15,4103,19
9557,1289,48,48,4909,20
9558,1289,58,58,4919,20
9559,1289,164,164,5025,20
9560,1289,168,168,5029,20
9561,1289,170,170,5031,20
9562,1289,183,183,5044,20
9563,1289,5,6,4376,21
9564,1289,29,29,4400,21
9565,1289,34,35,4405,21
9566,1289,60,60,4431,21
9567,1289,65,65,4436,21
9568,1289,69,70,4440,21
9569,1289,75,75,4446,21
9570,1289,156,156,4793,22
9571,1290,145,145,1273,7
9572,1290,186,186,1314,7
9573,1290,188,188,1316,7
9574,1290,191,191,1319,7
9575,1290,196,196,1324,7
9576,1290,201,201,1329,7
9577,1290,203,203,1331,7
9578,1290,210,210,1338,7
9579,1290,216,216,1344,7
9580,1290,27,27,1388,8
9581,1290,29,30,1390,8
9582,1290,38,38,1399,8
9583,1290,43,44,1404,8
9584,1290,49,49,1410,8
9585,1290,53,53,1414,8
9586,1290,185,185,1546,8
9587,1290,160,160,1761,9
9588,1290,201,201,1802,9
9589,1290,204,205,1805,9
9590,1290,60,61,1915,10
9591,1290,219,219,2074,10
9592,1290,221,221,2076,10
9593,1290,231,231,2086,10
9594,1290,254,254,2109,10
9595,1290,32,32,2144,11
9596,1290,36,38,2148,11
9597,1290,65,65,2177,11
9598,1290,67,67,2179,11
9599,1290,82,82,2194,11
9600,1290,85,86,2197,11
9601,1290,100,100,2212,11
9602,1290,105,105,2217,11
9603,1290,170,170,2282,11
9604,1290,172,172,2284,11
9605,1290,181,181,2293,11
9606,1290,190,191,2302,11
9607,1290,195,195,2307,11
9608,1290,197,197,2309,11
9609,1290,210,210,2322,11
9610,1290,214,215,2326,11
9611,1290,19,19,2387,12
9612,1290,21,21,2389,12
9613,1290,35,36,2403,12
9614,1290,51,51,2419,12
9615,1290,75,75,2443,12
9616,1290,93,93,2461,12
9617,1290,97,97,2465,12
9618,1290,119,119,2487,12
9619,1290,128,128,2496,12
9620,1290,135,135,2503,12
9621,1290,139,139,2507,12
9622,1290,154,154,2522,12
9623,1290,162,162,2530,12
9624,1290,170,170,2538,12
9625,1290,195,195,2563,12
9626,1290,199,199,2567,12
9627,1290,208,208,2576,12
9628,1290,221,221,2589,12
9629,1290,234,234,2602,12
9630,1290,236,236,2604,12
9631,1290,10,10,2622,13
9632,1290,39,39,2651,13
9633,1290,43,43,2655,13
9634,1290,46,47,2658,13
9635,1290,56,56,2668,13
9636,1290,73,73,2685,13
9637,1290,75,77,2687,13
9638,1290,87,87,2699,13
9639,1290,104,104,2716,13
9640,1290,111,111,2723,13
9641,1290,115,115,2727,13
9642,1290,118,118,2730,13
9643,1290,135,138,2747,13
9644,1290,149,151,2761,13
9645,1290,164,164,2776,13
9646,1290,169,169,2781,13
9647,1290,180,182,2792,13
9648,1290,187,187,2799,13
9649,1290,192,192,2804,13
9650,1290,200,200,2812,13
9651,1290,205,205,2817,13
9652,1290,209,209,2821,13
9653,1290,224,224,2836,13
9654,1290,232,232,2844,13
9655,1290,240,241,2852,13
9656,1290,8,8,2867,14
9657,1290,11,12,2870,14
9658,1290,19,19,2878,14
9659,1290,22,22,2881,14
9660,1290,34,34,2893,14
9661,1290,37,37,2896,14
9662,1290,54,54,2913,14
9663,1290,66,66,2925,14
9664,1290,84,85,2943,14
9665,1290,88,88,2947,14
9666,1290,107,107,2966,14
9667,1290,119,119,2978,14
9668,1290,124,124,2983,14
9669,1290,131,131,2990,14
9670,1290,135,136,2994,14
9671,1290,139,140,2998,14
9672,1290,147,148,3006,14
9673,1290,153,153,3012,14
9674,1290,155,155,3014,14
9675,1290,157,157,3016,14
9676,1290,160,160,3019,14
9677,1290,162,162,3021,14
9678,1290,166,166,3025,14
9679,1290,168,168,3027,14
9680,1290,217,218,3076,14
9681,1290,220,220,3079,14
9682,1290,222,222,3081,14
9683,1290,23,23,3125,15
9684,1290,44,45,3146,15
9685,1290,49,49,3151,15
9686,1290,117,117,3219,15
9687,1290,161,161,3263,15
9688,1290,171,171,3273,15
9689,1290,177,177,3279,15
9690,1290,183,183,3285,15
9691,1290,186,186,3288,15
9692,1290,7,7,3335,16
9693,1290,10,10,3338,16
9694,1290,14,15,3342,16
9695,1290,19,19,3347,16
9696,1290,25,25,3353,16
9697,1290,30,30,3360,16
9698,1290,33,33,3363,16
9699,1290,37,38,3367,16
9700,1290,49,49,3379,16
9701,1290,54,54,3384,16
9702,1290,67,67,3397,16
9703,1290,73,74,3403,16
9704,1290,91,91,3421,16
9705,1290,94,94,3424,16
9706,1290,117,117,3447,16
9707,1290,134,134,3464,16
9708,1290,136,136,3466,16
9709,1290,149,149,3479,16
9710,1290,153,153,3483,16
9711,1290,161,162,3491,16
9712,1290,192,192,3522,16
9713,1290,199,199,3529,16
9714,1290,202,203,3532,16
9715,1290,205,205,3535,16
9716,1290,242,243,3572,16
9717,1290,246,246,3576,16
9718,1290,13,13,3593,17
9719,1290,27,27,3607,17
9720,1290,38,39,3618,17
9721,1290,205,206,3785,17
9722,1290,208,208,3788,17
9723,1290,219,219,3799,17
9724,1290,225,225,3805,17
9725,1290,232,232,3812,17
9726,1290,18,18,3845,18
9727,1290,30,30,3857,18
9728,1290,44,44,3871,18
9729,1290,55,55,3882,18
9730,1290,58,58,3885,18
9731,1290,69,69,3896,18
9732,1290,75,75,3902,18
9733,1290,95,95,3922,18
9734,1290,106,106,3933,18
9735,1290,115,115,3942,18
9736,1290,117,117,3944,18
9737,1290,122,122,3949,18
9738,1290,125,125,3952,18
9739,1290,152,152,3979,18
9740,1290,163,163,3990,18
9741,1290,169,169,3996,18
9742,1290,182,182,4009,18
9743,1290,197,198,4024,18
9744,1290,200,201,4027,18
9745,1290,210,210,4037,18
9746,1290,213,213,4040,18
9747,1290,219,219,4046,18
9748,1290,225,225,4052,18
9749,1290,227,227,4054,18
9750,1290,231,231,4058,18
9751,1290,234,234,4061,18
9752,1290,243,243,4070,18
9753,1290,249,249,4076,18
9754,1290,10,10,4099,19
9755,1290,14,15,4103,19
9756,1290,141,141,4230,19
9757,1290,48,48,4909,20
9758,1290,52,52,4913,20
9759,1290,57,57,4918,20
9760,1290,164,164,5025,20
9761,1290,168,168,5029,20
9762,1290,170,170,5031,20
9763,1290,179,180,5040,20
9764,1290,183,183,5044,20
9765,1290,5,6,4376,21
9766,1290,22,22,4393,21
9767,1290,28,29,4399,21
9768,1290,60,60,4431,21
9769,1290,62,63,4433,21
9770,1290,65,65,4436,21
9771,1290,69,69,4440,21
9772,1290,75,75,4446,21
9773,1290,156,156,4793,22
9774,1291,145,145,1273,7
9775,1291,186,186,1314,7
9776,1291,44,44,1405,8
9777,1291,49,49,1410,8
9778,1291,254,254,2109,10
9779,1291,114,114,2226,11
9780,1291,191,191,2303,11
9781,1291,195,195,2307,11
9782,1291,207,207,2319,11
9783,1291,7,7,2375,12
9784,1291,169,169,2537,12
9785,1291,200,200,2812,13
9786,1291,207,207,2819,13
9787,1291,5,5,2864,14
9788,1291,15,15,2874,14
9789,1291,19,19,2878,14
9790,1291,21,21,2880,14
9791,1291,52,52,2911,14
9792,1291,68,68,2927,14
9793,1291,72,73,2931,14
9794,1291,120,120,2979,14
9795,1291,135,135,2994,14
9796,1291,137,137,2996,14
9797,1291,147,147,3006,14
9798,1291,151,151,3010,14
9799,1291,163,163,3022,14
9800,1291,227,227,3086,14
9801,1291,32,32,3134,15
9802,1291,169,169,3271,15
9803,1291,177,177,3279,15
9804,1291,207,207,3787,17
9805,1291,219,219,3799,17
9806,1291,116,116,3943,18
9807,1291,140,140,3967,18
9808,1291,219,219,4046,18
9809,1291,233,233,4060,18
9810,1291,65,65,4926,20
9811,1291,78,79,4939,20
9812,1291,81,81,4942,20
9813,1291,83,83,4944,20
9814,1291,86,86,4947,20
9815,1291,88,88,4949,20
9816,1291,100,100,4961,20
9817,1291,115,115,4976,20
9818,1291,59,59,4430,21
9819,1291,145,145,4782,22
9820,1292,44,44,1405,8
9821,1292,254,254,2109,10
9822,1292,36,36,2148,11
9823,1292,191,191,2303,11
9824,1292,194,194,2306,11
9825,1292,207,207,2319,11
9826,1292,169,170,2537,12
9827,1292,229,229,2597,12
9828,1292,119,119,2731,13
9829,1292,207,207,2819,13
9830,1292,5,5,2864,14
9831,1292,15,15,2874,14
9832,1292,19,19,2878,14
9833,1292,120,120,2979,14
9834,1292,131,131,2990,14
9835,1292,137,137,2996,14
9836,1292,147,147,3006,14
9837,1292,163,163,3022,14
9838,1292,115,116,3942,18
9839,1293,207,207,2319,11
9840,1293,227,227,3086,14
9841,1294,207,207,3309,15
9842,1295,207,207,2319,11
9843,1295,227,227,3086,14
9844,1295,207,207,3787,17
9845,1296,23,23,3125,15
9846,1297,36,36,2148,11
9847,1297,207,207,2319,11
9848,1297,119,119,2731,13
9849,1297,135,135,2747,13
9850,1297,140,140,2752,13
9851,1297,155,155,2767,13
9852,1297,157,157,2769,13
9853,1297,159,159,2771,13
9854,1297,227,227,3086,14
9855,1297,32,32,3134,15
9856,1297,74,74,3901,18
9857,1297,213,213,4040,18
9858,1298,188,188,1316,7
9859,1298,46,47,1407,8
9860,1298,50,50,1411,8
9861,1298,52,52,1413,8
9862,1298,160,160,1761,9
9863,1298,171,171,1772,9
9864,1298,204,205,1805,9
9865,1298,208,208,1809,9
9866,1298,48,48,1903,10
9867,1298,185,186,2040,10
9868,1298,196,196,2051,10
9869,1298,205,205,2060,10
9870,1298,212,212,2067,10
9871,1298,226,227,2081,10
9872,1298,238,238,2093,10
9873,1298,246,246,2101,10
9874,1298,254,254,2109,10
9875,1298,35,35,2147,11
9876,1298,67,67,2179,11
9877,1298,73,73,2185,11
9878,1298,75,75,2187,11
9879,1298,105,105,2217,11
9880,1298,109,109,2221,11
9881,1298,118,118,2230,11
9882,1298,132,132,2244,11
9883,1298,169,169,2281,11
9884,1298,171,171,2283,11
9885,1298,174,174,2286,11
9886,1298,179,179,2291,11
9887,1298,182,182,2294,11
9888,1298,190,193,2302,11
9889,1298,199,199,2311,11
9890,1298,209,210,2321,11
9891,1298,212,215,2324,11
9892,1298,255,255,2367,11
9893,1298,14,14,2382,12
9894,1298,17,17,2385,12
9895,1298,21,21,2389,12
9896,1298,23,23,2391,12
9897,1298,34,34,2402,12
9898,1298,46,46,2414,12
9899,1298,51,51,2419,12
9900,1298,65,65,2433,12
9901,1298,76,76,2444,12
9902,1298,79,79,2447,12
9903,1298,93,93,2461,12
9904,1298,97,97,2465,12
9905,1298,103,103,2471,12
9906,1298,107,107,2475,12
9907,1298,119,119,2487,12
9908,1298,139,139,2507,12
9909,1298,162,162,2530,12
9910,1298,167,167,2535,12
9911,1298,169,169,2537,12
9912,1298,195,195,2563,12
9913,1298,208,208,2576,12
9914,1298,227,227,2595,12
9915,1298,234,235,2602,12
9916,1298,5,5,2617,13
9917,1298,10,10,2622,13
9918,1298,27,27,2639,13
9919,1298,39,40,2651,13
9920,1298,43,43,2655,13
9921,1298,48,48,2660,13
9922,1298,56,56,2668,13
9923,1298,76,77,2688,13
9924,1298,87,87,2699,13
9925,1298,89,90,2701,13
9926,1298,105,105,2717,13
9927,1298,113,113,2725,13
9928,1298,115,115,2727,13
9929,1298,132,132,2744,13
9930,1298,134,142,2746,13
9931,1298,145,145,2757,13
9932,1298,150,151,2762,13
9933,1298,155,155,2767,13
9934,1298,158,158,2770,13
9935,1298,160,160,2772,13
9936,1298,165,165,2777,13
9937,1298,169,169,2781,13
9938,1298,187,187,2799,13
9939,1298,192,192,2804,13
9940,1298,195,195,2807,13
9941,1298,200,200,2812,13
9942,1298,205,205,2817,13
9943,1298,209,209,2821,13
9944,1298,218,218,2830,13
9945,1298,223,224,2835,13
9946,1298,232,232,2844,13
9947,1298,234,234,2846,13
9948,1298,236,236,2848,13
9949,1298,240,241,2852,13
9950,1298,5,5,2864,14
9951,1298,19,19,2878,14
9952,1298,21,22,2880,14
9953,1298,34,34,2893,14
9954,1298,37,37,2896,14
9955,1298,56,56,2915,14
9956,1298,66,68,2925,14
9957,1298,77,78,2936,14
9958,1298,84,84,2943,14
9959,1298,94,95,2953,14
9960,1298,102,103,2961,14
9961,1298,106,106,2965,14
9962,1298,111,111,2970,14
9963,1298,113,113,2972,14
9964,1298,120,120,2979,14
9965,1298,122,122,2981,14
9966,1298,126,126,2985,14
9967,1298,131,132,2990,14
9968,1298,136,138,2995,14
9969,1298,140,140,2999,14
9970,1298,147,148,3006,14
9971,1298,153,154,3012,14
9972,1298,168,168,3027,14
9973,1298,221,222,3080,14
9974,1298,228,228,3087,14
9975,1298,232,233,3091,14
9976,1298,22,22,3124,15
9977,1298,32,32,3134,15
9978,1298,44,44,3146,15
9979,1298,46,46,3148,15
9980,1298,116,118,3218,15
9981,1298,128,128,3230,15
9982,1298,136,136,3238,15
9983,1298,138,138,3240,15
9984,1298,162,162,3264,15
9985,1298,169,170,3271,15
9986,1298,177,177,3279,15
9987,1298,188,188,3290,15
9988,1298,193,193,3295,15
9989,1298,7,7,3335,16
9990,1298,9,10,3337,16
9991,1298,14,15,3342,16
9992,1298,19,19,3347,16
9993,1298,25,26,3353,16
9994,1298,33,34,3363,16
9995,1298,38,38,3368,16
9996,1298,54,54,3384,16
9997,1298,56,56,3386,16
9998,1298,90,91,3420,16
9999,1298,93,93,3423,16
10000,1298,114,115,3444,16
10001,1298,121,122,3451,16
10002,1298,124,124,3454,16
10003,1298,134,134,3464,16
10004,1298,136,136,3466,16
10005,1298,149,149,3479,16
10006,1298,163,163,3493,16
10007,1298,193,193,3523,16
10008,1298,195,195,3525,16
10009,1298,200,200,3530,16
10010,1298,203,203,3533,16
10011,1298,228,228,3558,16
10012,1298,231,231,3561,16
10013,1298,233,234,3563,16
10014,1298,242,243,3572,16
10015,1298,245,246,3575,16
10016,1298,11,11,3591,17
10017,1298,13,13,3593,17
10018,1298,27,27,3607,17
10019,1298,35,35,3615,17
10020,1298,37,37,3617,17
10021,1298,39,39,3619,17
10022,1298,48,48,3628,17
10023,1298,64,64,3644,17
10024,1298,92,92,3672,17
10025,1298,100,100,3680,17
10026,1298,103,103,3683,17
10027,1298,115,116,3695,17
10028,1298,159,159,3739,17
10029,1298,169,170,3749,17
10030,1298,186,186,3766,17
10031,1298,188,188,3768,17
10032,1298,193,193,3773,17
10033,1298,205,205,3785,17
10034,1298,207,207,3787,17
10035,1298,219,219,3799,17
10036,1298,226,226,3806,17
10037,1298,228,228,3808,17
10038,1298,14,14,3841,18
10039,1298,18,18,3845,18
10040,1298,30,30,3857,18
10041,1298,44,44,3871,18
10042,1298,55,55,3882,18
10043,1298,69,69,3896,18
10044,1298,75,75,3902,18
10045,1298,89,89,3916,18
10046,1298,94,96,3921,18
10047,1298,106,106,3933,18
10048,1298,115,116,3942,18
10049,1298,119,119,3946,18
10050,1298,146,146,3973,18
10051,1298,152,152,3979,18
10052,1298,163,163,3990,18
10053,1298,169,169,3996,18
10054,1298,183,183,4010,18
10055,1298,197,198,4024,18
10056,1298,200,201,4027,18
10057,1298,210,210,4037,18
10058,1298,212,213,4039,18
10059,1298,219,219,4046,18
10060,1298,225,225,4052,18
10061,1298,227,227,4054,18
10062,1298,231,231,4058,18
10063,1298,243,243,4070,18
10064,1298,245,245,4072,18
10065,1298,249,249,4076,18
10066,1298,10,10,4099,19
10067,1298,21,21,4110,19
10068,1298,41,41,4130,19
10069,1298,63,63,4152,19
10070,1298,114,114,4203,19
10071,1298,250,252,4339,19
10072,1298,45,45,4906,20
10073,1298,138,138,4999,20
10074,1298,164,166,5025,20
10075,1298,168,168,5029,20
10076,1298,170,170,5031,20
10077,1298,179,179,5040,20
10078,1298,183,183,5044,20
10079,1298,5,7,4376,21
10080,1298,29,29,4400,21
10081,1298,34,34,4405,21
10082,1298,37,37,4408,21
10083,1298,60,60,4431,21
10084,1298,62,63,4433,21
10085,1298,65,65,4436,21
10086,1298,69,70,4440,21
10087,1298,75,75,4446,21
10088,1298,115,115,4486,21
10089,1298,186,186,4557,21
10090,1298,35,35,4672,22
10091,1298,156,156,4793,22
10092,1298,180,180,4817,22
10093,1298,190,190,4827,22
10094,1298,206,213,4843,22
10095,1299,203,203,1093,6
10096,1300,206,206,4843,22
10097,1300,211,211,4848,22
10098,1301,201,201,1802,9
10099,1302,187,188,1315,7
10100,1302,32,32,1393,8
10101,1302,38,38,1399,8
10102,1302,43,43,1404,8
10103,1302,45,47,1406,8
10104,1302,212,212,1573,8
10105,1302,227,227,1588,8
10106,1302,110,110,1711,9
10107,1302,131,131,1732,9
10108,1302,139,139,1740,9
10109,1302,160,160,1761,9
10110,1302,171,171,1772,9
10111,1302,179,179,1780,9
10112,1302,192,192,1793,9
10113,1302,201,201,1802,9
10114,1302,204,205,1805,9
10115,1302,238,238,1839,9
10116,1302,19,19,1874,10
10117,1302,42,42,1897,10
10118,1302,48,48,1903,10
10119,1302,60,60,1915,10
10120,1302,82,82,1937,10
10121,1302,156,156,2011,10
10122,1302,184,184,2039,10
10123,1302,196,196,2051,10
10124,1302,205,205,2060,10
10125,1302,225,225,2080,10
10126,1302,231,231,2086,10
10127,1302,238,238,2093,10
10128,1302,246,246,2101,10
10129,1302,254,254,2109,10
10130,1302,28,28,2140,11
10131,1302,35,38,2147,11
10132,1302,49,51,2161,11
10133,1302,59,60,2171,11
10134,1302,63,65,2175,11
10135,1302,67,68,2179,11
10136,1302,73,73,2185,11
10137,1302,91,91,2203,11
10138,1302,100,102,2212,11
10139,1302,104,112,2216,11
10140,1302,114,115,2226,11
10141,1302,118,118,2230,11
10142,1302,122,125,2234,11
10143,1302,131,134,2243,11
10144,1302,137,137,2249,11
10145,1302,156,156,2268,11
10146,1302,166,166,2278,11
10147,1302,170,172,2282,11
10148,1302,174,174,2286,11
10149,1302,178,178,2290,11
10150,1302,181,184,2293,11
10151,1302,190,191,2302,11
10152,1302,195,195,2307,11
10153,1302,201,201,2313,11
10154,1302,203,203,2315,11
10155,1302,209,210,2321,11
10156,1302,215,215,2327,11
10157,1302,231,231,2343,11
10158,1302,234,234,2346,11
10159,1302,238,238,2350,11
10160,1302,241,241,2353,11
10161,1302,7,7,2375,12
10162,1302,14,14,2382,12
10163,1302,19,19,2387,12
10164,1302,21,21,2389,12
10165,1302,23,23,2391,12
10166,1302,34,36,2402,12
10167,1302,46,48,2414,12
10168,1302,51,51,2419,12
10169,1302,54,55,2422,12
10170,1302,68,69,2436,12
10171,1302,75,76,2443,12
10172,1302,79,80,2447,12
10173,1302,84,84,2452,12
10174,1302,86,86,2454,12
10175,1302,93,93,2461,12
10176,1302,97,97,2465,12
10177,1302,119,119,2487,12
10178,1302,128,128,2496,12
10179,1302,135,135,2503,12
10180,1302,139,139,2507,12
10181,1302,154,156,2522,12
10182,1302,159,162,2527,12
10183,1302,165,165,2533,12
10184,1302,167,167,2535,12
10185,1302,169,171,2537,12
10186,1302,195,195,2563,12
10187,1302,199,199,2567,12
10188,1302,203,203,2571,12
10189,1302,205,205,2573,12
10190,1302,208,208,2576,12
10191,1302,221,221,2589,12
10192,1302,225,225,2593,12
10193,1302,227,227,2595,12
10194,1302,234,236,2602,12
10195,1302,242,242,2610,12
10196,1302,5,5,2617,13
10197,1302,10,10,2622,13
10198,1302,13,13,2625,13
10199,1302,27,27,2639,13
10200,1302,37,40,2649,13
10201,1302,43,43,2655,13
10202,1302,47,47,2659,13
10203,1302,56,57,2668,13
10204,1302,72,72,2684,13
10205,1302,76,79,2688,13
10206,1302,87,90,2699,13
10207,1302,105,105,2717,13
10208,1302,115,119,2727,13
10209,1302,132,132,2744,13
10210,1302,134,137,2746,13
10211,1302,140,142,2752,13
10212,1302,144,145,2756,13
10213,1302,147,149,2759,13
10214,1302,151,152,2763,13
10215,1302,155,155,2767,13
10216,1302,157,159,2769,13
10217,1302,161,162,2773,13
10218,1302,169,170,2781,13
10219,1302,192,192,2804,13
10220,1302,195,195,2807,13
10221,1302,200,200,2812,13
10222,1302,205,205,2817,13
10223,1302,207,207,2819,13
10224,1302,209,210,2821,13
10225,1302,214,214,2826,13
10226,1302,217,217,2829,13
10227,1302,224,224,2836,13
10228,1302,232,232,2844,13
10229,1302,234,234,2846,13
10230,1302,236,238,2848,13
10231,1302,240,241,2852,13
10232,1302,6,6,2865,14
10233,1302,8,8,2867,14
10234,1302,10,10,2869,14
10235,1302,12,12,2871,14
10236,1302,15,15,2874,14
10237,1302,21,21,2880,14
10238,1302,34,34,2893,14
10239,1302,37,37,2896,14
10240,1302,39,39,2898,14
10241,1302,54,54,2913,14
10242,1302,56,56,2915,14
10243,1302,66,68,2925,14
10244,1302,72,73,2931,14
10245,1302,76,76,2935,14
10246,1302,83,84,2942,14
10247,1302,88,88,2947,14
10248,1302,90,90,2949,14
10249,1302,93,95,2952,14
10250,1302,102,103,2961,14
10251,1302,106,106,2965,14
10252,1302,108,108,2967,14
10253,1302,110,111,2969,14
10254,1302,113,113,2972,14
10255,1302,120,122,2979,14
10256,1302,125,126,2984,14
10257,1302,129,129,2988,14
10258,1302,131,131,2990,14
10259,1302,135,140,2994,14
10260,1302,147,148,3006,14
10261,1302,154,155,3013,14
10262,1302,157,158,3016,14
10263,1302,162,163,3021,14
10264,1302,166,168,3025,14
10265,1302,213,213,3072,14
10266,1302,220,222,3079,14
10267,1302,24,24,3126,15
10268,1302,32,33,3134,15
10269,1302,46,46,3148,15
10270,1302,116,117,3218,15
10271,1302,128,128,3230,15
10272,1302,138,138,3240,15
10273,1302,170,170,3272,15
10274,1302,177,177,3279,15
10275,1302,183,183,3285,15
10276,1302,186,186,3288,15
10277,1302,191,191,3293,15
10278,1302,193,193,3295,15
10279,1302,7,7,3335,16
10280,1302,10,10,3338,16
10281,1302,12,15,3340,16
10282,1302,19,19,3347,16
10283,1302,23,23,3351,16
10284,1302,25,27,3353,16
10285,1302,30,30,3360,16
10286,1302,33,34,3363,16
10287,1302,37,37,3367,16
10288,1302,49,49,3379,16
10289,1302,53,54,3383,16
10290,1302,67,68,3397,16
10291,1302,82,82,3412,16
10292,1302,90,93,3420,16
10293,1302,96,97,3426,16
10294,1302,134,134,3464,16
10295,1302,136,136,3466,16
10296,1302,138,138,3468,16
10297,1302,140,141,3470,16
10298,1302,147,147,3477,16
10299,1302,149,150,3479,16
10300,1302,161,163,3491,16
10301,1302,179,180,3509,16
10302,1302,191,192,3521,16
10303,1302,199,201,3529,16
10304,1302,203,203,3533,16
10305,1302,205,206,3535,16
10306,1302,243,243,3573,16
10307,1302,245,246,3575,16
10308,1302,13,13,3593,17
10309,1302,18,18,3598,17
10310,1302,27,27,3607,17
10311,1302,35,35,3615,17
10312,1302,37,39,3617,17
10313,1302,42,42,3622,17
10314,1302,92,92,3672,17
10315,1302,100,100,3680,17
10316,1302,115,116,3695,17
10317,1302,159,159,3739,17
10318,1302,205,207,3785,17
10319,1302,219,219,3799,17
10320,1302,225,226,3805,17
10321,1302,228,228,3808,17
10322,1302,231,231,3811,17
10323,1302,233,234,3813,17
10324,1302,18,18,3845,18
10325,1302,21,21,3848,18
10326,1302,29,30,3856,18
10327,1302,44,44,3871,18
10328,1302,55,55,3882,18
10329,1302,58,59,3885,18
10330,1302,69,69,3896,18
10331,1302,74,74,3901,18
10332,1302,89,89,3916,18
10333,1302,106,106,3933,18
10334,1302,110,110,3937,18
10335,1302,115,115,3942,18
10336,1302,122,122,3949,18
10337,1302,147,147,3974,18
10338,1302,152,152,3979,18
10339,1302,161,163,3988,18
10340,1302,169,169,3996,18
10341,1302,183,184,4010,18
10342,1302,197,201,4024,18
10343,1302,206,206,4033,18
10344,1302,208,208,4035,18
10345,1302,210,210,4037,18
10346,1302,212,213,4039,18
10347,1302,219,219,4046,18
10348,1302,225,225,4052,18
10349,1302,227,227,4054,18
10350,1302,231,231,4058,18
10351,1302,234,234,4061,18
10352,1302,249,249,4076,18
10353,1302,254,254,4081,18
10354,1302,10,11,4099,19
10355,1302,14,15,4103,19
10356,1302,65,65,4154,19
10357,1302,48,48,4909,20
10358,1302,57,57,4918,20
10359,1302,75,75,4936,20
10360,1302,118,118,4979,20
10361,1302,164,164,5025,20
10362,1302,168,168,5029,20
10363,1302,170,170,5031,20
10364,1302,183,183,5044,20
10365,1302,5,6,4376,21
10366,1302,28,29,4399,21
10367,1302,34,35,4405,21
10368,1302,60,60,4431,21
10369,1302,65,65,4436,21
10370,1302,69,70,4440,21
10371,1302,75,75,4446,21
10372,1302,100,100,4471,21
10373,1302,148,148,4785,22
10374,1302,156,156,4793,22
10375,1302,168,168,4805,22
10376,1303,40,40,2899,14
10377,1304,37,37,220,2
10378,1305,207,207,2319,11
10379,1305,227,227,3086,14
10380,1306,178,178,2033,10
10381,1306,186,186,2041,10
10382,1306,192,193,2047,10
10383,1306,196,196,2051,10
10384,1307,66,66,2178,11
10385,1308,187,188,1315,7
10386,1308,32,32,1393,8
10387,1308,38,38,1399,8
10388,1308,43,43,1404,8
10389,1308,45,47,1406,8
10390,1308,52,52,1413,8
10391,1308,212,212,1573,8
10392,1308,227,227,1588,8
10393,1308,110,110,1711,9
10394,1308,131,131,1732,9
10395,1308,150,150,1751,9
10396,1308,160,160,1761,9
10397,1308,171,171,1772,9
10398,1308,179,179,1780,9
10399,1308,192,192,1793,9
10400,1308,201,201,1802,9
10401,1308,204,204,1805,9
10402,1308,238,238,1839,9
10403,1308,242,242,1843,9
10404,1308,19,19,1874,10
10405,1308,42,42,1897,10
10406,1308,48,48,1903,10
10407,1308,82,82,1937,10
10408,1308,111,111,1966,10
10409,1308,156,156,2011,10
10410,1308,184,184,2039,10
10411,1308,196,196,2051,10
10412,1308,205,205,2060,10
10413,1308,225,225,2080,10
10414,1308,233,233,2088,10
10415,1308,236,236,2091,10
10416,1308,238,238,2093,10
10417,1308,246,246,2101,10
10418,1308,254,254,2109,10
10419,1308,28,28,2140,11
10420,1308,35,36,2147,11
10421,1308,38,38,2150,11
10422,1308,49,51,2161,11
10423,1308,59,60,2171,11
10424,1308,65,65,2177,11
10425,1308,67,68,2179,11
10426,1308,73,73,2185,11
10427,1308,82,82,2194,11
10428,1308,84,84,2196,11
10429,1308,91,91,2203,11
10430,1308,100,112,2212,11
10431,1308,114,115,2226,11
10432,1308,118,118,2230,11
10433,1308,122,125,2234,11
10434,1308,130,132,2242,11
10435,1308,135,137,2247,11
10436,1308,156,156,2268,11
10437,1308,166,166,2278,11
10438,1308,171,174,2283,11
10439,1308,178,178,2290,11
10440,1308,181,184,2293,11
10441,1308,190,192,2302,11
10442,1308,195,195,2307,11
10443,1308,203,203,2315,11
10444,1308,209,210,2321,11
10445,1308,212,212,2324,11
10446,1308,215,215,2327,11
10447,1308,251,251,2363,11
10448,1308,7,8,2375,12
10449,1308,14,14,2382,12
10450,1308,19,19,2387,12
10451,1308,21,21,2389,12
10452,1308,34,37,2402,12
10453,1308,47,47,2415,12
10454,1308,51,56,2419,12
10455,1308,68,69,2436,12
10456,1308,75,76,2443,12
10457,1308,79,80,2447,12
10458,1308,86,86,2454,12
10459,1308,93,93,2461,12
10460,1308,97,97,2465,12
10461,1308,110,110,2478,12
10462,1308,119,119,2487,12
10463,1308,128,128,2496,12
10464,1308,135,135,2503,12
10465,1308,139,139,2507,12
10466,1308,154,157,2522,12
10467,1308,161,161,2529,12
10468,1308,165,165,2533,12
10469,1308,167,167,2535,12
10470,1308,169,171,2537,12
10471,1308,186,186,2554,12
10472,1308,195,196,2563,12
10473,1308,199,199,2567,12
10474,1308,203,203,2571,12
10475,1308,205,205,2573,12
10476,1308,208,208,2576,12
10477,1308,221,221,2589,12
10478,1308,225,225,2593,12
10479,1308,227,227,2595,12
10480,1308,234,234,2602,12
10481,1308,241,241,2609,12
10482,1308,5,5,2617,13
10483,1308,10,10,2622,13
10484,1308,27,27,2639,13
10485,1308,38,40,2650,13
10486,1308,43,43,2655,13
10487,1308,47,48,2659,13
10488,1308,56,57,2668,13
10489,1308,72,72,2684,13
10490,1308,76,79,2688,13
10491,1308,87,87,2699,13
10492,1308,89,89,2701,13
10493,1308,105,105,2717,13
10494,1308,112,112,2724,13
10495,1308,115,116,2727,13
10496,1308,118,118,2730,13
10497,1308,135,165,2747,13
10498,1308,169,169,2781,13
10499,1308,184,184,2796,13
10500,1308,192,192,2804,13
10501,1308,195,196,2807,13
10502,1308,200,200,2812,13
10503,1308,207,215,2819,13
10504,1308,217,218,2829,13
10505,1308,224,224,2836,13
10506,1308,232,232,2844,13
10507,1308,234,234,2846,13
10508,1308,237,238,2849,13
10509,1308,240,241,2852,13
10510,1308,245,245,2857,13
10511,1308,6,6,2865,14
10512,1308,8,8,2867,14
10513,1308,10,12,2869,14
10514,1308,15,15,2874,14
10515,1308,20,22,2879,14
10516,1308,34,34,2893,14
10517,1308,37,41,2896,14
10518,1308,52,54,2911,14
10519,1308,56,56,2915,14
10520,1308,62,62,2921,14
10521,1308,65,68,2924,14
10522,1308,72,77,2931,14
10523,1308,83,85,2942,14
10524,1308,88,91,2947,14
10525,1308,93,95,2952,14
10526,1308,102,108,2961,14
10527,1308,110,111,2969,14
10528,1308,113,113,2972,14
10529,1308,120,123,2979,14
10530,1308,125,129,2984,14
10531,1308,131,132,2990,14
10532,1308,135,140,2994,14
10533,1308,147,148,3006,14
10534,1308,151,151,3010,14
10535,1308,153,159,3012,14
10536,1308,162,163,3021,14
10537,1308,166,168,3025,14
10538,1308,212,214,3071,14
10539,1308,217,217,3076,14
10540,1308,220,222,3079,14
10541,1308,240,241,3099,14
10542,1308,32,32,3134,15
10543,1308,46,46,3148,15
10544,1308,113,113,3215,15
10545,1308,116,117,3218,15
10546,1308,128,128,3230,15
10547,1308,162,162,3264,15
10548,1308,169,171,3271,15
10549,1308,177,178,3279,15
10550,1308,183,184,3285,15
10551,1308,186,186,3288,15
10552,1308,188,190,3290,15
10553,1308,193,193,3295,15
10554,1308,7,10,3335,16
10555,1308,12,15,3340,16
10556,1308,19,19,3347,16
10557,1308,23,27,3351,16
10558,1308,30,30,3360,16
10559,1308,32,34,3362,16
10560,1308,37,38,3367,16
10561,1308,50,50,3380,16
10562,1308,53,53,3383,16
10563,1308,55,55,3385,16
10564,1308,59,59,3389,16
10565,1308,67,68,3397,16
10566,1308,79,79,3409,16
10567,1308,81,81,3411,16
10568,1308,87,87,3417,16
10569,1308,90,97,3420,16
10570,1308,124,124,3454,16
10571,1308,134,134,3464,16
10572,1308,136,136,3466,16
10573,1308,138,138,3468,16
10574,1308,140,141,3470,16
10575,1308,147,147,3477,16
10576,1308,149,149,3479,16
10577,1308,161,163,3491,16
10578,1308,179,180,3509,16
10579,1308,182,182,3512,16
10580,1308,191,192,3521,16
10581,1308,195,196,3525,16
10582,1308,199,200,3529,16
10583,1308,202,203,3532,16
10584,1308,205,205,3535,16
10585,1308,231,231,3561,16
10586,1308,243,243,3573,16
10587,1308,246,246,3576,16
10588,1308,13,13,3593,17
10589,1308,17,19,3597,17
10590,1308,27,27,3607,17
10591,1308,35,35,3615,17
10592,1308,37,39,3617,17
10593,1308,41,41,3621,17
10594,1308,47,47,3627,17
10595,1308,92,92,3672,17
10596,1308,116,116,3696,17
10597,1308,159,159,3739,17
10598,1308,183,183,3763,17
10599,1308,185,185,3765,17
10600,1308,193,193,3773,17
10601,1308,205,207,3785,17
10602,1308,212,213,3792,17
10603,1308,219,219,3799,17
10604,1308,226,226,3806,17
10605,1308,231,234,3811,17
10606,1308,18,20,3845,18
10607,1308,44,44,3871,18
10608,1308,58,59,3885,18
10609,1308,89,89,3916,18
10610,1308,106,106,3933,18
10611,1308,115,115,3942,18
10612,1308,122,122,3949,18
10613,1308,143,143,3970,18
10614,1308,167,167,3994,18
10615,1308,183,184,4010,18
10616,1308,186,186,4013,18
10617,1308,207,207,4034,18
10618,1308,213,213,4040,18
10619,1308,231,231,4058,18
10620,1308,237,238,4064,18
10621,1308,255,256,4082,18
10622,1308,10,10,4099,19
10623,1308,140,141,4229,19
10624,1308,115,115,4976,20
10625,1308,164,164,5025,20
10626,1308,166,166,5027,20
10627,1308,170,170,5031,20
10628,1308,178,178,5039,20
10629,1308,5,5,4376,21
10630,1308,35,35,4406,21
10631,1308,69,69,4440,21
10632,1308,75,75,4446,21
10633,1308,179,180,4816,22
10634,1308,192,198,4829,22
10635,1308,210,210,4847,22
10636,1309,139,139,1267,7
10637,1309,142,142,1270,7
10638,1309,187,187,1315,7
10639,1309,217,217,1345,7
10640,1309,27,27,1388,8
10641,1309,38,38,1399,8
10642,1309,43,43,1404,8
10643,1309,204,205,1805,9
10644,1309,27,27,1882,10
10645,1309,156,156,2011,10
10646,1309,205,205,2060,10
10647,1309,219,219,2074,10
10648,1309,227,227,2082,10
10649,1309,231,231,2086,10
10650,1309,254,254,2109,10
10651,1309,18,18,2130,11
10652,1309,26,26,2138,11
10653,1309,36,37,2148,11
10654,1309,63,64,2175,11
10655,1309,67,67,2179,11
10656,1309,72,72,2184,11
10657,1309,81,82,2193,11
10658,1309,85,85,2197,11
10659,1309,91,91,2203,11
10660,1309,100,100,2212,11
10661,1309,105,105,2217,11
10662,1309,110,110,2222,11
10663,1309,112,112,2224,11
10664,1309,124,124,2236,11
10665,1309,134,134,2246,11
10666,1309,156,156,2268,11
10667,1309,172,172,2284,11
10668,1309,181,182,2293,11
10669,1309,190,193,2302,11
10670,1309,201,201,2313,11
10671,1309,207,207,2319,11
10672,1309,210,210,2322,11
10673,1309,214,215,2326,11
10674,1309,19,19,2387,12
10675,1309,21,21,2389,12
10676,1309,35,35,2403,12
10677,1309,37,37,2405,12
10678,1309,51,51,2419,12
10679,1309,54,54,2422,12
10680,1309,93,93,2461,12
10681,1309,97,97,2465,12
10682,1309,119,119,2487,12
10683,1309,128,128,2496,12
10684,1309,139,139,2507,12
10685,1309,154,154,2522,12
10686,1309,195,195,2563,12
10687,1309,199,199,2567,12
10688,1309,208,208,2576,12
10689,1309,234,234,2602,12
10690,1309,38,38,2650,13
10691,1309,43,43,2655,13
10692,1309,47,47,2659,13
10693,1309,56,56,2668,13
10694,1309,73,73,2685,13
10695,1309,76,76,2688,13
10696,1309,87,87,2699,13
10697,1309,105,105,2717,13
10698,1309,111,111,2723,13
10699,1309,115,116,2727,13
10700,1309,119,119,2731,13
10701,1309,132,132,2744,13
10702,1309,141,143,2753,13
10703,1309,145,145,2757,13
10704,1309,149,150,2761,13
10705,1309,169,169,2781,13
10706,1309,187,187,2799,13
10707,1309,192,192,2804,13
10708,1309,200,200,2812,13
10709,1309,205,205,2817,13
10710,1309,214,214,2826,13
10711,1309,224,224,2836,13
10712,1309,234,234,2846,13
10713,1309,236,236,2848,13
10714,1309,5,5,2864,14
10715,1309,19,19,2878,14
10716,1309,37,37,2896,14
10717,1309,52,52,2911,14
10718,1309,54,54,2913,14
10719,1309,66,66,2925,14
10720,1309,72,72,2931,14
10721,1309,84,86,2943,14
10722,1309,93,93,2952,14
10723,1309,95,95,2954,14
10724,1309,106,107,2965,14
10725,1309,119,119,2978,14
10726,1309,124,124,2983,14
10727,1309,129,129,2988,14
10728,1309,131,131,2990,14
10729,1309,135,136,2994,14
10730,1309,140,140,2999,14
10731,1309,147,148,3006,14
10732,1309,155,155,3014,14
10733,1309,158,158,3017,14
10734,1309,160,160,3019,14
10735,1309,162,162,3021,14
10736,1309,166,166,3025,14
10737,1309,168,168,3027,14
10738,1309,217,217,3076,14
10739,1309,219,219,3078,14
10740,1309,23,23,3125,15
10741,1309,117,117,3219,15
10742,1309,133,133,3235,15
10743,1309,161,161,3263,15
10744,1309,177,177,3279,15
10745,1309,7,7,3335,16
10746,1309,10,10,3338,16
10747,1309,14,15,3342,16
10748,1309,19,19,3347,16
10749,1309,25,25,3353,16
10750,1309,33,33,3363,16
10751,1309,38,38,3368,16
10752,1309,49,49,3379,16
10753,1309,54,54,3384,16
10754,1309,67,68,3397,16
10755,1309,91,92,3421,16
10756,1309,94,94,3424,16
10757,1309,96,96,3426,16
10758,1309,98,98,3428,16
10759,1309,117,117,3447,16
10760,1309,124,124,3454,16
10761,1309,134,134,3464,16
10762,1309,136,136,3466,16
10763,1309,149,149,3479,16
10764,1309,161,162,3491,16
10765,1309,192,192,3522,16
10766,1309,200,202,3530,16
10767,1309,205,206,3535,16
10768,1309,243,243,3573,16
10769,1309,246,246,3576,16
10770,1309,13,13,3593,17
10771,1309,27,27,3607,17
10772,1309,38,39,3618,17
10773,1309,42,42,3622,17
10774,1309,49,49,3629,17
10775,1309,92,92,3672,17
10776,1309,116,116,3696,17
10777,1309,159,159,3739,17
10778,1309,170,170,3750,17
10779,1309,186,187,3766,17
10780,1309,193,193,3773,17
10781,1309,205,206,3785,17
10782,1309,208,208,3788,17
10783,1309,219,219,3799,17
10784,1309,226,226,3806,17
10785,1309,232,232,3812,17
10786,1309,18,18,3845,18
10787,1309,28,28,3855,18
10788,1309,30,30,3857,18
10789,1309,44,44,3871,18
10790,1309,55,55,3882,18
10791,1309,75,75,3902,18
10792,1309,106,106,3933,18
10793,1309,115,115,3942,18
10794,1309,122,122,3949,18
10795,1309,125,125,3952,18
10796,1309,152,152,3979,18
10797,1309,163,163,3990,18
10798,1309,169,169,3996,18
10799,1309,183,184,4010,18
10800,1309,186,186,4013,18
10801,1309,197,198,4024,18
10802,1309,201,201,4028,18
10803,1309,207,207,4034,18
10804,1309,210,210,4037,18
10805,1309,213,213,4040,18
10806,1309,219,219,4046,18
10807,1309,227,227,4054,18
10808,1309,231,231,4058,18
10809,1309,234,234,4061,18
10810,1309,243,243,4070,18
10811,1309,249,249,4076,18
10812,1309,10,10,4099,19
10813,1309,15,15,4104,19
10814,1309,48,48,4909,20
10815,1309,57,57,4918,20
10816,1309,165,165,5026,20
10817,1309,168,168,5029,20
10818,1309,183,183,5044,20
10819,1309,5,5,4376,21
10820,1309,28,28,4399,21
10821,1309,60,60,4431,21
10822,1309,65,65,4436,21
10823,1309,69,69,4440,21
10824,1309,75,75,4446,21
10825,1309,156,156,4793,22
10826,1309,189,189,4826,22
10827,1309,198,198,4835,22
10828,1310,105,105,1233,7
10829,1311,134,134,4223,19
10830,1311,219,219,4308,19
10831,1311,36,36,4407,21
10832,1312,16,16,4877,20
10833,1313,137,137,1738,9
10834,1314,33,34,1634,9
10835,1314,71,71,1672,9
10836,1314,85,85,1686,9
10837,1314,193,193,1794,9
10838,1314,233,233,1834,9
10839,1314,89,89,1944,10
10840,1314,102,102,1957,10
10841,1314,184,184,2039,10
10842,1314,188,188,2043,10
10843,1314,201,201,2056,10
10844,1314,203,203,2058,10
10845,1314,85,85,2197,11
10846,1314,91,91,2203,11
10847,1314,158,159,2270,11
10848,1314,89,89,2701,13
10849,1314,153,153,3733,17
10850,1315,239,239,1840,9
10851,1315,133,133,1988,10
10852,1316,201,201,1329,7
10853,1316,221,221,1349,7
10854,1316,19,19,1380,8
10855,1316,23,23,1384,8
10856,1316,28,28,1389,8
10857,1316,59,59,1420,8
10858,1316,121,121,1482,8
10859,1316,152,152,1513,8
10860,1316,224,224,1585,8
10861,1316,229,229,1590,8
10862,1316,20,21,1621,9
10863,1316,48,48,1649,9
10864,1316,52,52,1653,9
10865,1316,113,113,1714,9
10866,1316,129,129,1730,9
10867,1316,170,170,1771,9
10868,1316,182,182,1783,9
10869,1316,207,207,1808,9
10870,1316,52,52,1907,10
10871,1316,59,60,1914,10
10872,1316,78,78,1933,10
10873,1316,131,131,1986,10
10874,1316,156,156,2011,10
10875,1316,176,176,2031,10
10876,1316,185,185,2040,10
10877,1316,197,197,2052,10
10878,1316,218,218,2073,10
10879,1316,254,254,2109,10
10880,1316,14,14,2126,11
10881,1316,191,194,2303,11
10882,1316,204,204,2316,11
10883,1316,47,48,2415,12
10884,1316,51,51,2419,12
10885,1316,48,48,2660,13
10886,1316,187,187,2799,13
10887,1316,231,231,2843,13
10888,1316,224,224,3083,14
10889,1316,143,143,3473,16
10890,1316,12,12,3839,18
10891,1316,110,110,3937,18
10892,1316,24,24,4113,19
10893,1316,141,141,4230,19
10894,1316,35,35,4406,21
10895,1316,188,188,4825,22
10896,1316,209,209,4846,22
10897,1317,29,29,1630,9
10898,1318,194,195,1322,7
10899,1318,201,201,1329,7
10900,1318,221,221,1349,7
10901,1318,17,17,1378,8
10902,1318,23,23,1384,8
10903,1318,28,28,1389,8
10904,1318,33,33,1394,8
10905,1318,40,40,1401,8
10906,1318,59,60,1420,8
10907,1318,104,104,1465,8
10908,1318,113,113,1474,8
10909,1318,121,121,1482,8
10910,1318,133,133,1494,8
10911,1318,152,152,1513,8
10912,1318,195,195,1556,8
10913,1318,224,225,1585,8
10914,1318,229,229,1590,8
10915,1318,20,20,1621,9
10916,1318,40,40,1641,9
10917,1318,48,48,1649,9
10918,1318,52,52,1653,9
10919,1318,68,68,1669,9
10920,1318,71,73,1672,9
10921,1318,86,86,1687,9
10922,1318,113,113,1714,9
10923,1318,129,130,1730,9
10924,1318,142,142,1743,9
10925,1318,155,155,1756,9
10926,1318,162,162,1763,9
10927,1318,169,170,1770,9
10928,1318,182,182,1783,9
10929,1318,206,207,1807,9
10930,1318,239,239,1840,9
10931,1318,52,56,1907,10
10932,1318,59,60,1914,10
10933,1318,78,78,1933,10
10934,1318,118,118,1973,10
10935,1318,122,122,1977,10
10936,1318,131,131,1986,10
10937,1318,153,154,2008,10
10938,1318,156,158,2011,10
10939,1318,175,175,2030,10
10940,1318,197,197,2052,10
10941,1318,218,219,2073,10
10942,1318,227,227,2082,10
10943,1318,233,233,2088,10
10944,1318,249,250,2104,10
10945,1318,254,254,2109,10
10946,1318,11,11,2123,11
10947,1318,14,14,2126,11
10948,1318,16,16,2128,11
10949,1318,25,26,2137,11
10950,1318,29,30,2141,11
10951,1318,62,62,2174,11
10952,1318,86,86,2198,11
10953,1318,98,98,2210,11
10954,1318,105,105,2217,11
10955,1318,132,132,2244,11
10956,1318,134,135,2246,11
10957,1318,160,160,2272,11
10958,1318,168,169,2280,11
10959,1318,174,174,2286,11
10960,1318,191,193,2303,11
10961,1318,204,204,2316,11
10962,1318,9,9,2377,12
10963,1318,48,48,2416,12
10964,1318,51,51,2419,12
10965,1318,80,80,2448,12
10966,1318,10,10,2622,13
10967,1318,48,48,2660,13
10968,1318,58,58,2670,13
10969,1318,87,87,2699,13
10970,1318,134,134,2746,13
10971,1318,187,187,2799,13
10972,1318,231,231,2843,13
10973,1318,93,93,2952,14
10974,1318,149,149,3008,14
10975,1318,224,224,3083,14
10976,1318,190,190,3292,15
10977,1318,10,13,3338,16
10978,1318,29,30,3358,16
10979,1318,88,88,3418,16
10980,1318,143,143,3473,16
10981,1318,177,182,3507,16
10982,1318,201,203,3531,16
10983,1318,12,12,3839,18
10984,1318,18,18,3845,18
10985,1318,21,21,3848,18
10986,1318,65,65,3892,18
10987,1318,110,111,3937,18
10988,1318,24,24,4113,19
10989,1318,141,141,4230,19
10990,1318,251,251,4340,19
10991,1318,174,175,5035,20
10992,1318,179,179,5040,20
10993,1318,6,7,4377,21
10994,1318,35,35,4406,21
10995,1318,208,208,4579,21
10996,1318,210,210,4581,21
10997,1318,51,51,4688,22
10998,1318,187,189,4824,22
10999,1319,33,34,1634,9
11000,1319,71,71,1672,9
11001,1319,85,85,1686,9
11002,1319,230,231,1831,9
11003,1319,233,233,1834,9
11004,1319,238,238,1839,9
11005,1319,73,73,1928,10
11006,1319,188,188,2043,10
11007,1319,169,169,2281,11
11008,1319,84,84,2452,12
11009,1320,33,34,1634,9
11010,1320,85,85,1686,9
11011,1320,170,170,1771,9
11012,1320,192,193,1793,9
11013,1320,233,233,1834,9
11014,1320,238,238,1839,9
11015,1320,89,89,1944,10
11016,1320,102,102,1957,10
11017,1320,134,134,1989,10
11018,1320,184,184,2039,10
11019,1320,188,188,2043,10
11020,1320,197,197,2052,10
11021,1320,201,201,2056,10
11022,1320,203,203,2058,10
11023,1320,85,85,2197,11
11024,1320,91,91,2203,11
11025,1320,169,169,2281,11
11026,1320,84,84,2452,12
11027,1320,89,89,2701,13
11028,1320,153,153,3733,17
11029,1321,85,85,1686,9
11030,1321,230,234,1831,9
11031,1321,73,73,1928,10
11032,1321,188,188,2043,10
11033,1321,201,201,2056,10
11034,1321,159,159,2271,11
11035,1321,169,169,2281,11
11036,1322,85,85,1686,9
11037,1322,230,231,1831,9
11038,1322,233,233,1834,9
11039,1322,73,73,1928,10
11040,1322,159,159,2271,11
11041,1323,49,50,48,1
11042,1323,27,27,675,5
11043,1323,82,83,730,5
11044,1323,85,85,733,5
11045,1323,102,102,1463,8
11046,1323,180,180,2292,11
11047,1323,109,109,2968,14
11048,1323,141,142,3000,14
11049,1323,146,146,3005,14
11050,1323,50,50,3877,18
11051,1323,84,85,3911,18
11052,1323,50,50,4139,19
11053,1323,43,43,4414,21
11054,1323,95,95,4466,21
11055,1324,119,119,4490,21
11056,1324,122,122,4493,21
11057,1325,49,49,2908,14
11058,1325,281,281,4370,19
11059,1326,125,125,308,2
11060,1326,71,72,503,4
11061,1327,67,67,66,1
11062,1328,206,206,1567,8
11063,1328,209,209,1570,8
11064,1329,27,27,26,1
11065,1330,78,78,4449,21
11066,1331,174,174,4263,19
11067,1332,10,11,4381,21
11068,1333,80,80,4717,22
11069,1333,82,85,4719,22
11070,1333,87,88,4724,22
11071,1333,92,92,4729,22
11072,1334,134,134,566,4
11073,1334,220,220,3800,17
11074,1335,199,199,3529,16
11075,1335,202,202,3532,16
11076,1335,213,213,3543,16
11077,1335,36,36,3616,17
11078,1335,31,31,4120,19
11079,1335,38,38,4127,19
11080,1335,213,213,4302,19
11081,1336,88,88,4949,20
11082,1336,102,102,4963,20
11083,1336,112,112,4973,20
11084,1336,120,120,4981,20
11085,1336,159,160,5020,20
11086,1336,144,144,4781,22
11087,1336,148,148,4785,22
11088,1336,150,150,4787,22
11089,1337,113,113,4202,19
11090,1337,40,40,4411,21
11091,1337,42,44,4413,21
11092,1337,46,49,4417,21
11093,1338,107,107,4196,19
11094,1338,118,118,4207,19
11095,1339,145,146,3247,15
11096,1340,142,142,4231,19
11097,1341,105,105,3932,18
11098,1341,17,17,4106,19
11099,1341,36,36,4125,19
11100,1341,40,40,4129,19
11101,1341,72,72,4933,20
11102,1341,101,101,4962,20
11103,1341,125,125,4496,21
11104,1342,235,235,4324,19
11105,1342,125,125,4496,21
11106,1342,141,141,4512,21
11107,1342,174,174,4545,21
11108,1342,179,179,4550,21
11109,1342,187,187,4558,21
11110,1342,203,203,4574,21
11111,1342,224,224,4595,21
11112,1342,36,36,4673,22
11113,1343,40,40,2408,12
11114,1343,41,42,2653,13
11115,1343,45,45,2657,13
11116,1344,29,29,2888,14
11117,1345,66,66,65,1
11118,1345,79,82,78,1
11119,1345,77,77,260,2
11120,1345,29,29,919,6
11121,1345,63,63,1424,8
11122,1345,14,14,1869,10
11123,1345,150,150,2005,10
11124,1345,183,183,2795,13
11125,1345,189,189,3519,16
11126,1345,148,148,5009,20
11127,1345,221,221,4858,22
11128,1346,197,198,4286,19
11129,1346,203,203,4292,19
11130,1347,126,126,4497,21
11131,1347,129,129,4500,21
11132,1347,24,24,4661,22
11133,1348,66,66,2178,11
11134,1348,194,194,2562,12
11135,1348,43,43,2655,13
11136,1348,94,94,2706,13
11137,1348,168,168,3498,16
11138,1348,214,214,4041,18
11139,1348,17,17,4106,19
11140,1348,48,48,4909,20
11141,1348,51,51,4912,20
11142,1348,167,167,5028,20
11143,1348,178,178,5039,20
11144,1348,5,5,4376,21
11145,1348,49,49,4420,21
11146,1348,67,68,4438,21
11147,1348,70,70,4441,21
11148,1348,192,192,4563,21
11149,1348,155,155,4792,22
11150,1349,131,131,3233,15
11151,1350,129,129,3231,15
11152,1351,49,49,2908,14
11153,1352,196,196,2308,11
11154,1353,170,170,3500,16
11155,1354,209,209,2064,10
11156,1354,110,110,2222,11
11157,1354,12,12,2380,12
11158,1354,37,37,2405,12
11159,1354,5,6,2617,13
11160,1354,13,13,2625,13
11161,1354,185,185,2797,13
11162,1354,204,204,2816,13
11163,1354,35,35,2894,14
11164,1354,98,98,3428,16
11165,1354,100,100,3430,16
11166,1354,169,169,3499,16
11167,1354,202,202,3532,16
11168,1354,143,143,3723,17
11169,1355,5,5,4,1
11170,1355,31,31,30,1
11171,1355,132,132,315,2
11172,1355,18,18,450,4
11173,1355,20,20,452,4
11174,1355,147,147,795,5
11175,1355,47,47,3377,16
11176,1355,183,183,3513,16
11177,1355,80,80,3907,18
11178,1356,186,186,4557,21
11179,1356,36,36,4673,22
11180,1357,131,131,4220,19
11181,1357,204,204,4293,19
11182,1357,207,207,4296,19
11183,1358,18,18,201,2
11184,1358,34,34,217,2
11185,1358,47,47,230,2
11186,1358,62,62,245,2
11187,1358,69,69,252,2
11188,1358,116,116,299,2
11189,1358,76,76,2935,14
11190,1359,33,33,923,6
11191,1360,8,8,7,1
11192,1361,113,113,4484,21
11193,1361,115,115,4486,21
11194,1361,122,122,4493,21
11195,1361,124,124,4495,21
11196,1361,168,168,4539,21
11197,1361,174,174,4545,21
11198,1361,224,224,4595,21
11199,1362,56,56,946,6
11200,1362,58,61,948,6
11201,1362,65,65,955,6
11202,1362,68,69,958,6
11203,1362,77,77,967,6
11204,1362,79,79,969,6
11205,1362,85,86,975,6
11206,1362,88,88,978,6
11207,1362,95,95,985,6
11208,1362,99,99,4188,19
11209,1362,253,253,4342,19
11210,1363,25,25,915,6
11211,1364,121,121,4982,20
11212,1364,125,125,4986,20
11213,1365,52,52,1180,7
11214,1365,54,54,1182,7
11215,1366,254,254,2109,10
11216,1366,229,229,3088,14
11217,1367,254,254,2109,10
11218,1368,108,108,1469,8
11219,1368,110,110,1471,8
11220,1368,112,112,1473,8
11221,1368,120,123,1481,8
11222,1368,139,139,1500,8
11223,1368,148,148,1509,8
11224,1368,179,179,1540,8
11225,1368,216,216,1577,8
11226,1369,136,136,1737,9
11227,1370,76,76,75,1
11228,1371,169,169,168,1
11229,1371,41,42,224,2
11230,1372,242,242,4069,18
11231,1373,85,85,4946,20
11232,1374,37,37,4898,20
11233,1375,256,256,4345,19
11234,1376,93,99,2705,13
11235,1376,241,241,4068,18
11236,1377,87,87,86,1
11237,1377,5,6,1860,10
11238,1378,67,67,1428,8
11239,1379,141,142,5002,20
11240,1379,145,145,5006,20
11241,1380,19,19,1147,7
11242,1380,140,140,1268,7
11243,1380,142,142,1270,7
11244,1380,145,145,1273,7
11245,1380,185,185,1313,7
11246,1380,214,214,1342,7
11247,1380,64,64,1425,8
11248,1380,67,68,1428,8
11249,1380,72,73,1433,8
11250,1380,183,183,1544,8
11251,1380,14,14,1615,9
11252,1380,112,112,1713,9
11253,1380,117,117,1718,9
11254,1380,203,203,1804,9
11255,1380,146,146,2001,10
11256,1380,72,72,2184,11
11257,1380,115,115,2727,13
11258,1380,228,229,2840,13
11259,1380,149,149,3479,16
11260,1380,224,224,3554,16
11261,1380,234,234,3564,16
11262,1381,175,175,2287,11
11263,1382,69,69,1430,8
11264,1382,72,73,1433,8
11265,1382,121,121,2489,12
11266,1383,65,65,1426,8
11267,1383,67,67,1428,8
11268,1383,71,73,1432,8
11269,1383,75,76,1436,8
11270,1383,160,160,1761,9
11271,1383,203,203,1804,9
11272,1383,97,97,1952,10
11273,1383,72,72,2184,11
11274,1384,23,24,913,6
11275,1384,31,31,921,6
11276,1384,40,40,930,6
11277,1384,47,47,937,6
11278,1384,130,130,1258,7
11279,1384,133,143,1261,7
11280,1384,145,147,1273,7
11281,1384,150,151,1278,7
11282,1384,153,153,1281,7
11283,1384,155,157,1283,7
11284,1384,159,159,1287,7
11285,1384,161,161,1289,7
11286,1384,167,168,1295,7
11287,1384,170,170,1298,7
11288,1384,174,175,1302,7
11289,1384,178,178,1306,7
11290,1384,181,181,1309,7
11291,1384,183,186,1311,7
11292,1384,188,193,1316,7
11293,1384,195,197,1323,7
11294,1384,200,200,1328,7
11295,1384,202,202,1330,7
11296,1384,204,204,1332,7
11297,1384,208,208,1336,7
11298,1384,211,211,1339,7
11299,1384,214,217,1342,7
11300,1384,219,220,1347,7
11301,1384,4,4,1365,8
11302,1384,8,9,1369,8
11303,1384,14,14,1375,8
11304,1384,20,21,1381,8
11305,1384,24,24,1385,8
11306,1384,31,31,1392,8
11307,1384,34,34,1395,8
11308,1384,40,41,1401,8
11309,1384,43,43,1404,8
11310,1384,51,52,1412,8
11311,1384,54,54,1415,8
11312,1384,56,56,1417,8
11313,1384,58,58,1419,8
11314,1384,60,60,1421,8
11315,1384,63,76,1424,8
11316,1384,79,82,1440,8
11317,1384,87,87,1448,8
11318,1384,92,93,1453,8
11319,1384,95,95,1456,8
11320,1384,101,101,1462,8
11321,1384,113,114,1474,8
11322,1384,130,130,1491,8
11323,1384,143,143,1504,8
11324,1384,149,149,1510,8
11325,1384,161,161,1522,8
11326,1384,166,168,1527,8
11327,1384,171,171,1532,8
11328,1384,177,177,1538,8
11329,1384,183,184,1544,8
11330,1384,205,205,1566,8
11331,1384,212,212,1573,8
11332,1384,224,224,1585,8
11333,1384,230,231,1591,8
11334,1384,7,7,1608,9
11335,1384,12,12,1613,9
11336,1384,18,20,1619,9
11337,1384,23,23,1624,9
11338,1384,25,25,1626,9
11339,1384,38,38,1639,9
11340,1384,41,42,1642,9
11341,1384,47,47,1648,9
11342,1384,54,55,1655,9
11343,1384,65,65,1666,9
11344,1384,71,71,1672,9
11345,1384,81,81,1682,9
11346,1384,86,87,1687,9
11347,1384,96,96,1697,9
11348,1384,98,99,1699,9
11349,1384,103,103,1704,9
11350,1384,108,109,1709,9
11351,1384,112,112,1713,9
11352,1384,116,118,1717,9
11353,1384,120,121,1721,9
11354,1384,160,160,1761,9
11355,1384,162,162,1763,9
11356,1384,176,177,1777,9
11357,1384,181,181,1782,9
11358,1384,203,203,1804,9
11359,1384,206,206,1807,9
11360,1384,238,239,1839,9
11361,1384,21,21,1876,10
11362,1384,31,31,1886,10
11363,1384,41,41,1896,10
11364,1384,58,58,1913,10
11365,1384,72,72,1927,10
11366,1384,74,74,1929,10
11367,1384,96,97,1951,10
11368,1384,109,109,1964,10
11369,1384,127,129,1982,10
11370,1384,160,160,2015,10
11371,1384,186,186,2041,10
11372,1384,192,192,2047,10
11373,1384,214,214,2069,10
11374,1384,51,51,2163,11
11375,1384,53,53,2165,11
11376,1384,70,72,2182,11
11377,1384,75,75,2187,11
11378,1384,83,83,2195,11
11379,1384,175,175,2287,11
11380,1384,179,179,2291,11
11381,1384,247,247,2359,11
11382,1384,83,83,2451,12
11383,1384,98,98,2466,12
11384,1384,114,114,2482,12
11385,1384,121,121,2489,12
11386,1384,169,169,2537,12
11387,1384,192,192,2560,12
11388,1384,209,209,2577,12
11389,1384,11,11,2623,13
11390,1384,54,54,2666,13
11391,1384,103,103,2715,13
11392,1384,115,115,2727,13
11393,1384,148,148,2760,13
11394,1384,170,170,2782,13
11395,1384,191,191,2803,13
11396,1384,232,232,2844,13
11397,1384,31,31,2890,14
11398,1384,36,37,2895,14
11399,1384,69,69,2928,14
11400,1384,101,102,2960,14
11401,1384,109,110,2968,14
11402,1384,134,134,2993,14
11403,1384,83,84,3185,15
11404,1384,185,186,3287,15
11405,1384,24,24,3352,16
11406,1384,60,60,3390,16
11407,1384,68,68,3398,16
11408,1384,81,81,3411,16
11409,1384,85,89,3415,16
11410,1384,98,98,3428,16
11411,1384,124,125,3454,16
11412,1384,131,131,3461,16
11413,1384,141,144,3471,16
11414,1384,158,158,3488,16
11415,1384,230,230,3560,16
11416,1384,241,242,3571,16
11417,1384,17,17,3597,17
11418,1384,88,88,3668,17
11419,1384,207,207,3787,17
11420,1384,6,6,3833,18
11421,1384,14,14,3841,18
11422,1384,16,16,3843,18
11423,1384,71,71,3898,18
11424,1384,79,79,3906,18
11425,1384,184,185,4011,18
11426,1384,248,248,4075,18
11427,1384,10,10,4099,19
11428,1384,142,142,5003,20
11429,1384,170,170,5031,20
11430,1384,9,9,4380,21
11431,1384,70,70,4441,21
11432,1384,191,191,4828,22
11433,1384,194,196,4831,22
11434,1385,105,105,288,2
11435,1386,138,139,321,2
11436,1386,148,151,331,2
11437,1386,154,154,337,2
11438,1386,187,187,370,2
11439,1386,191,191,374,2
11440,1386,12,12,389,3
11441,1386,17,17,394,3
11442,1386,59,59,491,4
11443,1386,63,63,495,4
11444,1386,83,83,515,4
11445,1386,121,121,553,4
11446,1386,141,141,573,4
11447,1386,157,157,589,4
11448,1386,162,162,594,4
11449,1386,178,178,610,4
11450,1386,202,202,634,4
11451,1386,20,20,668,5
11452,1386,28,28,676,5
11453,1386,56,56,704,5
11454,1387,150,150,2262,11
11455,1387,170,170,2282,11
11456,1387,57,57,2425,12
11457,1387,77,77,2445,12
11458,1387,101,101,2469,12
11459,1387,104,105,2472,12
11460,1387,218,218,2586,12
11461,1387,6,6,2618,13
11462,1387,33,34,2645,13
11463,1387,38,38,2650,13
11464,1387,148,148,3478,16
11465,1387,219,219,3549,16
11466,1387,176,176,3756,17
11467,1387,171,171,5032,20
11468,1387,170,170,4807,22
11469,1388,26,26,4397,21
11470,1388,145,146,4782,22
11471,1389,77,77,4938,20
11472,1389,107,107,4968,20
11473,1389,111,111,4972,20
11474,1389,121,121,4982,20
11475,1389,124,124,4985,20
11476,1389,138,138,4999,20
11477,1389,145,145,5006,20
11478,1389,153,155,5014,20
11479,1389,158,158,5019,20
11480,1389,177,178,5038,20
11481,1390,145,145,4782,22
11482,1391,153,153,4524,21
11483,1392,153,153,4524,21
11484,1393,47,47,46,1
11485,1393,77,77,76,1
11486,1393,109,109,108,1
11487,1393,150,150,149,1
11488,1393,108,108,1236,7
11489,1393,67,67,2926,14
11490,1394,46,46,1407,8
11491,1394,48,48,1409,8
11492,1394,51,51,1412,8
11493,1394,53,53,1414,8
11494,1394,58,58,1419,8
11495,1394,86,87,1447,8
11496,1394,95,95,1456,8
11497,1394,99,99,1460,8
11498,1394,105,105,1466,8
11499,1394,219,219,1580,8
11500,1394,33,33,2645,13
11501,1395,52,52,2664,13
11502,1396,134,134,133,1
11503,1397,139,139,2251,11
11504,1398,121,121,4982,20
11505,1398,163,163,5024,20
11506,1399,120,120,4209,19
11507,1399,156,156,4245,19
11508,1400,156,156,4245,19
11509,1401,253,253,1854,9
11510,1402,5,5,653,5
11511,1402,127,127,3707,17
11512,1403,5,7,653,5
11513,1403,10,10,658,5
11514,1403,7,9,1135,7
11515,1403,153,153,1754,9
11516,1403,212,212,1813,9
11517,1403,233,233,1834,9
11518,1403,193,193,2048,10
11519,1403,79,79,3659,17
11520,1403,110,110,3690,17
11521,1403,127,127,3707,17
11522,1403,147,148,3727,17
11523,1403,150,150,3730,17
11524,1403,152,152,3732,17
11525,1403,179,179,3759,17
11526,1404,162,162,1763,9
11527,1404,164,164,1765,9
11528,1404,136,136,3238,15
11529,1405,236,236,3566,16
11530,1406,36,36,35,1
11531,1406,61,61,60,1
11532,1407,188,189,1549,8
11533,1407,208,208,1569,8
11534,1407,103,103,1704,9
11535,1407,108,108,1709,9
11536,1407,149,149,1750,9
11537,1407,180,181,1781,9
11538,1407,7,7,1862,10
11539,1407,27,27,3854,18
11540,1408,27,27,3854,18
11541,1409,106,106,1707,9
11542,1410,241,241,4612,21
11543,1411,224,224,4595,21
11544,1411,231,231,4602,21
11545,1412,211,211,4582,21
11546,1412,213,213,4584,21
11547,1412,222,222,4593,21
11548,1413,35,35,1636,9
11549,1414,45,45,2904,14
11550,1414,47,47,2906,14
11551,1415,132,132,315,2
11552,1415,18,18,450,4
11553,1415,20,22,452,4
11554,1415,29,29,461,4
11555,1415,36,38,468,4
11556,1415,40,41,472,4
11557,1415,66,66,498,4
11558,1415,78,78,510,4
11559,1415,82,82,514,4
11560,1415,121,121,553,4
11561,1415,136,136,568,4
11562,1415,149,149,581,4
11563,1415,161,161,593,4
11564,1415,173,175,605,4
11565,1415,34,34,682,5
11566,1415,40,40,688,5
11567,1415,44,45,692,5
11568,1415,54,54,702,5
11569,1415,62,62,710,5
11570,1415,65,65,713,5
11571,1415,70,70,718,5
11572,1415,81,81,729,5
11573,1415,83,83,731,5
11574,1415,87,88,735,5
11575,1415,91,91,739,5
11576,1415,93,93,741,5
11577,1415,97,98,745,5
11578,1415,101,101,749,5
11579,1415,104,104,752,5
11580,1415,106,106,754,5
11581,1415,109,109,757,5
11582,1415,201,201,1091,6
11583,1415,225,225,1586,8
11584,1415,52,52,1653,9
11585,1415,211,211,3541,16
11586,1416,62,62,710,5
11587,1416,201,201,1091,6
11588,1417,171,171,4542,21
11589,1418,192,192,5053,20
11590,1419,170,170,3500,16
11591,1419,174,174,3504,16
11592,1420,170,170,3500,16
11593,1420,174,174,3504,16
11594,1421,87,87,4948,20
11595,1422,121,122,120,1
11596,1423,253,253,1854,9
11597,1424,143,143,1271,7
11598,1424,167,167,1295,7
11599,1424,180,180,1308,7
11600,1424,193,195,1321,7
11601,1424,197,197,1325,7
11602,1424,200,205,1328,7
11603,1424,211,211,1339,7
11604,1424,215,218,1343,7
11605,1424,10,10,1371,8
11606,1424,16,17,1377,8
11607,1424,19,19,1380,8
11608,1424,23,23,1384,8
11609,1424,28,28,1389,8
11610,1424,40,41,1401,8
11611,1424,59,60,1420,8
11612,1424,80,81,1441,8
11613,1424,104,104,1465,8
11614,1424,113,113,1474,8
11615,1424,125,125,1486,8
11616,1424,133,133,1494,8
11617,1424,152,152,1513,8
11618,1424,169,169,1530,8
11619,1424,180,180,1541,8
11620,1424,195,195,1556,8
11621,1424,212,213,1573,8
11622,1424,224,225,1585,8
11623,1424,229,229,1590,8
11624,1424,14,14,1615,9
11625,1424,20,20,1621,9
11626,1424,37,37,1638,9
11627,1424,40,40,1641,9
11628,1424,52,52,1653,9
11629,1424,54,54,1655,9
11630,1424,61,61,1662,9
11631,1424,65,65,1666,9
11632,1424,68,68,1669,9
11633,1424,72,72,1673,9
11634,1424,76,77,1677,9
11635,1424,86,86,1687,9
11636,1424,98,98,1699,9
11637,1424,113,113,1714,9
11638,1424,129,129,1730,9
11639,1424,133,133,1734,9
11640,1424,142,142,1743,9
11641,1424,155,155,1756,9
11642,1424,162,162,1763,9
11643,1424,165,165,1766,9
11644,1424,168,170,1769,9
11645,1424,182,182,1783,9
11646,1424,207,207,1808,9
11647,1424,239,239,1840,9
11648,1424,242,242,1843,9
11649,1424,52,56,1907,10
11650,1424,58,60,1913,10
11651,1424,73,73,1928,10
11652,1424,78,78,1933,10
11653,1424,117,118,1972,10
11654,1424,130,133,1985,10
11655,1424,135,135,1990,10
11656,1424,149,150,2004,10
11657,1424,153,158,2008,10
11658,1424,172,172,2027,10
11659,1424,174,176,2029,10
11660,1424,185,186,2040,10
11661,1424,197,199,2052,10
11662,1424,205,205,2060,10
11663,1424,207,208,2062,10
11664,1424,217,220,2072,10
11665,1424,225,225,2080,10
11666,1424,227,227,2082,10
11667,1424,233,233,2088,10
11668,1424,237,237,2092,10
11669,1424,239,239,2094,10
11670,1424,249,250,2104,10
11671,1424,254,254,2109,10
11672,1424,11,16,2123,11
11673,1424,18,18,2130,11
11674,1424,26,27,2138,11
11675,1424,31,31,2143,11
11676,1424,49,49,2161,11
11677,1424,51,51,2163,11
11678,1424,57,57,2169,11
11679,1424,61,62,2173,11
11680,1424,64,64,2176,11
11681,1424,79,81,2191,11
11682,1424,85,85,2197,11
11683,1424,98,98,2210,11
11684,1424,109,109,2221,11
11685,1424,133,135,2245,11
11686,1424,160,160,2272,11
11687,1424,168,169,2280,11
11688,1424,174,174,2286,11
11689,1424,177,177,2289,11
11690,1424,191,195,2303,11
11691,1424,204,204,2316,11
11692,1424,207,207,2319,11
11693,1424,209,209,2321,11
11694,1424,6,6,2374,12
11695,1424,8,9,2376,12
11696,1424,17,19,2385,12
11697,1424,21,21,2389,12
11698,1424,46,48,2414,12
11699,1424,67,67,2435,12
11700,1424,76,76,2444,12
11701,1424,135,135,2503,12
11702,1424,215,215,2583,12
11703,1424,227,227,2595,12
11704,1424,243,243,2611,12
11705,1424,38,38,2650,13
11706,1424,47,48,2659,13
11707,1424,134,135,2746,13
11708,1424,143,143,2755,13
11709,1424,187,187,2799,13
11710,1424,231,231,2843,13
11711,1424,22,22,2881,14
11712,1424,86,88,2945,14
11713,1424,93,95,2952,14
11714,1424,121,121,2980,14
11715,1424,123,124,2982,14
11716,1424,149,149,3008,14
11717,1424,160,160,3019,14
11718,1424,162,162,3021,14
11719,1424,223,224,3082,14
11720,1424,32,32,3134,15
11721,1424,117,117,3219,15
11722,1424,170,170,3272,15
11723,1424,191,191,3293,15
11724,1424,11,13,3339,16
11725,1424,38,38,3368,16
11726,1424,51,51,3381,16
11727,1424,67,67,3397,16
11728,1424,88,88,3418,16
11729,1424,129,129,3459,16
11730,1424,142,143,3472,16
11731,1424,157,157,3487,16
11732,1424,177,181,3507,16
11733,1424,203,203,3533,16
11734,1424,46,47,3626,17
11735,1424,49,52,3629,17
11736,1424,116,116,3696,17
11737,1424,185,193,3765,17
11738,1424,205,205,3785,17
11739,1424,208,208,3788,17
11740,1424,215,215,3795,17
11741,1424,232,232,3812,17
11742,1424,12,14,3839,18
11743,1424,18,18,3845,18
11744,1424,21,21,3848,18
11745,1424,29,30,3856,18
11746,1424,110,111,3937,18
11747,1424,122,122,3949,18
11748,1424,162,162,3989,18
11749,1424,222,223,4049,18
11750,1424,22,22,4111,19
11751,1424,78,78,4167,19
11752,1424,140,141,4229,19
11753,1424,167,167,4256,19
11754,1424,250,251,4339,19
11755,1424,48,49,4909,20
11756,1424,54,54,4915,20
11757,1424,163,163,5024,20
11758,1424,174,174,5035,20
11759,1424,179,180,5040,20
11760,1424,35,35,4406,21
11761,1424,208,208,4579,21
11762,1424,188,188,4825,22
11763,1425,173,173,1774,9
11764,1426,35,35,3862,18
11765,1427,72,72,4933,20
11766,1427,74,74,4935,20
11767,1427,92,92,4953,20
11768,1427,94,94,4955,20
11769,1427,96,96,4957,20
11770,1427,100,100,4961,20
11771,1427,102,102,4963,20
11772,1427,104,104,4965,20
11773,1427,110,110,4971,20
11774,1427,120,120,4981,20
11775,1427,149,149,4786,22
11776,1428,47,47,479,4
11777,1428,79,81,727,5
11778,1428,96,96,744,5
11779,1428,103,103,751,5
11780,1428,107,107,755,5
11781,1428,112,112,760,5
11782,1428,142,142,790,5
11783,1428,145,145,793,5
11784,1428,148,148,796,5
11785,1428,153,154,801,5
11786,1429,262,262,4633,21
11787,1430,193,193,1794,9
11788,1430,47,47,2906,14
11789,1430,281,281,4370,19
11790,1431,47,47,2906,14
11791,1431,242,242,3101,14
11792,1432,119,119,3699,17
11793,1433,27,28,1155,7
11794,1433,63,63,2175,11
11795,1433,138,138,2250,11
11796,1434,218,218,3548,16
11797,1435,27,28,1155,7
11798,1435,63,63,2175,11
11799,1436,160,160,159,1
11800,1436,162,162,161,1
11801,1437,114,114,4975,20
11802,1438,128,128,2740,13
11803,1439,100,100,283,2
11804,1439,114,114,297,2
11805,1439,113,113,545,4
11806,1439,80,80,1441,8
11807,1440,134,134,1735,9
11808,1440,143,143,1744,9
11809,1441,253,253,1854,9
11810,1442,106,106,105,1
11811,1443,36,36,684,5
11812,1443,151,151,799,5
11813,1443,24,24,1625,9
11814,1443,69,69,2181,11
11815,1443,176,176,2544,12
11816,1443,186,186,3045,14
11817,1443,192,192,3051,14
11818,1443,207,209,3066,14
11819,1443,9,9,3111,15
11820,1443,13,13,3115,15
11821,1443,16,18,3118,15
11822,1443,22,22,3124,15
11823,1443,30,31,3132,15
11824,1443,45,45,3147,15
11825,1443,47,47,3149,15
11826,1443,60,60,3162,15
11827,1443,63,63,3165,15
11828,1443,73,73,3175,15
11829,1443,76,77,3178,15
11830,1443,79,79,3181,15
11831,1443,97,97,3199,15
11832,1443,153,153,3255,15
11833,1443,155,155,3257,15
11834,1443,122,122,3452,16
11835,1443,235,235,3565,16
11836,1443,237,237,3567,16
11837,1443,239,239,3569,16
11838,1443,173,173,3753,17
11839,1443,205,205,3785,17
11840,1443,9,9,3836,18
11841,1443,48,48,3875,18
11842,1443,40,40,4129,19
11843,1443,84,84,4173,19
11844,1443,133,133,4222,19
11845,1443,24,24,4885,20
11846,1443,102,102,4963,20
11847,1443,131,131,4992,20
11848,1443,144,144,5005,20
11849,1444,14,14,13,1
11850,1444,17,17,16,1
11851,1444,101,101,100,1
11852,1444,105,107,104,1
11853,1444,150,150,149,1
11854,1444,152,153,151,1
11855,1444,160,160,159,1
11856,1444,21,21,204,2
11857,1444,30,30,213,2
11858,1444,46,46,229,2
11859,1444,55,56,238,2
11860,1444,89,89,272,2
11861,1444,97,97,280,2
11862,1444,113,115,296,2
11863,1444,184,184,367,2
11864,1444,6,6,383,3
11865,1444,157,157,589,4
11866,1444,51,53,699,5
11867,1444,234,234,882,5
11868,1444,123,123,1013,6
11869,1444,85,85,1446,8
11870,1444,9,10,2377,12
11871,1444,90,92,2702,13
11872,1444,54,55,2913,14
11873,1444,33,33,3860,18
11874,1445,105,105,104,1
11875,1445,107,108,106,1
11876,1445,119,119,118,1
11877,1445,21,21,204,2
11878,1445,55,57,238,2
11879,1445,67,67,250,2
11880,1445,89,89,272,2
11881,1445,107,107,290,2
11882,1445,184,184,367,2
11883,1445,6,6,383,3
11884,1445,114,114,546,4
11885,1445,51,53,699,5
11886,1445,56,56,704,5
11887,1445,58,58,706,5
11888,1445,115,115,763,5
11889,1445,216,216,864,5
11890,1445,206,206,1096,6
11891,1445,216,217,1106,6
11892,1445,230,231,1120,6
11893,1445,26,27,1154,7
11894,1445,61,61,1189,7
11895,1445,154,154,1282,7
11896,1445,172,172,1773,9
11897,1445,9,10,2377,12
11898,1445,90,93,2702,13
11899,1445,196,196,3055,14
11900,1445,91,91,3193,15
11901,1445,224,225,3326,15
11902,1445,33,33,3363,16
11903,1445,38,38,3368,16
11904,1445,32,33,3859,18
11905,1445,97,97,3924,18
11906,1445,211,211,4038,18
11907,1445,31,31,4120,19
11908,1445,79,79,4168,19
11909,1445,133,133,4994,20
11910,1445,65,66,4436,21
11911,1445,138,138,4509,21
11912,1445,216,217,4853,22
11913,1446,136,136,135,1
11914,1446,128,128,311,2
11915,1446,158,159,590,4
11916,1446,79,79,727,5
11917,1446,22,22,1383,8
11918,1447,47,47,2906,14
11919,1448,164,164,2019,10
11920,1448,180,180,2035,10
11921,1448,197,197,2052,10
11922,1449,164,164,2019,10
11923,1449,180,180,2035,10
11924,1449,197,197,2052,10
11925,1450,227,228,875,5
11926,1450,233,233,881,5
11927,1450,186,186,1787,9
11928,1450,217,217,1818,9
11929,1450,13,13,2872,14
11930,1450,122,122,3452,16
11931,1450,43,43,3623,17
11932,1450,53,53,3633,17
11933,1450,55,55,3635,17
11934,1450,122,122,3702,17
11935,1450,129,129,3709,17
11936,1450,131,131,3711,17
11937,1450,135,135,3715,17
11938,1450,137,137,3717,17
11939,1450,140,142,3720,17
11940,1450,144,144,3724,17
11941,1450,146,146,3726,17
11942,1450,155,155,3735,17
11943,1450,169,169,3749,17
11944,1451,78,78,4449,21
11945,1452,127,127,2739,13
11946,1452,187,187,2799,13
11947,1452,204,204,2816,13
11948,1452,27,29,2886,14
11949,1452,205,205,3535,16
11950,1452,208,208,3788,17
11951,1452,184,184,5045,20
11952,1452,169,170,4806,22
11953,1453,5,5,4,1
11954,1454,140,140,572,4
11955,1455,217,217,4854,22
11956,1456,177,178,3036,14
11957,1456,187,187,3046,14
11958,1456,194,194,3053,14
11959,1456,21,21,3123,15
11960,1456,36,36,3138,15
11961,1456,55,55,3157,15
11962,1456,60,60,3162,15
11963,1456,62,62,3164,15
11964,1456,85,85,3187,15
11965,1456,105,105,3207,15
11966,1456,115,115,3217,15
11967,1456,119,120,3221,15
11968,1456,137,137,3239,15
11969,1456,139,139,3241,15
11970,1456,173,173,3275,15
11971,1456,216,216,3318,15
11972,1456,103,103,3433,16
11973,1456,106,106,3436,16
11974,1456,115,115,3445,16
11975,1456,129,129,3459,16
11976,1456,133,133,3463,16
11977,1456,177,177,3507,16
11978,1456,179,179,3509,16
11979,1456,143,143,3723,17
11980,1456,241,241,4068,18
11981,1456,52,52,4141,19
11982,1456,81,81,4170,19
11983,1456,68,68,4929,20
11984,1456,91,91,4952,20
11985,1456,114,114,4975,20
11986,1456,125,125,4986,20
11987,1457,155,155,4244,19
11988,1458,104,104,1232,7
11989,1459,33,33,2145,11
11990,1459,58,58,2170,11
11991,1459,74,74,2186,11
11992,1460,220,220,3800,17
11993,1460,215,215,4586,21
11994,1460,222,222,4593,21
11995,1461,119,119,4980,20
11996,1462,102,102,4191,19
11997,1463,9,9,386,3
11998,1464,178,178,361,2
11999,1464,183,183,366,2
12000,1464,4,4,381,3
12001,1464,9,9,386,3
12002,1464,157,157,589,4
12003,1465,161,161,3020,14
12004,1465,196,196,3055,14
12005,1465,246,246,3826,17
12006,1465,276,276,4365,19
12007,1466,5,5,188,2
12008,1466,12,12,195,2
12009,1466,42,42,225,2
12010,1466,59,59,242,2
12011,1466,123,123,306,2
12012,1466,1,2,378,3
12013,1466,5,6,382,3
12014,1467,153,153,152,1
12015,1467,30,31,213,2
12016,1467,33,33,216,2
12017,1467,46,46,229,2
12018,1467,65,65,248,2
12019,1467,71,71,254,2
12020,1467,129,129,312,2
12021,1467,206,206,1096,6
12022,1467,133,133,1261,7
12023,1467,137,137,1265,7
12024,1467,140,141,1268,7
12025,1467,71,71,3898,18
12026,1468,152,152,335,2
12027,1468,123,123,555,4
12028,1469,209,209,1099,6
12029,1470,29,30,406,3
12030,1471,103,103,2962,14
12031,1472,115,122,298,2
12032,1472,124,124,307,2
12033,1472,126,126,309,2
12034,1472,130,130,313,2
12035,1473,230,230,2842,13
12036,1473,12,12,2871,14
12037,1473,84,84,4173,19
12038,1474,23,23,22,1
12039,1474,25,25,24,1
12040,1474,27,27,26,1
12041,1474,29,29,28,1
12042,1474,72,72,71,1
12043,1474,24,24,207,2
12044,1474,27,29,210,2
12045,1474,34,34,217,2
12046,1474,36,36,219,2
12047,1474,67,67,250,2
12048,1474,75,75,258,2
12049,1474,84,85,267,2
12050,1474,92,92,275,2
12051,1474,118,118,301,2
12052,1474,120,120,303,2
12053,1474,123,123,306,2
12054,1474,128,129,311,2
12055,1474,132,132,315,2
12056,1474,147,148,330,2
12057,1474,151,151,334,2
12058,1474,172,175,355,2
12059,1474,183,183,366,2
12060,1474,5,5,382,3
12061,1474,19,19,396,3
12062,1474,24,24,401,3
12063,1474,47,47,424,3
12064,1474,49,49,426,3
12065,1474,51,51,428,3
12066,1474,16,16,448,4
12067,1474,29,29,461,4
12068,1474,33,33,465,4
12069,1474,41,41,473,4
12070,1474,57,57,489,4
12071,1474,90,90,522,4
12072,1474,98,99,530,4
12073,1474,117,117,549,4
12074,1474,138,138,570,4
12075,1474,143,143,575,4
12076,1474,155,155,587,4
12077,1474,160,160,592,4
12078,1474,168,168,600,4
12079,1474,173,174,605,4
12080,1474,180,181,612,4
12081,1474,183,183,615,4
12082,1474,213,213,645,4
12083,1474,5,7,653,5
12084,1474,21,23,669,5
12085,1474,27,27,675,5
12086,1474,29,29,677,5
12087,1474,35,35,683,5
12088,1474,39,39,687,5
12089,1474,50,50,698,5
12090,1474,54,54,702,5
12091,1474,62,62,710,5
12092,1474,71,71,719,5
12093,1474,86,86,734,5
12094,1474,90,90,738,5
12095,1474,106,106,754,5
12096,1474,111,111,759,5
12097,1474,113,113,761,5
12098,1474,142,142,790,5
12099,1474,151,151,799,5
12100,1474,166,166,814,5
12101,1474,171,171,819,5
12102,1474,174,174,822,5
12103,1474,178,178,826,5
12104,1474,181,181,829,5
12105,1474,186,186,834,5
12106,1474,211,211,859,5
12107,1474,122,122,1012,6
12108,1474,137,137,1027,6
12109,1474,143,143,1033,6
12110,1474,150,151,1040,6
12111,1474,156,156,1046,6
12112,1474,160,160,1050,6
12113,1474,170,170,1060,6
12114,1474,199,199,1089,6
12115,1474,68,68,1196,7
12116,1474,72,72,1200,7
12117,1474,114,115,1242,7
12118,1474,119,122,1247,7
12119,1474,124,124,1252,7
12120,1474,126,126,1254,7
12121,1474,154,154,1282,7
12122,1474,23,23,1624,9
12123,1474,70,70,1671,9
12124,1474,73,73,1674,9
12125,1474,215,215,1816,9
12126,1474,235,235,2090,10
12127,1474,238,238,2093,10
12128,1474,139,139,2251,11
12129,1474,157,157,2269,11
12130,1474,11,11,2379,12
12131,1474,102,102,2470,12
12132,1474,154,154,2522,12
12133,1474,183,183,2551,12
12134,1474,213,213,2581,12
12135,1474,123,123,2735,13
12136,1474,126,127,2738,13
12137,1474,227,228,2839,13
12138,1474,22,22,2881,14
12139,1474,49,49,2908,14
12140,1474,73,73,2932,14
12141,1474,82,82,2941,14
12142,1474,136,136,2995,14
12143,1474,148,148,3007,14
12144,1474,163,163,3022,14
12145,1474,180,180,3039,14
12146,1474,19,19,3121,15
12147,1474,28,28,3130,15
12148,1474,60,60,3162,15
12149,1474,77,77,3179,15
12150,1474,101,101,3203,15
12151,1474,118,118,3220,15
12152,1474,131,131,3233,15
12153,1474,146,146,3248,15
12154,1474,28,30,3356,16
12155,1474,123,124,3453,16
12156,1474,172,172,3502,16
12157,1474,174,174,3504,16
12158,1474,225,225,3555,16
12159,1474,232,232,3562,16
12160,1474,69,69,3649,17
12161,1474,78,78,3658,17
12162,1474,84,85,3664,17
12163,1474,96,96,3676,17
12164,1474,102,102,3682,17
12165,1474,157,157,3737,17
12166,1474,194,194,3774,17
12167,1474,211,211,3791,17
12168,1474,222,222,3802,17
12169,1474,30,30,3857,18
12170,1474,58,58,3885,18
12171,1474,79,79,3906,18
12172,1474,94,94,3921,18
12173,1474,116,116,3943,18
12174,1474,118,118,3945,18
12175,1474,124,124,3951,18
12176,1474,175,175,4002,18
12177,1474,180,180,4007,18
12178,1474,221,221,4048,18
12179,1474,229,229,4056,18
12180,1474,258,258,4085,18
12181,1474,13,13,4102,19
12182,1474,32,32,4121,19
12183,1474,40,40,4129,19
12184,1474,42,42,4131,19
12185,1474,54,54,4143,19
12186,1474,75,75,4164,19
12187,1474,86,86,4175,19
12188,1474,95,95,4184,19
12189,1474,98,99,4187,19
12190,1474,110,110,4199,19
12191,1474,112,113,4201,19
12192,1474,115,115,4204,19
12193,1474,118,119,4207,19
12194,1474,121,121,4210,19
12195,1474,124,125,4213,19
12196,1474,153,153,4242,19
12197,1474,159,160,4248,19
12198,1474,164,164,4253,19
12199,1474,183,183,4272,19
12200,1474,202,202,4291,19
12201,1474,204,204,4293,19
12202,1474,211,211,4300,19
12203,1474,221,223,4310,19
12204,1474,226,226,4315,19
12205,1474,231,231,4320,19
12206,1474,237,237,4326,19
12207,1474,246,246,4335,19
12208,1474,251,251,4340,19
12209,1474,7,7,4868,20
12210,1474,9,10,4870,20
12211,1474,12,12,4873,20
12212,1474,39,39,4900,20
12213,1474,43,43,4904,20
12214,1474,62,62,4923,20
12215,1474,67,67,4928,20
12216,1474,85,85,4946,20
12217,1474,105,105,4966,20
12218,1474,108,108,4969,20
12219,1474,110,110,4971,20
12220,1474,124,124,4985,20
12221,1474,127,127,4988,20
12222,1474,143,143,5004,20
12223,1474,156,156,5017,20
12224,1474,162,162,5023,20
12225,1474,175,175,5036,20
12226,1474,11,11,4382,21
12227,1474,23,23,4394,21
12228,1474,47,47,4418,21
12229,1474,98,98,4469,21
12230,1474,100,100,4471,21
12231,1474,122,123,4493,21
12232,1474,134,134,4505,21
12233,1474,147,147,4518,21
12234,1474,149,149,4520,21
12235,1474,167,167,4538,21
12236,1474,175,175,4546,21
12237,1474,209,209,4580,21
12238,1474,229,229,4600,21
12239,1474,231,231,4602,21
12240,1474,16,16,4653,22
12241,1474,82,83,4719,22
12242,1474,103,103,4740,22
12243,1474,111,111,4748,22
12244,1474,117,117,4754,22
12245,1474,150,150,4787,22
12246,1474,193,193,4830,22
12247,1475,53,53,236,2
12248,1475,276,276,4365,19
12249,1476,244,244,2356,11
12250,1477,144,144,1272,7
12251,1477,175,175,1303,7
12252,1477,179,180,1307,7
12253,1477,185,185,1313,7
12254,1477,189,189,1317,7
12255,1477,194,194,1322,7
12256,1477,221,221,1349,7
12257,1477,10,10,1371,8
12258,1477,105,105,1466,8
12259,1477,107,110,1468,8
12260,1477,112,113,1473,8
12261,1477,120,121,1481,8
12262,1477,133,133,1494,8
12263,1477,136,136,1497,8
12264,1477,144,144,1505,8
12265,1477,148,148,1509,8
12266,1477,179,179,1540,8
12267,1477,196,196,1557,8
12268,1477,211,211,1572,8
12269,1477,215,216,1576,8
12270,1477,206,206,1807,9
12271,1477,36,36,1891,10
12272,1477,95,95,1950,10
12273,1477,99,100,1954,10
12274,1477,6,7,2118,11
12275,1477,221,221,2333,11
12276,1477,236,237,2348,11
12277,1477,244,245,2356,11
12278,1477,15,15,2383,12
12279,1477,75,75,2443,12
12280,1477,78,78,2446,12
12281,1477,197,197,2809,13
12282,1477,58,58,2917,14
12283,1477,65,65,4926,20
12284,1478,100,100,1955,10
12285,1478,244,244,2356,11
12286,1479,211,211,1572,8
12287,1479,100,100,1955,10
12288,1479,244,244,2356,11
12289,1480,32,32,1633,9
12290,1480,73,73,1674,9
12291,1480,75,75,1676,9
12292,1481,203,203,2815,13
12293,1482,230,230,2342,11
12294,1483,52,52,235,2
12295,1483,115,115,298,2
12296,1483,117,120,300,2
12297,1483,122,122,305,2
12298,1483,124,124,307,2
12299,1483,188,188,371,2
12300,1483,2,2,379,3
12301,1483,38,38,415,3
12302,1483,48,48,425,3
12303,1483,50,50,427,3
12304,1483,167,167,599,4
12305,1483,70,70,1431,8
12306,1483,148,148,1749,9
12307,1483,146,146,2001,10
12308,1483,230,230,2342,11
12309,1484,124,124,307,2
12310,1484,230,230,2342,11
12311,1485,104,104,3206,15
12312,1486,25,25,2393,12
12313,1487,25,25,2393,12
12314,1488,198,198,846,5
12315,1489,114,114,4975,20
12316,1490,97,97,3199,15
12317,1490,115,115,3217,15
12318,1490,123,123,3225,15
12319,1490,155,155,3257,15
12320,1490,84,84,4945,20
12321,1491,202,202,850,5
12322,1491,202,202,3532,16
12323,1492,100,103,990,6
12324,1492,236,236,1126,6
12325,1493,197,197,4286,19
12326,1493,201,201,4290,19
12327,1493,208,208,4297,19
12328,1493,210,210,4299,19
12329,1494,84,84,3414,16
12330,1495,70,70,4159,19
12331,1495,93,93,4182,19
12332,1495,95,97,4184,19
12333,1495,43,44,4904,20
12334,1496,160,161,3019,14
12335,1496,177,177,3036,14
12336,1496,187,188,3046,14
12337,1496,191,193,3050,14
12338,1496,196,196,3055,14
12339,1496,201,201,3060,14
12340,1496,21,22,3123,15
12341,1496,34,34,3136,15
12342,1496,49,49,3151,15
12343,1496,54,58,3156,15
12344,1496,60,62,3162,15
12345,1496,64,64,3166,15
12346,1496,73,73,3175,15
12347,1496,87,87,3189,15
12348,1496,106,107,3208,15
12349,1496,115,115,3217,15
12350,1496,123,123,3225,15
12351,1496,155,155,3257,15
12352,1496,173,173,3275,15
12353,1496,216,217,3318,15
12354,1496,222,222,3552,16
12355,1496,239,239,3569,16
12356,1496,5,5,3585,17
12357,1496,8,9,3588,17
12358,1496,77,77,3657,17
12359,1496,245,246,3825,17
12360,1496,72,72,4161,19
12361,1496,91,91,4952,20
12362,1497,84,84,3414,16
12363,1498,112,112,4973,20
12364,1498,115,115,4976,20
12365,1499,177,177,3036,14
12366,1499,186,188,3045,14
12367,1499,191,192,3050,14
12368,1499,194,194,3053,14
12369,1499,196,196,3055,14
12370,1499,21,21,3123,15
12371,1499,30,30,3132,15
12372,1499,34,34,3136,15
12373,1499,46,46,3148,15
12374,1499,48,49,3150,15
12375,1499,55,55,3157,15
12376,1499,58,58,3160,15
12377,1499,60,60,3162,15
12378,1499,62,62,3164,15
12379,1499,64,64,3166,15
12380,1499,66,66,3168,15
12381,1499,72,72,3174,15
12382,1499,96,97,3198,15
12383,1499,103,103,3205,15
12384,1499,110,110,3212,15
12385,1499,115,115,3217,15
12386,1499,121,123,3223,15
12387,1499,137,137,3239,15
12388,1499,139,139,3241,15
12389,1499,155,155,3257,15
12390,1499,157,158,3259,15
12391,1499,173,173,3275,15
12392,1499,179,180,3281,15
12393,1499,182,182,3284,15
12394,1499,192,192,3294,15
12395,1499,218,218,3320,15
12396,1499,15,15,3343,16
12397,1499,84,85,3414,16
12398,1499,115,115,3445,16
12399,1499,222,222,3552,16
12400,1499,238,240,3568,16
12401,1499,5,5,3585,17
12402,1499,8,9,3588,17
12403,1499,245,246,3825,17
12404,1499,74,74,4163,19
12405,1499,84,84,4173,19
12406,1499,91,91,4952,20
12407,1499,147,147,5008,20
12408,1500,193,193,3052,14
12409,1501,114,114,4975,20
12410,1501,117,117,4978,20
12411,1502,54,54,53,1
12412,1503,171,171,4542,21
12413,1504,174,176,1535,8
12414,1504,179,179,1540,8
12415,1504,183,183,1544,8
12416,1504,186,186,1547,8
12417,1504,188,188,1549,8
12418,1504,198,199,1559,8
12419,1504,201,205,1562,8
12420,1504,207,207,1568,8
12421,1504,212,212,1573,8
12422,1504,214,214,1575,8
12423,1504,70,70,4707,22
12424,1504,97,98,4734,22
12425,1505,56,56,946,6
12426,1506,118,118,4979,20
12427,1507,279,279,4368,19
12428,1508,139,139,138,1
12429,1508,162,165,161,1
12430,1508,167,168,166,1
12431,1508,19,19,202,2
12432,1508,33,33,465,4
12433,1508,167,167,599,4
12434,1508,146,146,2001,10
12435,1509,5,10,3585,17
12436,1509,170,170,3997,18
12437,1510,202,203,1563,8
12438,1511,173,173,3753,17
12439,1512,198,198,1559,8
12440,1513,198,200,1559,8
12441,1513,202,205,1563,8
12442,1514,125,125,308,2
12443,1515,40,40,1168,7
12444,1515,46,46,1174,7
12445,1516,111,111,1239,7
12446,1516,236,236,1837,9
12447,1517,213,213,2581,12
12448,1518,135,136,134,1
12449,1518,128,128,311,2
12450,1518,158,159,590,4
12451,1518,9,11,899,6
12452,1518,21,23,1382,8
12453,1518,35,38,2147,11
12454,1518,76,79,2688,13
12455,1518,37,40,3617,17
12456,1518,93,94,4954,20
12457,1519,168,168,167,1
12458,1519,174,174,173,1
12459,1519,5,6,188,2
12460,1519,9,9,192,2
12461,1519,19,19,202,2
12462,1519,46,47,229,2
12463,1519,200,200,1328,7
12464,1520,167,167,166,1
12465,1521,237,237,4326,19
12466,1522,50,50,4139,19
12467,1523,276,276,4365,19
12468,1524,254,254,2109,10
12469,1525,165,165,1766,9
12470,1525,86,86,3188,15
12471,1525,218,218,4589,21
12472,1526,160,160,1288,7
12473,1526,214,214,1575,8
12474,1526,40,40,1641,9
12475,1526,47,47,1648,9
12476,1526,72,72,1927,10
12477,1526,74,74,1929,10
12478,1526,127,129,1982,10
12479,1526,52,53,2164,11
12480,1526,118,118,2486,12
12481,1526,187,187,2555,12
12482,1526,60,60,3162,15
12483,1526,179,179,3281,15
12484,1526,182,182,3284,15
12485,1526,79,79,3409,16
12486,1526,237,237,3567,16
12487,1526,216,216,3796,17
12488,1526,141,141,3968,18
12489,1526,166,166,3993,18
12490,1526,185,185,4012,18
12491,1526,229,230,4056,18
12492,1526,6,6,4095,19
12493,1526,12,12,4101,19
12494,1526,16,18,4105,19
12495,1526,77,77,4166,19
12496,1526,82,82,4171,19
12497,1526,84,84,4173,19
12498,1526,119,119,4756,22
12499,1526,160,160,4797,22
12500,1527,209,209,4580,21
12501,1528,11,11,194,2
12502,1528,18,18,201,2
12503,1528,81,81,264,2
12504,1528,102,102,285,2
12505,1528,186,186,369,2
12506,1528,2,2,379,3
12507,1528,7,7,384,3
12508,1528,119,119,2231,11
12509,1529,116,116,1717,9
12510,1530,20,23,1148,7
12511,1531,23,23,1151,7
12512,1532,20,20,1148,7
12513,1533,23,23,1151,7
12514,1534,256,256,4345,19
12515,1534,268,268,4357,19
12516,1535,187,187,370,2
12517,1536,91,91,4952,20
12518,1537,209,209,4580,21
12519,1538,41,41,224,2
12520,1539,120,120,4981,20
12521,1539,160,161,5021,20
12522,1539,177,177,5038,20
12523,1539,145,146,4782,22
12524,1540,210,210,1571,8
12525,1540,201,201,4572,21
12526,1541,85,85,4174,19
12527,1542,40,40,1401,8
12528,1542,102,102,1463,8
12529,1542,105,105,3932,18
12530,1542,276,276,4365,19
12531,1543,162,163,345,2
12532,1543,168,168,351,2
12533,1543,183,183,366,2
12534,1543,187,187,370,2
12535,1544,63,64,4924,20
12536,1544,69,69,4930,20
12537,1545,179,179,4550,21
12538,1545,72,72,4709,22
12539,1545,119,119,4756,22
12540,1546,196,196,1324,7
12541,1547,269,269,4358,19
12542,1547,114,114,4975,20
12543,1548,37,37,469,4
12544,1548,61,61,493,4
12545,1548,70,70,502,4
12546,1549,54,54,944,6
12547,1549,72,72,962,6
12548,1549,79,79,969,6
12549,1549,88,88,978,6
12550,1549,90,92,980,6
12551,1549,94,95,984,6
12552,1549,101,101,991,6
12553,1549,112,114,1002,6
12554,1550,95,95,1456,8
12555,1551,27,27,26,1
12556,1551,56,56,55,1
12557,1552,131,132,4768,22
12558,1552,140,141,4777,22
12559,1553,19,19,1380,8
12560,1553,53,53,1654,9
12561,1553,33,33,4404,21
12562,1554,176,177,2288,11
12563,1555,122,122,1723,9
12564,1556,189,189,3519,16
12565,1557,167,167,4256,19
12566,1558,65,67,4926,20
12567,1558,110,110,4971,20
12568,1559,31,31,1632,9
12569,1560,167,167,4256,19
12570,1561,103,103,4964,20
12571,1562,114,114,4975,20
12572,1563,107,107,106,1
12573,1563,143,144,142,1
12574,1563,105,105,288,2
12575,1563,166,167,349,2
12576,1563,112,112,544,4
12577,1563,174,175,606,4
12578,1563,90,90,738,5
12579,1563,174,176,822,5
12580,1563,146,148,1507,8
12581,1563,159,159,1520,8
12582,1563,52,54,1907,10
12583,1563,58,58,1913,10
12584,1563,160,160,3490,16
12585,1563,209,209,4036,18
12586,1563,142,142,4231,19
12587,1563,125,125,4986,20
12588,1563,142,142,5003,20
12589,1563,145,145,5006,20
12590,1564,211,211,2066,10
12591,1565,104,104,1232,7
12592,1566,48,48,3875,18
12593,1566,171,171,3998,18
12594,1567,171,171,3998,18
12595,1568,85,85,4946,20
12596,1568,87,87,4948,20
12597,1569,133,133,3960,18
12598,1570,202,202,4029,18
12599,1571,88,88,736,5
12600,1572,59,59,4920,20
12601,1573,69,69,2681,13
12602,1574,49,50,3629,17
12603,1574,53,53,3633,17
12604,1574,185,186,3765,17
12605,1575,253,253,1854,9
12606,1576,224,224,872,5
12607,1576,146,146,3248,15
12608,1576,218,218,3798,17
12609,1576,224,225,3804,17
12610,1576,165,165,3992,18
12611,1576,199,199,4570,21
12612,1576,46,46,4683,22
12613,1576,121,121,4758,22
12614,1577,168,168,3498,16
12615,1578,100,101,99,1
12616,1579,63,63,2922,14
12617,1580,171,171,4542,21
12618,1581,126,127,3706,17
12619,1581,130,130,3710,17
12620,1582,103,103,993,6
12621,1583,168,170,4257,19
12622,1584,214,214,1815,9
12623,1585,245,245,3825,17
12624,1586,215,215,4586,21
12625,1587,15,16,1143,7
12626,1587,112,112,1713,9
12627,1587,236,236,1837,9
12628,1587,187,187,2042,10
12629,1587,211,211,2066,10
12630,1587,85,85,2197,11
12631,1587,20,20,2388,12
12632,1587,188,188,2800,13
12633,1587,112,112,2971,14
12634,1587,30,30,3360,16
12635,1587,78,78,3408,16
12636,1587,132,132,3462,16
12637,1587,98,98,3678,17
12638,1587,210,210,3790,17
12639,1587,10,10,3837,18
12640,1587,46,46,3873,18
12641,1587,73,73,3900,18
12642,1587,94,94,3921,18
12643,1587,30,30,4401,21
12644,1587,61,61,4432,21
12645,1588,214,215,1815,9
12646,1588,140,140,2252,11
12647,1589,202,202,1092,6
12648,1589,214,214,1815,9
12649,1590,203,203,1093,6
12650,1590,214,214,1815,9
12651,1590,113,113,2725,13
12652,1590,10,10,3837,18
12653,1591,103,103,993,6
12654,1591,109,109,999,6
12655,1592,203,203,1093,6
12656,1593,213,215,1814,9
12657,1593,218,218,1819,9
12658,1593,140,140,2252,11
12659,1593,20,20,2388,12
12660,1593,113,113,2725,13
12661,1593,104,104,3684,17
12662,1593,134,134,3714,17
12663,1594,20,20,2388,12
12664,1595,96,96,4185,19
12665,1596,49,49,2661,13
12666,1597,121,121,1482,8
12667,1597,15,15,2383,12
12668,1597,48,48,2660,13
12669,1597,197,197,2809,13
12670,1597,205,205,2817,13
12671,1597,58,58,2917,14
12672,1597,68,69,2927,14
12673,1597,230,230,3089,14
12674,1597,67,67,4438,21
12675,1598,51,51,4140,19
12676,1599,276,276,4365,19
12677,1600,132,132,3234,15
12678,1601,87,87,86,1
12679,1602,169,169,3996,18
12680,1603,8,8,440,4
12681,1604,41,41,40,1
12682,1604,45,45,44,1
12683,1605,15,15,3595,17
12684,1606,245,245,1846,9
12685,1607,88,88,978,6
12686,1608,113,113,545,4
12687,1609,277,277,4366,19
12688,1610,79,80,727,5
12689,1610,177,177,2789,13
12690,1611,35,35,1890,10
12691,1611,160,162,2272,11
12692,1611,18,18,2386,12
12693,1611,16,17,2875,14
12694,1612,50,50,3630,17
12695,1613,67,67,3397,16
12696,1613,94,94,3424,16
12697,1613,131,131,3461,16
12698,1613,49,50,3629,17
12699,1613,53,53,3633,17
12700,1613,185,187,3765,17
12701,1614,97,97,4186,19
12702,1614,105,105,4194,19
12703,1614,171,172,4260,19
12704,1614,202,202,4291,19
12705,1614,23,23,4884,20
12706,1614,44,44,4905,20
12707,1614,48,48,4909,20
12708,1614,50,50,4911,20
12709,1614,52,52,4913,20
12710,1614,66,66,4927,20
12711,1614,120,120,4981,20
12712,1614,167,167,5028,20
12713,1614,173,173,5034,20
12714,1614,178,178,5039,20
12715,1614,183,184,5044,20
12716,1614,5,5,4376,21
12717,1614,7,7,4378,21
12718,1614,29,29,4400,21
12719,1614,32,33,4403,21
12720,1614,49,49,4420,21
12721,1614,65,65,4436,21
12722,1614,67,68,4438,21
12723,1614,70,70,4441,21
12724,1614,105,105,4476,21
12725,1614,135,135,4506,21
12726,1614,197,197,4568,21
12727,1614,208,208,4579,21
12728,1614,260,260,4631,21
12729,1614,15,15,4652,22
12730,1614,43,43,4680,22
12731,1614,51,51,4688,22
12732,1614,155,155,4792,22
12733,1614,181,181,4818,22
12734,1614,186,187,4823,22
12735,1615,140,140,1268,7
12736,1615,142,143,1270,7
12737,1615,201,202,1329,7
12738,1615,208,208,1336,7
12739,1615,40,40,1401,8
12740,1615,182,182,1543,8
12741,1615,186,187,1547,8
12742,1615,22,22,1623,9
12743,1615,142,142,1743,9
12744,1615,34,35,1889,10
12745,1615,52,52,1907,10
12746,1615,240,240,2095,10
12747,1615,242,242,2097,10
12748,1615,33,33,2145,11
12749,1615,87,87,2199,11
12750,1615,110,110,2222,11
12751,1615,113,113,2225,11
12752,1615,152,152,2264,11
12753,1615,162,163,2274,11
12754,1615,186,186,2298,11
12755,1615,199,199,2311,11
12756,1615,223,223,2335,11
12757,1615,12,12,2380,12
12758,1615,157,158,2525,12
12759,1615,162,164,2530,12
12760,1615,169,169,2537,12
12761,1615,186,186,2554,12
12762,1615,189,190,2557,12
12763,1615,200,200,2568,12
12764,1615,236,236,2604,12
12765,1615,19,19,2631,13
12766,1615,59,60,2671,13
12767,1615,85,85,2697,13
12768,1615,99,99,2711,13
12769,1615,235,235,2847,13
12770,1615,16,16,2875,14
12771,1615,41,41,2900,14
12772,1615,110,110,2969,14
12773,1615,82,83,3184,15
12774,1615,191,191,3521,16
12775,1615,33,33,3613,17
12776,1615,236,236,4063,18
12777,1615,58,58,4919,20
12778,1615,5,5,4376,21
12779,1615,162,163,4799,22
12780,1616,35,35,1890,10
12781,1617,106,106,1234,7
12782,1617,117,117,1478,8
12783,1617,178,178,1539,8
12784,1617,8,8,1609,9
12785,1617,178,178,2033,10
12786,1617,19,19,2387,12
12787,1617,166,166,2534,12
12788,1617,23,23,2635,13
12789,1617,244,244,3574,16
12790,1617,210,210,3790,17
12791,1617,101,101,3928,18
12792,1617,206,206,4033,18
12793,1618,79,79,3181,15
12794,1619,63,64,3393,16
12795,1619,197,198,3527,16
12796,1619,205,205,3535,16
12797,1619,11,11,3591,17
12798,1619,24,24,3604,17
12799,1619,64,64,3644,17
12800,1619,197,197,3777,17
12801,1619,203,203,3783,17
12802,1619,230,230,3810,17
12803,1619,25,25,3852,18
12804,1619,38,38,3865,18
12805,1619,42,42,3869,18
12806,1619,60,61,3887,18
12807,1619,120,120,3947,18
12808,1620,63,63,3393,16
12809,1620,127,127,3457,16
12810,1620,205,205,3535,16
12811,1620,208,208,3538,16
12812,1620,11,11,3591,17
12813,1620,24,24,3604,17
12814,1620,197,197,3777,17
12815,1620,203,203,3783,17
12816,1620,222,223,3802,17
12817,1620,230,230,3810,17
12818,1620,25,25,3852,18
12819,1620,36,36,3863,18
12820,1620,38,38,3865,18
12821,1620,42,42,3869,18
12822,1620,60,60,3887,18
12823,1620,66,66,3893,18
12824,1620,119,120,3946,18
12825,1621,63,63,3393,16
12826,1621,208,208,3538,16
12827,1621,14,14,3594,17
12828,1621,23,24,3603,17
12829,1621,64,66,3644,17
12830,1621,149,149,3729,17
12831,1621,174,174,3754,17
12832,1621,197,197,3777,17
12833,1621,202,203,3782,17
12834,1621,222,223,3802,17
12835,1621,230,230,3810,17
12836,1621,38,38,3865,18
12837,1621,42,42,3869,18
12838,1621,60,61,3887,18
12839,1621,66,66,3893,18
12840,1621,70,70,3897,18
12841,1621,119,120,3946,18
12842,1621,165,165,3992,18
12843,1622,220,220,3800,17
12844,1623,49,49,2908,14
12845,1624,27,29,210,2
12846,1624,34,34,217,2
12847,1624,36,37,219,2
12848,1624,39,39,222,2
12849,1624,41,41,224,2
12850,1624,43,43,226,2
12851,1624,45,47,228,2
12852,1624,51,52,234,2
12853,1624,54,54,237,2
12854,1624,58,59,241,2
12855,1624,62,62,245,2
12856,1624,65,65,248,2
12857,1624,75,75,258,2
12858,1624,83,83,266,2
12859,1624,86,87,269,2
12860,1624,98,98,281,2
12861,1624,101,101,284,2
12862,1624,107,107,290,2
12863,1624,109,110,292,2
12864,1624,114,115,297,2
12865,1624,118,119,301,2
12866,1624,126,128,309,2
12867,1624,132,132,315,2
12868,1624,163,163,346,2
12869,1624,181,181,364,2
12870,1624,183,183,366,2
12871,1624,186,187,369,2
12872,1624,191,191,374,2
12873,1624,4,4,381,3
12874,1624,8,8,385,3
12875,1624,12,12,389,3
12876,1624,14,14,391,3
12877,1624,17,17,394,3
12878,1624,25,25,402,3
12879,1624,28,28,405,3
12880,1624,38,38,415,3
12881,1624,43,43,420,3
12882,1624,51,51,428,3
12883,1624,7,9,439,4
12884,1624,70,70,502,4
12885,1624,79,79,511,4
12886,1624,82,82,514,4
12887,1624,42,42,690,5
12888,1624,96,96,744,5
12889,1624,163,163,811,5
12890,1624,47,47,937,6
12891,1625,4,4,1132,7
12892,1625,166,166,1294,7
12893,1626,134,134,4505,21
12894,1627,35,35,1163,7
12895,1628,117,117,4978,20
12896,1629,89,89,4950,20
12897,1630,84,85,4945,20
12898,1630,89,89,4950,20
12899,1631,89,89,4950,20
12900,1632,89,89,4950,20
12901,1633,85,85,4946,20
12902,1633,89,89,4950,20
12903,1634,139,139,322,2
12904,1634,152,152,335,2
12905,1635,217,219,3797,17
12906,1635,223,224,3803,17
12907,1635,228,228,3808,17
12908,1636,204,204,852,5
12909,1636,28,28,918,6
12910,1636,122,122,1012,6
12911,1636,114,114,1242,7
12912,1636,232,232,1593,8
12913,1636,12,12,3114,15
12914,1636,39,39,3141,15
12915,1636,221,221,3551,16
12916,1636,90,90,4951,20
12917,1637,104,104,1232,7
12918,1638,106,106,2474,12
12919,1639,162,162,345,2
12920,1640,70,70,2182,11
12921,1640,112,112,2224,11
12922,1640,137,137,2249,11
12923,1640,62,62,2430,12
12924,1640,189,189,2801,13
12925,1640,121,121,2980,14
12926,1640,139,140,2998,14
12927,1640,147,148,3006,14
12928,1640,157,157,3016,14
12929,1640,183,183,3042,14
12930,1641,148,148,1276,7
12931,1641,12,13,2871,14
12932,1641,15,15,2874,14
12933,1642,71,71,254,2
12934,1642,112,112,295,2
12935,1642,127,127,310,2
12936,1642,151,152,334,2
12937,1642,156,156,339,2
12938,1642,161,161,344,2
12939,1642,164,164,347,2
12940,1642,168,168,351,2
12941,1642,171,171,354,2
12942,1642,177,177,360,2
12943,1642,182,182,365,2
12944,1642,2,2,379,3
12945,1642,4,4,381,3
12946,1642,6,6,383,3
12947,1642,14,14,391,3
12948,1642,27,27,404,3
12949,1642,31,31,408,3
12950,1642,37,37,414,3
12951,1642,10,10,442,4
12952,1642,35,35,467,4
12953,1642,40,40,472,4
12954,1642,22,23,670,5
12955,1642,46,46,694,5
12956,1642,48,48,696,5
12957,1642,81,81,729,5
12958,1642,159,159,807,5
12959,1642,206,206,1334,7
12960,1642,230,230,2085,10
12961,1642,181,182,2549,12
12962,1642,201,201,2813,13
12963,1642,31,32,3858,18
12964,1643,242,242,2354,11
12965,1644,80,80,4451,21
12966,1645,136,136,4997,20
12967,1645,142,142,4779,22
12968,1646,134,134,4995,20
12969,1646,142,142,4779,22
12970,1647,27,27,26,1
12971,1648,144,144,2256,11
12972,1648,146,147,2258,11
12973,1648,216,217,2584,12
12974,1648,19,19,2631,13
12975,1648,86,86,2698,13
12976,1649,61,61,1662,9
12977,1649,158,158,2270,11
12978,1650,85,86,2697,13
12979,1651,194,195,2049,10
12980,1651,158,158,2270,11
12981,1651,27,28,2395,12
12982,1651,199,199,2567,12
12983,1651,155,156,3485,16
12984,1652,195,195,2050,10
12985,1652,27,28,2395,12
12986,1653,202,202,1330,7
12987,1653,211,212,1339,7
12988,1653,14,14,1375,8
12989,1653,73,73,1434,8
12990,1653,78,79,1439,8
12991,1653,101,101,1462,8
12992,1653,104,104,1465,8
12993,1653,127,127,1488,8
12994,1653,143,143,1504,8
12995,1653,148,148,1509,8
12996,1653,162,162,1523,8
12997,1653,170,170,1531,8
12998,1653,176,176,1537,8
12999,1653,185,185,1546,8
13000,1653,195,195,1556,8
13001,1653,228,228,1589,8
13002,1653,17,17,1618,9
13003,1653,31,31,1632,9
13004,1653,55,55,1656,9
13005,1653,65,65,1666,9
13006,1653,70,70,1671,9
13007,1653,81,81,1682,9
13008,1653,97,97,1698,9
13009,1653,123,123,1724,9
13010,1653,131,131,1732,9
13011,1653,140,140,1741,9
13012,1653,142,142,1743,9
13013,1653,147,147,1748,9
13014,1653,163,163,1764,9
13015,1653,170,170,1771,9
13016,1653,241,241,1842,9
13017,1653,25,25,1880,10
13018,1653,81,82,1936,10
13019,1653,89,89,1944,10
13020,1653,97,97,1952,10
13021,1653,164,164,2019,10
13022,1653,185,185,2040,10
13023,1653,187,190,2042,10
13024,1653,193,196,2048,10
13025,1653,203,203,2058,10
13026,1653,208,209,2063,10
13027,1653,231,231,2086,10
13028,1653,17,17,2129,11
13029,1653,23,23,2135,11
13030,1653,31,31,2143,11
13031,1653,109,109,2221,11
13032,1653,158,159,2270,11
13033,1653,14,14,2382,12
13034,1653,27,29,2395,12
13035,1653,32,33,2400,12
13036,1653,84,84,2452,12
13037,1653,199,199,2567,12
13038,1653,93,93,2705,13
13039,1653,19,19,2878,14
13040,1653,31,31,4402,21
13041,1654,31,31,4402,21
13042,1654,39,39,4410,21
13043,1654,62,62,4433,21
13044,1654,70,70,4441,21
13045,1654,191,191,4828,22
13046,1655,209,209,2064,10
13047,1655,57,57,2425,12
13048,1655,112,112,2480,12
13049,1655,226,226,2838,13
13050,1655,117,117,3447,16
13051,1655,208,208,3538,16
13052,1655,64,64,3644,17
13053,1655,197,197,3777,17
13054,1655,24,24,3851,18
13055,1655,33,33,3860,18
13056,1655,40,40,3867,18
13057,1655,166,166,4803,22
13058,1656,104,105,103,1
13059,1657,127,127,4498,21
13060,1657,97,98,4734,22
13061,1658,29,29,2641,13
13062,1659,146,146,3248,15
13063,1660,107,107,290,2
13064,1660,115,115,298,2
13065,1660,136,136,319,2
13066,1660,154,154,337,2
13067,1660,163,163,346,2
13068,1660,177,178,360,2
13069,1660,187,187,370,2
13070,1660,189,191,372,2
13071,1660,3,4,380,3
13072,1660,32,32,409,3
13073,1660,14,14,446,4
13074,1660,24,24,456,4
13075,1660,169,169,601,4
13076,1660,43,43,691,5
13077,1660,80,80,728,5
13078,1660,88,88,736,5
13079,1660,91,91,739,5
13080,1660,21,21,1622,9
13081,1660,61,61,1916,10
13082,1660,128,129,2240,11
13083,1661,239,239,4328,19
13084,1662,211,212,1101,6
13085,1662,169,169,1297,7
13086,1662,56,56,1417,8
13087,1662,106,106,1707,9
13088,1662,184,184,2039,10
13089,1662,199,200,2054,10
13090,1662,239,240,2094,10
13091,1662,244,244,2099,10
13092,1662,246,247,2101,10
13093,1662,23,23,2135,11
13094,1662,90,90,2202,11
13095,1662,100,102,2468,12
13096,1662,187,187,2555,12
13097,1662,233,233,2601,12
13098,1662,10,10,2622,13
13099,1662,59,59,2671,13
13100,1662,115,115,2727,13
13101,1662,191,191,2803,13
13102,1662,47,47,3874,18
13103,1662,102,103,3929,18
13104,1662,162,162,3989,18
13105,1662,172,178,3999,18
13106,1662,187,187,4014,18
13107,1662,227,227,4054,18
13108,1662,248,248,4075,18
13109,1662,6,6,4095,19
13110,1662,51,51,4912,20
13111,1663,90,90,2202,11
13112,1664,183,183,831,5
13113,1664,30,30,920,6
13114,1665,26,26,25,1
13115,1666,70,70,960,6
13116,1666,72,75,962,6
13117,1666,80,84,970,6
13118,1666,209,209,1099,6
13119,1666,17,17,2129,11
13120,1667,73,73,963,6
13121,1668,84,84,83,1
13122,1668,178,178,3280,15
13123,1668,182,182,3284,15
13124,1668,187,187,3289,15
13125,1668,8,8,3336,16
13126,1668,11,11,3339,16
13127,1668,19,19,3347,16
13128,1668,23,23,3351,16
13129,1668,27,27,3355,16
13130,1668,31,31,3361,16
13131,1668,69,69,3399,16
13132,1668,97,97,3427,16
13133,1668,197,198,3527,16
13134,1668,204,204,3534,16
13135,1668,207,207,3537,16
13136,1668,225,225,3555,16
13137,1668,246,246,3576,16
13138,1668,41,41,3621,17
13139,1668,223,224,3803,17
13140,1668,12,12,3839,18
13141,1668,21,21,3848,18
13142,1668,53,53,3880,18
13143,1668,61,62,3888,18
13144,1668,67,67,3894,18
13145,1668,81,82,3908,18
13146,1668,88,88,3915,18
13147,1668,90,90,3917,18
13148,1668,102,102,3929,18
13149,1668,108,108,3935,18
13150,1668,123,123,3950,18
13151,1668,162,162,3989,18
13152,1668,205,205,4032,18
13153,1668,232,232,4059,18
13154,1668,17,17,4106,19
13155,1668,81,81,4452,21
13156,1668,260,260,4631,21
13157,1669,84,85,83,1
13158,1669,272,272,4361,19
13159,1670,197,198,4286,19
13160,1671,8,8,1136,7
13161,1672,217,217,3797,17
13162,1673,41,42,3143,15
13163,1673,79,79,3181,15
13164,1674,139,139,4776,22
13165,1674,141,141,4778,22
13166,1675,26,26,403,3
13167,1675,27,27,459,4
13168,1675,29,31,461,4
13169,1675,60,60,492,4
13170,1675,27,27,917,6
13171,1676,189,190,1079,6
13172,1677,123,123,1013,6
13173,1678,124,125,1014,6
13174,1679,131,131,314,2
13175,1680,228,228,1829,9
13176,1681,20,20,3600,17
13177,1682,24,25,914,6
13178,1682,30,30,920,6
13179,1683,263,263,4352,19
13180,1684,240,241,4067,18
13181,1685,80,80,4451,21
13182,1686,154,154,802,5
13183,1687,141,141,789,5
13184,1687,145,145,793,5
13185,1687,148,148,796,5
13186,1687,153,153,801,5
13187,1688,156,156,2524,12
13188,1689,15,15,3595,17
13189,1690,78,78,4449,21
13190,1691,203,203,3305,15
13191,1692,235,235,1836,9
13192,1692,189,189,2044,10
13193,1692,195,195,2050,10
13194,1692,27,27,2395,12
13195,1692,29,29,2397,12
13196,1692,155,156,3485,16
13197,1693,78,79,1439,8
13198,1693,101,101,1462,8
13199,1693,104,104,1465,8
13200,1693,177,177,1538,8
13201,1693,179,179,1540,8
13202,1693,185,185,1546,8
13203,1693,70,70,1671,9
13204,1693,125,126,1726,9
13205,1693,145,145,1746,9
13206,1693,234,234,1835,9
13207,1693,241,241,1842,9
13208,1693,27,27,2639,13
13209,1693,19,19,2878,14
13210,1693,88,88,2947,14
13211,1693,150,150,3009,14
13212,1693,140,140,3470,16
13213,1693,156,156,3486,16
13214,1694,74,74,1435,8
13215,1694,78,79,1439,8
13216,1694,100,101,1461,8
13217,1694,104,104,1465,8
13218,1694,127,127,1488,8
13219,1694,177,177,1538,8
13220,1694,179,179,1540,8
13221,1694,185,186,1546,8
13222,1694,228,228,1589,8
13223,1694,17,17,1618,9
13224,1694,31,31,1632,9
13225,1694,110,110,1711,9
13226,1694,125,125,1726,9
13227,1694,145,145,1746,9
13228,1694,240,241,1841,9
13229,1694,14,14,1869,10
13230,1694,73,73,1928,10
13231,1694,89,89,1944,10
13232,1694,182,182,2037,10
13233,1694,190,190,2045,10
13234,1694,10,10,2122,11
13235,1694,158,158,2270,11
13236,1694,30,30,2398,12
13237,1695,202,202,1330,7
13238,1695,212,212,1340,7
13239,1695,69,69,1430,8
13240,1695,73,74,1434,8
13241,1695,78,79,1439,8
13242,1695,100,101,1461,8
13243,1695,104,104,1465,8
13244,1695,127,128,1488,8
13245,1695,143,143,1504,8
13246,1695,147,147,1508,8
13247,1695,160,160,1521,8
13248,1695,172,173,1533,8
13249,1695,175,177,1536,8
13250,1695,179,179,1540,8
13251,1695,185,186,1546,8
13252,1695,205,205,1566,8
13253,1695,212,212,1573,8
13254,1695,228,228,1589,8
13255,1695,17,17,1618,9
13256,1695,31,32,1632,9
13257,1695,40,40,1641,9
13258,1695,48,51,1649,9
13259,1695,55,55,1656,9
13260,1695,64,64,1665,9
13261,1695,70,70,1671,9
13262,1695,94,94,1695,9
13263,1695,97,97,1698,9
13264,1695,100,100,1701,9
13265,1695,109,110,1710,9
13266,1695,124,126,1725,9
13267,1695,140,141,1741,9
13268,1695,145,145,1746,9
13269,1695,147,147,1748,9
13270,1695,163,163,1764,9
13271,1695,170,170,1771,9
13272,1695,225,225,1826,9
13273,1695,234,235,1835,9
13274,1695,240,241,1841,9
13275,1695,14,14,1869,10
13276,1695,19,19,1874,10
13277,1695,25,25,1880,10
13278,1695,73,73,1928,10
13279,1695,81,82,1936,10
13280,1695,88,91,1943,10
13281,1695,93,94,1948,10
13282,1695,98,98,1953,10
13283,1695,102,103,1957,10
13284,1695,112,112,1967,10
13285,1695,121,121,1976,10
13286,1695,123,123,1978,10
13287,1695,125,126,1980,10
13288,1695,164,164,2019,10
13289,1695,182,183,2037,10
13290,1695,185,185,2040,10
13291,1695,187,190,2042,10
13292,1695,194,196,2049,10
13293,1695,203,203,2058,10
13294,1695,208,208,2063,10
13295,1695,210,211,2065,10
13296,1695,215,215,2070,10
13297,1695,224,224,2079,10
13298,1695,243,244,2098,10
13299,1695,10,10,2122,11
13300,1695,85,85,2197,11
13301,1695,109,109,2221,11
13302,1695,158,159,2270,11
13303,1695,169,169,2281,11
13304,1695,14,14,2382,12
13305,1695,26,34,2394,12
13306,1695,84,84,2452,12
13307,1695,148,149,2516,12
13308,1695,188,188,2556,12
13309,1695,199,199,2567,12
13310,1695,46,46,2658,13
13311,1695,93,93,2705,13
13312,1695,241,241,2853,13
13313,1695,19,19,2878,14
13314,1695,56,56,3386,16
13315,1695,140,140,3470,16
13316,1695,155,156,3485,16
13317,1695,183,183,3763,17
13318,1695,29,29,3856,18
13319,1695,31,31,4402,21
13320,1696,30,32,2398,12
13321,1697,17,17,200,2
13322,1697,24,24,207,2
13323,1697,60,61,243,2
13324,1697,73,74,256,2
13325,1697,87,87,270,2
13326,1697,103,103,286,2
13327,1697,105,105,288,2
13328,1697,127,127,310,2
13329,1697,134,134,317,2
13330,1697,139,139,322,2
13331,1697,149,149,332,2
13332,1697,152,152,335,2
13333,1697,157,157,340,2
13334,1697,177,178,360,2
13335,1697,188,190,371,2
13336,1697,18,18,395,3
13337,1697,22,23,399,3
13338,1697,29,29,406,3
13339,1697,55,55,487,4
13340,1697,65,65,497,4
13341,1697,106,106,538,4
13342,1697,112,112,544,4
13343,1697,134,135,566,4
13344,1697,139,140,571,4
13345,1697,150,150,582,4
13346,1697,28,28,676,5
13347,1697,227,228,875,5
13348,1697,51,51,2910,14
13349,1697,12,12,3592,17
13350,1697,231,231,3811,17
13351,1697,235,235,3815,17
13352,1697,11,11,3838,18
13353,1697,281,281,4370,19
13354,1698,243,243,3573,16
13355,1699,123,124,4212,19
13356,1699,135,135,4224,19
13357,1699,165,165,4254,19
13358,1700,279,279,4368,19
13359,1701,116,116,4977,20
13360,1702,276,276,4365,19
13361,1702,188,188,5049,20
13362,1702,257,257,4628,21
13363,1702,220,220,4857,22
13364,1703,32,32,3859,18
13365,1704,19,22,2131,11
13366,1704,24,24,2136,11
13367,1705,34,36,1395,8
13368,1705,42,42,1403,8
13369,1705,96,96,1457,8
13370,1705,103,103,1464,8
13371,1705,146,146,2001,10
13372,1705,230,230,2085,10
13373,1705,232,232,2087,10
13374,1705,48,48,2416,12
13375,1705,150,154,2518,12
13376,1705,172,176,2540,12
13377,1705,183,183,2551,12
13378,1705,166,166,2778,13
13379,1705,235,235,2847,13
13380,1705,92,92,2951,14
13381,1705,98,99,2957,14
13382,1705,115,115,2974,14
13383,1705,31,31,3858,18
13384,1705,176,176,4003,18
13385,1706,172,172,2540,12
13386,1707,173,173,2541,12
13387,1708,137,137,785,5
13388,1709,241,241,4612,21
13389,1709,66,66,4703,22
13390,1710,49,49,2908,14
13391,1711,80,80,4451,21
13392,1712,131,131,2743,13
13393,1713,60,60,2672,13
13394,1713,116,116,2728,13
13395,1713,121,130,2733,13
13396,1713,132,133,2744,13
13397,1713,51,51,2910,14
13398,1713,172,172,3502,16
13399,1713,281,281,4370,19
13400,1714,19,19,667,5
13401,1714,41,41,931,6
13402,1714,52,77,942,6
13403,1714,79,112,969,6
13404,1714,236,237,1126,6
13405,1714,53,53,3633,17
13406,1715,230,231,1120,6
13407,1716,43,43,4680,22
13408,1717,8,8,7,1
13409,1717,14,14,13,1
13410,1717,19,19,18,1
13411,1717,24,24,23,1
13412,1717,30,30,29,1
13413,1717,40,40,39,1
13414,1717,47,47,46,1
13415,1717,66,66,65,1
13416,1717,72,72,71,1
13417,1717,80,80,79,1
13418,1717,87,87,86,1
13419,1717,99,99,98,1
13420,1717,117,117,116,1
13421,1717,172,172,171,1
13422,1717,49,49,232,2
13423,1717,81,81,264,2
13424,1717,99,99,282,2
13425,1717,123,123,306,2
13426,1717,136,136,319,2
13427,1717,163,163,346,2
13428,1717,187,187,370,2
13429,1717,191,191,374,2
13430,1717,6,6,438,4
13431,1717,26,26,458,4
13432,1717,34,34,466,4
13433,1717,41,41,473,4
13434,1717,61,61,493,4
13435,1717,76,76,508,4
13436,1717,149,149,581,4
13437,1717,156,156,588,4
13438,1717,179,179,611,4
13439,1717,37,37,685,5
13440,1717,98,98,746,5
13441,1717,187,188,835,5
13442,1717,195,195,843,5
13443,1717,197,197,845,5
13444,1717,200,200,848,5
13445,1717,210,210,858,5
13446,1717,228,228,876,5
13447,1717,202,202,1092,6
13448,1717,111,111,1239,7
13449,1717,135,135,1263,7
13450,1717,179,180,1307,7
13451,1717,24,25,1385,8
13452,1717,234,235,1595,8
13453,1717,38,39,1639,9
13454,1717,133,133,1734,9
13455,1717,45,45,1900,10
13456,1717,122,122,1977,10
13457,1717,66,66,2178,11
13458,1717,58,58,2670,13
13459,1717,109,109,2968,14
13460,1717,218,218,3548,16
13461,1717,98,98,3678,17
13462,1717,72,72,3899,18
13463,1717,117,117,3944,18
13464,1717,195,196,4022,18
13465,1717,223,223,4050,18
13466,1717,233,233,4060,18
13467,1717,60,61,4149,19
13468,1717,139,139,4228,19
13469,1717,171,171,4260,19
13470,1717,38,39,4409,21
13471,1717,192,192,4563,21
13472,1717,222,222,4593,21
13473,1718,8,8,7,1
13474,1718,14,14,13,1
13475,1718,19,19,18,1
13476,1718,24,24,23,1
13477,1718,30,30,29,1
13478,1718,38,38,37,1
13479,1718,40,40,39,1
13480,1718,47,47,46,1
13481,1718,60,60,59,1
13482,1718,66,66,65,1
13483,1718,72,72,71,1
13484,1718,80,80,79,1
13485,1718,87,87,86,1
13486,1718,89,89,88,1
13487,1718,99,99,98,1
13488,1718,117,117,116,1
13489,1718,142,142,141,1
13490,1718,155,155,154,1
13491,1718,172,172,171,1
13492,1718,15,15,198,2
13493,1718,49,49,232,2
13494,1718,51,51,234,2
13495,1718,70,70,253,2
13496,1718,81,81,264,2
13497,1718,99,99,282,2
13498,1718,136,136,319,2
13499,1718,154,154,337,2
13500,1718,163,163,346,2
13501,1718,191,191,374,2
13502,1718,20,20,397,3
13503,1718,9,9,441,4
13504,1718,26,26,458,4
13505,1718,34,34,466,4
13506,1718,55,55,487,4
13507,1718,79,79,511,4
13508,1718,94,94,526,4
13509,1718,179,179,611,4
13510,1718,13,13,661,5
13511,1718,17,18,665,5
13512,1718,37,37,685,5
13513,1718,98,98,746,5
13514,1718,174,174,822,5
13515,1718,187,187,835,5
13516,1718,210,210,858,5
13517,1718,202,202,1092,6
13518,1718,111,111,1239,7
13519,1718,135,135,1263,7
13520,1718,180,180,1308,7
13521,1718,183,183,1311,7
13522,1718,24,25,1385,8
13523,1718,234,235,1595,8
13524,1718,38,39,1639,9
13525,1718,133,133,1734,9
13526,1718,45,45,1900,10
13527,1718,122,122,1977,10
13528,1718,66,66,2178,11
13529,1718,58,58,2670,13
13530,1718,109,109,2968,14
13531,1718,218,218,3548,16
13532,1718,98,98,3678,17
13533,1719,5,8,4,1
13534,1719,10,13,9,1
13535,1719,15,16,14,1
13536,1719,18,21,17,1
13537,1719,23,25,22,1
13538,1719,30,35,29,1
13539,1719,38,38,37,1
13540,1719,40,43,39,1
13541,1719,47,47,46,1
13542,1719,59,60,58,1
13543,1719,63,63,62,1
13544,1719,65,65,64,1
13545,1719,75,75,74,1
13546,1719,79,79,78,1
13547,1719,84,84,83,1
13548,1719,87,87,86,1
13549,1719,91,91,90,1
13550,1719,94,97,93,1
13551,1719,99,99,98,1
13552,1719,104,104,103,1
13553,1719,108,109,107,1
13554,1719,114,114,113,1
13555,1719,116,122,115,1
13556,1719,125,125,124,1
13557,1719,136,137,135,1
13558,1719,141,144,140,1
13559,1719,146,146,145,1
13560,1719,149,152,148,1
13561,1719,154,155,153,1
13562,1719,159,159,158,1
13563,1719,162,162,161,1
13564,1719,165,166,164,1
13565,1719,168,168,167,1
13566,1719,172,172,171,1
13567,1719,177,177,176,1
13568,1719,5,6,188,2
13569,1719,8,8,191,2
13570,1719,11,11,194,2
13571,1719,14,14,197,2
13572,1719,25,25,208,2
13573,1719,27,27,210,2
13574,1719,33,33,216,2
13575,1719,43,43,226,2
13576,1719,47,47,230,2
13577,1719,54,54,237,2
13578,1719,60,60,243,2
13579,1719,67,67,250,2
13580,1719,70,70,253,2
13581,1719,73,73,256,2
13582,1719,75,75,258,2
13583,1719,89,90,272,2
13584,1719,97,97,280,2
13585,1719,99,99,282,2
13586,1719,106,106,289,2
13587,1719,111,111,294,2
13588,1719,123,123,306,2
13589,1719,136,136,319,2
13590,1719,147,147,330,2
13591,1719,149,149,332,2
13592,1719,154,154,337,2
13593,1719,156,156,339,2
13594,1719,158,158,341,2
13595,1719,166,166,349,2
13596,1719,169,170,352,2
13597,1719,179,179,362,2
13598,1719,181,181,364,2
13599,1719,191,191,374,2
13600,1719,2,2,379,3
13601,1719,5,5,382,3
13602,1719,21,21,398,3
13603,1719,24,24,401,3
13604,1719,45,45,422,3
13605,1719,48,48,425,3
13606,1719,50,50,427,3
13607,1719,5,5,437,4
13608,1719,10,10,442,4
13609,1719,19,19,451,4
13610,1719,24,24,456,4
13611,1719,26,26,458,4
13612,1719,33,34,465,4
13613,1719,46,46,478,4
13614,1719,51,51,483,4
13615,1719,55,55,487,4
13616,1719,61,61,493,4
13617,1719,68,68,500,4
13618,1719,70,70,502,4
13619,1719,78,79,510,4
13620,1719,82,83,514,4
13621,1719,85,85,517,4
13622,1719,88,88,520,4
13623,1719,92,94,524,4
13624,1719,96,96,528,4
13625,1719,107,107,539,4
13626,1719,113,113,545,4
13627,1719,119,119,551,4
13628,1719,121,121,553,4
13629,1719,129,129,561,4
13630,1719,160,160,592,4
13631,1719,179,180,611,4
13632,1719,16,18,664,5
13633,1719,20,20,668,5
13634,1719,24,25,672,5
13635,1719,27,27,675,5
13636,1719,36,39,684,5
13637,1719,42,42,690,5
13638,1719,141,141,789,5
13639,1719,145,145,793,5
13640,1719,187,187,835,5
13641,1719,229,229,877,5
13642,1719,205,205,1095,6
13643,1719,184,184,1312,7
13644,1719,159,160,2771,13
13645,1719,113,113,3215,15
13646,1719,219,219,3549,16
13647,1720,10,10,9,1
13648,1720,32,32,31,1
13649,1720,35,35,34,1
13650,1720,40,40,39,1
13651,1720,47,47,46,1
13652,1720,59,59,58,1
13653,1720,70,70,69,1
13654,1720,72,72,71,1
13655,1720,80,80,79,1
13656,1720,87,87,86,1
13657,1720,91,91,90,1
13658,1720,96,96,95,1
13659,1720,99,99,98,1
13660,1720,117,117,116,1
13661,1720,155,155,154,1
13662,1720,163,163,162,1
13663,1720,5,5,188,2
13664,1720,15,15,198,2
13665,1720,23,23,206,2
13666,1720,33,33,216,2
13667,1720,47,47,230,2
13668,1720,70,70,253,2
13669,1720,85,86,268,2
13670,1720,99,99,282,2
13671,1720,106,106,289,2
13672,1720,123,123,306,2
13673,1720,127,127,310,2
13674,1720,129,129,312,2
13675,1720,136,136,319,2
13676,1720,153,153,336,2
13677,1720,156,156,339,2
13678,1720,158,158,341,2
13679,1720,163,163,346,2
13680,1720,169,169,352,2
13681,1720,187,187,370,2
13682,1720,191,191,374,2
13683,1720,5,6,382,3
13684,1720,12,12,389,3
13685,1720,16,16,393,3
13686,1720,20,20,397,3
13687,1720,29,29,406,3
13688,1720,50,50,427,3
13689,1720,64,64,496,4
13690,1720,67,68,499,4
13691,1720,103,103,535,4
13692,1720,113,113,545,4
13693,1720,136,136,568,4
13694,1720,146,146,578,4
13695,1720,153,153,585,4
13696,1720,170,170,602,4
13697,1720,179,179,611,4
13698,1720,13,13,661,5
13699,1720,16,17,664,5
13700,1720,37,39,685,5
13701,1720,42,42,690,5
13702,1720,45,45,693,5
13703,1720,58,58,706,5
13704,1720,65,65,713,5
13705,1720,76,77,724,5
13706,1720,95,96,743,5
13707,1720,98,98,746,5
13708,1720,111,111,759,5
13709,1720,141,141,789,5
13710,1720,146,146,794,5
13711,1720,161,161,809,5
13712,1720,171,171,819,5
13713,1720,174,174,822,5
13714,1720,176,176,824,5
13715,1720,181,181,829,5
13716,1720,185,185,833,5
13717,1720,187,189,835,5
13718,1720,196,196,844,5
13719,1720,201,201,849,5
13720,1720,208,208,856,5
13721,1720,210,210,858,5
13722,1720,229,229,877,5
13723,1720,32,32,922,6
13724,1720,47,47,937,6
13725,1720,202,202,1092,6
13726,1720,212,212,1102,6
13727,1720,223,223,1113,6
13728,1720,61,61,1189,7
13729,1720,111,111,1239,7
13730,1720,134,135,1262,7
13731,1720,139,139,1267,7
13732,1720,153,153,1281,7
13733,1720,155,155,1283,7
13734,1720,179,181,1307,7
13735,1720,183,183,1311,7
13736,1720,186,186,1314,7
13737,1720,188,188,1316,7
13738,1720,191,191,1319,7
13739,1720,196,198,1324,7
13740,1720,201,203,1329,7
13741,1720,206,208,1334,7
13742,1720,211,211,1339,7
13743,1720,217,218,1345,7
13744,1720,20,21,1381,8
13745,1720,24,26,1385,8
13746,1720,77,77,1438,8
13747,1720,100,100,1461,8
13748,1720,126,126,1487,8
13749,1720,178,178,1539,8
13750,1720,213,213,1574,8
13751,1720,226,226,1587,8
13752,1720,234,236,1595,8
13753,1720,28,28,1629,9
13754,1720,133,133,1734,9
13755,1720,45,45,1900,10
13756,1720,113,113,3215,15
13757,1720,25,25,4114,19
13758,1721,140,140,1268,7
13759,1722,20,20,1148,7
13760,1722,23,23,1151,7
13761,1722,25,25,1153,7
13762,1722,111,111,1239,7
13763,1723,149,149,148,1
13764,1723,154,154,153,1
13765,1723,5,5,188,2
13766,1723,38,39,221,2
13767,1723,60,60,243,2
13768,1723,163,163,346,2
13769,1723,16,16,393,3
13770,1723,175,176,823,5
13771,1723,187,189,835,5
13772,1723,210,210,858,5
13773,1723,31,31,921,6
13774,1723,202,202,1092,6
13775,1723,11,11,1139,7
13776,1723,28,28,1156,7
13777,1723,51,51,1179,7
13778,1723,61,61,1189,7
13779,1723,112,112,1240,7
13780,1723,135,135,1263,7
13781,1723,179,181,1307,7
13782,1723,183,183,1311,7
13783,1723,216,216,1344,7
13784,1723,24,24,1385,8
13785,1723,26,26,1387,8
13786,1723,234,236,1595,8
13787,1723,36,36,1637,9
13788,1723,38,39,1639,9
13789,1723,53,53,1654,9
13790,1723,66,66,1667,9
13791,1723,114,114,1715,9
13792,1723,133,133,1734,9
13793,1723,207,207,1808,9
13794,1723,236,237,1837,9
13795,1723,14,14,1869,10
13796,1723,45,45,1900,10
13797,1723,122,122,1977,10
13798,1723,171,171,2026,10
13799,1723,66,66,2178,11
13800,1723,141,141,2253,11
13801,1723,24,24,2392,12
13802,1723,45,45,2413,12
13803,1723,197,197,2565,12
13804,1723,57,58,2669,13
13805,1723,195,195,2807,13
13806,1723,109,109,2968,14
13807,1723,133,133,2992,14
13808,1723,114,114,3216,15
13809,1723,118,118,3220,15
13810,1723,35,35,3365,16
13811,1723,215,215,3545,16
13812,1723,218,219,3548,16
13813,1723,98,98,3678,17
13814,1723,10,10,3837,18
13815,1723,72,72,3899,18
13816,1723,162,162,3989,18
13817,1723,206,206,4033,18
13818,1723,233,233,4060,18
13819,1723,78,78,4167,19
13820,1723,138,138,4999,20
13821,1723,172,172,5033,20
13822,1723,75,75,4446,21
13823,1723,163,163,4800,22
13824,1724,111,111,1239,7
13825,1724,135,135,1263,7
13826,1724,179,179,1307,7
13827,1725,171,171,819,5
13828,1725,174,176,822,5
13829,1726,120,120,119,1
13830,1726,124,124,123,1
13831,1726,145,145,144,1
13832,1726,148,148,147,1
13833,1726,151,151,150,1
13834,1726,156,157,155,1
13835,1726,5,5,188,2
13836,1726,96,96,279,2
13837,1726,107,107,290,2
13838,1727,75,75,1203,7
13839,1727,40,40,1401,8
13840,1727,167,167,1528,8
13841,1727,85,86,1686,9
13842,1727,181,181,1782,9
13843,1727,114,114,1969,10
13844,1727,144,144,1999,10
13845,1727,206,206,2061,10
13846,1727,221,221,2333,11
13847,1727,244,245,2356,11
13848,1727,14,15,2382,12
13849,1727,73,73,2441,12
13850,1727,92,92,2460,12
13851,1727,213,213,2581,12
13852,1727,165,165,3495,16
13853,1727,17,17,4106,19
13854,1727,273,273,4362,19
13855,1727,279,279,4368,19
13856,1727,33,33,4894,20
13857,1727,165,165,5026,20
13858,1727,20,20,4391,21
13859,1727,59,59,4430,21
13860,1727,220,220,4857,22
13861,1728,127,127,4216,19
13862,1728,135,135,4224,19
13863,1728,149,149,4238,19
13864,1728,153,153,4242,19
13865,1728,167,167,4256,19
13866,1729,125,125,1015,6
13867,1730,230,230,2342,11
13868,1731,135,135,4224,19
13869,1732,166,166,4537,21
13870,1733,159,159,4530,21
13871,1734,60,60,950,6
13872,1734,99,100,989,6
13873,1735,157,157,156,1
13874,1735,167,167,350,2
13875,1735,175,176,823,5
13876,1735,54,54,1909,10
13877,1735,58,58,1913,10
13878,1735,209,209,4036,18
13879,1735,142,142,4231,19
13880,1736,60,60,950,6
13881,1736,99,99,989,6
13882,1737,203,203,3305,15
13883,1738,14,14,1142,7
13884,1739,14,16,1142,7
13885,1739,101,101,3928,18
13886,1740,182,182,3762,17
13887,1741,85,85,4946,20
13888,1741,89,89,4950,20
13889,1742,33,33,1634,9
13890,1742,35,35,1636,9
13891,1742,226,226,1827,9
13892,1742,229,229,1830,9
13893,1742,158,158,2270,11
13894,1742,182,183,3762,17
13895,1743,182,183,3762,17
13896,1744,225,227,1826,9
13897,1744,229,229,1830,9
13898,1744,238,238,1839,9
13899,1744,28,28,1883,10
13900,1744,56,56,3386,16
13901,1744,182,182,3762,17
13902,1744,184,184,3764,17
13903,1745,158,158,2270,11
13904,1745,30,30,2398,12
13905,1745,32,32,2400,12
13906,1745,56,56,3386,16
13907,1745,140,140,3470,16
13908,1745,31,31,4402,21
13909,1746,213,214,1574,8
13910,1746,97,97,1698,9
13911,1746,226,226,1827,9
13912,1746,228,229,1829,9
13913,1746,94,94,1949,10
13914,1746,119,119,1974,10
13915,1746,125,125,1980,10
13916,1746,158,158,2270,11
13917,1746,14,14,2382,12
13918,1746,182,183,3762,17
13919,1747,65,65,4154,19
13920,1748,27,27,26,1
13921,1749,78,78,4939,20
13922,1750,111,111,1239,7
13923,1751,47,47,2906,14
13924,1751,281,281,4370,19
13925,1752,79,79,4940,20
13926,1753,49,49,2161,11
13927,1753,57,57,2425,12
13928,1753,101,101,2469,12
13929,1753,105,105,2473,12
13930,1753,190,190,2558,12
13931,1753,198,198,2566,12
13932,1753,218,218,2586,12
13933,1753,235,235,2603,12
13934,1753,86,86,2698,13
13935,1753,26,26,2885,14
13936,1753,31,31,3361,16
13937,1753,59,59,3389,16
13938,1753,62,62,3392,16
13939,1753,105,105,3435,16
13940,1753,108,108,3438,16
13941,1753,131,131,3461,16
13942,1753,148,148,3478,16
13943,1753,11,11,3591,17
13944,1753,64,65,3644,17
13945,1753,175,175,3755,17
13946,1753,197,199,3777,17
13947,1753,203,203,3783,17
13948,1753,231,231,3811,17
13949,1753,25,25,3852,18
13950,1753,38,39,3865,18
13951,1753,41,41,3868,18
13952,1753,164,166,3991,18
13953,1753,170,170,5031,20
13954,1753,172,172,5033,20
13955,1753,19,19,4390,21
13956,1753,26,26,4397,21
13957,1754,219,219,3799,17
13958,1754,225,225,3805,17
13959,1755,57,57,2425,12
13960,1756,272,272,4361,19
13961,1757,38,38,1399,8
13962,1758,148,148,5009,20
13963,1759,159,159,4248,19
13964,1759,197,198,4286,19
13965,1759,78,78,4449,21
13966,1759,80,80,4451,21
13967,1759,93,93,4464,21
13968,1759,110,110,4481,21
13969,1759,112,112,4483,21
13970,1759,114,114,4485,21
13971,1759,117,117,4488,21
13972,1759,119,119,4490,21
13973,1759,122,122,4493,21
13974,1759,124,124,4495,21
13975,1759,138,138,4509,21
13976,1759,171,171,4542,21
13977,1759,174,174,4545,21
13978,1759,179,179,4550,21
13979,1759,184,184,4555,21
13980,1759,186,186,4557,21
13981,1759,189,189,4560,21
13982,1759,231,231,4602,21
13983,1759,32,32,4669,22
13984,1759,36,36,4673,22
13985,1759,38,38,4675,22
13986,1760,12,12,2624,13
13987,1761,104,104,1232,7
13988,1762,163,163,595,4
13989,1762,172,172,604,4
13990,1763,258,258,4085,18
13991,1764,97,97,4958,20
13992,1764,99,99,4960,20
13993,1765,12,12,389,3
13994,1765,29,30,1630,9
13995,1765,76,76,1677,9
13996,1765,79,79,1680,9
13997,1765,93,93,1694,9
13998,1765,111,111,1712,9
13999,1765,143,143,1744,9
14000,1765,154,154,1755,9
14001,1765,21,21,1876,10
14002,1765,115,115,2727,13
14003,1765,91,91,2950,14
14004,1765,182,182,3512,16
14005,1765,211,211,3541,16
14006,1765,41,41,3868,18
14007,1765,69,69,3896,18
14008,1765,86,86,3913,18
14009,1765,89,90,3916,18
14010,1765,101,102,3928,18
14011,1765,187,187,4014,18
14012,1765,142,142,4231,19
14013,1765,144,144,4233,19
14014,1765,146,146,4235,19
14015,1765,148,148,4237,19
14016,1765,150,150,4239,19
14017,1765,177,177,5038,20
14018,1765,167,167,4804,22
14019,1766,276,276,4365,19
14020,1767,211,211,3541,16
14021,1767,229,229,4056,18
14022,1768,66,66,2434,12
14023,1769,243,243,2611,12
14024,1770,106,107,105,1
14025,1771,163,163,346,2
14026,1772,70,70,1671,9
14027,1772,77,77,1678,9
14028,1772,99,99,1700,9
14029,1772,109,109,1710,9
14030,1772,112,112,1713,9
14031,1772,115,115,1716,9
14032,1772,118,118,1719,9
14033,1772,129,129,1730,9
14034,1772,132,134,1733,9
14035,1772,138,139,1739,9
14036,1772,142,144,1743,9
14037,1772,146,146,1747,9
14038,1772,150,151,1751,9
14039,1772,153,153,1754,9
14040,1772,157,158,1758,9
14041,1772,160,162,1761,9
14042,1772,164,166,1765,9
14043,1772,171,171,1772,9
14044,1772,177,178,1778,9
14045,1772,183,183,1784,9
14046,1772,185,186,1786,9
14047,1772,191,191,1792,9
14048,1772,195,195,1796,9
14049,1772,204,208,1805,9
14050,1772,235,236,1836,9
14051,1772,238,241,1839,9
14052,1772,243,243,1844,9
14053,1772,246,247,1847,9
14054,1772,10,10,1865,10
14055,1772,28,28,1883,10
14056,1772,46,46,1901,10
14057,1772,51,51,1906,10
14058,1772,69,69,1924,10
14059,1772,72,72,1927,10
14060,1772,75,75,1930,10
14061,1772,77,77,1932,10
14062,1772,81,81,1936,10
14063,1772,84,84,1939,10
14064,1772,86,86,1941,10
14065,1772,88,88,1943,10
14066,1772,95,97,1950,10
14067,1772,102,102,1957,10
14068,1772,106,108,1961,10
14069,1772,111,111,1966,10
14070,1772,113,114,1968,10
14071,1772,116,116,1971,10
14072,1772,119,120,1974,10
14073,1772,127,127,1982,10
14074,1772,146,146,2001,10
14075,1772,168,168,2023,10
14076,1772,171,171,2026,10
14077,1772,178,178,2033,10
14078,1772,183,183,2038,10
14079,1772,194,194,2049,10
14080,1772,199,200,2054,10
14081,1772,204,204,2059,10
14082,1772,208,208,2063,10
14083,1772,211,211,2066,10
14084,1772,214,214,2069,10
14085,1772,221,222,2076,10
14086,1772,231,231,2086,10
14087,1772,233,233,2088,10
14088,1772,236,236,2091,10
14089,1772,239,240,2094,10
14090,1772,242,243,2097,10
14091,1772,246,246,2101,10
14092,1772,8,8,2120,11
14093,1772,11,11,2123,11
14094,1772,16,16,2128,11
14095,1772,22,23,2134,11
14096,1772,26,27,2138,11
14097,1772,30,30,2142,11
14098,1772,33,34,2145,11
14099,1772,63,63,2175,11
14100,1772,66,68,2178,11
14101,1772,74,74,2186,11
14102,1772,76,77,2188,11
14103,1772,79,79,2191,11
14104,1772,81,81,2193,11
14105,1772,83,83,2195,11
14106,1772,86,89,2198,11
14107,1772,91,92,2203,11
14108,1772,96,99,2208,11
14109,1772,101,101,2213,11
14110,1772,103,104,2215,11
14111,1772,108,108,2220,11
14112,1772,111,113,2223,11
14113,1772,116,117,2228,11
14114,1772,119,120,2231,11
14115,1772,127,127,2239,11
14116,1772,142,144,2254,11
14117,1772,147,147,2259,11
14118,1772,165,165,2277,11
14119,1772,170,170,2282,11
14120,1772,173,175,2285,11
14121,1772,179,180,2291,11
14122,1772,185,191,2297,11
14123,1772,196,196,2308,11
14124,1772,198,198,2310,11
14125,1772,9,11,2377,12
14126,1772,17,17,2385,12
14127,1772,23,23,2391,12
14128,1772,35,35,2403,12
14129,1772,41,42,2409,12
14130,1772,49,49,2417,12
14131,1772,51,51,2419,12
14132,1772,57,57,2425,12
14133,1772,59,61,2427,12
14134,1772,63,63,2431,12
14135,1772,69,70,2437,12
14136,1772,72,72,2440,12
14137,1772,74,75,2442,12
14138,1772,77,77,2445,12
14139,1772,80,80,2448,12
14140,1772,82,82,2450,12
14141,1772,87,87,2455,12
14142,1772,92,92,2460,12
14143,1772,95,97,2463,12
14144,1772,100,102,2468,12
14145,1772,107,111,2475,12
14146,1772,127,130,2495,12
14147,1772,138,138,2506,12
14148,1772,142,142,2510,12
14149,1772,147,147,2515,12
14150,1772,167,167,2535,12
14151,1772,193,193,2561,12
14152,1772,204,205,2572,12
14153,1772,216,216,2584,12
14154,1772,228,228,2596,12
14155,1772,231,233,2599,12
14156,1772,7,7,2619,13
14157,1772,11,11,2623,13
14158,1772,13,13,2625,13
14159,1772,30,30,2642,13
14160,1772,34,34,2646,13
14161,1772,71,77,2683,13
14162,1772,80,80,2692,13
14163,1772,86,88,2698,13
14164,1772,176,176,2788,13
14165,1772,183,183,2795,13
14166,1772,195,196,2807,13
14167,1772,198,199,2810,13
14168,1772,238,238,2850,13
14169,1772,33,34,2892,14
14170,1772,98,98,2957,14
14171,1772,151,151,3010,14
14172,1772,91,91,3193,15
14173,1772,118,118,3220,15
14174,1772,11,13,3339,16
14175,1772,27,27,3355,16
14176,1772,38,38,3368,16
14177,1772,43,46,3373,16
14178,1772,48,48,3378,16
14179,1772,54,55,3384,16
14180,1772,60,62,3390,16
14181,1772,69,70,3399,16
14182,1772,73,75,3403,16
14183,1772,80,80,3410,16
14184,1772,98,98,3428,16
14185,1772,131,131,3461,16
14186,1772,138,139,3468,16
14187,1772,218,218,3548,16
14188,1772,243,243,3573,16
14189,1772,11,11,3591,17
14190,1772,13,13,3593,17
14191,1772,29,29,3609,17
14192,1772,41,41,3621,17
14193,1772,66,66,3646,17
14194,1772,74,77,3654,17
14195,1772,173,173,3753,17
14196,1772,204,204,3784,17
14197,1772,226,226,3806,17
14198,1772,121,122,3948,18
14199,1772,160,160,3987,18
14200,1772,177,177,4004,18
14201,1772,21,21,4110,19
14202,1772,23,23,4112,19
14203,1773,220,220,3800,17
14204,1773,222,222,3802,17
14205,1774,17,17,16,1
14206,1774,155,155,154,1
14207,1774,38,38,221,2
14208,1774,68,68,251,2
14209,1774,204,204,1094,6
14210,1774,30,31,1158,7
14211,1774,33,33,1161,7
14212,1774,37,38,1165,7
14213,1774,40,41,1168,7
14214,1774,43,44,1171,7
14215,1774,46,47,1174,7
14216,1774,51,51,1179,7
14217,1774,54,54,1182,7
14218,1774,62,64,1190,7
14219,1774,75,75,1203,7
14220,1774,80,82,1208,7
14221,1774,84,86,1212,7
14222,1774,88,88,1216,7
14223,1774,91,95,1219,7
14224,1774,97,98,1225,7
14225,1774,100,103,1228,7
14226,1774,105,105,1233,7
14227,1774,108,110,1236,7
14228,1774,112,112,1240,7
14229,1774,97,97,1458,8
14230,1774,107,107,1468,8
14231,1774,118,118,1479,8
14232,1774,224,224,1585,8
14233,1774,9,9,1610,9
14234,1774,28,30,1629,9
14235,1774,67,67,1668,9
14236,1774,118,118,1719,9
14237,1774,204,204,1805,9
14238,1774,218,218,1819,9
14239,1774,224,224,1825,9
14240,1774,104,104,1959,10
14241,1774,116,116,1971,10
14242,1774,179,179,2034,10
14243,1774,113,113,2225,11
14244,1774,139,139,2251,11
14245,1774,141,141,2253,11
14246,1774,167,167,2279,11
14247,1774,20,21,2388,12
14248,1774,166,166,2534,12
14249,1774,22,24,2634,13
14250,1774,67,67,2679,13
14251,1774,69,69,2681,13
14252,1774,100,102,2712,13
14253,1774,114,115,2726,13
14254,1774,187,187,2799,13
14255,1774,189,190,2801,13
14256,1774,6,7,2865,14
14257,1774,31,33,2890,14
14258,1774,111,112,2970,14
14259,1774,80,81,3182,15
14260,1774,93,93,3195,15
14261,1774,113,113,3215,15
14262,1774,118,118,3220,15
14263,1774,192,192,3294,15
14264,1774,8,8,3336,16
14265,1774,30,30,3360,16
14266,1774,33,33,3363,16
14267,1774,38,38,3368,16
14268,1774,46,46,3376,16
14269,1774,57,57,3387,16
14270,1774,78,78,3408,16
14271,1774,132,132,3462,16
14272,1774,217,218,3547,16
14273,1774,243,244,3573,16
14274,1774,71,71,3651,17
14275,1774,74,74,3654,17
14276,1774,114,114,3694,17
14277,1774,119,119,3699,17
14278,1774,209,210,3789,17
14279,1774,213,213,3793,17
14280,1774,226,226,3806,17
14281,1774,8,8,3835,18
14282,1774,10,10,3837,18
14283,1774,46,47,3873,18
14284,1774,73,74,3900,18
14285,1774,100,101,3927,18
14286,1774,202,202,4029,18
14287,1774,205,206,4032,18
14288,1774,23,23,4112,19
14289,1774,167,167,4256,19
14290,1774,172,172,5033,20
14291,1774,29,30,4400,21
14292,1774,57,59,4428,21
14293,1774,61,62,4432,21
14294,1774,104,104,4475,21
14295,1774,116,116,4487,21
14296,1775,11,11,10,1
14297,1775,53,53,52,1
14298,1775,170,170,169,1
14299,1775,49,49,232,2
14300,1775,67,67,499,4
14301,1775,136,138,784,5
14302,1775,13,13,1141,7
14303,1775,124,124,1485,8
14304,1775,209,210,1810,9
14305,1775,9,9,1864,10
14306,1775,62,62,1917,10
14307,1775,56,56,2668,13
14308,1776,124,124,1485,8
14309,1776,209,209,1810,9
14310,1777,105,105,1233,7
14311,1778,129,130,4218,19
14312,1778,136,136,4225,19
14313,1779,76,76,75,1
14314,1779,38,38,221,2
14315,1779,49,49,232,2
14316,1779,15,15,392,3
14317,1779,204,204,1094,6
14318,1779,12,12,1140,7
14319,1779,38,39,1166,7
14320,1779,45,47,1173,7
14321,1779,49,49,1177,7
14322,1779,61,62,1189,7
14323,1779,81,82,1209,7
14324,1779,84,86,1212,7
14325,1779,88,88,1216,7
14326,1779,91,95,1219,7
14327,1779,98,98,1226,7
14328,1779,100,103,1228,7
14329,1779,112,112,1240,7
14330,1779,107,107,1468,8
14331,1779,124,124,1485,8
14332,1779,9,9,1610,9
14333,1779,28,28,1629,9
14334,1779,62,62,1917,10
14335,1779,39,40,2151,11
14336,1779,84,84,2196,11
14337,1779,141,141,2253,11
14338,1779,166,166,2534,12
14339,1779,9,9,2621,13
14340,1779,23,23,2635,13
14341,1779,67,67,2679,13
14342,1779,69,69,2681,13
14343,1779,103,103,2715,13
14344,1779,189,189,2801,13
14345,1779,32,33,2891,14
14346,1779,80,81,3182,15
14347,1779,192,192,3294,15
14348,1779,132,132,3462,16
14349,1779,202,202,4029,18
14350,1779,58,58,4429,21
14351,1779,62,62,4433,21
14352,1780,116,116,1971,10
14353,1781,170,170,169,1
14354,1782,13,13,1141,7
14355,1783,6,6,1134,7
14356,1784,204,204,1094,6
14357,1784,229,229,1119,6
14358,1784,26,26,1154,7
14359,1784,33,34,1161,7
14360,1784,36,36,1164,7
14361,1784,46,47,1174,7
14362,1784,51,51,1179,7
14363,1784,53,55,1181,7
14364,1784,60,61,1188,7
14365,1784,63,64,1191,7
14366,1784,72,72,1200,7
14367,1784,75,75,1203,7
14368,1784,108,108,1236,7
14369,1784,111,112,1239,7
14370,1784,106,106,1467,8
14371,1784,28,28,1629,9
14372,1784,93,93,1694,9
14373,1784,112,112,1713,9
14374,1784,141,141,2253,11
14375,1784,197,197,2565,12
14376,1784,7,8,2619,13
14377,1784,103,103,2715,13
14378,1784,192,192,3294,15
14379,1784,57,57,3387,16
14380,1784,218,218,3548,16
14381,1784,119,119,3699,17
14382,1784,210,210,3790,17
14383,1784,8,8,3835,18
14384,1784,94,94,3921,18
14385,1784,202,202,4029,18
14386,1785,14,14,13,1
14387,1785,17,17,16,1
14388,1785,54,54,53,1
14389,1785,57,57,56,1
14390,1785,76,77,75,1
14391,1785,91,93,90,1
14392,1785,100,100,99,1
14393,1785,103,103,102,1
14394,1785,143,143,142,1
14395,1785,145,145,144,1
14396,1785,155,155,154,1
14397,1785,12,12,195,2
14398,1785,18,19,201,2
14399,1785,38,38,221,2
14400,1785,40,40,223,2
14401,1785,58,58,241,2
14402,1785,68,68,251,2
14403,1785,106,106,289,2
14404,1785,108,108,291,2
14405,1785,154,154,337,2
14406,1785,15,15,392,3
14407,1785,36,36,468,4
14408,1785,76,76,724,5
14409,1785,229,229,877,5
14410,1785,47,47,937,6
14411,1785,40,40,1168,7
14412,1785,44,44,1172,7
14413,1785,46,48,1174,7
14414,1785,50,51,1178,7
14415,1785,53,54,1181,7
14416,1785,56,56,1184,7
14417,1785,63,64,1191,7
14418,1785,108,108,1236,7
14419,1785,112,112,1240,7
14420,1785,163,163,1291,7
14421,1785,167,167,1295,7
14422,1785,207,207,1335,7
14423,1785,96,96,1457,8
14424,1785,224,224,1585,8
14425,1785,28,28,1629,9
14426,1785,93,94,1694,9
14427,1785,118,118,1719,9
14428,1785,154,154,1755,9
14429,1785,158,158,1759,9
14430,1785,181,181,1782,9
14431,1785,236,236,1837,9
14432,1785,9,9,1864,10
14433,1785,71,71,1926,10
14434,1785,74,74,1929,10
14435,1785,95,95,1950,10
14436,1785,179,179,2034,10
14437,1785,39,39,2151,11
14438,1785,113,113,2225,11
14439,1785,141,141,2253,11
14440,1785,109,109,2477,12
14441,1785,14,14,2626,13
14442,1785,57,57,2669,13
14443,1785,102,102,2714,13
14444,1785,189,189,2801,13
14445,1785,6,7,2865,14
14446,1785,32,32,2891,14
14447,1785,80,81,3182,15
14448,1785,57,57,3387,16
14449,1785,244,244,3574,16
14450,1785,119,119,3699,17
14451,1785,8,8,3835,18
14452,1785,94,94,3921,18
14453,1785,202,202,4029,18
14454,1785,23,23,4112,19
14455,1785,167,167,4256,19
14456,1785,58,58,4429,21
14457,1786,97,97,1225,7
14458,1787,12,13,1140,7
14459,1788,13,13,1141,7
14460,1789,49,49,232,2
14461,1789,7,7,1135,7
14462,1789,9,11,1137,7
14463,1790,6,6,1134,7
14464,1791,6,6,1134,7
14465,1792,6,6,1134,7
14466,1793,6,8,1134,7
14467,1793,56,56,1184,7
14468,1794,185,185,2040,10
14469,1795,92,92,91,1
14470,1795,155,155,154,1
14471,1795,157,157,156,1
14472,1795,12,12,195,2
14473,1795,19,19,202,2
14474,1795,38,38,221,2
14475,1795,59,59,242,2
14476,1795,68,68,251,2
14477,1795,15,15,392,3
14478,1795,36,36,468,4
14479,1795,76,76,724,5
14480,1795,34,34,1162,7
14481,1795,40,40,1168,7
14482,1795,44,44,1172,7
14483,1795,46,48,1174,7
14484,1795,50,51,1178,7
14485,1795,53,54,1181,7
14486,1795,56,56,1184,7
14487,1795,63,64,1191,7
14488,1795,108,108,1236,7
14489,1795,112,112,1240,7
14490,1795,163,163,1291,7
14491,1795,167,167,1295,7
14492,1795,201,202,1329,7
14493,1795,96,96,1457,8
14494,1795,117,118,1478,8
14495,1795,163,163,1524,8
14496,1795,28,28,1629,9
14497,1795,94,94,1695,9
14498,1795,112,112,1713,9
14499,1795,118,118,1719,9
14500,1795,236,236,1837,9
14501,1795,8,9,1863,10
14502,1795,11,11,1866,10
14503,1795,95,95,1950,10
14504,1795,121,122,1976,10
14505,1795,179,179,2034,10
14506,1795,187,187,2042,10
14507,1795,39,39,2151,11
14508,1795,63,63,2175,11
14509,1795,113,113,2225,11
14510,1795,141,141,2253,11
14511,1795,23,23,2391,12
14512,1795,57,57,2669,13
14513,1795,102,102,2714,13
14514,1795,189,189,2801,13
14515,1795,32,33,2891,14
14516,1795,81,81,3183,15
14517,1795,118,118,3220,15
14518,1795,191,192,3293,15
14519,1795,57,57,3387,16
14520,1795,132,132,3462,16
14521,1795,119,119,3699,17
14522,1795,210,210,3790,17
14523,1795,8,8,3835,18
14524,1795,46,46,3873,18
14525,1795,93,94,3920,18
14526,1795,202,203,4029,18
14527,1795,23,23,4112,19
14528,1795,167,167,4256,19
14529,1795,58,58,4429,21
14530,1795,61,61,4432,21
14531,1796,13,13,1141,7
14532,1797,76,77,75,1
14533,1797,12,12,195,2
14534,1797,38,38,221,2
14535,1797,15,15,392,3
14536,1797,15,15,663,5
14537,1797,202,202,1092,6
14538,1797,204,205,1094,6
14539,1797,4,4,1132,7
14540,1797,6,12,1134,7
14541,1797,17,17,1145,7
14542,1797,43,43,1171,7
14543,1797,47,47,1175,7
14544,1797,51,51,1179,7
14545,1797,111,112,1239,7
14546,1797,135,135,1263,7
14547,1797,183,184,1311,7
14548,1797,24,24,1385,8
14549,1797,96,96,1457,8
14550,1797,106,106,1467,8
14551,1797,122,122,1483,8
14552,1797,28,28,1629,9
14553,1797,38,38,1639,9
14554,1797,66,66,1667,9
14555,1797,93,94,1694,9
14556,1797,181,181,1782,9
14557,1797,214,214,1815,9
14558,1797,222,222,1823,9
14559,1797,9,9,1864,10
14560,1797,179,179,2034,10
14561,1797,187,187,2042,10
14562,1797,190,190,2045,10
14563,1797,63,63,2175,11
14564,1797,141,141,2253,11
14565,1797,23,24,2391,12
14566,1797,119,119,2487,12
14567,1797,166,166,2534,12
14568,1797,197,197,2565,12
14569,1797,9,9,2621,13
14570,1797,25,25,2637,13
14571,1797,57,57,2669,13
14572,1797,190,190,2802,13
14573,1797,32,33,2891,14
14574,1797,64,64,2923,14
14575,1797,81,81,3183,15
14576,1797,192,192,3294,15
14577,1797,58,58,3388,16
14578,1797,218,218,3548,16
14579,1797,119,119,3699,17
14580,1797,10,10,3837,18
14581,1797,201,202,4028,18
14582,1797,241,241,4330,19
14583,1797,138,138,4999,20
14584,1797,30,30,4401,21
14585,1797,34,34,4405,21
14586,1797,57,57,4428,21
14587,1797,43,43,4680,22
14588,1798,34,34,33,1
14589,1798,76,77,75,1
14590,1798,92,92,91,1
14591,1798,12,12,195,2
14592,1798,36,36,468,4
14593,1798,76,76,724,5
14594,1798,47,47,937,6
14595,1798,204,204,1094,6
14596,1798,211,211,1101,6
14597,1798,229,229,1119,6
14598,1798,21,21,1149,7
14599,1798,26,26,1154,7
14600,1798,29,29,1157,7
14601,1798,33,34,1161,7
14602,1798,36,36,1164,7
14603,1798,40,40,1168,7
14604,1798,43,44,1171,7
14605,1798,46,49,1174,7
14606,1798,51,51,1179,7
14607,1798,53,54,1181,7
14608,1798,56,56,1184,7
14609,1798,60,61,1188,7
14610,1798,63,66,1191,7
14611,1798,70,70,1198,7
14612,1798,72,72,1200,7
14613,1798,75,75,1203,7
14614,1798,77,77,1205,7
14615,1798,103,103,1231,7
14616,1798,108,108,1236,7
14617,1798,111,112,1239,7
14618,1798,106,107,1467,8
14619,1798,28,28,1629,9
14620,1798,42,42,1643,9
14621,1798,66,66,1667,9
14622,1798,93,93,1694,9
14623,1798,9,9,1864,10
14624,1798,141,141,2253,11
14625,1798,196,197,2564,12
14626,1798,7,9,2619,13
14627,1798,103,103,2715,13
14628,1798,32,32,2891,14
14629,1798,192,192,3294,15
14630,1798,57,57,3387,16
14631,1798,218,218,3548,16
14632,1798,119,119,3699,17
14633,1798,210,210,3790,17
14634,1798,8,8,3835,18
14635,1798,14,14,3841,18
14636,1798,93,94,3920,18
14637,1798,202,202,4029,18
14638,1798,58,58,4429,21
14639,1799,14,14,13,1
14640,1799,17,17,16,1
14641,1799,34,34,33,1
14642,1799,54,54,53,1
14643,1799,57,57,56,1
14644,1799,76,76,75,1
14645,1799,91,91,90,1
14646,1799,93,93,92,1
14647,1799,100,100,99,1
14648,1799,103,103,102,1
14649,1799,124,124,123,1
14650,1799,143,144,142,1
14651,1799,155,156,154,1
14652,1799,174,174,173,1
14653,1799,7,7,190,2
14654,1799,12,12,195,2
14655,1799,22,22,205,2
14656,1799,38,38,221,2
14657,1799,40,40,223,2
14658,1799,49,49,232,2
14659,1799,52,52,235,2
14660,1799,58,59,241,2
14661,1799,72,72,255,2
14662,1799,80,80,263,2
14663,1799,106,106,289,2
14664,1799,108,108,291,2
14665,1799,154,154,337,2
14666,1799,15,15,392,3
14667,1799,31,31,408,3
14668,1799,36,36,468,4
14669,1799,43,45,475,4
14670,1799,60,60,492,4
14671,1799,76,76,508,4
14672,1799,100,100,532,4
14673,1799,113,113,545,4
14674,1799,171,171,603,4
14675,1799,25,25,673,5
14676,1799,47,47,695,5
14677,1799,76,76,724,5
14678,1799,161,161,809,5
14679,1799,180,180,828,5
14680,1799,202,202,850,5
14681,1799,229,229,877,5
14682,1799,233,233,881,5
14683,1799,47,47,937,6
14684,1799,170,170,1060,6
14685,1799,193,193,1083,6
14686,1799,202,204,1092,6
14687,1799,221,221,1111,6
14688,1799,229,229,1119,6
14689,1799,11,11,1139,7
14690,1799,15,15,1143,7
14691,1799,27,27,1155,7
14692,1799,33,33,1161,7
14693,1799,44,44,1172,7
14694,1799,47,47,1175,7
14695,1799,51,51,1179,7
14696,1799,63,64,1191,7
14697,1799,108,108,1236,7
14698,1799,112,112,1240,7
14699,1799,133,133,1261,7
14700,1799,146,146,1274,7
14701,1799,149,150,1277,7
14702,1799,156,156,1284,7
14703,1799,160,160,1288,7
14704,1799,163,163,1291,7
14705,1799,167,167,1295,7
14706,1799,172,173,1300,7
14707,1799,175,175,1303,7
14708,1799,182,184,1310,7
14709,1799,186,186,1314,7
14710,1799,201,202,1329,7
14711,1799,207,207,1335,7
14712,1799,216,216,1344,7
14713,1799,26,26,1387,8
14714,1799,41,41,1402,8
14715,1799,58,58,1419,8
14716,1799,96,96,1457,8
14717,1799,102,102,1463,8
14718,1799,122,122,1483,8
14719,1799,134,134,1495,8
14720,1799,163,163,1524,8
14721,1799,217,217,1578,8
14722,1799,28,28,1629,9
14723,1799,61,61,1662,9
14724,1799,66,66,1667,9
14725,1799,70,70,1671,9
14726,1799,93,94,1694,9
14727,1799,112,112,1713,9
14728,1799,117,117,1718,9
14729,1799,154,154,1755,9
14730,1799,158,158,1759,9
14731,1799,181,181,1782,9
14732,1799,218,218,1819,9
14733,1799,8,8,1863,10
14734,1799,11,11,1866,10
14735,1799,71,71,1926,10
14736,1799,74,74,1929,10
14737,1799,121,122,1976,10
14738,1799,165,165,2020,10
14739,1799,179,179,2034,10
14740,1799,187,187,2042,10
14741,1799,39,39,2151,11
14742,1799,63,63,2175,11
14743,1799,68,68,2180,11
14744,1799,113,113,2225,11
14745,1799,138,138,2250,11
14746,1799,140,141,2252,11
14747,1799,167,167,2279,11
14748,1799,23,24,2391,12
14749,1799,36,36,2404,12
14750,1799,109,109,2477,12
14751,1799,119,120,2487,12
14752,1799,166,166,2534,12
14753,1799,196,197,2564,12
14754,1799,222,222,2590,12
14755,1799,9,9,2621,13
14756,1799,24,24,2636,13
14757,1799,57,57,2669,13
14758,1799,67,67,2679,13
14759,1799,69,69,2681,13
14760,1799,80,80,2692,13
14761,1799,102,102,2714,13
14762,1799,189,190,2801,13
14763,1799,192,192,2804,13
14764,1799,31,33,2890,14
14765,1799,64,65,2923,14
14766,1799,94,94,2953,14
14767,1799,81,82,3183,15
14768,1799,93,93,3195,15
14769,1799,113,113,3215,15
14770,1799,118,118,3220,15
14771,1799,191,192,3293,15
14772,1799,57,58,3387,16
14773,1799,131,132,3461,16
14774,1799,215,215,3545,16
14775,1799,217,218,3547,16
14776,1799,102,102,3682,17
14777,1799,118,119,3698,17
14778,1799,8,8,3835,18
14779,1799,10,10,3837,18
14780,1799,14,14,3841,18
14781,1799,73,74,3900,18
14782,1799,91,91,3918,18
14783,1799,93,94,3920,18
14784,1799,201,202,4028,18
14785,1799,206,206,4033,18
14786,1799,22,23,4111,19
14787,1799,43,43,4132,19
14788,1799,166,167,4255,19
14789,1799,241,241,4330,19
14790,1799,38,38,4899,20
14791,1799,66,66,4927,20
14792,1799,134,134,4995,20
14793,1799,34,34,4405,21
14794,1799,58,59,4429,21
14795,1799,68,68,4439,21
14796,1799,120,120,4491,21
14797,1799,184,184,4555,21
14798,1799,208,208,4579,21
14799,1799,31,31,4668,22
14800,1799,51,51,4688,22
14801,1800,11,11,1139,7
14802,1800,17,17,1145,7
14803,1801,6,7,1134,7
14804,1801,9,14,1137,7
14805,1802,1,183,0,1
14806,1802,1,193,184,2
14807,1802,1,54,378,3
14808,1802,1,215,433,4
14809,1802,1,241,649,5
14810,1802,1,237,891,6
14811,1802,1,232,1129,7
14812,1802,1,239,1362,8
14813,1802,1,253,1602,9
14814,1802,1,256,1856,10
14815,1802,1,255,2113,11
14816,1802,1,243,2369,12
14817,1802,1,246,2613,13
14818,1802,1,242,2860,14
14819,1802,1,225,3103,15
14820,1802,1,249,3329,16
14821,1802,1,246,3581,17
14822,1802,1,261,3828,18
14823,1802,1,130,4090,19
14824,1802,132,281,4221,19
14825,1802,1,193,4862,20
14826,1802,1,265,4372,21
14827,1802,1,223,4638,22
14828,1803,131,131,4220,19
14829,1804,13,13,1141,7
14830,1804,15,15,1143,7
14831,1805,15,15,1143,7
14832,1806,19,19,1147,7
14833,1807,219,219,2831,13
14834,1807,94,94,2953,14
14835,1807,103,103,2962,14
14836,1808,134,135,317,2
14837,1808,179,179,362,2
14838,1808,182,182,365,2
14839,1809,153,153,4524,21
14840,1810,191,191,839,5
14841,1811,153,153,152,1
14842,1811,171,171,819,5
14843,1811,176,176,824,5
14844,1811,178,184,826,5
14845,1812,51,51,2910,14
14846,1812,281,281,4370,19
14847,1813,88,88,978,6
14848,1814,161,161,5022,20
14849,1815,139,139,1994,10
14850,1816,254,254,2109,10
14851,1817,254,254,2109,10
14852,1818,257,257,4628,21
14853,1819,209,209,1810,9
14854,1819,15,15,3117,15
14855,1819,17,17,3119,15
14856,1820,6,6,4095,19
14857,1820,21,22,4110,19
14858,1820,62,62,4151,19
14859,1820,64,66,4153,19
14860,1820,68,68,4157,19
14861,1820,70,70,4159,19
14862,1820,75,78,4164,19
14863,1820,82,85,4171,19
14864,1820,89,90,4178,19
14865,1820,93,95,4182,19
14866,1820,98,102,4187,19
14867,1820,108,108,4197,19
14868,1820,116,116,4205,19
14869,1820,122,125,4211,19
14870,1820,127,128,4216,19
14871,1820,130,130,4219,19
14872,1820,134,134,4223,19
14873,1820,139,139,4228,19
14874,1820,143,143,4232,19
14875,1820,147,147,4236,19
14876,1820,149,153,4238,19
14877,1820,156,157,4245,19
14878,1820,165,165,4254,19
14879,1820,171,171,4260,19
14880,1820,173,173,4262,19
14881,1820,176,176,4265,19
14882,1820,181,183,4270,19
14883,1820,185,185,4274,19
14884,1820,213,214,4302,19
14885,1820,218,219,4307,19
14886,1820,223,224,4312,19
14887,1820,230,234,4319,19
14888,1820,237,241,4326,19
14889,1820,243,244,4332,19
14890,1820,246,250,4335,19
14891,1820,252,253,4341,19
14892,1820,7,9,4868,20
14893,1820,16,23,4877,20
14894,1820,25,28,4886,20
14895,1820,40,40,4901,20
14896,1820,171,172,5032,20
14897,1820,179,179,5040,20
14898,1820,6,6,4377,21
14899,1820,8,8,4379,21
14900,1820,33,33,4404,21
14901,1820,36,36,4407,21
14902,1820,162,162,4799,22
14903,1820,176,176,4813,22
14904,1820,185,185,4822,22
14905,1821,59,59,4920,20
14906,1821,67,67,4928,20
14907,1821,104,104,4965,20
14908,1822,99,99,282,2
14909,1822,102,102,285,2
14910,1822,107,109,290,2
14911,1822,123,123,306,2
14912,1822,127,127,310,2
14913,1822,5,6,653,5
14914,1823,25,25,208,2
14915,1823,58,59,241,2
14916,1823,72,73,255,2
14917,1823,89,90,272,2
14918,1823,93,93,276,2
14919,1823,96,98,279,2
14920,1823,158,158,341,2
14921,1823,212,213,644,4
14922,1823,5,11,653,5
14923,1823,124,124,772,5
14924,1824,226,227,3556,16
14925,1825,42,43,225,2
14926,1825,46,47,229,2
14927,1825,51,51,234,2
14928,1825,54,54,237,2
14929,1825,58,58,241,2
14930,1825,64,65,247,2
14931,1825,68,68,251,2
14932,1825,72,72,255,2
14933,1825,212,212,644,4
14934,1825,5,5,653,5
14935,1826,25,25,208,2
14936,1826,33,33,216,2
14937,1826,40,40,223,2
14938,1826,42,43,225,2
14939,1826,54,55,237,2
14940,1826,58,58,241,2
14941,1826,65,66,248,2
14942,1826,69,69,252,2
14943,1826,73,73,256,2
14944,1826,80,81,263,2
14945,1826,83,86,266,2
14946,1826,88,88,271,2
14947,1826,90,90,273,2
14948,1826,93,93,276,2
14949,1826,97,99,280,2
14950,1826,102,102,285,2
14951,1826,105,108,288,2
14952,1826,110,110,293,2
14953,1826,112,112,295,2
14954,1826,123,123,306,2
14955,1826,127,127,310,2
14956,1826,158,158,341,2
14957,1826,212,213,644,4
14958,1826,6,7,654,5
14959,1826,10,10,658,5
14960,1826,124,125,772,5
14961,1826,209,209,1810,9
14962,1827,130,134,129,1
14963,1827,149,149,148,1
14964,1828,153,153,4524,21
14965,1829,92,92,4953,20
14966,1830,59,59,4920,20
14967,1830,67,67,4928,20
14968,1831,55,55,3157,15
14969,1831,153,153,3255,15
14970,1831,157,158,3259,15
14971,1832,93,93,4954,20
14972,1832,100,100,4961,20
14973,1833,81,81,264,2
14974,1834,72,72,255,2
14975,1834,213,213,645,4
14976,1835,171,171,5032,20
14977,1836,22,22,1150,7
14978,1837,159,159,4248,19
14979,1837,276,276,4365,19
14980,1837,140,140,5001,20
14981,1838,89,89,3669,17
14982,1839,44,44,43,1
14983,1839,49,49,48,1
14984,1839,20,20,397,3
14985,1840,53,57,4914,20
14986,1840,60,62,4921,20
14987,1840,64,66,4925,20
14988,1840,71,72,4932,20
14989,1840,74,75,4935,20
14990,1840,82,82,4943,20
14991,1840,92,92,4953,20
14992,1840,94,94,4955,20
14993,1840,96,96,4957,20
14994,1840,102,102,4963,20
14995,1840,118,118,4979,20
14996,1840,140,140,5001,20
14997,1840,149,149,5010,20
14998,1840,189,189,5050,20
14999,1840,191,191,5052,20
15000,1840,143,143,4780,22
15001,1840,146,146,4783,22
15002,1840,149,150,4786,22
15003,1840,220,221,4857,22
15004,1841,220,220,4857,22
15005,1842,117,117,1245,7
15006,1842,119,119,1247,7
15007,1842,134,134,1495,8
15008,1843,78,78,4449,21
15009,1844,129,129,4500,21
15010,1845,212,212,4301,19
15011,1845,256,256,4345,19
15012,1845,129,129,4500,21
15013,1846,155,155,1283,7
15014,1846,175,175,3755,17
15015,1846,203,203,3783,17
15016,1846,25,25,3852,18
15017,1846,36,41,3863,18
15018,1846,156,156,4793,22
15019,1846,165,165,4802,22
15020,1846,170,171,4807,22
15021,1847,150,150,2262,11
15022,1847,57,57,2425,12
15023,1847,105,105,2473,12
15024,1847,190,190,2558,12
15025,1847,218,218,2586,12
15026,1847,6,6,2618,13
15027,1847,33,34,2645,13
15028,1847,166,166,2778,13
15029,1847,242,242,2854,13
15030,1847,29,29,2888,14
15031,1847,115,115,2974,14
15032,1847,181,181,3283,15
15033,1847,40,41,3370,16
15034,1847,64,64,3394,16
15035,1847,109,109,3439,16
15036,1847,148,148,3478,16
15037,1847,208,208,3538,16
15038,1847,11,11,3591,17
15039,1847,14,14,3594,17
15040,1847,16,16,3596,17
15041,1847,24,24,3604,17
15042,1847,149,149,3729,17
15043,1847,175,175,3755,17
15044,1847,197,197,3777,17
15045,1847,22,23,3849,18
15046,1847,30,30,3857,18
15047,1847,38,38,3865,18
15048,1847,61,61,3888,18
15049,1847,119,119,3946,18
15050,1847,121,121,3948,18
15051,1847,164,164,3991,18
15052,1847,170,170,4807,22
15053,1848,165,165,1526,8
15054,1848,30,30,2142,11
15055,1848,83,83,2451,12
15056,1848,169,170,2781,13
15057,1848,172,172,2784,13
15058,1848,185,185,2797,13
15059,1848,196,196,2808,13
15060,1848,188,188,3290,15
15061,1848,13,13,3593,17
15062,1848,182,182,4009,18
15063,1848,230,230,4057,18
15064,1848,76,76,4447,21
15065,1848,85,88,4456,21
15066,1848,91,92,4462,21
15067,1848,94,94,4465,21
15068,1848,99,105,4470,21
15069,1848,108,109,4479,21
15070,1848,112,113,4483,21
15071,1848,115,116,4486,21
15072,1848,120,120,4491,21
15073,1848,133,133,4504,21
15074,1848,135,135,4506,21
15075,1848,137,137,4508,21
15076,1848,139,139,4510,21
15077,1848,145,145,4516,21
15078,1848,158,158,4529,21
15079,1848,164,164,4535,21
15080,1848,167,167,4538,21
15081,1848,191,191,4562,21
15082,1848,200,200,4571,21
15083,1848,204,204,4575,21
15084,1848,221,221,4592,21
15085,1848,223,223,4594,21
15086,1848,232,232,4603,21
15087,1848,235,235,4606,21
15088,1848,239,239,4610,21
15089,1848,242,242,4613,21
15090,1848,11,11,4648,22
15091,1848,14,16,4651,22
15092,1848,42,42,4679,22
15093,1848,47,47,4684,22
15094,1848,49,49,4686,22
15095,1848,51,52,4688,22
15096,1848,57,57,4694,22
15097,1848,59,60,4696,22
15098,1848,63,63,4700,22
15099,1848,68,68,4705,22
15100,1848,71,71,4708,22
15101,1848,73,74,4710,22
15102,1848,77,77,4714,22
15103,1848,79,79,4716,22
15104,1848,98,98,4735,22
15105,1848,101,101,4738,22
15106,1848,104,109,4741,22
15107,1848,129,130,4766,22
15108,1848,157,157,4794,22
15109,1848,175,175,4812,22
15110,1848,178,178,4815,22
15111,1849,78,78,4449,21
15112,1849,80,80,4451,21
15113,1849,93,100,4464,21
15114,1849,102,106,4473,21
15115,1849,108,109,4479,21
15116,1849,125,125,4496,21
15117,1849,127,129,4498,21
15118,1849,133,133,4504,21
15119,1849,135,135,4506,21
15120,1849,138,138,4509,21
15121,1849,145,145,4516,21
15122,1849,150,151,4521,21
15123,1849,153,154,4524,21
15124,1849,209,209,4580,21
15125,1849,211,211,4582,21
15126,1849,233,233,4604,21
15127,1849,6,7,4643,22
15128,1850,96,96,4467,21
15129,1851,65,66,4154,19
15130,1851,157,157,4246,19
15131,1852,115,115,4204,19
15132,1853,107,108,4196,19
15133,1853,112,112,4201,19
15134,1853,114,114,4203,19
15135,1853,143,143,4232,19
15136,1853,157,157,4246,19
15137,1853,160,160,4249,19
15138,1853,164,165,4253,19
15139,1853,174,174,4263,19
15140,1853,32,32,4403,21
15141,1854,97,97,4468,21
15142,1855,230,230,4057,18
15143,1855,85,86,4456,21
15144,1855,91,91,4462,21
15145,1855,113,113,4484,21
15146,1855,108,108,4745,22
15147,1856,97,97,3199,15
15148,1856,95,95,4184,19
15149,1857,182,182,830,5
15150,1857,184,184,832,5
15151,1858,83,83,731,5
15152,1858,89,89,737,5
15153,1858,93,96,741,5
15154,1858,100,100,748,5
15155,1858,105,105,753,5
15156,1859,93,94,741,5
15157,1860,217,217,1578,8
15158,1861,70,70,502,4
15159,1861,72,73,504,4
15160,1862,92,92,4729,22
15161,1862,124,125,4761,22
15162,1863,208,208,4297,19
15163,1864,203,203,4292,19
15164,1864,210,210,4299,19
15165,1864,212,212,4301,19
15166,1864,221,221,4310,19
15167,1864,227,227,4316,19
15168,1864,261,261,4350,19
15169,1864,267,267,4356,19
15170,1864,193,193,5054,20
15171,1864,222,222,4859,22
15172,1865,170,170,353,2
15173,1865,8,8,385,3
15174,1865,33,33,410,3
15175,1865,48,48,425,3
15176,1866,157,157,2012,10
15177,1867,19,19,1147,7
15178,1867,49,49,1177,7
15179,1867,130,130,1258,7
15180,1867,134,140,1262,7
15181,1867,142,143,1270,7
15182,1867,145,147,1273,7
15183,1867,149,150,1277,7
15184,1867,152,153,1280,7
15185,1867,155,159,1283,7
15186,1867,161,161,1289,7
15187,1867,165,167,1293,7
15188,1867,169,171,1297,7
15189,1867,175,178,1303,7
15190,1867,181,189,1309,7
15191,1867,191,192,1319,7
15192,1867,194,197,1322,7
15193,1867,200,200,1328,7
15194,1867,202,204,1330,7
15195,1867,208,208,1336,7
15196,1867,210,211,1338,7
15197,1867,214,217,1342,7
15198,1867,219,219,1347,7
15199,1867,5,5,1366,8
15200,1867,10,11,1371,8
15201,1867,20,20,1381,8
15202,1867,23,24,1384,8
15203,1867,31,33,1392,8
15204,1867,38,38,1399,8
15205,1867,40,41,1401,8
15206,1867,43,44,1404,8
15207,1867,47,47,1408,8
15208,1867,50,50,1411,8
15209,1867,52,53,1413,8
15210,1867,56,56,1417,8
15211,1867,58,58,1419,8
15212,1867,64,65,1425,8
15213,1867,69,75,1430,8
15214,1867,79,83,1440,8
15215,1867,85,86,1446,8
15216,1867,93,93,1454,8
15217,1867,99,100,1460,8
15218,1867,113,114,1474,8
15219,1867,121,122,1482,8
15220,1867,126,126,1487,8
15221,1867,130,130,1491,8
15222,1867,133,133,1494,8
15223,1867,138,138,1499,8
15224,1867,152,152,1513,8
15225,1867,154,154,1515,8
15226,1867,158,164,1519,8
15227,1867,166,167,1527,8
15228,1867,169,169,1530,8
15229,1867,171,171,1532,8
15230,1867,176,178,1537,8
15231,1867,182,182,1543,8
15232,1867,184,184,1545,8
15233,1867,186,187,1547,8
15234,1867,192,192,1553,8
15235,1867,195,195,1556,8
15236,1867,209,209,1570,8
15237,1867,212,212,1573,8
15238,1867,225,226,1586,8
15239,1867,229,231,1590,8
15240,1867,7,7,1608,9
15241,1867,10,10,1611,9
15242,1867,12,12,1613,9
15243,1867,14,18,1615,9
15244,1867,20,20,1621,9
15245,1867,22,29,1623,9
15246,1867,31,31,1632,9
15247,1867,33,33,1634,9
15248,1867,35,36,1636,9
15249,1867,38,38,1639,9
15250,1867,40,43,1641,9
15251,1867,47,48,1648,9
15252,1867,52,54,1653,9
15253,1867,56,57,1657,9
15254,1867,60,62,1661,9
15255,1867,64,65,1665,9
15256,1867,68,74,1669,9
15257,1867,77,77,1678,9
15258,1867,80,80,1681,9
15259,1867,86,87,1687,9
15260,1867,94,96,1695,9
15261,1867,99,99,1700,9
15262,1867,103,103,1704,9
15263,1867,106,106,1707,9
15264,1867,109,111,1710,9
15265,1867,113,113,1714,9
15266,1867,115,116,1716,9
15267,1867,118,118,1719,9
15268,1867,123,124,1724,9
15269,1867,126,126,1727,9
15270,1867,129,129,1730,9
15271,1867,132,132,1733,9
15272,1867,138,139,1739,9
15273,1867,142,143,1743,9
15274,1867,146,146,1747,9
15275,1867,148,148,1749,9
15276,1867,150,150,1751,9
15277,1867,155,155,1756,9
15278,1867,158,161,1759,9
15279,1867,164,164,1765,9
15280,1867,166,166,1767,9
15281,1867,169,169,1770,9
15282,1867,171,171,1772,9
15283,1867,179,179,1780,9
15284,1867,182,183,1783,9
15285,1867,191,192,1792,9
15286,1867,195,197,1796,9
15287,1867,201,201,1802,9
15288,1867,203,204,1804,9
15289,1867,236,236,1837,9
15290,1867,238,242,1839,9
15291,1867,8,8,1863,10
15292,1867,10,10,1865,10
15293,1867,15,16,1870,10
15294,1867,18,20,1873,10
15295,1867,23,23,1878,10
15296,1867,32,32,1887,10
15297,1867,35,35,1890,10
15298,1867,42,42,1897,10
15299,1867,46,46,1901,10
15300,1867,48,48,1903,10
15301,1867,51,52,1906,10
15302,1867,54,54,1909,10
15303,1867,60,61,1915,10
15304,1867,64,65,1919,10
15305,1867,69,69,1924,10
15306,1867,73,73,1928,10
15307,1867,75,78,1930,10
15308,1867,80,84,1935,10
15309,1867,87,87,1942,10
15310,1867,95,95,1950,10
15311,1867,99,101,1954,10
15312,1867,105,105,1960,10
15313,1867,107,108,1962,10
15314,1867,111,114,1966,10
15315,1867,119,119,1974,10
15316,1867,122,123,1977,10
15317,1867,127,127,1982,10
15318,1867,130,130,1985,10
15319,1867,132,132,1987,10
15320,1867,135,137,1990,10
15321,1867,143,143,1998,10
15322,1867,156,156,2011,10
15323,1867,159,159,2014,10
15324,1867,170,172,2025,10
15325,1867,176,177,2031,10
15326,1867,184,186,2039,10
15327,1867,193,193,2048,10
15328,1867,196,197,2051,10
15329,1867,200,200,2055,10
15330,1867,203,205,2058,10
15331,1867,208,210,2063,10
15332,1867,212,213,2067,10
15333,1867,215,215,2070,10
15334,1867,217,221,2072,10
15335,1867,224,226,2079,10
15336,1867,230,231,2085,10
15337,1867,233,234,2088,10
15338,1867,236,237,2091,10
15339,1867,239,239,2094,10
15340,1867,242,243,2097,10
15341,1867,245,246,2100,10
15342,1867,248,249,2103,10
15343,1867,6,6,2118,11
15344,1867,8,8,2120,11
15345,1867,11,13,2123,11
15346,1867,15,18,2127,11
15347,1867,22,22,2134,11
15348,1867,25,27,2137,11
15349,1867,31,36,2143,11
15350,1867,39,39,2151,11
15351,1867,42,42,2154,11
15352,1867,49,51,2161,11
15353,1867,54,55,2166,11
15354,1867,59,65,2171,11
15355,1867,67,68,2179,11
15356,1867,70,71,2182,11
15357,1867,73,75,2185,11
15358,1867,77,77,2189,11
15359,1867,82,82,2194,11
15360,1867,85,86,2197,11
15361,1867,90,91,2202,11
15362,1867,97,107,2209,11
15363,1867,109,112,2221,11
15364,1867,114,115,2226,11
15365,1867,117,119,2229,11
15366,1867,122,125,2234,11
15367,1867,130,136,2242,11
15368,1867,156,156,2268,11
15369,1867,158,158,2270,11
15370,1867,162,162,2274,11
15371,1867,168,174,2280,11
15372,1867,176,176,2288,11
15373,1867,178,179,2290,11
15374,1867,181,184,2293,11
15375,1867,188,188,2300,11
15376,1867,190,191,2302,11
15377,1867,193,197,2305,11
15378,1867,199,214,2311,11
15379,1867,216,216,2328,11
15380,1867,255,255,2367,11
15381,1867,6,8,2374,12
15382,1867,12,12,2380,12
15383,1867,14,15,2382,12
15384,1867,18,19,2386,12
15385,1867,21,23,2389,12
15386,1867,26,26,2394,12
15387,1867,34,37,2402,12
15388,1867,46,48,2414,12
15389,1867,51,52,2419,12
15390,1867,55,56,2423,12
15391,1867,67,67,2435,12
15392,1867,69,70,2437,12
15393,1867,74,77,2442,12
15394,1867,79,80,2447,12
15395,1867,82,86,2450,12
15396,1867,89,89,2457,12
15397,1867,93,93,2461,12
15398,1867,97,97,2465,12
15399,1867,103,103,2471,12
15400,1867,107,107,2475,12
15401,1867,109,109,2477,12
15402,1867,113,114,2481,12
15403,1867,119,119,2487,12
15404,1867,124,124,2492,12
15405,1867,128,128,2496,12
15406,1867,135,135,2503,12
15407,1867,138,139,2506,12
15408,1867,145,146,2513,12
15409,1867,148,148,2516,12
15410,1867,156,159,2524,12
15411,1867,161,162,2529,12
15412,1867,164,165,2532,12
15413,1867,167,167,2535,12
15414,1867,169,170,2537,12
15415,1867,185,186,2553,12
15416,1867,188,188,2556,12
15417,1867,194,197,2562,12
15418,1867,199,201,2567,12
15419,1867,203,206,2571,12
15420,1867,208,208,2576,12
15421,1867,210,210,2578,12
15422,1867,220,224,2588,12
15423,1867,227,229,2595,12
15424,1867,233,234,2601,12
15425,1867,5,5,2617,13
15426,1867,9,10,2621,13
15427,1867,12,13,2624,13
15428,1867,19,19,2631,13
15429,1867,26,27,2638,13
15430,1867,30,30,2642,13
15431,1867,34,34,2646,13
15432,1867,38,40,2650,13
15433,1867,43,43,2655,13
15434,1867,47,47,2659,13
15435,1867,56,57,2668,13
15436,1867,69,69,2681,13
15437,1867,72,73,2684,13
15438,1867,75,77,2687,13
15439,1867,87,87,2699,13
15440,1867,89,91,2701,13
15441,1867,103,103,2715,13
15442,1867,105,105,2717,13
15443,1867,111,113,2723,13
15444,1867,115,116,2727,13
15445,1867,118,119,2730,13
15446,1867,132,135,2744,13
15447,1867,138,139,2750,13
15448,1867,144,150,2756,13
15449,1867,152,155,2764,13
15450,1867,162,163,2774,13
15451,1867,165,165,2777,13
15452,1867,169,170,2781,13
15453,1867,172,173,2784,13
15454,1867,181,181,2793,13
15455,1867,183,184,2795,13
15456,1867,187,187,2799,13
15457,1867,192,192,2804,13
15458,1867,195,195,2807,13
15459,1867,200,200,2812,13
15460,1867,205,205,2817,13
15461,1867,207,207,2819,13
15462,1867,209,213,2821,13
15463,1867,215,215,2827,13
15464,1867,217,225,2829,13
15465,1867,227,227,2839,13
15466,1867,232,232,2844,13
15467,1867,234,234,2846,13
15468,1867,238,238,2850,13
15469,1867,240,241,2852,13
15470,1867,5,6,2864,14
15471,1867,8,8,2867,14
15472,1867,11,11,2870,14
15473,1867,15,15,2874,14
15474,1867,20,22,2879,14
15475,1867,25,25,2884,14
15476,1867,37,42,2896,14
15477,1867,52,54,2911,14
15478,1867,56,56,2915,14
15479,1867,58,59,2917,14
15480,1867,67,68,2926,14
15481,1867,72,73,2931,14
15482,1867,75,75,2934,14
15483,1867,77,77,2936,14
15484,1867,83,91,2942,14
15485,1867,93,96,2952,14
15486,1867,101,103,2960,14
15487,1867,105,105,2964,14
15488,1867,110,111,2969,14
15489,1867,113,113,2972,14
15490,1867,115,116,2974,14
15491,1867,119,119,2978,14
15492,1867,121,126,2980,14
15493,1867,128,129,2987,14
15494,1867,131,132,2990,14
15495,1867,135,141,2994,14
15496,1867,147,159,3006,14
15497,1867,162,163,3021,14
15498,1867,166,167,3025,14
15499,1867,169,170,3028,14
15500,1867,179,179,3038,14
15501,1867,212,212,3071,14
15502,1867,216,217,3075,14
15503,1867,22,23,3124,15
15504,1867,32,32,3134,15
15505,1867,44,44,3146,15
15506,1867,75,75,3177,15
15507,1867,82,82,3184,15
15508,1867,84,84,3186,15
15509,1867,89,89,3191,15
15510,1867,91,91,3193,15
15511,1867,93,93,3195,15
15512,1867,104,104,3206,15
15513,1867,114,114,3216,15
15514,1867,117,117,3219,15
15515,1867,128,128,3230,15
15516,1867,160,161,3262,15
15517,1867,169,170,3271,15
15518,1867,176,178,3278,15
15519,1867,183,184,3285,15
15520,1867,186,186,3288,15
15521,1867,188,188,3290,15
15522,1867,190,191,3292,15
15523,1867,193,193,3295,15
15524,1867,195,195,3297,15
15525,1867,204,204,3306,15
15526,1867,7,8,3335,16
15527,1867,10,10,3338,16
15528,1867,12,12,3340,16
15529,1867,14,14,3342,16
15530,1867,16,17,3344,16
15531,1867,19,19,3347,16
15532,1867,23,23,3351,16
15533,1867,25,27,3353,16
15534,1867,30,31,3360,16
15535,1867,33,34,3363,16
15536,1867,37,38,3367,16
15537,1867,41,41,3371,16
15538,1867,48,50,3378,16
15539,1867,52,53,3382,16
15540,1867,55,57,3385,16
15541,1867,59,59,3389,16
15542,1867,68,69,3398,16
15543,1867,74,75,3404,16
15544,1867,79,79,3409,16
15545,1867,81,82,3411,16
15546,1867,85,86,3415,16
15547,1867,90,94,3420,16
15548,1867,96,98,3426,16
15549,1867,103,103,3433,16
15550,1867,106,106,3436,16
15551,1867,114,117,3444,16
15552,1867,121,122,3451,16
15553,1867,124,124,3454,16
15554,1867,129,129,3459,16
15555,1867,133,134,3463,16
15556,1867,136,136,3466,16
15557,1867,138,138,3468,16
15558,1867,140,141,3470,16
15559,1867,143,144,3473,16
15560,1867,146,150,3476,16
15561,1867,152,153,3482,16
15562,1867,163,165,3493,16
15563,1867,170,170,3500,16
15564,1867,177,177,3507,16
15565,1867,179,182,3509,16
15566,1867,191,191,3521,16
15567,1867,193,193,3523,16
15568,1867,195,195,3525,16
15569,1867,198,199,3528,16
15570,1867,201,203,3531,16
15571,1867,207,207,3537,16
15572,1867,211,211,3541,16
15573,1867,219,219,3549,16
15574,1867,223,223,3553,16
15575,1867,226,226,3556,16
15576,1867,228,231,3558,16
15577,1867,233,234,3563,16
15578,1867,242,243,3572,16
15579,1867,11,11,3591,17
15580,1867,13,13,3593,17
15581,1867,17,19,3597,17
15582,1867,21,21,3601,17
15583,1867,27,27,3607,17
15584,1867,29,29,3609,17
15585,1867,33,35,3613,17
15586,1867,37,37,3617,17
15587,1867,39,41,3619,17
15588,1867,51,51,3631,17
15589,1867,64,64,3644,17
15590,1867,66,66,3646,17
15591,1867,92,93,3672,17
15592,1867,107,107,3687,17
15593,1867,115,116,3695,17
15594,1867,131,131,3711,17
15595,1867,159,160,3739,17
15596,1867,169,169,3749,17
15597,1867,193,193,3773,17
15598,1867,204,208,3784,17
15599,1867,211,213,3791,17
15600,1867,216,216,3796,17
15601,1867,218,219,3798,17
15602,1867,221,221,3801,17
15603,1867,223,223,3803,17
15604,1867,225,226,3805,17
15605,1867,231,234,3811,17
15606,1867,10,10,3837,18
15607,1867,14,14,3841,18
15608,1867,18,18,3845,18
15609,1867,20,21,3847,18
15610,1867,26,26,3853,18
15611,1867,29,29,3856,18
15612,1867,34,34,3861,18
15613,1867,42,44,3869,18
15614,1867,48,48,3875,18
15615,1867,55,55,3882,18
15616,1867,69,69,3896,18
15617,1867,71,71,3898,18
15618,1867,74,75,3901,18
15619,1867,77,79,3904,18
15620,1867,81,81,3908,18
15621,1867,88,89,3915,18
15622,1867,94,96,3921,18
15623,1867,108,108,3935,18
15624,1867,110,111,3937,18
15625,1867,115,117,3942,18
15626,1867,119,119,3946,18
15627,1867,122,123,3949,18
15628,1867,125,125,3952,18
15629,1867,136,140,3963,18
15630,1867,142,147,3969,18
15631,1867,152,152,3979,18
15632,1867,160,161,3987,18
15633,1867,163,163,3990,18
15634,1867,167,169,3994,18
15635,1867,173,173,4000,18
15636,1867,175,175,4002,18
15637,1867,178,178,4005,18
15638,1867,181,186,4008,18
15639,1867,188,188,4015,18
15640,1867,196,201,4023,18
15641,1867,205,205,4032,18
15642,1867,207,208,4034,18
15643,1867,210,210,4037,18
15644,1867,212,212,4039,18
15645,1867,217,217,4044,18
15646,1867,221,221,4048,18
15647,1867,223,223,4050,18
15648,1867,227,227,4054,18
15649,1867,231,231,4058,18
15650,1867,241,241,4068,18
15651,1867,243,243,4070,18
15652,1867,10,12,4099,19
15653,1867,14,14,4103,19
15654,1867,17,17,4106,19
15655,1867,20,21,4109,19
15656,1867,24,24,4113,19
15657,1867,41,41,4130,19
15658,1867,139,142,4228,19
15659,1867,153,153,4242,19
15660,1867,166,167,4255,19
15661,1867,241,241,4330,19
15662,1867,250,251,4339,19
15663,1867,48,52,4909,20
15664,1867,57,58,4918,20
15665,1867,163,164,5024,20
15666,1867,168,170,5029,20
15667,1867,172,173,5033,20
15668,1867,177,180,5038,20
15669,1867,183,183,5044,20
15670,1867,5,8,4376,21
15671,1867,26,26,4397,21
15672,1867,29,29,4400,21
15673,1867,31,31,4402,21
15674,1867,33,37,4404,21
15675,1867,56,57,4427,21
15676,1867,60,60,4431,21
15677,1867,62,63,4433,21
15678,1867,65,66,4436,21
15679,1867,68,70,4439,21
15680,1867,75,75,4446,21
15681,1867,86,86,4457,21
15682,1867,104,104,4475,21
15683,1867,135,135,4506,21
15684,1867,192,192,4563,21
15685,1867,208,208,4579,21
15686,1867,210,210,4581,21
15687,1867,216,216,4587,21
15688,1867,51,51,4688,22
15689,1867,76,76,4713,22
15690,1867,102,102,4739,22
15691,1867,156,157,4793,22
15692,1867,166,166,4803,22
15693,1867,172,172,4809,22
15694,1867,178,179,4815,22
15695,1867,183,183,4820,22
15696,1867,190,190,4827,22
15697,1867,195,196,4832,22
15698,1868,167,167,5028,20
15699,1869,89,89,2948,14
15700,1870,214,214,1104,6
15701,1870,36,36,1637,9
15702,1870,207,208,2575,12
15703,1871,206,207,2574,12
15704,1872,122,122,4211,19
15705,1872,253,253,4342,19
15706,1873,146,147,2001,10
15707,1873,177,177,2789,13
15708,1874,179,180,827,5
15709,1875,91,91,739,5
15710,1876,270,270,4359,19
15711,1876,272,272,4361,19
15712,1876,279,280,4368,19
15713,1877,102,103,4473,21
15714,1878,122,122,4493,21
15715,1879,118,118,550,4
15716,1879,127,127,559,4
15717,1879,175,176,607,4
15718,1879,213,213,861,5
15719,1879,35,35,1396,8
15720,1880,104,104,1232,7
15721,1881,31,31,30,1
15722,1881,122,122,121,1
15723,1882,110,110,2722,13
15724,1883,168,168,3748,17
15725,1884,262,262,4633,21
15726,1885,28,28,3855,18
15727,1886,8,8,7,1
15728,1886,104,104,103,1
15729,1886,122,122,121,1
15730,1886,157,157,156,1
15731,1886,110,110,758,5
15732,1886,165,165,813,5
15733,1886,167,168,815,5
15734,1886,216,217,1106,6
15735,1886,138,138,1739,9
15736,1886,37,37,1892,10
15737,1886,135,135,2994,14
15738,1886,138,139,2997,14
15739,1886,154,154,3013,14
15740,1886,157,157,3016,14
15741,1886,50,50,3380,16
15742,1886,80,80,3410,16
15743,1886,98,98,3428,16
15744,1886,162,162,3492,16
15745,1886,169,169,3499,16
15746,1886,182,182,3512,16
15747,1886,219,219,3549,16
15748,1886,245,245,3825,17
15749,1886,20,20,3847,18
15750,1886,28,28,3855,18
15751,1886,31,31,3858,18
15752,1886,41,41,3868,18
15753,1886,69,69,3896,18
15754,1886,73,73,3900,18
15755,1886,78,78,3905,18
15756,1886,84,84,3911,18
15757,1886,90,90,3917,18
15758,1886,94,94,3921,18
15759,1886,101,102,3928,18
15760,1886,113,113,3940,18
15761,1886,118,118,3945,18
15762,1886,146,146,3973,18
15763,1886,169,169,3996,18
15764,1886,186,187,4013,18
15765,1886,204,204,4031,18
15766,1886,213,213,4040,18
15767,1886,221,221,4048,18
15768,1886,227,227,4054,18
15769,1886,232,232,4059,18
15770,1886,253,253,4080,18
15771,1886,260,261,4087,18
15772,1886,5,5,4094,19
15773,1886,16,16,4105,19
15774,1886,83,83,4172,19
15775,1886,142,142,4231,19
15776,1886,144,144,4233,19
15777,1886,146,146,4235,19
15778,1886,148,148,4237,19
15779,1886,150,150,4239,19
15780,1886,191,191,4280,19
15781,1886,262,262,4351,19
15782,1886,55,55,4916,20
15783,1886,177,177,5038,20
15784,1886,36,36,4407,21
15785,1886,86,86,4457,21
15786,1886,88,88,4459,21
15787,1886,116,116,4487,21
15788,1886,121,121,4492,21
15789,1887,56,56,1657,9
15790,1887,59,59,2671,13
15791,1887,187,187,3289,15
15792,1887,47,47,3874,18
15793,1887,118,118,3945,18
15794,1887,187,187,4014,18
15795,1887,232,232,4059,18
15796,1888,89,89,2457,12
15797,1888,41,41,2900,14
15798,1888,80,80,3410,16
15799,1888,82,82,3909,18
15800,1888,196,196,4023,18
15801,1889,44,45,2903,14
15802,1889,47,47,2906,14
15803,1889,49,49,2908,14
15804,1889,51,51,2910,14
15805,1889,182,182,3041,14
15806,1889,196,196,3055,14
15807,1889,242,242,3101,14
15808,1889,60,60,3162,15
15809,1889,281,281,4370,19
15810,1889,153,153,4524,21
15811,1889,155,155,4526,21
15812,1889,157,157,4528,21
15813,1889,159,159,4530,21
15814,1889,161,161,4532,21
15815,1889,163,163,4534,21
15816,1889,166,166,4537,21
15817,1889,177,177,4548,21
15818,1889,213,213,4584,21
15819,1889,224,224,4595,21
15820,1889,231,231,4602,21
15821,1890,47,47,937,6
15822,1890,206,206,1096,6
15823,1890,169,169,1297,7
15824,1891,192,192,4829,22
15825,1892,17,17,16,1
15826,1892,62,62,61,1
15827,1893,204,204,4575,21
15828,1893,220,220,4591,21
15829,1893,222,222,4593,21
15830,1893,234,240,4605,21
15831,1893,49,49,4686,22
15832,1893,59,66,4696,22
15833,1893,72,72,4709,22
15834,1893,78,79,4715,22
15835,1893,81,81,4718,22
15836,1893,85,86,4722,22
15837,1893,88,89,4725,22
15838,1893,91,91,4728,22
15839,1893,118,119,4755,22
15840,1893,123,126,4760,22
15841,1893,178,178,4815,22
15842,1894,234,241,4605,21
15843,1894,59,67,4696,22
15844,1894,72,72,4709,22
15845,1894,78,80,4715,22
15846,1894,84,85,4721,22
15847,1894,87,87,4724,22
15848,1894,89,89,4726,22
15849,1894,91,91,4728,22
15850,1894,118,118,4755,22
15851,1894,123,126,4760,22
15852,1894,129,129,4766,22
15853,1894,178,178,4815,22
15854,1895,80,80,4451,21
15855,1896,67,67,4156,19
15856,1897,187,187,4558,21
15857,1898,99,103,98,1
15858,1898,105,108,104,1
15859,1898,110,110,109,1
15860,1898,113,113,112,1
15861,1898,115,116,114,1
15862,1898,118,122,117,1
15863,1898,124,127,123,1
15864,1898,135,138,134,1
15865,1898,140,150,139,1
15866,1898,152,160,151,1
15867,1898,162,162,161,1
15868,1898,165,165,164,1
15869,1898,168,170,167,1
15870,1898,172,172,171,1
15871,1898,175,179,174,1
15872,1898,5,6,188,2
15873,1898,10,10,193,2
15874,1898,14,14,197,2
15875,1898,22,23,205,2
15876,1898,25,27,208,2
15877,1898,29,31,212,2
15878,1898,33,43,216,2
15879,1898,45,46,228,2
15880,1898,51,53,234,2
15881,1898,59,59,242,2
15882,1898,62,62,245,2
15883,1898,65,66,248,2
15884,1898,68,68,251,2
15885,1898,70,72,253,2
15886,1898,75,80,258,2
15887,1898,92,93,275,2
15888,1898,97,103,280,2
15889,1898,106,106,289,2
15890,1898,108,108,291,2
15891,1898,110,111,293,2
15892,1898,113,113,296,2
15893,1898,118,119,301,2
15894,1898,123,123,306,2
15895,1898,126,126,309,2
15896,1898,128,130,311,2
15897,1898,149,155,332,2
15898,1898,158,158,341,2
15899,1898,166,166,349,2
15900,1898,170,171,353,2
15901,1898,1,3,378,3
15902,1898,6,6,383,3
15903,1898,9,9,386,3
15904,1898,12,12,389,3
15905,1898,21,21,398,3
15906,1898,28,28,405,3
15907,1898,43,43,420,3
15908,1898,45,45,422,3
15909,1898,48,48,425,3
15910,1898,52,52,429,3
15911,1898,5,5,437,4
15912,1898,7,7,439,4
15913,1898,9,11,441,4
15914,1898,17,17,449,4
15915,1898,23,23,455,4
15916,1898,108,108,540,4
15917,1898,137,137,569,4
15918,1898,202,202,634,4
15919,1898,20,20,668,5
15920,1898,101,101,749,5
15921,1898,103,103,751,5
15922,1898,216,217,864,5
15923,1898,219,220,867,5
15924,1898,222,222,870,5
15925,1898,225,228,873,5
15926,1898,230,230,878,5
15927,1898,232,235,880,5
15928,1898,9,13,899,6
15929,1898,15,19,905,6
15930,1898,21,22,911,6
15931,1898,24,33,914,6
15932,1898,35,37,925,6
15933,1898,40,40,930,6
15934,1898,53,53,943,6
15935,1898,201,201,1091,6
15936,1898,206,206,1096,6
15937,1898,209,209,1099,6
15938,1898,170,170,1298,7
15939,1898,184,184,1312,7
15940,1898,217,217,1345,7
15941,1898,169,169,1530,8
15942,1898,184,184,1545,8
15943,1898,188,188,1549,8
15944,1898,196,197,1557,8
15945,1898,204,205,1565,8
15946,1898,218,219,1579,8
15947,1898,227,227,1588,8
15948,1898,45,45,1900,10
15949,1898,221,221,2076,10
15950,1898,112,112,2724,13
15951,1898,207,208,3787,17
15952,1898,211,211,3791,17
15953,1898,217,219,3797,17
15954,1898,221,221,3801,17
15955,1898,223,224,3803,17
15956,1898,228,229,3808,17
15957,1898,236,236,3816,17
15958,1898,49,50,4910,20
15959,1898,7,7,4378,21
15960,1898,45,45,4416,21
15961,1898,60,60,4431,21
15962,1899,66,68,3646,17
15963,1899,87,87,3667,17
15964,1899,90,90,3670,17
15965,1899,94,94,3674,17
15966,1899,105,105,3685,17
15967,1899,113,113,3693,17
15968,1899,144,144,3724,17
15969,1899,182,182,3762,17
15970,1899,51,51,3878,18
15971,1900,26,26,25,1
15972,1900,31,32,30,1
15973,1900,43,43,42,1
15974,1900,46,46,45,1
15975,1900,56,56,55,1
15976,1900,86,86,85,1
15977,1900,98,98,97,1
15978,1900,100,101,99,1
15979,1900,108,108,107,1
15980,1900,125,125,124,1
15981,1900,142,142,141,1
15982,1901,62,62,4433,21
15983,1902,50,50,4139,19
15984,1903,97,97,1458,8
15985,1903,118,118,1479,8
15986,1903,113,113,2225,11
15987,1903,21,21,2389,12
15988,1903,23,24,2635,13
15989,1903,100,101,2712,13
15990,1903,187,188,2799,13
15991,1903,32,32,2891,14
15992,1903,74,74,3901,18
15993,1903,205,206,4032,18
15994,1904,210,210,1571,8
15995,1905,178,179,3037,14
15996,1905,181,181,3040,14
15997,1905,139,141,4776,22
15998,1906,131,131,130,1
15999,1906,257,257,4628,21
16000,1907,227,227,3086,14
16001,1908,78,78,4449,21
16002,1909,223,223,1113,6
16003,1910,78,78,4449,21
16004,1911,25,25,4886,20
16005,1912,190,190,373,2
16006,1913,104,104,1232,7
16007,1914,27,27,26,1
16008,1915,120,121,1721,9
16009,1915,149,149,2261,11
16010,1916,213,213,4584,21
16011,1916,222,222,4593,21
16012,1917,16,17,15,1
16013,1917,20,20,19,1
16014,1917,22,22,21,1
16015,1917,30,30,29,1
16016,1917,32,35,31,1
16017,1917,37,39,36,1
16018,1917,43,43,42,1
16019,1917,50,51,49,1
16020,1917,63,63,62,1
16021,1917,166,166,165,1
16022,1917,168,168,167,1
16023,1917,20,20,203,2
16024,1917,45,45,228,2
16025,1917,90,91,273,2
16026,1917,136,136,319,2
16027,1917,57,57,489,4
16028,1917,80,80,512,4
16029,1917,171,171,819,5
16030,1917,191,191,839,5
16031,1917,208,208,856,5
16032,1917,215,215,863,5
16033,1917,210,210,1100,6
16034,1918,33,33,32,1
16035,1918,38,38,37,1
16036,1918,42,42,41,1
16037,1918,50,50,49,1
16038,1918,52,52,51,1
16039,1918,65,65,64,1
16040,1918,166,166,165,1
16041,1918,20,20,203,2
16042,1918,57,57,489,4
16043,1918,80,80,512,4
16044,1919,36,36,35,1
16045,1919,54,54,53,1
16046,1919,59,59,58,1
16047,1919,70,70,69,1
16048,1919,166,166,165,1
16049,1919,91,91,274,2
16050,1920,51,51,428,3
16051,1921,94,94,742,5
16052,1921,96,96,744,5
16053,1921,100,100,748,5
16054,1921,107,107,755,5
16055,1921,109,109,757,5
16056,1922,96,96,744,5
16057,1923,64,64,63,1
16058,1923,70,70,69,1
16059,1923,74,74,73,1
16060,1923,76,77,75,1
16061,1923,79,79,78,1
16062,1923,86,87,85,1
16063,1923,89,89,88,1
16064,1923,107,107,106,1
16065,1923,6,6,189,2
16066,1923,18,18,201,2
16067,1923,36,36,219,2
16068,1923,103,103,286,2
16069,1923,183,183,366,2
16070,1923,17,18,394,3
16071,1923,23,23,400,3
16072,1923,28,28,405,3
16073,1923,30,30,407,3
16074,1923,33,33,410,3
16075,1923,41,41,418,3
16076,1923,43,43,420,3
16077,1923,49,49,426,3
16078,1923,69,69,501,4
16079,1923,104,105,536,4
16080,1923,225,225,873,5
16081,1923,21,22,3848,18
16082,1924,212,214,3542,16
16083,1925,22,22,3849,18
16084,1926,211,211,3791,17
16085,1927,78,78,4449,21
16086,1928,113,114,1714,9
16087,1928,123,123,1724,9
16088,1929,154,154,1515,8
16089,1930,185,185,1786,9
16090,1930,14,14,1869,10
16091,1930,148,148,5009,20
16092,1931,76,77,4937,20
16093,1931,82,82,4943,20
16094,1931,100,100,4961,20
16095,1931,102,102,4963,20
16096,1931,104,105,4965,20
16097,1931,118,118,4979,20
16098,1931,120,124,4981,20
16099,1931,128,128,4989,20
16100,1931,134,134,4995,20
16101,1931,136,136,4997,20
16102,1931,142,142,5003,20
16103,1931,145,145,5006,20
16104,1931,153,153,5014,20
16105,1931,160,160,5021,20
16106,1931,177,177,5038,20
16107,1931,184,184,5045,20
16108,1931,26,26,4397,21
16109,1931,59,59,4430,21
16110,1931,145,147,4782,22
16111,1931,150,150,4787,22
16112,1932,119,119,1009,6
16113,1933,117,118,1718,9
16114,1934,131,131,1732,9
16115,1935,97,97,2209,11
16116,1935,241,241,2853,13
16117,1935,59,59,2918,14
16118,1935,88,88,2947,14
16119,1935,107,107,2966,14
16120,1935,228,228,3087,14
16121,1935,176,177,3278,15
16122,1935,183,183,3285,15
16123,1935,56,56,3386,16
16124,1935,59,59,3389,16
16125,1935,153,155,3483,16
16126,1935,163,163,3493,16
16127,1935,222,223,3552,16
16128,1935,14,14,3841,18
16129,1935,55,55,3882,18
16130,1935,139,139,3966,18
16131,1935,8,8,4379,21
16132,1936,57,57,1185,7
16133,1936,69,69,1197,7
16134,1936,108,108,1236,7
16135,1937,45,45,935,6
16136,1937,105,107,995,6
16137,1937,109,111,999,6
16138,1937,77,78,1438,8
16139,1937,82,82,1443,8
16140,1937,219,220,1580,8
16141,1937,222,222,1583,8
16142,1937,61,62,1916,10
16143,1937,88,88,2200,11
16144,1937,128,128,2240,11
16145,1937,113,114,2481,12
16146,1937,120,122,2488,12
16147,1937,134,134,2502,12
16148,1937,136,136,2504,12
16149,1937,156,157,2524,12
16150,1937,165,165,2533,12
16151,1937,210,210,2578,12
16152,1937,188,188,3290,15
16153,1937,89,89,3419,16
16154,1937,116,116,3446,16
16155,1937,182,184,3512,16
16156,1937,78,80,3905,18
16157,1937,90,90,3917,18
16158,1937,103,103,3930,18
16159,1937,169,170,5030,20
16160,1937,161,162,4798,22
16161,1938,171,171,2283,11
16162,1938,145,146,2513,12
16163,1938,228,228,2596,12
16164,1938,125,125,2984,14
16165,1939,28,28,2640,13
16166,1940,79,79,4450,21
16167,1940,88,91,4459,21
16168,1940,100,100,4471,21
16169,1940,102,102,4473,21
16170,1940,108,109,4479,21
16171,1940,116,117,4487,21
16172,1940,120,120,4491,21
16173,1940,128,128,4499,21
16174,1940,132,133,4503,21
16175,1940,135,135,4506,21
16176,1940,139,139,4510,21
16177,1940,145,145,4516,21
16178,1940,154,154,4525,21
16179,1940,156,156,4527,21
16180,1940,158,158,4529,21
16181,1940,160,162,4531,21
16182,1940,164,164,4535,21
16183,1940,166,167,4537,21
16184,1940,191,191,4562,21
16185,1940,197,200,4568,21
16186,1940,221,221,4592,21
16187,1940,223,223,4594,21
16188,1940,229,229,4600,21
16189,1940,231,231,4602,21
16190,1940,233,233,4604,21
16191,1940,240,241,4611,21
16192,1940,8,16,4645,22
16193,1940,42,47,4679,22
16194,1940,51,52,4688,22
16195,1940,56,59,4693,22
16196,1940,66,67,4703,22
16197,1940,70,76,4707,22
16198,1940,78,79,4715,22
16199,1940,103,104,4740,22
16200,1940,109,110,4746,22
16201,1940,119,120,4756,22
16202,1940,123,123,4760,22
16203,1940,129,130,4766,22
16204,1940,177,178,4814,22
16205,1941,19,20,396,3
16206,1942,193,193,2305,11
16207,1942,195,195,2307,11
16208,1942,205,205,2317,11
16209,1942,6,6,2374,12
16210,1942,84,84,2452,12
16211,1942,97,97,2465,12
16212,1942,102,103,2470,12
16213,1942,107,107,2475,12
16214,1942,194,194,2562,12
16215,1942,138,138,2750,13
16216,1942,187,187,2799,13
16217,1942,241,241,2853,13
16218,1942,8,8,2867,14
16219,1942,54,54,2913,14
16220,1942,56,56,2915,14
16221,1942,59,59,2918,14
16222,1942,88,88,2947,14
16223,1942,107,108,2966,14
16224,1942,116,116,2975,14
16225,1942,124,124,2983,14
16226,1942,138,138,2997,14
16227,1942,149,150,3008,14
16228,1942,228,228,3087,14
16229,1942,232,233,3091,14
16230,1942,23,23,3125,15
16231,1942,44,44,3146,15
16232,1942,169,169,3271,15
16233,1942,37,37,3367,16
16234,1942,41,41,3371,16
16235,1942,56,56,3386,16
16236,1942,90,90,3420,16
16237,1942,146,146,3476,16
16238,1942,155,155,3485,16
16239,1942,163,163,3493,16
16240,1942,177,177,3507,16
16241,1942,35,35,3615,17
16242,1942,55,55,3882,18
16243,1942,58,59,3885,18
16244,1942,139,139,3966,18
16245,1942,197,197,4024,18
16246,1942,225,225,4052,18
16247,1943,193,193,3523,16
16248,1943,226,226,3556,16
16249,1944,59,59,2918,14
16250,1944,88,88,2947,14
16251,1944,107,107,2966,14
16252,1944,228,228,3087,14
16253,1944,59,59,3389,16
16254,1944,155,155,3485,16
16255,1944,163,163,3493,16
16256,1944,222,223,3552,16
16257,1944,55,55,3882,18
16258,1944,139,139,3966,18
16259,1944,8,8,4379,21
16260,1945,80,80,3907,18
16261,1945,170,170,5031,20
16262,1946,198,198,3528,16
16263,1947,31,31,4120,19
16264,1947,76,76,4165,19
16265,1947,123,123,4212,19
16266,1948,254,254,2109,10
16267,1949,150,150,4521,21
16268,1949,6,6,4643,22
16269,1950,97,97,3199,15
16270,1950,137,137,3239,15
16271,1950,153,153,3255,15
16272,1950,155,155,3257,15
16273,1950,48,48,4685,22
16274,1951,185,185,3044,14
16275,1951,22,22,3124,15
16276,1951,27,27,3129,15
16277,1952,254,254,2109,10
16278,1953,65,66,4154,19
16279,1953,75,75,4164,19
16280,1953,81,81,4170,19
16281,1953,86,86,4175,19
16282,1953,89,89,4178,19
16283,1953,98,98,4187,19
16284,1953,108,108,4197,19
16285,1953,122,122,4211,19
16286,1953,131,131,4220,19
16287,1953,133,133,4222,19
16288,1953,160,160,4249,19
16289,1953,194,195,4283,19
16290,1953,19,19,4880,20
16291,1953,36,36,4407,21
16292,1954,213,213,4302,19
16293,1954,250,250,4339,19
16294,1954,252,252,4341,19
16295,1955,237,237,1598,8
16296,1956,106,106,4967,20
16297,1957,151,151,3253,15
16298,1958,121,121,304,2
16299,1959,171,171,4542,21
16300,1960,132,133,4221,19
16301,1961,265,265,4636,21
16302,1962,249,249,4620,21
16303,1963,29,29,1157,7
16304,1963,33,34,1161,7
16305,1963,36,36,1164,7
16306,1963,53,54,1181,7
16307,1963,93,93,3920,18
16308,1964,29,29,1157,7
16309,1964,51,51,1179,7
16310,1964,53,54,1181,7
16311,1964,106,106,1467,8
16312,1964,122,122,1977,10
16313,1964,93,93,3920,18
16314,1965,155,155,3982,18
16315,1966,212,212,4301,19
16316,1967,238,238,1839,9
16317,1967,84,84,2452,12
16318,1967,187,187,2555,12
16319,1967,192,192,2560,12
16320,1967,191,191,2803,13
16321,1967,197,198,3527,16
16322,1967,168,168,3748,17
16323,1967,103,103,3930,18
16324,1967,125,125,4762,22
16325,1968,26,26,4397,21
16326,1969,116,116,4205,19
16327,1970,129,129,4218,19
16328,1970,133,134,4222,19
16329,1970,140,140,4229,19
16330,1970,143,143,4232,19
16331,1970,147,147,4236,19
16332,1970,149,149,4238,19
16333,1970,151,151,4240,19
16334,1970,153,153,4242,19
16335,1970,155,157,4244,19
16336,1970,165,167,4254,19
16337,1970,185,185,4274,19
16338,1970,223,223,4312,19
16339,1970,247,248,4336,19
16340,1970,250,250,4339,19
16341,1970,252,253,4341,19
16342,1970,157,157,5018,20
16343,1970,24,25,4395,21
16344,1970,27,27,4398,21
16345,1970,163,163,4800,22
16346,1971,81,81,4718,22
16347,1972,32,32,4121,19
16348,1972,60,60,4149,19
16349,1972,65,67,4154,19
16350,1972,69,69,4158,19
16351,1972,82,82,4171,19
16352,1972,98,99,4187,19
16353,1972,108,108,4197,19
16354,1972,147,147,4236,19
16355,1972,160,160,4249,19
16356,1972,163,163,4252,19
16357,1972,218,219,4307,19
16358,1972,44,44,4905,20
16359,1972,36,36,4407,21
16360,1973,242,242,3101,14
16361,1974,65,65,4154,19
16362,1974,15,15,4876,20
16363,1975,28,28,4117,19
16364,1975,31,34,4120,19
16365,1975,37,39,4126,19
16366,1975,43,43,4132,19
16367,1975,57,57,4146,19
16368,1975,59,59,4148,19
16369,1975,64,67,4153,19
16370,1975,75,75,4164,19
16371,1975,77,77,4166,19
16372,1975,82,83,4171,19
16373,1975,85,85,4174,19
16374,1975,98,100,4187,19
16375,1975,102,102,4191,19
16376,1975,106,106,4195,19
16377,1975,118,118,4207,19
16378,1975,125,126,4214,19
16379,1975,136,136,4225,19
16380,1975,143,143,4232,19
16381,1975,155,155,4244,19
16382,1975,159,159,4248,19
16383,1975,165,165,4254,19
16384,1975,167,167,4256,19
16385,1975,171,172,4260,19
16386,1975,174,175,4263,19
16387,1975,177,177,4266,19
16388,1975,179,180,4268,19
16389,1975,184,184,4273,19
16390,1975,197,198,4286,19
16391,1975,203,203,4292,19
16392,1975,206,212,4295,19
16393,1975,219,220,4308,19
16394,1975,222,223,4311,19
16395,1975,248,249,4337,19
16396,1975,253,253,4342,19
16397,1975,256,256,4345,19
16398,1975,13,16,4874,20
16399,1975,25,25,4396,21
16400,1975,33,33,4404,21
16401,1975,36,36,4407,21
16402,1976,65,66,4154,19
16403,1976,82,82,4171,19
16404,1977,107,107,4196,19
16405,1978,202,202,3061,14
16406,1978,141,141,3243,15
16407,1978,241,241,3571,16
16408,1978,69,69,3896,18
16409,1978,44,44,4905,20
16410,1979,76,76,4713,22
16411,1980,103,103,102,1
16412,1981,62,62,4151,19
16413,1981,171,171,4260,19
16414,1982,214,215,1575,8
16415,1982,218,218,1579,8
16416,1982,15,15,1616,9
16417,1982,25,25,1880,10
16418,1983,177,177,1778,9
16419,1984,127,127,3229,15
16420,1984,142,142,3244,15
16421,1984,184,184,3286,15
16422,1984,27,27,3355,16
16423,1984,128,128,3458,16
16424,1984,208,208,3788,17
16425,1984,162,162,3989,18
16426,1984,86,86,4175,19
16427,1985,228,228,3808,17
16428,1985,62,62,4151,19
16429,1985,64,64,4153,19
16430,1985,76,78,4165,19
16431,1985,84,84,4173,19
16432,1985,86,86,4175,19
16433,1985,95,95,4184,19
16434,1985,117,119,4206,19
16435,1985,145,145,4234,19
16436,1985,157,157,4246,19
16437,1985,19,19,4880,20
16438,1985,21,21,4882,20
16439,1986,64,64,4153,19
16440,1987,80,80,4451,21
16441,1988,55,55,945,6
16442,1989,200,200,2812,13
16443,1990,37,37,4674,22
16444,1991,38,38,1399,8
16445,1992,125,125,308,2
16446,1993,102,102,992,6
16447,1994,26,26,3606,17
16448,1995,35,35,1163,7
16449,1995,48,48,1176,7
16450,1995,237,237,1838,9
16451,1996,144,144,1999,10
16452,1997,110,110,758,5
16453,1997,150,153,1751,9
16454,1997,253,253,1854,9
16455,1997,110,110,1965,10
16456,1997,217,217,2585,12
16457,1998,152,152,1753,9
16458,1998,253,253,1854,9
16459,1999,78,78,4449,21
16460,1999,100,100,4471,21
16461,1999,103,105,4474,21
16462,1999,111,111,4482,21
16463,1999,125,125,4496,21
16464,1999,127,128,4498,21
16465,1999,133,133,4504,21
16466,1999,135,135,4506,21
16467,1999,137,137,4508,21
16468,1999,145,145,4516,21
16469,1999,147,147,4518,21
16470,2000,253,253,1854,9
16471,2001,102,102,2714,13
16472,2001,45,46,3872,18
16473,2002,114,114,3694,17
16474,2002,45,46,3872,18
16475,2003,188,188,2800,13
16476,2003,45,46,3872,18
16477,2003,206,206,4033,18
16478,2004,83,83,2695,13
16479,2005,123,123,1978,10
16480,2005,165,165,2277,11
16481,2006,179,179,178,1
16482,2007,80,80,4451,21
16483,2008,104,104,1232,7
16484,2009,69,70,3649,17
16485,2009,77,77,3657,17
16486,2009,84,85,3664,17
16487,2009,98,99,3678,17
16488,2009,107,108,3687,17
16489,2009,112,113,3692,17
16490,2009,118,118,3698,17
16491,2009,124,125,3704,17
16492,2009,132,132,3712,17
16493,2009,134,135,3714,17
16494,2009,141,141,3721,17
16495,2009,144,148,3724,17
16496,2009,155,159,3735,17
16497,2009,169,169,3749,17
16498,2009,180,181,3760,17
16499,2009,210,210,3790,17
16500,2009,12,12,3839,18
16501,2009,61,61,4432,21
16502,2010,104,104,1232,7
16503,2011,15,15,14,1
16504,2011,18,19,17,1
16505,2011,33,34,32,1
16506,2011,53,53,52,1
16507,2011,8,12,656,5
16508,2011,42,42,690,5
16509,2011,61,61,709,5
16510,2011,97,97,745,5
16511,2011,120,134,768,5
16512,2011,147,147,795,5
16513,2011,165,165,813,5
16514,2011,40,40,930,6
16515,2011,19,19,1147,7
16516,2011,47,47,1175,7
16517,2011,55,55,1183,7
16518,2011,134,134,1262,7
16519,2011,177,177,1305,7
16520,2011,198,198,1326,7
16521,2011,207,210,1808,9
16522,2011,218,218,1819,9
16523,2011,227,228,1828,9
16524,2011,230,230,1831,9
16525,2011,240,240,1841,9
16526,2011,11,11,1866,10
16527,2011,171,171,2026,10
16528,2011,231,231,2086,10
16529,2011,60,60,3390,16
16530,2011,223,224,3553,16
16531,2011,43,46,3623,17
16532,2011,54,57,3634,17
16533,2011,107,107,3687,17
16534,2011,119,120,3699,17
16535,2011,184,185,3764,17
16536,2011,193,196,3773,17
16537,2011,218,218,3798,17
16538,2011,74,74,3901,18
16539,2011,112,112,3939,18
16540,2011,150,150,3977,18
16541,2011,108,108,4969,20
16542,2012,55,55,1183,7
16543,2013,8,10,656,5
16544,2013,122,123,770,5
16545,2013,125,125,773,5
16546,2013,19,19,1147,7
16547,2013,209,210,1810,9
16548,2013,230,230,1831,9
16549,2013,176,176,2288,11
16550,2013,223,223,3553,16
16551,2013,44,46,3624,17
16552,2013,54,57,3634,17
16553,2013,120,120,3700,17
16554,2013,185,185,3765,17
16555,2013,195,196,3775,17
16556,2013,218,218,3798,17
16557,2013,150,150,3977,18
16558,2014,55,55,1183,7
16559,2014,108,108,1236,7
16560,2014,177,177,1305,7
16561,2015,78,78,4449,21
16562,2016,4,4,3106,15
16563,2017,217,217,4588,21
16564,2018,74,74,4935,20
16565,2018,104,106,4965,20
16566,2018,108,108,4969,20
16567,2018,122,122,4983,20
16568,2018,159,159,5020,20
16569,2018,59,59,4430,21
16570,2019,22,22,3350,16
16571,2020,93,99,2705,13
16572,2020,198,198,2810,13
16573,2021,119,119,4980,20
16574,2022,82,82,3412,16
16575,2023,99,99,4736,22
16576,2023,101,101,4738,22
16577,2024,151,151,4788,22
16578,2025,101,101,4738,22
16579,2026,165,168,2777,13
16580,2026,191,192,2803,13
16581,2026,201,201,2813,13
16582,2026,225,225,2837,13
16583,2026,92,92,2951,14
16584,2026,113,113,2972,14
16585,2026,115,115,2974,14
16586,2026,29,30,3609,17
16587,2026,32,32,3859,18
16588,2027,167,167,4256,19
16589,2028,60,60,4149,19
16590,2028,63,63,4152,19
16591,2029,106,106,1234,7
16592,2030,78,78,4449,21
16593,2031,207,207,4578,21
16594,2032,12,12,3839,18
16595,2033,92,93,982,6
16596,2033,96,96,986,6
16597,2033,98,98,988,6
16598,2033,100,101,990,6
16599,2033,211,211,1101,6
16600,2033,214,215,1104,6
16601,2033,217,220,1107,6
16602,2033,225,225,1115,6
16603,2033,228,228,1118,6
16604,2033,232,232,1122,6
16605,2033,151,151,1279,7
16606,2033,153,153,1281,7
16607,2033,162,162,1290,7
16608,2033,211,211,1339,7
16609,2033,220,220,1348,7
16610,2033,7,7,1862,10
16611,2033,14,14,1869,10
16612,2033,19,19,1874,10
16613,2033,16,16,2128,11
16614,2033,40,40,2152,11
16615,2033,68,68,2180,11
16616,2033,99,99,2211,11
16617,2033,102,102,2214,11
16618,2033,111,111,2223,11
16619,2033,114,114,2226,11
16620,2033,127,127,2239,11
16621,2033,23,23,2391,12
16622,2033,50,50,2418,12
16623,2033,194,194,2562,12
16624,2033,32,32,2644,13
16625,2033,192,192,2804,13
16626,2033,234,235,2846,13
16627,2033,122,122,2981,14
16628,2033,162,162,3021,14
16629,2033,8,9,3336,16
16630,2033,48,48,3378,16
16631,2033,133,134,3463,16
16632,2033,139,139,3469,16
16633,2033,41,41,3621,17
16634,2033,153,153,3733,17
16635,2033,197,197,3777,17
16636,2033,12,12,3839,18
16637,2033,76,77,3903,18
16638,2033,27,27,4398,21
16639,2034,40,40,2152,11
16640,2034,111,111,2223,11
16641,2034,153,153,3733,17
16642,2034,12,12,3839,18
16643,2035,114,114,2226,11
16644,2036,214,214,1104,6
16645,2036,220,220,1110,6
16646,2036,151,151,1279,7
16647,2036,7,7,1862,10
16648,2036,14,14,1869,10
16649,2036,19,19,1874,10
16650,2036,36,36,1891,10
16651,2036,46,46,1901,10
16652,2036,62,62,1917,10
16653,2036,69,69,1924,10
16654,2036,96,96,1951,10
16655,2036,110,110,1965,10
16656,2036,177,177,2032,10
16657,2036,184,184,2039,10
16658,2036,246,246,2101,10
16659,2036,16,16,2128,11
16660,2036,68,68,2180,11
16661,2036,99,99,2211,11
16662,2036,114,114,2226,11
16663,2036,15,15,2383,12
16664,2036,22,23,2390,12
16665,2036,26,26,2394,12
16666,2036,35,35,2403,12
16667,2036,37,37,2405,12
16668,2036,62,62,2430,12
16669,2036,162,162,2530,12
16670,2036,185,185,2553,12
16671,2036,206,206,2574,12
16672,2036,75,75,2687,13
16673,2036,193,193,2805,13
16674,2036,80,80,2939,14
16675,2036,129,129,2988,14
16676,2036,7,7,3335,16
16677,2036,134,134,3464,16
16678,2036,177,177,3507,16
16679,2036,12,12,3839,18
16680,2036,77,77,3904,18
16681,2036,103,103,3930,18
16682,2037,48,48,3150,15
16683,2037,182,182,3284,15
16684,2037,187,187,3289,15
16685,2037,19,19,3347,16
16686,2037,23,23,3351,16
16687,2037,34,34,3364,16
16688,2037,36,36,3366,16
16689,2037,225,225,3555,16
16690,2037,30,30,3610,17
16691,2037,81,81,3908,18
16692,2037,96,96,4185,19
16693,2037,76,76,4447,21
16694,2037,79,79,4450,21
16695,2037,81,81,4452,21
16696,2037,83,83,4454,21
16697,2037,89,89,4460,21
16698,2037,91,93,4462,21
16699,2037,99,100,4470,21
16700,2037,103,104,4474,21
16701,2037,106,106,4477,21
16702,2037,111,112,4482,21
16703,2037,114,114,4485,21
16704,2037,116,116,4487,21
16705,2037,120,120,4491,21
16706,2037,145,145,4516,21
16707,2037,148,151,4519,21
16708,2037,154,154,4525,21
16709,2037,156,156,4527,21
16710,2037,160,160,4531,21
16711,2037,162,162,4533,21
16712,2037,164,164,4535,21
16713,2037,166,170,4537,21
16714,2037,173,173,4544,21
16715,2037,175,175,4546,21
16716,2037,180,187,4551,21
16717,2037,189,191,4560,21
16718,2037,197,197,4568,21
16719,2037,200,201,4571,21
16720,2037,232,233,4603,21
16721,2037,241,241,4612,21
16722,2037,6,8,4643,22
16723,2037,10,19,4647,22
16724,2037,21,21,4658,22
16725,2037,23,23,4660,22
16726,2037,26,26,4663,22
16727,2037,28,32,4665,22
16728,2037,34,36,4671,22
16729,2037,38,44,4675,22
16730,2037,47,48,4684,22
16731,2037,57,58,4694,22
16732,2037,66,67,4703,22
16733,2037,69,75,4706,22
16734,2037,77,79,4714,22
16735,2037,105,107,4742,22
16736,2037,116,116,4753,22
16737,2037,177,177,4814,22
16738,2037,181,181,4818,22
16739,2038,76,76,4447,21
16740,2038,83,84,4454,21
16741,2038,88,92,4459,21
16742,2038,96,96,4467,21
16743,2038,100,100,4471,21
16744,2038,105,106,4476,21
16745,2038,108,111,4479,21
16746,2038,114,116,4485,21
16747,2038,120,120,4491,21
16748,2038,123,123,4494,21
16749,2038,125,126,4496,21
16750,2038,137,137,4508,21
16751,2038,145,145,4516,21
16752,2038,147,147,4518,21
16753,2038,149,149,4520,21
16754,2038,154,154,4525,21
16755,2038,156,156,4527,21
16756,2038,158,158,4529,21
16757,2038,160,160,4531,21
16758,2038,162,162,4533,21
16759,2038,188,191,4559,21
16760,2038,197,198,4568,21
16761,2038,200,200,4571,21
16762,2038,202,202,4573,21
16763,2038,204,204,4575,21
16764,2038,206,206,4577,21
16765,2038,208,208,4579,21
16766,2038,221,221,4592,21
16767,2038,223,223,4594,21
16768,2038,229,229,4600,21
16769,2038,232,234,4603,21
16770,2038,5,5,4642,22
16771,2038,8,13,4645,22
16772,2038,15,15,4652,22
16773,2038,39,39,4676,22
16774,2038,41,45,4678,22
16775,2038,47,47,4684,22
16776,2038,49,52,4686,22
16777,2038,56,59,4693,22
16778,2038,66,66,4703,22
16779,2038,71,71,4708,22
16780,2038,73,79,4710,22
16781,2038,96,96,4733,22
16782,2038,105,107,4742,22
16783,2038,109,109,4746,22
16784,2038,112,112,4749,22
16785,2038,127,127,4764,22
16786,2038,129,130,4766,22
16787,2038,177,177,4814,22
16788,2039,177,177,4814,22
16789,2040,140,140,2508,12
16790,2041,49,49,2908,14
16791,2042,5,5,1366,8
16792,2042,56,56,1417,8
16793,2042,226,226,1587,8
16794,2042,226,226,2081,10
16795,2042,234,234,2846,13
16796,2042,33,33,3613,17
16797,2043,226,226,1587,8
16798,2044,79,79,511,4
16799,2044,83,83,515,4
16800,2044,89,89,521,4
16801,2045,124,124,3951,18
16802,2046,125,126,308,2
16803,2046,71,75,503,4
16804,2046,81,81,729,5
16805,2047,160,161,1288,7
16806,2047,193,193,1321,7
16807,2047,82,82,1443,8
16808,2047,96,96,1951,10
16809,2047,127,127,1982,10
16810,2047,115,115,2727,13
16811,2047,232,232,2844,13
16812,2048,16,18,393,3
16813,2048,99,99,747,5
16814,2049,87,87,4948,20
16815,2050,215,215,4586,21
16816,2051,9,9,1864,10
16817,2051,11,11,1866,10
16818,2051,14,15,1869,10
16819,2051,19,19,1874,10
16820,2051,23,23,1878,10
16821,2051,42,42,1897,10
16822,2051,44,44,1899,10
16823,2051,46,46,1901,10
16824,2051,62,62,1917,10
16825,2051,110,110,1965,10
16826,2051,164,164,2019,10
16827,2051,171,171,2026,10
16828,2051,177,177,2032,10
16829,2051,184,184,2039,10
16830,2051,125,125,2237,11
16831,2051,142,142,2254,11
16832,2051,75,75,2687,13
16833,2051,237,237,2849,13
16834,2051,77,77,3904,18
16835,2051,204,204,4031,18
16836,2052,257,257,4628,21
16837,2053,78,78,4449,21
16838,2054,80,80,4451,21
16839,2055,137,137,1738,9
16840,2055,47,47,2906,14
16841,2056,68,68,4439,21
16842,2057,143,143,3723,17
16843,2058,117,117,4978,20
16844,2059,104,104,1232,7
16845,2060,78,78,1679,9
16846,2061,227,227,3557,16
16847,2062,50,50,1178,7
16848,2063,34,34,1162,7
16849,2063,40,40,1168,7
16850,2063,44,45,1172,7
16851,2063,50,50,1178,7
16852,2063,76,76,1204,7
16853,2064,44,45,1172,7
16854,2064,50,50,1178,7
16855,2065,70,71,2438,12
16856,2066,40,40,1168,7
16857,2066,44,44,1172,7
16858,2066,46,46,1174,7
16859,2066,50,50,1178,7
16860,2066,93,93,3920,18
16861,2066,62,62,4433,21
16862,2067,34,34,1162,7
16863,2067,44,45,1172,7
16864,2067,50,50,1178,7
16865,2067,108,109,1236,7
16866,2067,94,94,1695,9
16867,2068,50,50,1178,7
16868,2069,78,78,4449,21
16869,2069,167,167,4538,21
16870,2069,171,171,4542,21
16871,2069,190,190,4561,21
16872,2069,40,40,4677,22
16873,2069,109,109,4746,22
16874,2070,183,183,366,2
16875,2070,186,186,369,2
16876,2070,1,1,378,3
16877,2070,4,5,381,3
16878,2070,8,9,385,3
16879,2070,11,14,388,3
16880,2070,16,20,393,3
16881,2070,22,23,399,3
16882,2070,25,25,402,3
16883,2070,28,33,405,3
16884,2070,35,35,412,3
16885,2070,37,38,414,3
16886,2070,41,41,418,3
16887,2070,43,43,420,3
16888,2070,45,46,422,3
16889,2070,49,50,426,3
16890,2070,6,6,438,4
16891,2070,8,9,440,4
16892,2070,19,19,451,4
16893,2070,23,24,455,4
16894,2070,27,27,459,4
16895,2070,29,29,461,4
16896,2070,36,37,468,4
16897,2070,40,40,472,4
16898,2070,59,59,491,4
16899,2070,64,64,496,4
16900,2070,69,69,501,4
16901,2070,81,82,513,4
16902,2070,84,84,516,4
16903,2070,88,88,520,4
16904,2070,95,95,527,4
16905,2070,110,110,542,4
16906,2070,137,137,569,4
16907,2070,139,139,571,4
16908,2070,54,54,702,5
16909,2070,134,134,1495,8
16910,2071,20,20,397,3
16911,2072,20,20,397,3
16912,2072,33,33,410,3
16913,2073,150,150,582,4
16914,2073,26,26,674,5
16915,2073,158,158,806,5
16916,2073,163,163,811,5
16917,2073,168,170,816,5
16918,2073,174,174,822,5
16919,2073,179,179,827,5
16920,2074,155,155,4526,21
16921,2075,47,47,230,2
16922,2076,49,49,2908,14
16923,2076,281,281,4370,19
16924,2077,7,7,3834,18
16925,2077,9,9,3836,18
16926,2077,11,11,3838,18
16927,2078,138,138,570,4
16928,2078,74,74,722,5
16929,2079,130,130,4219,19
16930,2079,147,147,4236,19
16931,2079,153,153,4242,19
16932,2079,165,165,4254,19
16933,2079,214,214,4303,19
16934,2079,250,250,4339,19
16935,2080,186,186,369,2
16936,2081,184,184,367,2
16937,2081,15,15,3595,17
16938,2082,110,111,293,2
16939,2082,114,115,297,2
16940,2082,119,119,302,2
16941,2082,123,123,306,2
16942,2082,127,129,310,2
16943,2082,146,154,329,2
16944,2082,156,156,339,2
16945,2082,158,158,341,2
16946,2082,163,163,346,2
16947,2082,165,165,348,2
16948,2082,168,168,351,2
16949,2082,170,170,353,2
16950,2082,177,179,360,2
16951,2082,181,184,364,2
16952,2082,189,191,372,2
16953,2082,1,2,378,3
16954,2082,4,5,381,3
16955,2082,8,8,385,3
16956,2082,12,15,389,3
16957,2082,32,32,409,3
16958,2082,35,35,412,3
16959,2082,75,75,507,4
16960,2082,169,169,601,4
16961,2082,45,45,693,5
16962,2082,47,47,695,5
16963,2082,66,66,714,5
16964,2082,74,74,722,5
16965,2082,146,146,1274,7
16966,2082,32,32,1633,9
16967,2082,19,20,1874,10
16968,2082,15,15,3595,17
16969,2083,14,14,1869,10
16970,2083,23,24,1878,10
16971,2083,49,49,1904,10
16972,2083,129,129,1984,10
16973,2083,255,255,2110,10
16974,2083,215,215,3795,17
16975,2083,281,281,4370,19
16976,2084,141,141,140,1
16977,2084,62,62,245,2
16978,2084,126,126,309,2
16979,2084,155,155,338,2
16980,2084,166,166,349,2
16981,2084,184,184,1312,7
16982,2085,88,88,87,1
16983,2085,96,96,95,1
16984,2085,126,126,125,1
16985,2085,138,138,137,1
16986,2085,141,141,140,1
16987,2085,143,143,142,1
16988,2085,78,78,261,2
16989,2085,90,90,273,2
16990,2085,92,92,275,2
16991,2085,166,166,349,2
16992,2085,191,191,374,2
16993,2085,4,4,381,3
16994,2085,5,5,437,4
16995,2085,168,168,600,4
16996,2085,212,212,1340,7
16997,2085,150,150,1751,9
16998,2086,62,62,245,2
16999,2087,88,89,1216,7
17000,2087,91,93,1219,7
17001,2088,89,89,1217,7
17002,2089,140,140,1501,8
17003,2090,59,59,242,2
17004,2090,106,106,289,2
17005,2091,82,82,2941,14
17006,2092,78,78,4449,21
17007,2093,143,143,3723,17
17008,2094,71,71,4932,20
17009,2094,155,155,4526,21
17010,2095,124,124,1979,10
17011,2096,196,196,2051,10
17012,2096,239,239,2094,10
17013,2096,254,254,2109,10
17014,2096,17,17,2129,11
17015,2096,35,38,2147,11
17016,2096,42,42,2154,11
17017,2096,67,67,2179,11
17018,2096,73,73,2185,11
17019,2096,91,91,2203,11
17020,2096,102,102,2214,11
17021,2096,108,108,2220,11
17022,2096,111,111,2223,11
17023,2096,118,119,2230,11
17024,2096,136,137,2248,11
17025,2096,171,171,2283,11
17026,2096,178,178,2290,11
17027,2096,190,191,2302,11
17028,2096,195,195,2307,11
17029,2096,202,202,2314,11
17030,2096,213,214,2325,11
17031,2096,216,216,2328,11
17032,2096,255,255,2367,11
17033,2096,6,7,2374,12
17034,2096,14,14,2382,12
17035,2096,34,35,2402,12
17036,2096,37,37,2405,12
17037,2096,48,48,2416,12
17038,2096,51,51,2419,12
17039,2096,65,65,2433,12
17040,2096,67,67,2435,12
17041,2096,75,75,2443,12
17042,2096,79,79,2447,12
17043,2096,86,86,2454,12
17044,2096,97,97,2465,12
17045,2096,119,119,2487,12
17046,2096,128,128,2496,12
17047,2096,135,135,2503,12
17048,2096,159,160,2527,12
17049,2096,164,165,2532,12
17050,2096,167,167,2535,12
17051,2096,169,169,2537,12
17052,2096,185,186,2553,12
17053,2096,199,199,2567,12
17054,2096,203,203,2571,12
17055,2096,205,205,2573,12
17056,2096,229,229,2597,12
17057,2096,234,234,2602,12
17058,2096,13,13,2625,13
17059,2096,39,39,2651,13
17060,2096,43,43,2655,13
17061,2096,104,105,2716,13
17062,2096,169,169,2781,13
17063,2096,195,195,2807,13
17064,2096,207,207,2819,13
17065,2096,224,224,2836,13
17066,2096,15,15,2874,14
17067,2096,37,37,2896,14
17068,2096,40,40,2899,14
17069,2096,56,56,2915,14
17070,2096,67,67,2926,14
17071,2096,95,95,2954,14
17072,2096,25,25,3353,16
17073,2096,54,54,3384,16
17074,2096,114,114,3444,16
17075,2096,149,150,3479,16
17076,2096,228,228,3558,16
17077,2096,231,231,3561,16
17078,2096,242,243,3572,16
17079,2096,13,13,3593,17
17080,2096,18,18,3598,17
17081,2096,34,34,3614,17
17082,2096,206,207,3786,17
17083,2096,30,30,3857,18
17084,2096,122,122,3949,18
17085,2096,144,144,3971,18
17086,2096,197,197,4024,18
17087,2096,208,208,4035,18
17088,2096,210,210,4037,18
17089,2096,212,212,4039,18
17090,2096,219,219,4046,18
17091,2096,231,231,4058,18
17092,2096,245,245,4072,18
17093,2096,10,11,4099,19
17094,2096,75,76,4936,20
17095,2096,86,86,4947,20
17096,2096,118,118,4979,20
17097,2096,120,120,4981,20
17098,2096,158,158,5019,20
17099,2096,164,164,5025,20
17100,2096,60,60,4431,21
17101,2096,65,67,4436,21
17102,2096,146,148,4783,22
17103,2097,191,191,2303,11
17104,2097,104,104,2963,14
17105,2097,206,206,3786,17
17106,2097,30,30,3857,18
17107,2097,210,210,4037,18
17108,2097,219,219,4046,18
17109,2098,157,157,340,2
17110,2098,55,55,2914,14
17111,2098,75,75,3405,16
17112,2099,132,132,315,2
17113,2100,67,67,4156,19
17114,2100,107,107,4196,19
17115,2100,159,159,4248,19
17116,2100,171,171,4260,19
17117,2100,179,179,4268,19
17118,2100,197,198,4286,19
17119,2100,201,201,4290,19
17120,2100,203,203,4292,19
17121,2100,208,208,4297,19
17122,2100,210,210,4299,19
17123,2100,212,212,4301,19
17124,2100,214,215,4303,19
17125,2100,217,217,4306,19
17126,2100,254,256,4343,19
17127,2100,269,269,4358,19
17128,2100,6,6,4867,20
17129,2100,93,93,4464,21
17130,2101,269,269,4358,19
17131,2102,218,218,4307,19
17132,2103,269,269,4358,19
17133,2104,32,32,31,1
17134,2104,145,145,144,1
17135,2104,25,25,402,3
17136,2105,155,155,2523,12
17137,2106,184,184,367,2
17138,2106,188,188,371,2
17139,2106,1,1,378,3
17140,2106,4,4,381,3
17141,2106,119,119,551,4
17142,2107,1,1,378,3
17143,2107,4,4,381,3
17144,2107,67,67,499,4
17145,2108,1,1,378,3
17146,2108,4,4,381,3
17147,2108,89,89,521,4
17148,2109,78,78,4449,21
17149,2110,94,94,93,1
17150,2111,153,153,152,1
17151,2112,56,58,239,2
17152,2112,97,97,529,4
17153,2112,7,7,655,5
17154,2112,10,10,658,5
17155,2112,17,17,665,5
17156,2112,124,124,772,5
17157,2112,126,126,774,5
17158,2112,155,163,1045,6
17159,2112,165,165,1055,6
17160,2112,175,175,1065,6
17161,2112,179,180,1069,6
17162,2112,9,9,1137,7
17163,2112,137,137,2749,13
17164,2112,141,141,2753,13
17165,2112,153,153,2765,13
17166,2112,156,156,2768,13
17167,2112,27,27,4116,19
17168,2112,30,30,4119,19
17169,2112,36,36,4125,19
17170,2112,50,50,4139,19
17171,2112,53,53,4142,19
17172,2112,58,58,4147,19
17173,2112,63,63,4152,19
17174,2112,75,75,4164,19
17175,2112,81,81,4170,19
17176,2112,85,85,4174,19
17177,2112,100,100,4189,19
17178,2112,125,127,4214,19
17179,2112,153,153,4242,19
17180,2112,181,183,4270,19
17181,2112,193,193,4282,19
17182,2112,204,204,4293,19
17183,2112,224,224,4313,19
17184,2112,230,230,4319,19
17185,2112,232,233,4321,19
17186,2112,239,239,4328,19
17187,2112,244,245,4333,19
17188,2112,247,247,4336,19
17189,2112,8,8,4869,20
17190,2112,39,39,4900,20
17191,2112,42,42,4903,20
17192,2112,44,44,4905,20
17193,2112,73,73,4934,20
17194,2112,105,105,4966,20
17195,2112,128,128,4499,21
17196,2112,101,101,4738,22
17197,2113,178,178,826,5
17198,2114,122,122,121,1
17199,2115,185,185,2040,10
17200,2115,116,116,3446,16
17201,2116,28,28,676,5
17202,2116,227,227,875,5
17203,2116,76,76,3406,16
17204,2116,107,107,4196,19
17205,2116,115,117,4204,19
17206,2116,128,128,4217,19
17207,2116,136,137,4225,19
17208,2116,149,149,4238,19
17209,2116,156,156,4245,19
17210,2116,163,164,4252,19
17211,2116,214,214,4303,19
17212,2116,256,256,4627,21
17213,2117,186,186,618,4
17214,2117,203,206,3062,14
17215,2117,8,8,3110,15
17216,2117,196,196,3298,15
17217,2117,198,198,3300,15
17218,2117,44,44,3374,16
17219,2117,36,36,4125,19
17220,2117,43,43,4904,20
17221,2117,226,226,4597,21
17222,2118,145,145,3725,17
17223,2119,151,151,3731,17
17224,2120,59,59,2918,14
17225,2120,62,62,2921,14
17226,2121,59,59,2918,14
17227,2122,56,56,946,6
17228,2122,96,96,986,6
17229,2123,177,177,2289,11
17230,2123,12,12,2380,12
17231,2123,80,82,2692,13
17232,2123,84,84,2696,13
17233,2123,104,104,2716,13
17234,2123,45,45,3375,16
17235,2123,196,196,3526,16
17236,2123,202,202,3532,16
17237,2123,160,160,3740,17
17238,2123,205,205,3785,17
17239,2123,214,214,3794,17
17240,2123,54,54,3881,18
17241,2123,78,78,3905,18
17242,2123,102,102,4191,19
17243,2123,33,33,4404,21
17244,2123,49,49,4420,21
17245,2123,57,57,4428,21
17246,2123,68,68,4439,21
17247,2124,177,178,4004,18
17248,2125,104,106,1959,10
17249,2125,116,116,1971,10
17250,2125,207,207,3309,15
17251,2125,144,144,4233,19
17252,2126,78,78,4449,21
17253,2127,78,78,4449,21
17254,2128,117,117,3219,15
17255,2129,96,96,744,5
17256,2129,206,206,1567,8
17257,2129,209,209,1570,8
17258,2129,211,211,1572,8
17259,2129,204,204,2816,13
17260,2129,209,209,2821,13
17261,2129,171,171,3030,14
17262,2130,106,106,4967,20
17263,2130,110,110,4971,20
17264,2131,41,43,4902,20
17265,2131,218,218,4855,22
17266,2132,244,244,2356,11
17267,2133,207,207,3309,15
17268,2134,253,253,1854,9
17269,2135,90,91,4461,21
17270,2135,100,100,4471,21
17271,2135,102,103,4473,21
17272,2135,108,109,4479,21
17273,2135,112,112,4483,21
17274,2135,116,117,4487,21
17275,2135,120,120,4491,21
17276,2135,126,129,4497,21
17277,2135,132,133,4503,21
17278,2135,135,135,4506,21
17279,2135,137,137,4508,21
17280,2135,139,139,4510,21
17281,2135,145,145,4516,21
17282,2135,154,154,4525,21
17283,2135,156,156,4527,21
17284,2135,158,158,4529,21
17285,2135,160,160,4531,21
17286,2135,162,162,4533,21
17287,2135,164,164,4535,21
17288,2135,167,170,4538,21
17289,2135,173,173,4544,21
17290,2135,175,175,4546,21
17291,2135,180,180,4551,21
17292,2135,183,185,4554,21
17293,2135,187,187,4558,21
17294,2135,189,191,4560,21
17295,2135,197,198,4568,21
17296,2135,200,200,4571,21
17297,2135,232,232,4603,21
17298,2135,234,235,4605,21
17299,2135,241,242,4612,21
17300,2135,8,14,4645,22
17301,2135,17,17,4654,22
17302,2135,19,19,4656,22
17303,2135,21,22,4658,22
17304,2135,24,24,4661,22
17305,2135,26,26,4663,22
17306,2135,29,29,4666,22
17307,2135,31,32,4668,22
17308,2135,34,35,4671,22
17309,2135,37,45,4674,22
17310,2135,47,47,4684,22
17311,2135,57,57,4694,22
17312,2135,59,60,4696,22
17313,2135,66,68,4703,22
17314,2135,71,71,4708,22
17315,2135,73,73,4710,22
17316,2135,76,76,4713,22
17317,2135,79,79,4716,22
17318,2135,102,104,4739,22
17319,2135,109,109,4746,22
17320,2135,175,177,4812,22
17321,2136,240,240,2095,10
17322,2137,128,128,2740,13
17323,2138,18,18,1873,10
17324,2139,104,104,1232,7
17325,2140,20,20,1381,8
17326,2140,27,27,1388,8
17327,2140,30,30,1391,8
17328,2140,99,99,2211,11
17329,2140,22,22,3350,16
17330,2140,38,38,3368,16
17331,2140,196,196,3526,16
17332,2140,150,150,3977,18
17333,2140,169,169,3996,18
17334,2141,9,9,3836,18
17335,2142,242,242,3101,14
17336,2143,253,253,1854,9
17337,2144,253,253,4080,18
17338,2145,229,229,2084,10
17339,2145,203,203,3533,16
17340,2145,162,162,3989,18
17341,2145,253,253,4080,18
17342,2146,148,148,147,1
17343,2147,148,148,3975,18
17344,2148,78,78,4449,21
17345,2149,104,104,103,1
17346,2149,117,117,300,2
17347,2150,86,86,4723,22
17348,2150,89,91,4726,22
17349,2150,124,124,4761,22
17350,2151,180,180,1308,7
17351,2152,11,11,3113,15
17352,2152,120,120,3222,15
17353,2153,77,77,509,4
17354,2153,128,128,560,4
17355,2154,106,106,538,4
17356,2154,118,118,550,4
17357,2155,33,34,4122,19
17358,2155,82,82,4171,19
17359,2155,85,85,4174,19
17360,2155,98,98,4187,19
17361,2155,137,137,4226,19
17362,2156,63,63,62,1
17363,2156,46,46,229,2
17364,2156,103,103,286,2
17365,2156,191,191,839,5
17366,2156,68,68,1196,7
17367,2156,204,204,3534,16
17368,2156,59,59,3886,18
17369,2156,202,202,4839,22
17370,2157,47,47,2906,14
17371,2157,281,281,4370,19
17372,2158,105,105,104,1
17373,2158,143,143,142,1
17374,2158,146,146,145,1
17375,2158,152,152,151,1
17376,2158,163,163,162,1
17377,2159,38,38,4675,22
17378,2160,244,244,3824,17
17379,2160,53,53,4914,20
17380,2160,56,56,4917,20
17381,2160,65,66,4926,20
17382,2160,70,74,4931,20
17383,2160,78,78,4939,20
17384,2160,84,85,4945,20
17385,2160,92,97,4953,20
17386,2160,99,99,4960,20
17387,2160,101,101,4962,20
17388,2160,104,104,4965,20
17389,2160,107,107,4968,20
17390,2160,112,112,4973,20
17391,2160,115,115,4976,20
17392,2160,117,121,4978,20
17393,2160,123,123,4984,20
17394,2160,140,141,5001,20
17395,2160,144,144,5005,20
17396,2160,146,146,5007,20
17397,2160,149,149,5010,20
17398,2160,152,152,5013,20
17399,2160,26,26,4397,21
17400,2160,59,59,4430,21
17401,2160,121,121,4492,21
17402,2160,231,231,4602,21
17403,2160,146,146,4783,22
17404,2160,149,150,4786,22
17405,2161,71,72,4932,20
17406,2161,92,92,4953,20
17407,2161,94,94,4955,20
17408,2161,110,110,4971,20
17409,2162,84,84,3414,16
17410,2163,189,189,4560,21
17411,2163,38,38,4675,22
17412,2164,88,89,271,2
17413,2164,8,9,656,5
17414,2165,104,104,1232,7
17415,2166,25,25,1153,7
17416,2167,22,22,912,6
17417,2167,46,47,936,6
17418,2167,206,207,1096,6
17419,2167,217,217,1107,6
17420,2167,161,161,5022,20
17421,2168,98,98,281,2
17422,2168,101,101,284,2
17423,2168,103,103,286,2
17424,2168,106,106,289,2
17425,2168,5,5,382,3
17426,2168,7,7,384,3
17427,2168,20,21,452,4
17428,2168,27,27,459,4
17429,2168,33,34,465,4
17430,2168,36,36,468,4
17431,2168,38,38,470,4
17432,2168,45,45,477,4
17433,2168,47,47,479,4
17434,2168,52,53,484,4
17435,2168,59,59,491,4
17436,2168,81,81,513,4
17437,2168,110,110,542,4
17438,2168,15,15,663,5
17439,2168,44,46,692,5
17440,2168,201,201,849,5
17441,2168,222,222,870,5
17442,2168,232,232,880,5
17443,2168,168,169,1296,7
17444,2168,58,58,1659,9
17445,2168,60,61,1661,9
17446,2168,90,90,2202,11
17447,2168,230,230,3560,16
17448,2169,244,244,2356,11
17449,2170,118,118,1246,7
17450,2170,121,121,1249,7
17451,2170,125,125,1253,7
17452,2171,39,39,3369,16
17453,2171,211,211,3791,17
17454,2172,137,137,3467,16
17455,2173,228,228,4599,21
17456,2174,72,72,3899,18
17457,2174,38,38,4409,21
17458,2175,163,163,3022,14
17459,2175,185,185,3044,14
17460,2175,199,199,3058,14
17461,2175,202,202,3061,14
17462,2175,6,6,3108,15
17463,2175,57,57,3159,15
17464,2175,87,87,3189,15
17465,2175,133,133,3235,15
17466,2175,135,135,3237,15
17467,2175,162,162,3264,15
17468,2175,198,198,3300,15
17469,2175,200,200,3302,15
17470,2175,216,216,3318,15
17471,2175,17,17,3345,16
17472,2175,20,21,3348,16
17473,2175,34,34,3364,16
17474,2175,57,57,3387,16
17475,2175,67,67,3397,16
17476,2175,217,217,3547,16
17477,2175,241,241,3571,16
17478,2175,118,118,3698,17
17479,2175,67,67,3894,18
17480,2175,261,261,4088,18
17481,2176,180,180,5041,20
17482,2176,197,197,4834,22
17483,2177,51,51,4140,19
17484,2178,25,25,24,1
17485,2178,150,150,149,1
17486,2178,82,82,265,2
17487,2178,145,145,3004,14
17488,2179,242,242,3822,17
17489,2180,79,79,78,1
17490,2180,32,32,1633,9
17491,2180,142,142,3001,14
17492,2180,144,145,3003,14
17493,2181,30,30,29,1
17494,2182,148,148,3975,18
17495,2183,15,15,3595,17
17496,2184,231,231,2843,13
17497,2185,78,78,4449,21
17498,2186,47,47,1175,7
17499,2187,117,117,4978,20
17500,2188,91,91,4952,20
17501,2189,52,52,51,1
17502,2189,57,57,56,1
17503,2189,155,155,154,1
17504,2189,10,11,193,2
17505,2189,15,15,198,2
17506,2189,52,52,235,2
17507,2189,69,69,252,2
17508,2189,82,82,265,2
17509,2189,110,110,293,2
17510,2189,129,129,312,2
17511,2189,146,146,329,2
17512,2189,41,41,418,3
17513,2189,13,13,661,5
17514,2189,45,45,693,5
17515,2189,60,60,708,5
17516,2189,114,115,762,5
17517,2189,143,143,791,5
17518,2189,169,169,817,5
17519,2189,191,191,839,5
17520,2189,49,49,1177,7
17521,2189,114,114,1475,8
17522,2189,31,31,1632,9
17523,2189,37,37,1638,9
17524,2189,45,46,1646,9
17525,2189,93,93,1694,9
17526,2189,102,102,1703,9
17527,2189,146,146,1747,9
17528,2189,241,241,1842,9
17529,2189,20,20,1875,10
17530,2189,27,27,1882,10
17531,2189,137,137,1992,10
17532,2189,139,140,1994,10
17533,2189,84,84,2696,13
17534,2189,107,107,2719,13
17535,2189,176,176,2788,13
17536,2189,179,179,2791,13
17537,2189,202,202,2814,13
17538,2189,67,67,2926,14
17539,2189,142,142,3001,14
17540,2189,144,144,3003,14
17541,2189,206,206,3065,14
17542,2189,172,172,3274,15
17543,2189,209,209,3311,15
17544,2189,63,64,3393,16
17545,2189,72,72,3402,16
17546,2189,100,100,3430,16
17547,2189,117,117,3447,16
17548,2189,148,148,3478,16
17549,2189,150,150,3480,16
17550,2189,162,162,3492,16
17551,2189,14,14,3594,17
17552,2189,24,24,3604,17
17553,2189,22,23,3849,18
17554,2189,25,25,3852,18
17555,2189,27,27,3854,18
17556,2189,39,39,3866,18
17557,2189,43,43,3870,18
17558,2189,60,62,3887,18
17559,2189,32,33,4893,20
17560,2189,56,56,4917,20
17561,2190,143,143,3245,15
17562,2190,150,150,3252,15
17563,2190,152,153,3254,15
17564,2191,102,103,285,2
17565,2191,119,120,302,2
17566,2191,157,158,340,2
17567,2191,28,28,405,3
17568,2191,9,9,899,6
17569,2191,19,19,909,6
17570,2191,143,143,1271,7
17571,2191,79,79,1680,9
17572,2191,170,170,1771,9
17573,2191,193,193,1794,9
17574,2192,78,78,4449,21
17575,2192,91,92,4462,21
17576,2192,110,110,4481,21
17577,2192,116,116,4487,21
17578,2192,228,228,4599,21
17579,2192,232,233,4603,21
17580,2193,124,126,3226,15
17581,2194,36,36,3616,17
17582,2195,131,131,3233,15
17583,2196,133,133,3960,18
17584,2197,213,213,4584,21
17585,2198,126,126,309,2
17586,2199,215,215,4586,21
17587,2199,217,217,4588,21
17588,2199,220,220,4591,21
17589,2199,222,222,4593,21
17590,2200,128,128,2740,13
17591,2200,130,130,2742,13
17592,2201,99,99,4960,20
17593,2202,122,122,121,1
17594,2203,189,189,3519,16
17595,2204,87,87,1942,10
17596,2205,97,97,1698,9
17597,2205,188,188,3047,14
17598,2205,199,199,3058,14
17599,2205,34,34,4123,19
17600,2205,36,36,4125,19
17601,2205,203,203,4574,21
17602,2206,42,42,1897,10
17603,2206,96,96,1951,10
17604,2206,110,110,1965,10
17605,2206,50,50,2418,12
17606,2206,206,206,2574,12
17607,2207,31,31,4120,19
17608,2207,213,213,4302,19
17609,2208,29,29,1157,7
17610,2209,256,256,4345,19
17611,2209,166,166,5027,20
17612,2209,136,136,4507,21
17613,2209,199,199,4570,21
17614,2210,28,29,1389,8
17615,2210,20,20,1621,9
17616,2210,155,156,1756,9
17617,2211,76,76,3406,16
17618,2211,157,157,3487,16
17619,2212,23,23,1384,8
17620,2212,28,29,1389,8
17621,2212,33,33,1394,8
17622,2212,40,41,1401,8
17623,2212,59,60,1420,8
17624,2212,64,64,1425,8
17625,2212,104,104,1465,8
17626,2212,113,113,1474,8
17627,2212,121,121,1482,8
17628,2212,133,133,1494,8
17629,2212,152,152,1513,8
17630,2212,195,195,1556,8
17631,2212,213,213,1574,8
17632,2212,225,225,1586,8
17633,2212,20,20,1621,9
17634,2212,29,29,1630,9
17635,2212,52,52,1653,9
17636,2212,113,113,1714,9
17637,2212,128,128,1729,9
17638,2212,155,156,1756,9
17639,2212,135,135,1990,10
17640,2212,157,157,2012,10
17641,2212,220,220,2075,10
17642,2212,76,76,3406,16
17643,2212,157,157,3487,16
17644,2212,52,52,3632,17
17645,2213,7,7,1608,9
17646,2214,203,205,1564,8
17647,2215,172,172,3274,15
17648,2216,125,125,308,2
17649,2216,72,72,504,4
17650,2217,33,33,3135,15
17651,2217,85,85,3187,15
17652,2217,115,115,3217,15
17653,2217,137,137,3239,15
17654,2217,66,66,4927,20
17655,2217,69,69,4930,20
17656,2217,71,71,4932,20
17657,2217,74,75,4935,20
17658,2217,83,85,4944,20
17659,2217,87,89,4948,20
17660,2217,91,91,4952,20
17661,2217,93,93,4954,20
17662,2217,97,97,4958,20
17663,2217,124,124,4985,20
17664,2218,137,137,1498,8
17665,2219,138,138,4999,20
17666,2219,150,150,5011,20
17667,2219,160,160,5021,20
17668,2220,128,128,4217,19
17669,2220,131,131,4220,19
17670,2220,136,136,4225,19
17671,2220,138,138,4227,19
17672,2220,206,206,4295,19
17673,2220,252,253,4341,19
17674,2220,25,25,4396,21
17675,2221,122,122,1723,9
17676,2222,230,230,2342,11
17677,2223,60,60,3162,15
17678,2223,201,201,3303,15
17679,2224,48,48,4137,19
17680,2224,50,52,4139,19
17681,2224,54,54,4143,19
17682,2225,11,11,2623,13
17683,2225,38,40,2650,13
17684,2225,43,43,2655,13
17685,2225,60,60,2672,13
17686,2226,214,214,3544,16
17687,2227,254,254,2366,11
17688,2227,126,126,4987,20
17689,2227,137,137,4998,20
17690,2228,47,47,2906,14
17691,2229,85,85,1940,10
17692,2230,90,90,4179,19
17693,2231,91,92,4180,19
17694,2232,89,89,3669,17
17695,2233,20,21,1148,7
17696,2233,23,25,1151,7
17697,2233,54,55,1182,7
17698,2233,61,61,1189,7
17699,2233,63,64,1191,7
17700,2233,70,70,1198,7
17701,2233,103,103,1231,7
17702,2233,106,106,1467,8
17703,2233,122,122,1977,10
17704,2233,93,93,3920,18
17705,2234,57,59,2916,14
17706,2234,61,61,2920,14
17707,2234,78,78,2937,14
17708,2234,81,81,2940,14
17709,2234,111,111,2970,14
17710,2234,224,224,3804,17
17711,2235,79,80,2938,14
17712,2236,188,188,836,5
17713,2237,111,111,4200,19
17714,2237,241,241,4330,19
17715,2237,243,243,4332,19
17716,2237,12,12,4873,20
17717,2238,169,170,1530,8
17718,2239,198,198,1326,7
17719,2239,154,154,1755,9
17720,2239,53,53,2665,13
17721,2239,150,150,3009,14
17722,2239,152,152,3011,14
17723,2239,207,207,3309,15
17724,2239,32,32,3362,16
17725,2239,47,47,3377,16
17726,2239,75,75,3405,16
17727,2239,82,82,3412,16
17728,2239,261,261,4088,18
17729,2240,198,200,1326,7
17730,2240,154,154,1755,9
17731,2240,196,196,2051,10
17732,2240,212,212,2067,10
17733,2241,199,199,1327,7
17734,2242,169,169,1530,8
17735,2243,126,126,125,1
17736,2244,157,157,2012,10
17737,2244,86,86,3913,18
17738,2245,132,132,1260,7
17739,2245,148,148,1276,7
17740,2245,178,178,1306,7
17741,2245,204,204,1332,7
17742,2245,226,226,1354,7
17743,2245,229,230,1357,7
17744,2245,7,8,1368,8
17745,2245,42,43,1403,8
17746,2245,57,58,1418,8
17747,2245,83,83,1444,8
17748,2245,85,87,1446,8
17749,2245,89,89,1450,8
17750,2245,99,99,1460,8
17751,2245,105,105,1466,8
17752,2245,124,124,1485,8
17753,2245,58,58,1659,9
17754,2245,69,69,1670,9
17755,2245,71,71,1672,9
17756,2245,112,112,1713,9
17757,2245,121,121,1722,9
17758,2245,161,161,1762,9
17759,2245,166,166,1767,9
17760,2245,171,171,1772,9
17761,2245,199,200,1800,9
17762,2245,203,203,1804,9
17763,2245,122,122,2490,12
17764,2245,148,148,2516,12
17765,2245,191,191,2559,12
17766,2246,202,202,3782,17
17767,2246,221,221,3801,17
17768,2246,24,25,3851,18
17769,2246,119,119,3946,18
17770,2246,121,121,3948,18
17771,2247,202,202,3782,17
17772,2247,221,222,3801,17
17773,2247,24,24,3851,18
17774,2248,131,133,1259,7
17775,2248,146,146,1274,7
17776,2248,148,148,1276,7
17777,2248,154,155,1282,7
17778,2248,157,157,1285,7
17779,2248,159,160,1287,7
17780,2248,170,170,1298,7
17781,2248,178,178,1306,7
17782,2248,182,182,1310,7
17783,2248,204,205,1332,7
17784,2248,222,230,1350,7
17785,2248,7,8,1368,8
17786,2248,19,19,1380,8
17787,2248,27,27,1388,8
17788,2248,43,43,1404,8
17789,2248,46,46,1407,8
17790,2248,58,58,1419,8
17791,2248,68,69,1429,8
17792,2248,77,77,1438,8
17793,2248,80,80,1441,8
17794,2248,83,83,1444,8
17795,2248,86,92,1447,8
17796,2248,124,124,1485,8
17797,2248,218,223,1579,8
17798,2248,233,233,1594,8
17799,2248,8,8,1609,9
17800,2248,10,10,1611,9
17801,2248,21,21,1622,9
17802,2248,33,33,1634,9
17803,2248,46,46,1647,9
17804,2248,87,87,1688,9
17805,2248,102,102,1703,9
17806,2248,118,119,1719,9
17807,2248,187,187,1788,9
17808,2248,195,195,1796,9
17809,2248,197,197,1798,9
17810,2248,199,199,1800,9
17811,2248,8,8,1863,10
17812,2248,59,59,1914,10
17813,2248,67,67,1922,10
17814,2248,108,108,1963,10
17815,2248,234,234,2089,10
17816,2248,88,88,2200,11
17817,2248,129,129,2241,11
17818,2248,167,167,2279,11
17819,2248,39,39,2407,12
17820,2248,122,123,2490,12
17821,2248,147,148,2515,12
17822,2248,191,191,2559,12
17823,2248,202,202,2570,12
17824,2248,233,233,2845,13
17825,2248,25,25,2884,14
17826,2248,109,109,2968,14
17827,2248,134,134,2993,14
17828,2248,84,84,3186,15
17829,2248,186,186,3288,15
17830,2248,122,123,3452,16
17831,2248,183,183,3513,16
17832,2248,65,65,3645,17
17833,2248,92,92,3672,17
17834,2248,229,230,3809,17
17835,2248,14,14,3841,18
17836,2248,78,78,3905,18
17837,2248,90,90,3917,18
17838,2248,145,145,4234,19
17839,2248,22,23,4393,21
17840,2248,31,31,4402,21
17841,2249,132,132,1260,7
17842,2249,204,204,1332,7
17843,2249,221,222,1349,7
17844,2249,225,230,1353,7
17845,2249,7,8,1368,8
17846,2249,10,10,1371,8
17847,2249,13,13,1374,8
17848,2249,27,27,1388,8
17849,2249,30,30,1391,8
17850,2249,33,33,1394,8
17851,2249,42,43,1403,8
17852,2249,53,53,1414,8
17853,2249,58,58,1419,8
17854,2249,69,69,1430,8
17855,2249,74,74,1435,8
17856,2249,77,77,1438,8
17857,2249,80,80,1441,8
17858,2249,82,84,1443,8
17859,2249,87,87,1448,8
17860,2249,89,91,1450,8
17861,2249,95,95,1456,8
17862,2249,99,99,1460,8
17863,2249,105,105,1466,8
17864,2249,113,113,1474,8
17865,2249,119,119,1480,8
17866,2249,124,124,1485,8
17867,2249,151,151,1512,8
17868,2249,157,157,1518,8
17869,2249,183,183,1544,8
17870,2249,196,196,1557,8
17871,2249,225,225,1586,8
17872,2249,233,233,1594,8
17873,2249,8,8,1609,9
17874,2249,10,10,1611,9
17875,2249,16,16,1617,9
17876,2249,21,21,1622,9
17877,2249,32,33,1633,9
17878,2249,36,36,1637,9
17879,2249,53,53,1654,9
17880,2249,171,171,1772,9
17881,2249,189,190,1790,9
17882,2249,195,195,1796,9
17883,2249,198,198,1799,9
17884,2249,200,200,1801,9
17885,2249,204,204,1805,9
17886,2249,237,237,1838,9
17887,2249,239,239,1840,9
17888,2249,242,243,1843,9
17889,2249,7,7,1862,10
17890,2249,11,11,1866,10
17891,2249,19,19,1874,10
17892,2249,67,67,1922,10
17893,2249,108,108,1963,10
17894,2249,208,208,2063,10
17895,2249,221,221,2076,10
17896,2249,234,234,2089,10
17897,2249,247,247,2102,10
17898,2249,7,7,2119,11
17899,2249,54,54,2166,11
17900,2249,61,61,2173,11
17901,2249,63,63,2175,11
17902,2249,68,68,2180,11
17903,2249,142,142,2254,11
17904,2249,147,147,2259,11
17905,2249,167,167,2279,11
17906,2249,39,39,2407,12
17907,2249,191,191,2559,12
17908,2249,206,206,2574,12
17909,2249,233,233,2845,13
17910,2249,82,82,2941,14
17911,2249,103,103,2962,14
17912,2249,109,110,2968,14
17913,2249,84,84,3186,15
17914,2249,186,186,3288,15
17915,2249,229,230,3809,17
17916,2249,14,14,3841,18
17917,2249,90,90,3917,18
17918,2249,22,22,4393,21
17919,2250,197,197,3777,17
17920,2250,202,202,3782,17
17921,2250,24,24,3851,18
17922,2250,119,119,3946,18
17923,2250,164,164,3991,18
17924,2251,84,84,1445,8
17925,2252,57,57,2169,11
17926,2253,221,222,1349,7
17927,2253,225,225,1353,7
17928,2253,230,230,1358,7
17929,2253,7,8,1368,8
17930,2253,10,10,1371,8
17931,2253,27,27,1388,8
17932,2253,69,69,1430,8
17933,2253,74,74,1435,8
17934,2253,77,77,1438,8
17935,2253,82,83,1443,8
17936,2253,87,87,1448,8
17937,2253,89,89,1450,8
17938,2253,91,91,1452,8
17939,2253,105,105,1466,8
17940,2253,119,119,1480,8
17941,2253,124,124,1485,8
17942,2253,151,151,1512,8
17943,2253,171,171,1532,8
17944,2253,183,183,1544,8
17945,2253,196,196,1557,8
17946,2253,225,225,1586,8
17947,2253,10,10,1611,9
17948,2253,16,16,1617,9
17949,2253,36,36,1637,9
17950,2253,41,41,1642,9
17951,2253,53,53,1654,9
17952,2253,81,81,1682,9
17953,2253,162,162,1763,9
17954,2253,166,166,1767,9
17955,2253,175,175,1776,9
17956,2253,189,190,1790,9
17957,2253,199,200,1800,9
17958,2253,237,237,1838,9
17959,2253,243,243,1844,9
17960,2253,7,7,1862,10
17961,2253,11,11,1866,10
17962,2253,33,33,1888,10
17963,2253,126,126,1981,10
17964,2253,133,133,1988,10
17965,2253,184,184,2039,10
17966,2253,208,208,2063,10
17967,2253,221,221,2076,10
17968,2253,247,247,2102,10
17969,2253,7,8,2119,11
17970,2253,54,54,2166,11
17971,2253,61,61,2173,11
17972,2253,63,63,2175,11
17973,2253,68,68,2180,11
17974,2253,101,101,2213,11
17975,2253,142,142,2254,11
17976,2253,147,147,2259,11
17977,2253,167,167,2279,11
17978,2253,39,39,2407,12
17979,2253,48,48,2416,12
17980,2253,123,123,2491,12
17981,2253,156,156,2524,12
17982,2253,206,208,2574,12
17983,2253,223,223,2591,12
17984,2253,71,71,2683,13
17985,2253,82,82,2941,14
17986,2253,103,103,2962,14
17987,2253,109,109,2968,14
17988,2253,186,186,3288,15
17989,2253,124,124,3454,16
17990,2253,59,59,4430,21
17991,2254,226,226,1354,7
17992,2255,30,30,2889,14
17993,2255,154,154,3013,14
17994,2255,64,64,3394,16
17995,2255,90,91,3420,16
17996,2255,110,110,3440,16
17997,2255,196,196,3526,16
17998,2255,207,207,3537,16
17999,2255,66,66,3646,17
18000,2255,149,149,3729,17
18001,2255,175,175,3755,17
18002,2255,197,197,3777,17
18003,2255,199,202,3779,17
18004,2255,25,25,3852,18
18005,2255,30,30,3857,18
18006,2255,33,33,3860,18
18007,2255,38,38,3865,18
18008,2255,40,41,3867,18
18009,2255,63,63,3890,18
18010,2255,66,66,3893,18
18011,2255,107,107,3934,18
18012,2255,121,121,3948,18
18013,2255,164,166,3991,18
18014,2255,212,212,4039,18
18015,2255,219,219,4046,18
18016,2255,229,229,4056,18
18017,2255,13,13,4102,19
18018,2255,24,24,4113,19
18019,2255,47,47,4908,20
18020,2255,172,172,5033,20
18021,2255,14,14,4385,21
18022,2255,16,18,4387,21
18023,2255,50,50,4421,21
18024,2255,53,55,4424,21
18025,2255,65,65,4436,21
18026,2255,74,74,4445,21
18027,2255,192,192,4563,21
18028,2255,194,194,4565,21
18029,2255,218,218,4589,21
18030,2256,90,90,89,1
18031,2256,101,101,100,1
18032,2256,201,201,2056,10
18033,2256,10,10,2122,11
18034,2256,39,40,3141,15
18035,2256,144,144,3246,15
18036,2256,24,24,3352,16
18037,2256,149,149,3479,16
18038,2256,123,124,3950,18
18039,2256,155,155,3982,18
18040,2256,118,118,4207,19
18041,2256,264,264,4635,21
18042,2257,66,66,3893,18
18043,2258,123,124,3950,18
18044,2259,124,124,3951,18
18045,2260,10,10,9,1
18046,2260,12,12,11,1
18047,2261,257,257,4628,21
18048,2262,114,114,1969,10
18049,2263,221,221,2333,11
18050,2263,236,237,2348,11
18051,2263,242,242,2354,11
18052,2263,244,245,2356,11
18053,2264,47,47,2906,14
18054,2265,184,184,3764,17
18055,2266,93,93,92,1
18056,2266,101,101,100,1
18057,2266,113,113,112,1
18058,2266,115,117,114,1
18059,2266,119,119,118,1
18060,2266,122,124,121,1
18061,2266,136,138,135,1
18062,2266,141,144,140,1
18063,2266,147,147,146,1
18064,2266,12,12,195,2
18065,2266,46,46,229,2
18066,2266,59,59,242,2
18067,2266,75,75,258,2
18068,2266,78,78,261,2
18069,2266,86,86,269,2
18070,2266,153,153,336,2
18071,2266,166,166,349,2
18072,2266,14,14,391,3
18073,2266,21,21,398,3
18074,2266,141,143,789,5
18075,2266,172,172,820,5
18076,2266,185,185,833,5
18077,2266,202,202,850,5
18078,2266,44,45,1899,10
18079,2267,112,112,111,1
18080,2267,147,147,330,2
18081,2268,47,47,2159,11
18082,2268,49,49,2161,11
18083,2268,54,54,2166,11
18084,2268,149,149,2261,11
18085,2268,153,153,2265,11
18086,2269,34,34,4123,19
18087,2269,65,66,4154,19
18088,2269,82,82,4171,19
18089,2269,85,85,4174,19
18090,2269,137,137,4226,19
18091,2269,177,178,4266,19
18092,2270,109,109,757,5
18093,2271,146,146,5007,20
18094,2272,213,213,4584,21
18095,2273,86,86,3913,18
18096,2274,226,226,874,5
18097,2274,271,271,4360,19
18098,2275,197,197,1558,8
18099,2276,197,198,4286,19
18100,2276,206,206,4295,19
18101,2276,216,216,4305,19
18102,2276,276,276,4365,19
18103,2277,150,150,4521,21
18104,2277,154,154,4525,21
18105,2277,156,156,4527,21
18106,2277,158,158,4529,21
18107,2277,198,198,4569,21
18108,2277,6,11,4643,22
18109,2277,45,45,4682,22
18110,2278,221,221,1349,7
18111,2278,82,82,1443,8
18112,2278,67,67,1922,10
18113,2279,70,70,4159,19
18114,2279,136,136,4225,19
18115,2279,139,139,4228,19
18116,2279,186,186,4275,19
18117,2279,199,199,4288,19
18118,2280,88,89,520,4
18119,2280,94,94,526,4
18120,2281,210,210,2578,12
18121,2281,218,218,2586,12
18122,2281,71,71,2683,13
18123,2281,196,196,2808,13
18124,2281,242,242,2854,13
18125,2281,25,26,2884,14
18126,2281,64,65,2923,14
18127,2281,31,31,3361,16
18128,2281,175,176,3755,17
18129,2281,199,199,3779,17
18130,2281,203,203,3783,17
18131,2281,228,228,3808,17
18132,2281,15,15,3842,18
18133,2281,38,38,3865,18
18134,2281,42,42,3869,18
18135,2281,117,117,3944,18
18136,2281,219,219,4046,18
18137,2281,13,13,4384,21
18138,2281,65,65,4436,21
18139,2281,187,187,4824,22
18140,2282,174,174,3504,16
18141,2283,256,256,4627,21
18142,2284,56,56,4145,19
18143,2284,64,64,4153,19
18144,2285,118,118,1973,10
18145,2285,180,180,2292,11
18146,2285,50,50,2662,13
18147,2286,251,251,2106,10
18148,2287,164,164,4253,19
18149,2288,209,209,4580,21
18150,2289,67,67,4438,21
18151,2290,70,70,4441,21
18152,2291,164,164,4253,19
18153,2292,262,262,4633,21
18154,2293,51,51,4140,19
18155,2294,122,122,4493,21
18156,2295,213,213,4584,21
18157,2296,128,129,3230,15
18158,2296,136,136,3238,15
18159,2296,146,147,3248,15
18160,2297,179,179,3281,15
18161,2298,184,185,832,5
18162,2298,190,190,838,5
18163,2298,41,41,931,6
18164,2298,46,46,936,6
18165,2298,52,52,942,6
18166,2298,30,31,1391,8
18167,2298,33,33,1394,8
18168,2298,36,36,1397,8
18169,2298,42,42,1403,8
18170,2298,56,56,1417,8
18171,2298,59,59,1420,8
18172,2298,122,123,1483,8
18173,2298,206,206,1567,8
18174,2298,246,246,1847,9
18175,2298,129,129,1984,10
18176,2298,229,229,2084,10
18177,2298,116,116,2228,11
18178,2298,120,120,2232,11
18179,2298,137,137,2249,11
18180,2298,143,143,2255,11
18181,2298,150,150,2262,11
18182,2298,212,214,2324,11
18183,2298,11,11,2623,13
18184,2298,93,95,2705,13
18185,2298,99,99,2711,13
18186,2298,227,228,2839,13
18187,2298,230,231,2842,13
18188,2298,237,237,2849,13
18189,2298,240,240,2852,13
18190,2298,7,12,2866,14
18191,2298,17,19,2876,14
18192,2298,23,24,2882,14
18193,2298,31,31,2890,14
18194,2298,35,35,2894,14
18195,2298,41,47,2900,14
18196,2298,49,49,2908,14
18197,2298,51,51,2910,14
18198,2298,53,53,2912,14
18199,2298,57,59,2916,14
18200,2298,61,61,2920,14
18201,2298,63,63,2922,14
18202,2298,67,68,2926,14
18203,2298,73,73,2932,14
18204,2298,77,77,2936,14
18205,2298,82,82,2941,14
18206,2298,91,91,2950,14
18207,2298,111,111,2970,14
18208,2298,151,152,3010,14
18209,2298,154,154,3013,14
18210,2298,157,157,3016,14
18211,2298,188,188,3047,14
18212,2298,191,191,3050,14
18213,2298,193,194,3052,14
18214,2298,200,200,3059,14
18215,2298,14,15,3116,15
18216,2298,27,27,3129,15
18217,2298,35,35,3137,15
18218,2298,46,46,3148,15
18219,2298,51,51,3153,15
18220,2298,54,57,3156,15
18221,2298,60,60,3162,15
18222,2298,62,62,3164,15
18223,2298,65,65,3167,15
18224,2298,76,76,3178,15
18225,2298,83,83,3185,15
18226,2298,85,86,3187,15
18227,2298,89,89,3191,15
18228,2298,92,93,3194,15
18229,2298,96,97,3198,15
18230,2298,102,103,3204,15
18231,2298,105,105,3207,15
18232,2298,114,115,3216,15
18233,2298,119,119,3221,15
18234,2298,121,122,3223,15
18235,2298,134,137,3236,15
18236,2298,139,139,3241,15
18237,2298,142,143,3244,15
18238,2298,150,150,3252,15
18239,2298,153,156,3255,15
18240,2298,178,180,3280,15
18241,2298,182,182,3284,15
18242,2298,184,184,3286,15
18243,2298,187,187,3289,15
18244,2298,191,191,3293,15
18245,2298,194,194,3296,15
18246,2298,196,196,3298,15
18247,2298,204,204,3306,15
18248,2298,11,11,3339,16
18249,2298,28,30,3356,16
18250,2298,35,35,3365,16
18251,2298,77,77,3407,16
18252,2298,91,91,3421,16
18253,2298,128,128,3458,16
18254,2298,131,131,3461,16
18255,2298,133,133,3463,16
18256,2298,152,152,3482,16
18257,2298,159,160,3489,16
18258,2298,164,164,3494,16
18259,2298,179,179,3509,16
18260,2298,203,203,3533,16
18261,2298,212,212,3542,16
18262,2298,220,220,3550,16
18263,2298,225,225,3555,16
18264,2298,227,227,3557,16
18265,2298,231,232,3561,16
18266,2298,235,236,3565,16
18267,2298,5,7,3585,17
18268,2298,13,13,3593,17
18269,2298,28,28,3608,17
18270,2298,31,31,3611,17
18271,2298,64,64,3644,17
18272,2298,211,211,3791,17
18273,2298,213,213,3793,17
18274,2298,219,221,3799,17
18275,2298,223,224,3803,17
18276,2298,227,227,3807,17
18277,2298,231,231,3811,17
18278,2298,235,236,3815,17
18279,2298,7,7,3834,18
18280,2298,9,9,3836,18
18281,2298,11,12,3838,18
18282,2298,15,15,3842,18
18283,2298,26,26,3853,18
18284,2298,51,54,3878,18
18285,2298,65,65,3892,18
18286,2298,67,68,3894,18
18287,2298,81,81,3908,18
18288,2298,87,87,3914,18
18289,2298,90,90,3917,18
18290,2298,99,99,3926,18
18291,2298,103,103,3930,18
18292,2298,113,113,3940,18
18293,2298,123,124,3950,18
18294,2298,126,127,3953,18
18295,2298,129,129,3956,18
18296,2298,131,131,3958,18
18297,2298,133,133,3960,18
18298,2298,187,187,4014,18
18299,2298,221,222,4048,18
18300,2298,225,227,4052,18
18301,2298,230,230,4057,18
18302,2298,250,250,4077,18
18303,2298,15,15,4104,19
18304,2298,23,24,4112,19
18305,2298,29,33,4118,19
18306,2298,37,38,4126,19
18307,2298,40,43,4129,19
18308,2298,45,45,4134,19
18309,2298,50,50,4139,19
18310,2298,52,52,4141,19
18311,2298,54,54,4143,19
18312,2298,58,58,4147,19
18313,2298,67,67,4156,19
18314,2298,70,70,4159,19
18315,2298,72,78,4161,19
18316,2298,87,88,4176,19
18317,2298,97,97,4186,19
18318,2298,105,107,4194,19
18319,2298,110,110,4199,19
18320,2298,115,115,4204,19
18321,2298,119,119,4208,19
18322,2298,121,121,4210,19
18323,2298,124,124,4213,19
18324,2298,131,134,4220,19
18325,2298,136,140,4225,19
18326,2298,151,152,4240,19
18327,2298,154,154,4243,19
18328,2298,156,159,4245,19
18329,2298,161,165,4250,19
18330,2298,172,174,4261,19
18331,2298,179,181,4268,19
18332,2298,185,185,4274,19
18333,2298,193,193,4282,19
18334,2298,196,196,4285,19
18335,2298,199,203,4288,19
18336,2298,206,206,4295,19
18337,2298,208,211,4297,19
18338,2298,213,213,4302,19
18339,2298,220,220,4309,19
18340,2298,222,222,4311,19
18341,2298,229,230,4318,19
18342,2298,235,235,4324,19
18343,2298,242,242,4331,19
18344,2298,245,246,4334,19
18345,2298,249,249,4338,19
18346,2298,264,265,4353,19
18347,2298,270,270,4359,19
18348,2298,272,274,4361,19
18349,2298,279,279,4368,19
18350,2298,281,281,4370,19
18351,2298,12,12,4873,20
18352,2298,21,22,4882,20
18353,2298,25,25,4886,20
18354,2298,30,31,4891,20
18355,2298,33,33,4894,20
18356,2298,36,36,4897,20
18357,2298,48,48,4909,20
18358,2298,51,51,4912,20
18359,2298,54,54,4915,20
18360,2298,56,56,4917,20
18361,2298,60,60,4921,20
18362,2298,64,64,4925,20
18363,2298,66,66,4927,20
18364,2298,71,72,4932,20
18365,2298,74,75,4935,20
18366,2298,84,84,4945,20
18367,2298,87,87,4948,20
18368,2298,89,89,4950,20
18369,2298,93,93,4954,20
18370,2298,98,99,4959,20
18371,2298,101,101,4962,20
18372,2298,105,105,4966,20
18373,2298,107,107,4968,20
18374,2298,109,109,4970,20
18375,2298,111,111,4972,20
18376,2298,114,114,4975,20
18377,2298,117,117,4978,20
18378,2298,119,119,4980,20
18379,2298,123,123,4984,20
18380,2298,125,125,4986,20
18381,2298,151,151,5012,20
18382,2298,159,159,5020,20
18383,2298,178,178,5039,20
18384,2298,5,7,4376,21
18385,2298,10,10,4381,21
18386,2298,26,27,4397,21
18387,2298,29,29,4400,21
18388,2298,31,32,4402,21
18389,2298,68,68,4439,21
18390,2298,73,75,4444,21
18391,2298,78,79,4449,21
18392,2298,81,84,4452,21
18393,2298,86,87,4457,21
18394,2298,89,92,4460,21
18395,2298,94,94,4465,21
18396,2298,103,103,4474,21
18397,2298,105,106,4476,21
18398,2298,108,108,4479,21
18399,2298,112,112,4483,21
18400,2298,117,117,4488,21
18401,2298,119,119,4490,21
18402,2298,132,133,4503,21
18403,2298,136,136,4507,21
18404,2298,138,138,4509,21
18405,2298,141,141,4512,21
18406,2298,154,154,4525,21
18407,2298,158,158,4529,21
18408,2298,160,161,4531,21
18409,2298,163,163,4534,21
18410,2298,167,167,4538,21
18411,2298,171,171,4542,21
18412,2298,174,175,4545,21
18413,2298,177,177,4548,21
18414,2298,179,179,4550,21
18415,2298,197,197,4568,21
18416,2298,205,205,4576,21
18417,2298,207,207,4578,21
18418,2298,209,209,4580,21
18419,2298,211,211,4582,21
18420,2298,213,213,4584,21
18421,2298,215,215,4586,21
18422,2298,217,217,4588,21
18423,2298,220,220,4591,21
18424,2298,222,222,4593,21
18425,2298,224,224,4595,21
18426,2298,226,226,4597,21
18427,2298,228,228,4599,21
18428,2298,231,233,4602,21
18429,2298,259,259,4630,21
18430,2298,8,8,4645,22
18431,2298,10,11,4647,22
18432,2298,13,15,4650,22
18433,2298,17,17,4654,22
18434,2298,73,73,4710,22
18435,2298,75,75,4712,22
18436,2298,104,104,4741,22
18437,2298,107,107,4744,22
18438,2298,181,181,4818,22
18439,2298,192,192,4829,22
18440,2298,220,220,4857,22
18441,2299,136,136,1737,9
18442,2300,66,67,4927,20
18443,2300,76,76,4937,20
18444,2301,33,33,216,2
18445,2302,47,47,4136,19
18446,2302,56,56,4145,19
18447,2302,58,59,4147,19
18448,2303,245,245,2357,11
18449,2304,168,168,4539,21
18450,2304,18,18,4655,22
18451,2305,173,173,3032,14
18452,2306,146,146,4235,19
18453,2306,148,148,4237,19
18454,2307,71,71,4442,21
18455,2307,163,163,4800,22
18456,2308,209,209,2064,10
18457,2308,214,214,2069,10
18458,2309,213,213,4584,21
18459,2310,104,104,1232,7
18460,2311,43,43,1171,7
18461,2311,153,153,3255,15
18462,2312,179,179,1069,6
18463,2312,182,182,1072,6
18464,2312,186,186,1076,6
18465,2312,188,188,1078,6
18466,2313,179,179,1069,6
18467,2314,148,163,1038,6
18468,2314,166,179,1056,6
18469,2314,181,182,1071,6
18470,2314,187,187,1077,6
18471,2314,13,13,1868,10
18472,2314,16,16,2128,11
18473,2314,225,225,2837,13
18474,2315,181,182,1071,6
18475,2316,172,172,4261,19
18476,2316,174,174,4263,19
18477,2316,179,179,4268,19
18478,2316,193,193,4282,19
18479,2316,197,198,4286,19
18480,2316,201,201,4290,19
18481,2316,203,203,4292,19
18482,2316,209,210,4298,19
18483,2316,212,212,4301,19
18484,2316,219,219,4308,19
18485,2316,225,225,4314,19
18486,2316,250,250,4339,19
18487,2316,256,256,4345,19
18488,2316,263,263,4352,19
18489,2316,268,268,4357,19
18490,2316,16,16,4877,20
18491,2316,41,41,4902,20
18492,2316,158,159,5019,20
18493,2316,121,121,4492,21
18494,2316,129,129,4500,21
18495,2317,256,256,4345,19
18496,2318,136,136,319,2
18497,2318,138,138,321,2
18498,2318,140,140,323,2
18499,2318,148,148,331,2
18500,2318,151,154,334,2
18501,2318,156,156,339,2
18502,2318,158,158,341,2
18503,2319,166,166,814,5
18504,2319,174,174,822,5
18505,2319,213,213,861,5
18506,2319,103,103,1464,8
18507,2319,24,24,2136,11
18508,2319,159,159,3489,16
18509,2319,231,231,3811,17
18510,2319,97,97,4734,22
18511,2320,189,190,3048,14
18512,2321,188,188,3047,14
18513,2321,51,51,3153,15
18514,2321,72,72,3174,15
18515,2321,105,105,3207,15
18516,2322,130,130,1020,6
18517,2322,139,139,1029,6
18518,2322,144,146,1034,6
18519,2322,148,154,1038,6
18520,2322,156,164,1046,6
18521,2322,166,180,1056,6
18522,2322,182,182,1072,6
18523,2322,188,190,1078,6
18524,2322,220,220,1110,6
18525,2322,223,223,1113,6
18526,2322,186,186,1787,9
18527,2322,11,11,1866,10
18528,2322,13,13,1868,10
18529,2322,16,16,2128,11
18530,2322,170,170,3029,14
18531,2322,235,235,4062,18
18532,2323,11,11,1866,10
18533,2323,13,13,1868,10
18534,2323,225,225,2837,13
18535,2324,269,269,4358,19
18536,2325,108,108,756,5
18537,2325,111,113,759,5
18538,2325,115,116,763,5
18539,2325,167,167,815,5
18540,2325,180,180,828,5
18541,2325,195,195,843,5
18542,2325,210,211,858,5
18543,2325,216,216,864,5
18544,2325,219,219,867,5
18545,2325,27,27,917,6
18546,2325,31,31,921,6
18547,2325,201,201,1091,6
18548,2325,209,209,1099,6
18549,2325,160,160,1288,7
18550,2325,186,186,1314,7
18551,2325,207,207,1335,7
18552,2325,212,212,1340,7
18553,2325,215,215,1343,7
18554,2325,10,10,1371,8
18555,2325,102,104,1463,8
18556,2325,134,134,1495,8
18557,2325,166,166,1527,8
18558,2325,188,188,1549,8
18559,2325,197,197,1558,8
18560,2325,81,81,1682,9
18561,2325,162,162,1763,9
18562,2325,125,125,1980,10
18563,2325,221,221,2076,10
18564,2325,33,33,2145,11
18565,2325,207,208,3787,17
18566,2325,211,211,3791,17
18567,2325,217,219,3797,17
18568,2325,229,229,3809,17
18569,2325,49,49,4910,20
18570,2326,12,13,3592,17
18571,2326,28,28,3608,17
18572,2326,231,231,3811,17
18573,2327,109,109,1710,9
18574,2327,71,71,1926,10
18575,2328,31,31,1159,7
18576,2329,204,205,1805,9
18577,2329,207,208,1808,9
18578,2329,6,6,1861,10
18579,2329,71,71,1926,10
18580,2329,228,228,2083,10
18581,2329,246,246,2101,10
18582,2329,248,248,2103,10
18583,2329,17,17,2129,11
18584,2329,156,156,3486,16
18585,2329,41,41,3621,17
18586,2329,224,224,3804,17
18587,2329,69,69,3896,18
18588,2330,126,126,4987,20
18589,2331,6,6,1861,10
18590,2332,92,92,3194,15
18591,2333,81,81,3661,17
18592,2333,228,229,3808,17
18593,2334,202,202,3061,14
18594,2335,240,240,2608,12
18595,2336,207,207,4578,21
18596,2337,98,98,97,1
18597,2337,126,126,125,1
18598,2337,102,102,750,5
18599,2338,65,69,4154,19
18600,2338,75,76,4164,19
18601,2339,234,234,882,5
18602,2339,42,43,932,6
18603,2339,50,50,940,6
18604,2340,12,12,3592,17
18605,2341,233,234,4322,19
18606,2341,242,242,4331,19
18607,2342,96,96,4185,19
18608,2343,23,23,671,5
18609,2344,56,56,4145,19
18610,2344,59,59,4148,19
18611,2345,188,188,2300,11
18612,2345,57,58,2425,12
18613,2345,61,61,2429,12
18614,2345,65,65,2433,12
18615,2345,87,87,2455,12
18616,2345,94,94,2462,12
18617,2345,101,101,2469,12
18618,2345,104,106,2472,12
18619,2345,114,114,2482,12
18620,2345,116,116,2484,12
18621,2345,135,135,2503,12
18622,2345,218,218,2586,12
18623,2345,6,6,2618,13
18624,2345,33,34,2645,13
18625,2345,38,38,2650,13
18626,2345,72,72,2684,13
18627,2345,105,106,3435,16
18628,2345,219,219,3549,16
18629,2345,176,176,3756,17
18630,2345,171,171,5032,20
18631,2345,170,170,4807,22
18632,2346,176,176,3756,17
18633,2347,114,114,4975,20
18634,2348,135,136,1990,10
18635,2349,137,137,4226,19
18636,2350,102,103,4191,19
18637,2350,106,106,4195,19
18638,2350,110,110,4199,19
18639,2350,138,138,4227,19
18640,2350,156,156,4245,19
18641,2350,159,159,4248,19
18642,2350,199,199,4288,19
18643,2350,208,208,4297,19
18644,2350,224,225,4313,19
18645,2350,256,256,4345,19
18646,2350,8,9,4869,20
18647,2350,11,12,4872,20
18648,2350,16,16,4877,20
18649,2351,159,159,591,4
18650,2351,221,221,869,5
18651,2351,39,39,929,6
18652,2351,42,42,932,6
18653,2351,44,44,934,6
18654,2351,51,51,941,6
18655,2351,212,212,1102,6
18656,2351,35,38,1396,8
18657,2351,111,111,1472,8
18658,2351,18,18,2130,11
18659,2351,21,21,2133,11
18660,2351,153,154,2521,12
18661,2351,49,49,3876,18
18662,2352,9,9,192,2
18663,2352,11,11,194,2
18664,2352,13,13,196,2
18665,2352,15,15,198,2
18666,2352,22,22,205,2
18667,2352,34,34,217,2
18668,2352,36,36,219,2
18669,2352,47,48,230,2
18670,2352,63,63,246,2
18671,2352,71,71,254,2
18672,2352,97,98,280,2
18673,2352,112,112,295,2
18674,2352,127,127,310,2
18675,2352,143,146,326,2
18676,2352,156,156,339,2
18677,2352,161,161,344,2
18678,2352,164,164,347,2
18679,2352,168,169,351,2
18680,2352,171,171,354,2
18681,2352,177,178,360,2
18682,2352,180,180,363,2
18683,2352,182,183,365,2
18684,2352,185,185,368,2
18685,2352,187,187,370,2
18686,2352,1,1,378,3
18687,2352,3,3,380,3
18688,2352,26,27,403,3
18689,2352,31,32,408,3
18690,2352,36,36,413,3
18691,2352,48,48,425,3
18692,2352,11,11,443,4
18693,2352,26,27,458,4
18694,2352,30,31,462,4
18695,2352,35,35,467,4
18696,2352,40,40,472,4
18697,2352,42,43,474,4
18698,2352,55,56,487,4
18699,2352,60,60,492,4
18700,2352,67,67,499,4
18701,2352,101,101,533,4
18702,2352,117,119,549,4
18703,2352,122,122,554,4
18704,2352,126,128,558,4
18705,2352,133,133,565,4
18706,2352,141,141,573,4
18707,2352,149,149,581,4
18708,2352,151,152,583,4
18709,2352,154,155,586,4
18710,2352,157,160,589,4
18711,2352,163,166,595,4
18712,2352,175,176,607,4
18713,2352,180,181,612,4
18714,2352,17,17,665,5
18715,2352,22,22,670,5
18716,2352,46,50,694,5
18717,2352,66,66,714,5
18718,2352,72,72,720,5
18719,2352,76,76,724,5
18720,2352,94,94,742,5
18721,2352,146,147,794,5
18722,2352,159,159,807,5
18723,2352,172,174,820,5
18724,2352,178,178,826,5
18725,2352,182,183,830,5
18726,2352,187,187,835,5
18727,2352,192,195,840,5
18728,2352,197,197,845,5
18729,2352,201,202,849,5
18730,2352,205,213,853,5
18731,2352,215,215,863,5
18732,2352,217,218,865,5
18733,2352,220,222,868,5
18734,2352,225,226,873,5
18735,2352,229,231,877,5
18736,2352,234,235,882,5
18737,2352,22,22,912,6
18738,2352,24,27,914,6
18739,2352,30,30,920,6
18740,2352,32,33,922,6
18741,2352,37,44,927,6
18742,2352,46,52,936,6
18743,2352,205,205,1095,6
18744,2352,209,209,1099,6
18745,2352,211,212,1101,6
18746,2352,133,133,1261,7
18747,2352,206,206,1334,7
18748,2352,34,38,1395,8
18749,2352,42,42,1403,8
18750,2352,57,57,1418,8
18751,2352,96,96,1457,8
18752,2352,103,103,1464,8
18753,2352,111,112,1472,8
18754,2352,151,151,1512,8
18755,2352,62,62,1663,9
18756,2352,115,115,1716,9
18757,2352,82,82,1937,10
18758,2352,125,125,1980,10
18759,2352,133,133,1988,10
18760,2352,146,146,2001,10
18761,2352,230,230,2085,10
18762,2352,232,232,2087,10
18763,2352,18,22,2130,11
18764,2352,24,24,2136,11
18765,2352,47,48,2415,12
18766,2352,150,155,2518,12
18767,2352,164,164,2532,12
18768,2352,171,184,2539,12
18769,2352,188,189,2556,12
18770,2352,198,199,2566,12
18771,2352,205,205,2573,12
18772,2352,219,219,2587,12
18773,2352,237,237,2605,12
18774,2352,240,240,2608,12
18775,2352,67,67,2679,13
18776,2352,110,111,2722,13
18777,2352,133,133,2745,13
18778,2352,140,140,2752,13
18779,2352,165,168,2777,13
18780,2352,191,191,2803,13
18781,2352,193,194,2805,13
18782,2352,200,202,2812,13
18783,2352,216,216,2828,13
18784,2352,225,226,2837,13
18785,2352,234,235,2846,13
18786,2352,88,88,2947,14
18787,2352,92,93,2951,14
18788,2352,96,98,2955,14
18789,2352,113,113,2972,14
18790,2352,115,115,2974,14
18791,2352,133,133,2992,14
18792,2352,142,143,3472,16
18793,2352,223,223,3553,16
18794,2352,29,30,3609,17
18795,2352,42,42,3622,17
18796,2352,31,32,3858,18
18797,2352,49,49,3876,18
18798,2352,99,99,3926,18
18799,2352,176,176,4003,18
18800,2352,176,176,5037,20
18801,2352,240,240,4611,21
18802,2352,65,65,4702,22
18803,2353,188,188,836,5
18804,2353,196,196,844,5
18805,2354,177,177,360,2
18806,2355,32,32,3859,18
18807,2356,48,48,231,2
18808,2356,71,71,254,2
18809,2356,102,102,285,2
18810,2356,112,112,295,2
18811,2356,114,114,297,2
18812,2356,127,127,310,2
18813,2356,143,145,326,2
18814,2356,147,147,330,2
18815,2356,151,151,334,2
18816,2356,156,156,339,2
18817,2356,158,159,341,2
18818,2356,161,161,344,2
18819,2356,164,165,347,2
18820,2356,168,168,351,2
18821,2356,171,171,354,2
18822,2356,178,178,361,2
18823,2356,180,180,363,2
18824,2356,182,187,365,2
18825,2356,190,190,373,2
18826,2356,1,6,378,3
18827,2356,9,10,386,3
18828,2356,14,14,391,3
18829,2356,22,22,399,3
18830,2356,26,27,403,3
18831,2356,31,32,408,3
18832,2356,36,37,413,3
18833,2356,48,48,425,3
18834,2356,5,5,437,4
18835,2356,10,10,442,4
18836,2356,26,26,458,4
18837,2356,34,35,466,4
18838,2356,40,40,472,4
18839,2356,42,44,474,4
18840,2356,55,55,487,4
18841,2356,60,60,492,4
18842,2356,67,67,499,4
18843,2356,89,89,521,4
18844,2356,91,91,523,4
18845,2356,101,101,533,4
18846,2356,117,118,549,4
18847,2356,122,122,554,4
18848,2356,140,141,572,4
18849,2356,149,149,581,4
18850,2356,151,151,583,4
18851,2356,154,155,586,4
18852,2356,157,159,589,4
18853,2356,163,164,595,4
18854,2356,166,166,598,4
18855,2356,169,169,601,4
18856,2356,175,175,607,4
18857,2356,180,180,612,4
18858,2356,22,22,670,5
18859,2356,35,35,683,5
18860,2356,46,48,694,5
18861,2356,50,50,698,5
18862,2356,66,66,714,5
18863,2356,76,77,724,5
18864,2356,81,81,729,5
18865,2356,94,94,742,5
18866,2356,146,147,794,5
18867,2356,159,159,807,5
18868,2356,162,164,810,5
18869,2356,172,173,820,5
18870,2356,178,178,826,5
18871,2356,182,183,830,5
18872,2356,187,187,835,5
18873,2356,192,192,840,5
18874,2356,194,195,842,5
18875,2356,197,197,845,5
18876,2356,202,202,850,5
18877,2356,208,209,856,5
18878,2356,211,211,859,5
18879,2356,215,217,863,5
18880,2356,221,221,869,5
18881,2356,224,225,872,5
18882,2356,229,229,877,5
18883,2356,234,235,882,5
18884,2356,22,22,912,6
18885,2356,25,25,915,6
18886,2356,30,30,920,6
18887,2356,32,33,922,6
18888,2356,37,39,927,6
18889,2356,43,45,933,6
18890,2356,48,49,938,6
18891,2356,51,51,941,6
18892,2356,125,125,1015,6
18893,2356,205,205,1095,6
18894,2356,209,209,1099,6
18895,2356,211,212,1101,6
18896,2356,217,217,1107,6
18897,2356,133,133,1261,7
18898,2356,206,206,1334,7
18899,2356,34,35,1395,8
18900,2356,37,38,1398,8
18901,2356,111,111,1472,8
18902,2356,62,62,1663,9
18903,2356,38,38,1893,10
18904,2356,231,232,2086,10
18905,2356,19,19,2131,11
18906,2356,21,21,2133,11
18907,2356,176,176,2288,11
18908,2356,153,153,2521,12
18909,2356,176,178,2544,12
18910,2356,181,182,2549,12
18911,2356,67,67,2679,13
18912,2356,193,194,2805,13
18913,2356,200,201,2812,13
18914,2356,216,216,2828,13
18915,2356,97,97,2956,14
18916,2356,115,115,2974,14
18917,2356,31,31,3858,18
18918,2356,49,50,3876,18
18919,2356,99,99,3926,18
18920,2356,175,176,5036,20
18921,2356,36,37,4407,21
18922,2357,98,98,281,2
18923,2357,151,151,334,2
18924,2357,176,176,359,2
18925,2357,187,187,370,2
18926,2357,11,11,443,4
18927,2357,102,102,534,4
18928,2357,117,118,549,4
18929,2357,120,120,552,4
18930,2357,122,122,554,4
18931,2357,126,126,558,4
18932,2357,128,128,560,4
18933,2357,154,155,586,4
18934,2357,159,160,591,4
18935,2357,171,171,603,4
18936,2357,13,13,661,5
18937,2357,47,48,695,5
18938,2357,76,76,724,5
18939,2357,98,98,746,5
18940,2357,108,108,756,5
18941,2357,176,176,824,5
18942,2357,182,182,830,5
18943,2357,186,187,834,5
18944,2357,35,35,1396,8
18945,2357,232,232,2087,10
18946,2357,177,178,2545,12
18947,2357,180,180,2548,12
18948,2357,183,184,2551,12
18949,2357,31,32,3858,18
18950,2358,214,214,3544,16
18951,2359,211,211,4582,21
18952,2360,203,203,2571,12
18953,2360,168,168,3027,14
18954,2361,92,93,1947,10
18955,2361,185,185,2040,10
18956,2361,201,201,2056,10
18957,2361,228,228,2083,10
18958,2361,10,10,2122,11
18959,2362,60,60,4921,20
18960,2362,62,62,4923,20
18961,2362,64,66,4925,20
18962,2362,92,92,4953,20
18963,2362,122,122,4983,20
18964,2362,159,159,5020,20
18965,2362,143,143,4780,22
18966,2363,47,47,2906,14
18967,2364,43,43,1898,10
18968,2365,92,93,1947,10
18969,2365,184,185,2039,10
18970,2365,201,201,2056,10
18971,2365,228,228,2083,10
18972,2365,10,10,2122,11
18973,2366,111,111,2223,11
18974,2366,203,203,2815,13
18975,2367,40,40,2652,13
18976,2367,22,22,2881,14
18977,2367,72,72,2931,14
18978,2367,131,132,2990,14
18979,2367,182,182,3041,14
18980,2367,220,220,3079,14
18981,2367,133,133,3235,15
18982,2368,162,162,4251,19
18983,2369,46,46,2158,11
18984,2369,68,68,2180,11
18985,2369,147,148,2259,11
18986,2369,63,64,2431,12
18987,2369,101,101,2469,12
18988,2369,115,116,2483,12
18989,2369,32,32,2644,13
18990,2369,167,167,2779,13
18991,2369,201,202,2813,13
18992,2369,226,226,2838,13
18993,2369,26,26,2885,14
18994,2369,77,77,2936,14
18995,2369,91,91,3193,15
18996,2369,116,116,3218,15
18997,2369,181,181,3283,15
18998,2369,165,166,3992,18
18999,2370,46,47,2158,11
19000,2370,147,148,2259,11
19001,2370,63,63,2431,12
19002,2370,88,88,2456,12
19003,2370,95,95,2463,12
19004,2370,115,115,2483,12
19005,2370,32,33,2644,13
19006,2370,71,71,2683,13
19007,2370,167,167,2779,13
19008,2370,26,26,2885,14
19009,2370,30,30,2889,14
19010,2370,77,77,2936,14
19011,2370,91,91,3193,15
19012,2370,116,116,3218,15
19013,2370,181,181,3283,15
19014,2370,165,166,3992,18
19015,2371,224,224,1352,7
19016,2372,169,169,4806,22
19017,2373,147,147,146,1
19018,2373,153,155,152,1
19019,2374,34,34,924,6
19020,2375,5,5,188,2
19021,2376,67,67,66,1
19022,2377,142,145,4513,21
19023,2377,158,158,4529,21
19024,2377,11,11,4648,22
19025,2377,71,71,4708,22
19026,2377,108,108,4745,22
19027,2378,142,142,4513,21
19028,2379,202,202,1563,8
19029,2380,128,128,1729,9
19030,2380,118,119,3945,18
19031,2380,83,83,4172,19
19032,2381,136,136,319,2
19033,2381,77,77,509,4
19034,2382,38,38,4675,22
19035,2383,125,125,308,2
19036,2383,48,48,480,4
19037,2384,60,60,1915,10
19038,2384,196,196,2051,10
19039,2384,232,232,2087,10
19040,2384,239,239,2094,10
19041,2384,248,248,2103,10
19042,2384,254,254,2109,10
19043,2384,17,17,2129,11
19044,2384,27,27,2139,11
19045,2384,36,36,2148,11
19046,2384,39,39,2151,11
19047,2384,67,67,2179,11
19048,2384,73,73,2185,11
19049,2384,85,85,2197,11
19050,2384,114,114,2226,11
19051,2384,171,171,2283,11
19052,2384,174,174,2286,11
19053,2384,178,178,2290,11
19054,2384,190,190,2302,11
19055,2384,195,195,2307,11
19056,2384,203,203,2315,11
19057,2384,6,7,2374,12
19058,2384,14,14,2382,12
19059,2384,23,23,2391,12
19060,2384,35,35,2403,12
19061,2384,48,48,2416,12
19062,2384,67,67,2435,12
19063,2384,79,79,2447,12
19064,2384,93,93,2461,12
19065,2384,119,119,2487,12
19066,2384,155,155,2523,12
19067,2384,185,185,2553,12
19068,2384,195,195,2563,12
19069,2384,203,203,2571,12
19070,2384,13,13,2625,13
19071,2384,39,39,2651,13
19072,2384,47,47,2659,13
19073,2384,118,118,2730,13
19074,2384,135,136,2747,13
19075,2384,138,140,2750,13
19076,2384,154,155,2766,13
19077,2384,157,159,2769,13
19078,2384,165,165,2777,13
19079,2384,215,215,2827,13
19080,2384,224,224,2836,13
19081,2384,5,5,2864,14
19082,2384,19,19,2878,14
19083,2384,54,54,2913,14
19084,2384,56,56,2915,14
19085,2384,68,68,2927,14
19086,2384,155,155,3014,14
19087,2384,226,226,3085,14
19088,2384,25,25,3127,15
19089,2384,32,32,3134,15
19090,2384,44,44,3146,15
19091,2384,117,117,3219,15
19092,2384,169,169,3271,15
19093,2384,177,177,3279,15
19094,2384,54,54,3384,16
19095,2384,17,18,3597,17
19096,2384,207,207,3787,17
19097,2384,26,26,3853,18
19098,2384,139,139,3966,18
19099,2385,154,154,2766,13
19100,2385,25,25,3127,15
19101,2385,45,45,3147,15
19102,2386,217,217,4854,22
19103,2387,63,63,62,1
19104,2387,12,12,389,3
19105,2387,16,16,393,3
19106,2387,21,21,398,3
19107,2387,26,26,403,3
19108,2387,35,35,412,3
19109,2387,37,43,414,3
19110,2387,45,45,422,3
19111,2387,48,48,425,3
19112,2387,11,11,443,4
19113,2387,86,86,518,4
19114,2387,137,137,569,4
19115,2387,48,48,2907,14
19116,2387,51,51,2910,14
19117,2387,55,55,2914,14
19118,2387,281,281,4370,19
19119,2388,18,18,1619,9
19120,2388,20,20,1621,9
19121,2389,139,139,322,2
19122,2390,169,169,1059,6
19123,2391,20,20,3122,15
19124,2391,22,22,3124,15
19125,2391,45,46,3147,15
19126,2391,63,63,3165,15
19127,2391,74,75,3176,15
19128,2391,78,78,3180,15
19129,2391,162,162,3264,15
19130,2392,75,75,3177,15
19131,2393,75,75,3177,15
19132,2394,163,163,346,2
19133,2395,178,178,177,1
19134,2396,178,178,177,1
19135,2397,192,192,3294,15
19136,2398,231,231,2843,13
19137,2399,120,120,4209,19
19138,2399,136,136,4225,19
19139,2400,18,18,3120,15
19140,2400,22,22,3124,15
19141,2401,131,131,1492,8
19142,2401,127,127,3229,15
19143,2401,82,82,4453,21
19144,2402,204,204,4031,18
19145,2402,207,207,4034,18
19146,2402,225,225,4052,18
19147,2402,242,242,4069,18
19148,2402,244,244,4071,18
19149,2402,8,8,4097,19
19150,2402,22,22,4111,19
19151,2402,125,125,4214,19
19152,2402,142,142,4231,19
19153,2402,148,148,4237,19
19154,2403,225,225,4052,18
19155,2404,177,177,2032,10
19156,2405,169,169,3271,15
19157,2406,112,113,4483,21
19158,2407,78,78,4449,21
19159,2408,34,34,466,4
19160,2408,38,39,470,4
19161,2408,90,91,522,4
19162,2408,95,96,527,4
19163,2408,105,105,537,4
19164,2409,12,12,444,4
19165,2409,20,20,452,4
19166,2409,22,22,454,4
19167,2409,33,34,465,4
19168,2409,40,40,472,4
19169,2409,46,46,478,4
19170,2409,82,82,514,4
19171,2409,95,96,527,4
19172,2409,98,99,530,4
19173,2409,101,103,533,4
19174,2409,105,105,537,4
19175,2409,111,112,543,4
19176,2409,115,115,547,4
19177,2409,119,119,551,4
19178,2409,121,122,553,4
19179,2409,136,136,568,4
19180,2409,138,138,570,4
19181,2409,140,140,572,4
19182,2409,142,142,574,4
19183,2409,144,145,576,4
19184,2409,147,147,579,4
19185,2409,149,149,581,4
19186,2409,153,153,585,4
19187,2409,157,157,589,4
19188,2409,174,174,606,4
19189,2409,178,178,610,4
19190,2409,14,15,662,5
19191,2409,27,27,675,5
19192,2409,40,40,688,5
19193,2409,42,42,690,5
19194,2409,44,45,692,5
19195,2409,53,53,701,5
19196,2409,67,67,715,5
19197,2409,85,85,733,5
19198,2409,92,92,740,5
19199,2409,108,109,756,5
19200,2409,152,152,800,5
19201,2409,178,179,826,5
19202,2409,127,128,1728,9
19203,2409,261,261,4088,18
19204,2410,58,58,2670,13
19205,2410,69,69,2681,13
19206,2410,73,73,2685,13
19207,2410,89,89,2701,13
19208,2410,93,93,2705,13
19209,2410,113,114,2725,13
19210,2410,170,170,2782,13
19211,2410,204,204,2816,13
19212,2410,209,209,2821,13
19213,2410,232,232,2844,13
19214,2410,239,240,2851,13
19215,2410,65,65,2924,14
19216,2410,94,94,2953,14
19217,2410,160,160,3019,14
19218,2410,38,38,3368,16
19219,2410,50,50,3380,16
19220,2410,55,55,3385,16
19221,2410,58,58,3388,16
19222,2410,97,97,3427,16
19223,2410,128,128,3458,16
19224,2410,140,140,3470,16
19225,2410,152,152,3482,16
19226,2410,206,206,3536,16
19227,2410,233,233,3563,16
19228,2410,206,206,3786,17
19229,2411,239,239,2851,13
19230,2412,155,155,3982,18
19231,2413,76,76,2935,14
19232,2414,157,157,4246,19
19233,2414,167,167,4256,19
19234,2414,178,179,4267,19
19235,2415,249,249,4620,21
19236,2416,125,125,308,2
19237,2417,191,191,1552,8
19238,2417,209,209,1570,8
19239,2417,92,92,1693,9
19240,2417,134,134,1735,9
19241,2418,140,140,3242,15
19242,2419,167,167,4538,21
19243,2419,171,171,4542,21
19244,2419,17,17,4654,22
19245,2420,29,29,28,1
19246,2420,131,131,130,1
19247,2420,157,157,156,1
19248,2421,225,225,4052,18
19249,2421,237,238,4064,18
19250,2422,140,141,139,1
19251,2422,150,150,149,1
19252,2422,167,167,166,1
19253,2422,12,12,195,2
19254,2422,103,103,286,2
19255,2422,137,137,569,4
19256,2422,38,38,686,5
19257,2423,41,41,3143,15
19258,2423,61,61,3163,15
19259,2423,86,86,3188,15
19260,2423,99,100,3201,15
19261,2423,104,104,3206,15
19262,2423,141,141,3243,15
19263,2423,157,157,3259,15
19264,2424,237,237,4326,19
19265,2425,157,157,4528,21
19266,2425,159,159,4530,21
19267,2425,161,161,4532,21
19268,2426,179,179,1307,7
19269,2427,5,5,1860,10
19270,2428,215,215,3795,17
19271,2429,213,213,4584,21
19272,2430,163,163,595,4
19273,2430,180,180,612,4
19274,2430,35,35,683,5
19275,2430,37,37,1398,8
19276,2431,136,137,1497,8
19277,2432,155,155,4526,21
19278,2433,209,209,4580,21
19279,2434,37,37,36,1
19280,2434,55,55,2914,14
19281,2435,154,154,3013,14
19282,2435,181,181,3283,15
19283,2435,40,41,3370,16
19284,2435,104,104,3434,16
19285,2435,108,109,3438,16
19286,2435,207,207,3537,16
19287,2435,174,174,3754,17
19288,2435,176,176,3756,17
19289,2435,203,203,3783,17
19290,2435,42,42,3869,18
19291,2435,117,117,3944,18
19292,2436,26,26,25,1
19293,2437,154,154,337,2
19294,2437,7,7,384,3
19295,2437,99,99,3429,16
19296,2437,157,157,3487,16
19297,2437,160,160,3490,16
19298,2437,140,140,4229,19
19299,2437,54,54,4915,20
19300,2438,24,24,3604,17
19301,2438,197,197,3777,17
19302,2438,22,23,3849,18
19303,2438,25,25,3852,18
19304,2438,30,30,3857,18
19305,2438,38,38,3865,18
19306,2438,59,63,3886,18
19307,2438,66,66,3893,18
19308,2438,103,103,3930,18
19309,2438,120,120,3947,18
19310,2438,164,164,3991,18
19311,2438,92,92,4181,19
19312,2439,22,23,3849,18
19313,2439,30,30,3857,18
19314,2439,38,38,3865,18
19315,2439,59,60,3886,18
19316,2439,62,62,3889,18
19317,2439,66,66,3893,18
19318,2439,119,120,3946,18
19319,2439,164,164,3991,18
19320,2439,92,92,4181,19
19321,2440,223,223,871,5
19322,2441,4,4,381,3
19323,2441,8,8,385,3
19324,2441,11,11,388,3
19325,2441,14,14,391,3
19326,2441,26,27,403,3
19327,2441,36,36,413,3
19328,2441,47,47,424,3
19329,2441,51,51,428,3
19330,2441,17,17,449,4
19331,2441,41,41,473,4
19332,2441,49,49,481,4
19333,2441,106,106,538,4
19334,2441,66,66,714,5
19335,2441,166,166,814,5
19336,2441,187,187,3517,16
19337,2441,155,155,3982,18
19338,2442,78,78,4449,21
19339,2443,48,49,2160,11
19340,2443,68,68,2180,11
19341,2443,148,148,2260,11
19342,2443,149,150,3976,18
19343,2444,43,43,1171,7
19344,2445,71,72,503,4
19345,2446,80,82,79,1
19346,2446,84,84,83,1
19347,2446,105,105,104,1
19348,2446,114,114,113,1
19349,2446,70,70,502,4
19350,2446,73,75,505,4
19351,2446,160,160,808,5
19352,2446,163,163,1291,7
19353,2446,166,166,1294,7
19354,2446,168,168,1296,7
19355,2446,36,36,1637,9
19356,2446,67,68,1668,9
19357,2446,120,122,1721,9
19358,2446,242,242,1843,9
19359,2446,49,49,1904,10
19360,2446,255,255,2110,10
19361,2446,132,134,2244,11
19362,2446,176,177,2288,11
19363,2446,253,253,2365,11
19364,2446,8,9,2867,14
19365,2446,82,82,2941,14
19366,2446,56,56,3883,18
19367,2446,81,81,3908,18
19368,2446,95,95,3922,18
19369,2446,104,105,3931,18
19370,2446,150,150,3977,18
19371,2446,152,152,3979,18
19372,2446,169,169,3996,18
19373,2446,181,181,4008,18
19374,2446,211,211,4038,18
19375,2446,172,172,5033,20
19376,2447,144,144,2256,11
19377,2448,188,189,2300,11
19378,2448,35,36,2403,12
19379,2448,41,46,2409,12
19380,2448,48,48,2416,12
19381,2448,51,51,2419,12
19382,2448,57,58,2425,12
19383,2448,61,64,2429,12
19384,2448,67,67,2435,12
19385,2448,70,72,2438,12
19386,2448,77,77,2445,12
19387,2448,79,79,2447,12
19388,2448,84,84,2452,12
19389,2448,87,88,2455,12
19390,2448,90,92,2458,12
19391,2448,94,97,2462,12
19392,2448,99,99,2467,12
19393,2448,101,102,2469,12
19394,2448,107,118,2475,12
19395,2448,122,126,2490,12
19396,2448,128,130,2496,12
19397,2448,134,134,2502,12
19398,2448,136,143,2504,12
19399,2448,147,147,2515,12
19400,2448,156,156,2524,12
19401,2448,167,167,2535,12
19402,2448,204,204,2572,12
19403,2448,231,232,2599,12
19404,2448,20,22,2632,13
19405,2448,29,29,2641,13
19406,2448,51,51,2663,13
19407,2448,69,69,2681,13
19408,2448,74,74,2686,13
19409,2448,88,88,2700,13
19410,2448,238,238,2850,13
19411,2448,20,20,3348,16
19412,2448,43,44,3373,16
19413,2448,54,55,3384,16
19414,2448,70,71,3400,16
19415,2448,75,75,3405,16
19416,2448,78,78,3408,16
19417,2448,101,101,3431,16
19418,2448,113,113,3443,16
19419,2448,175,175,3505,16
19420,2448,75,76,3655,17
19421,2448,174,174,5035,20
19422,2449,70,70,3400,16
19423,2450,137,138,3717,17
19424,2450,140,140,3720,17
19425,2451,32,32,1633,9
19426,2451,36,36,1637,9
19427,2451,191,191,2559,12
19428,2452,242,242,4331,19
19429,2453,47,47,2906,14
19430,2454,224,224,4595,21
19431,2455,224,224,4595,21
19432,2456,110,110,2222,11
19433,2456,191,191,2559,12
19434,2457,233,236,4322,19
19435,2457,242,242,4331,19
19436,2457,245,245,4334,19
19437,2457,276,276,4365,19
19438,2457,40,40,4901,20
19439,2457,136,136,4507,21
19440,2458,80,80,728,5
19441,2458,37,37,1165,7
19442,2458,79,79,1207,7
19443,2458,108,108,1963,10
19444,2458,75,75,2187,11
19445,2458,53,53,2665,13
19446,2458,179,179,2791,13
19447,2458,47,47,3377,16
19448,2458,157,157,3984,18
19449,2459,98,98,3428,16
19450,2459,198,198,4025,18
19451,2460,186,186,3288,15
19452,2460,92,92,3672,17
19453,2461,141,141,3968,18
19454,2462,104,104,1232,7
19455,2463,125,125,308,2
19456,2464,79,79,1207,7
19457,2465,49,49,48,1
19458,2465,103,103,102,1
19459,2465,117,118,116,1
19460,2465,121,121,120,1
19461,2465,175,175,174,1
19462,2465,7,7,190,2
19463,2465,27,29,210,2
19464,2465,35,35,218,2
19465,2465,42,42,225,2
19466,2465,56,58,239,2
19467,2465,62,62,245,2
19468,2465,64,65,247,2
19469,2465,73,73,256,2
19470,2465,76,79,259,2
19471,2465,83,83,266,2
19472,2465,87,88,270,2
19473,2465,91,91,274,2
19474,2465,99,99,282,2
19475,2465,108,108,291,2
19476,2465,132,134,315,2
19477,2465,141,141,324,2
19478,2465,155,155,338,2
19479,2465,157,157,340,2
19480,2465,165,165,348,2
19481,2465,171,176,354,2
19482,2465,19,19,451,4
19483,2465,97,98,529,4
19484,2465,116,117,548,4
19485,2465,130,132,562,4
19486,2465,143,143,575,4
19487,2465,159,159,591,4
19488,2465,177,177,609,4
19489,2465,8,8,656,5
19490,2465,14,14,662,5
19491,2465,17,17,665,5
19492,2465,29,29,677,5
19493,2465,34,35,682,5
19494,2465,44,45,692,5
19495,2465,170,171,818,5
19496,2465,190,190,838,5
19497,2465,197,200,845,5
19498,2465,202,205,850,5
19499,2465,211,211,859,5
19500,2465,227,228,875,5
19501,2466,135,135,2994,14
19502,2466,147,147,3006,14
19503,2467,129,129,4500,21
19504,2467,133,133,4504,21
19505,2467,137,137,4508,21
19506,2467,6,6,4643,22
19507,2468,226,226,3556,16
19508,2469,47,47,3377,16
19509,2470,78,78,4449,21
19510,2471,220,221,3800,17
19511,2472,111,111,1472,8
19512,2473,91,91,739,5
19513,2474,84,84,1939,10
19514,2475,91,91,4462,21
19515,2476,98,98,1226,7
19516,2477,256,256,4627,21
19517,2478,83,83,731,5
19518,2478,99,99,747,5
19519,2478,108,108,756,5
19520,2478,170,171,818,5
19521,2478,174,174,822,5
19522,2478,62,62,3642,17
19523,2479,84,84,732,5
19524,2479,46,46,936,6
19525,2479,201,201,1091,6
19526,2479,206,206,1096,6
19527,2479,218,218,1108,6
19528,2479,49,49,1177,7
19529,2479,160,161,1288,7
19530,2479,170,170,1298,7
19531,2479,193,194,1321,7
19532,2479,30,30,1391,8
19533,2479,36,36,1397,8
19534,2479,44,44,1405,8
19535,2479,56,56,1417,8
19536,2479,65,65,1426,8
19537,2479,70,70,1431,8
19538,2479,82,82,1443,8
19539,2479,100,100,1461,8
19540,2479,151,151,1512,8
19541,2479,176,176,1537,8
19542,2479,190,190,1551,8
19543,2479,195,195,1556,8
19544,2479,206,206,1567,8
19545,2479,211,212,1572,8
19546,2479,214,214,1575,8
19547,2479,224,224,1585,8
19548,2479,10,10,1611,9
19549,2479,40,40,1641,9
19550,2479,42,42,1643,9
19551,2479,48,48,1649,9
19552,2479,55,55,1656,9
19553,2479,103,103,1704,9
19554,2479,140,140,1741,9
19555,2479,174,174,1775,9
19556,2479,176,176,1777,9
19557,2479,181,181,1782,9
19558,2479,203,203,1804,9
19559,2479,238,238,1839,9
19560,2479,32,33,1887,10
19561,2479,66,66,1921,10
19562,2479,72,72,1927,10
19563,2479,74,75,1929,10
19564,2479,109,109,1964,10
19565,2479,127,129,1982,10
19566,2479,163,163,2018,10
19567,2479,169,169,2024,10
19568,2479,209,209,2064,10
19569,2479,229,229,2084,10
19570,2479,231,231,2086,10
19571,2479,8,8,2120,11
19572,2479,33,33,2145,11
19573,2479,126,126,2238,11
19574,2479,23,23,2391,12
19575,2479,84,84,2452,12
19576,2479,89,90,2457,12
19577,2479,109,110,2477,12
19578,2479,118,119,2486,12
19579,2479,121,122,2489,12
19580,2479,146,146,2514,12
19581,2479,187,187,2555,12
19582,2479,200,200,2568,12
19583,2479,47,47,2659,13
19584,2479,49,49,2661,13
19585,2479,115,115,2727,13
19586,2479,123,123,2735,13
19587,2479,125,125,2737,13
19588,2479,127,127,2739,13
19589,2479,133,133,2745,13
19590,2479,170,170,2782,13
19591,2479,218,219,2830,13
19592,2479,232,232,2844,13
19593,2479,24,24,2883,14
19594,2479,46,46,2905,14
19595,2479,134,134,2993,14
19596,2479,148,148,3007,14
19597,2479,35,36,3137,15
19598,2479,152,152,3254,15
19599,2479,178,178,3280,15
19600,2479,13,13,3341,16
19601,2479,20,20,3348,16
19602,2479,80,80,3410,16
19603,2479,129,129,3459,16
19604,2479,176,176,3506,16
19605,2479,204,204,3534,16
19606,2479,234,234,3564,16
19607,2479,17,17,3597,17
19608,2479,207,207,3787,17
19609,2479,213,213,3793,17
19610,2479,216,216,3796,17
19611,2479,10,10,3837,18
19612,2479,21,21,3848,18
19613,2479,28,29,3855,18
19614,2479,45,45,3872,18
19615,2479,47,47,3874,18
19616,2479,72,72,3899,18
19617,2479,78,78,3905,18
19618,2479,90,90,3917,18
19619,2479,166,166,3993,18
19620,2479,229,230,4056,18
19621,2479,260,260,4087,18
19622,2479,6,7,4095,19
19623,2479,11,12,4100,19
19624,2479,16,18,4105,19
19625,2479,21,21,4110,19
19626,2479,62,62,4151,19
19627,2479,77,78,4166,19
19628,2479,153,153,4242,19
19629,2479,21,22,4882,20
19630,2479,28,28,4889,20
19631,2479,35,35,4896,20
19632,2479,169,169,5030,20
19633,2479,172,172,5033,20
19634,2479,32,32,4403,21
19635,2479,45,46,4416,21
19636,2479,65,65,4436,21
19637,2479,73,73,4710,22
19638,2479,99,101,4736,22
19639,2479,160,161,4797,22
19640,2479,175,176,4812,22
19641,2480,119,119,2487,12
19642,2480,45,45,4416,21
19643,2481,27,27,3854,18
19644,2482,46,46,2414,12
19645,2482,188,188,2556,12
19646,2482,194,194,2562,12
19647,2482,199,199,2567,12
19648,2482,228,228,2596,12
19649,2482,26,26,2638,13
19650,2482,186,186,2798,13
19651,2482,224,224,2836,13
19652,2482,10,10,2869,14
19653,2482,91,91,3193,15
19654,2482,153,155,3483,16
19655,2482,27,28,3854,18
19656,2482,149,149,3976,18
19657,2482,8,10,4379,21
19658,2483,191,191,1552,8
19659,2484,130,130,1731,9
19660,2484,62,62,3642,17
19661,2485,191,191,1552,8
19662,2485,33,33,1634,9
19663,2485,91,92,1692,9
19664,2486,21,21,1382,8
19665,2486,40,40,1401,8
19666,2486,78,78,1439,8
19667,2486,130,130,1491,8
19668,2486,147,147,1508,8
19669,2486,163,163,1524,8
19670,2486,172,172,1533,8
19671,2486,174,175,1535,8
19672,2486,179,179,1540,8
19673,2486,183,183,1544,8
19674,2486,185,186,1546,8
19675,2486,188,189,1549,8
19676,2486,191,192,1552,8
19677,2486,207,209,1568,8
19678,2486,233,233,1594,8
19679,2486,7,7,1608,9
19680,2486,9,9,1610,9
19681,2486,17,17,1618,9
19682,2486,20,20,1621,9
19683,2486,33,33,1634,9
19684,2486,40,40,1641,9
19685,2486,47,47,1648,9
19686,2486,49,49,1650,9
19687,2486,51,51,1652,9
19688,2486,53,53,1654,9
19689,2486,91,93,1692,9
19690,2486,96,96,1697,9
19691,2486,99,101,1700,9
19692,2486,103,103,1704,9
19693,2486,106,106,1707,9
19694,2486,108,108,1709,9
19695,2486,111,111,1712,9
19696,2486,116,116,1717,9
19697,2486,121,121,1722,9
19698,2486,123,123,1724,9
19699,2486,130,131,1731,9
19700,2486,133,134,1734,9
19701,2486,138,138,1739,9
19702,2486,142,142,1743,9
19703,2486,144,144,1745,9
19704,2486,146,146,1747,9
19705,2486,148,149,1749,9
19706,2486,157,157,1758,9
19707,2486,180,181,1781,9
19708,2486,191,191,1792,9
19709,2486,196,197,1797,9
19710,2486,204,205,1805,9
19711,2486,207,208,1808,9
19712,2486,234,236,1835,9
19713,2486,238,238,1839,9
19714,2486,241,244,1842,9
19715,2486,6,7,1861,10
19716,2486,29,31,1884,10
19717,2486,38,39,1893,10
19718,2486,48,48,1903,10
19719,2486,71,71,1926,10
19720,2486,81,81,1936,10
19721,2486,90,90,1945,10
19722,2486,158,159,2013,10
19723,2486,171,172,2026,10
19724,2486,180,182,2035,10
19725,2486,188,188,2043,10
19726,2486,197,197,2052,10
19727,2486,210,210,2065,10
19728,2486,213,215,2068,10
19729,2486,217,217,2072,10
19730,2486,226,226,2081,10
19731,2486,228,228,2083,10
19732,2486,244,246,2099,10
19733,2486,248,248,2103,10
19734,2486,10,10,2122,11
19735,2486,17,17,2129,11
19736,2486,67,67,2179,11
19737,2486,85,85,2197,11
19738,2486,111,111,2223,11
19739,2486,117,117,2229,11
19740,2486,159,159,2271,11
19741,2486,166,166,2278,11
19742,2486,6,6,2374,12
19743,2486,14,14,2382,12
19744,2486,46,46,2414,12
19745,2486,72,72,2440,12
19746,2486,161,161,2529,12
19747,2486,194,194,2562,12
19748,2486,199,199,2567,12
19749,2486,225,225,2593,12
19750,2486,228,228,2596,12
19751,2486,26,26,2638,13
19752,2486,48,48,2660,13
19753,2486,186,186,2798,13
19754,2486,224,225,2836,13
19755,2486,10,10,2869,14
19756,2486,154,154,3013,14
19757,2486,160,160,3019,14
19758,2486,163,163,3022,14
19759,2486,167,167,3026,14
19760,2486,187,187,3289,15
19761,2486,69,69,3399,16
19762,2486,153,155,3483,16
19763,2486,184,184,3514,16
19764,2486,193,193,3523,16
19765,2486,222,222,3552,16
19766,2486,233,233,3563,16
19767,2486,40,41,3620,17
19768,2486,87,87,3667,17
19769,2486,224,224,3804,17
19770,2486,27,28,3854,18
19771,2486,31,31,3858,18
19772,2486,53,53,3880,18
19773,2486,55,55,3882,18
19774,2486,58,58,3885,18
19775,2486,69,69,3896,18
19776,2486,149,149,3976,18
19777,2486,162,162,3989,18
19778,2486,171,171,3998,18
19779,2486,10,10,4099,19
19780,2486,170,170,5031,20
19781,2486,8,9,4379,21
19782,2486,37,37,4408,21
19783,2486,57,57,4428,21
19784,2486,190,190,4827,22
19785,2487,125,125,2737,13
19786,2488,214,214,1104,6
19787,2488,137,137,1265,7
19788,2488,191,191,1319,7
19789,2488,220,220,1348,7
19790,2488,24,24,1385,8
19791,2488,31,31,1392,8
19792,2488,39,39,1400,8
19793,2488,79,79,1440,8
19794,2488,128,129,1489,8
19795,2488,135,135,1496,8
19796,2488,142,142,1503,8
19797,2488,144,149,1505,8
19798,2488,153,157,1514,8
19799,2488,159,159,1520,8
19800,2488,173,174,1534,8
19801,2488,178,178,1539,8
19802,2488,83,83,1684,9
19803,2488,34,34,2402,12
19804,2488,117,117,2485,12
19805,2488,41,41,3868,18
19806,2489,160,160,1521,8
19807,2489,237,237,1598,8
19808,2490,91,91,739,5
19809,2490,208,209,1098,6
19810,2490,211,212,1101,6
19811,2490,214,214,1104,6
19812,2490,217,217,1107,6
19813,2490,220,220,1110,6
19814,2490,223,223,1113,6
19815,2490,229,229,1119,6
19816,2490,19,19,1147,7
19817,2490,130,130,1258,7
19818,2490,133,139,1261,7
19819,2490,141,143,1269,7
19820,2490,145,145,1273,7
19821,2490,153,153,1281,7
19822,2490,156,157,1284,7
19823,2490,159,159,1287,7
19824,2490,167,167,1295,7
19825,2490,171,171,1299,7
19826,2490,175,175,1303,7
19827,2490,184,184,1312,7
19828,2490,191,192,1319,7
19829,2490,198,199,1326,7
19830,2490,201,201,1329,7
19831,2490,210,211,1338,7
19832,2490,214,214,1342,7
19833,2490,216,217,1344,7
19834,2490,219,220,1347,7
19835,2490,5,5,1366,8
19836,2490,10,11,1371,8
19837,2490,13,13,1374,8
19838,2490,15,15,1376,8
19839,2490,20,20,1381,8
19840,2490,22,24,1383,8
19841,2490,26,26,1387,8
19842,2490,31,31,1392,8
19843,2490,38,39,1399,8
19844,2490,43,43,1404,8
19845,2490,56,56,1417,8
19846,2490,64,65,1425,8
19847,2490,69,70,1430,8
19848,2490,80,80,1441,8
19849,2490,82,82,1443,8
19850,2490,102,102,1463,8
19851,2490,105,105,1466,8
19852,2490,126,129,1487,8
19853,2490,133,133,1494,8
19854,2490,135,135,1496,8
19855,2490,142,142,1503,8
19856,2490,144,149,1505,8
19857,2490,152,156,1513,8
19858,2490,158,162,1519,8
19859,2490,164,164,1525,8
19860,2490,166,166,1527,8
19861,2490,169,169,1530,8
19862,2490,171,171,1532,8
19863,2490,178,178,1539,8
19864,2490,182,182,1543,8
19865,2490,186,186,1547,8
19866,2490,213,213,1574,8
19867,2490,237,237,1598,8
19868,2490,45,45,1646,9
19869,2490,83,83,1684,9
19870,2490,96,96,1697,9
19871,2490,107,107,1708,9
19872,2490,124,124,1725,9
19873,2490,129,129,1730,9
19874,2490,244,244,1845,9
19875,2490,35,35,1890,10
19876,2490,54,54,1909,10
19877,2490,200,200,2055,10
19878,2490,240,240,2095,10
19879,2490,31,31,2143,11
19880,2490,70,70,2182,11
19881,2490,34,34,2402,12
19882,2490,81,81,2449,12
19883,2490,45,45,2657,13
19884,2490,238,238,2850,13
19885,2490,26,26,2885,14
19886,2490,95,95,3197,15
19887,2490,28,28,3608,17
19888,2490,41,41,3868,18
19889,2490,173,173,4000,18
19890,2490,261,261,4088,18
19891,2490,20,20,4109,19
19892,2491,208,208,1098,6
19893,2491,214,214,1104,6
19894,2491,137,137,1265,7
19895,2491,185,185,1313,7
19896,2491,191,191,1319,7
19897,2491,199,199,1327,7
19898,2491,220,220,1348,7
19899,2491,23,24,1384,8
19900,2491,31,31,1392,8
19901,2491,39,39,1400,8
19902,2491,43,43,1404,8
19903,2491,65,65,1426,8
19904,2491,69,70,1430,8
19905,2491,126,126,1487,8
19906,2491,128,129,1489,8
19907,2491,142,142,1503,8
19908,2491,146,149,1507,8
19909,2491,153,154,1514,8
19910,2491,156,159,1517,8
19911,2491,161,161,1522,8
19912,2491,164,164,1525,8
19913,2491,166,166,1527,8
19914,2491,169,169,1530,8
19915,2491,171,171,1532,8
19916,2491,177,178,1538,8
19917,2491,181,182,1542,8
19918,2491,186,187,1547,8
19919,2491,212,213,1573,8
19920,2491,20,20,1621,9
19921,2491,83,83,1684,9
19922,2491,123,126,1724,9
19923,2491,138,138,1739,9
19924,2491,74,74,1929,10
19925,2491,104,104,1959,10
19926,2491,159,159,2014,10
19927,2491,27,27,2139,11
19928,2491,31,31,2143,11
19929,2491,89,89,2201,11
19930,2491,117,118,2229,11
19931,2491,34,34,2402,12
19932,2491,92,92,2460,12
19933,2491,117,117,2485,12
19934,2491,194,194,2562,12
19935,2491,197,198,2565,12
19936,2491,220,221,2588,12
19937,2491,224,224,2592,12
19938,2491,25,26,2637,13
19939,2491,28,28,2640,13
19940,2491,41,42,2653,13
19941,2491,45,46,2657,13
19942,2491,58,58,2670,13
19943,2491,72,72,2684,13
19944,2491,189,189,2801,13
19945,2491,239,239,2851,13
19946,2491,94,94,2953,14
19947,2491,41,41,3371,16
19948,2491,50,50,3380,16
19949,2491,58,58,3388,16
19950,2491,97,97,3427,16
19951,2491,140,140,3470,16
19952,2491,177,177,3507,16
19953,2491,28,28,3608,17
19954,2491,202,202,3782,17
19955,2491,206,206,3786,17
19956,2491,249,249,4076,18
19957,2492,52,52,429,3
19958,2492,150,150,582,4
19959,2492,26,27,674,5
19960,2492,83,83,731,5
19961,2492,88,88,736,5
19962,2492,96,96,744,5
19963,2492,101,101,749,5
19964,2492,148,148,796,5
19965,2492,191,191,839,5
19966,2493,138,139,137,1
19967,2494,66,70,956,6
19968,2494,72,72,962,6
19969,2494,75,75,965,6
19970,2494,77,77,967,6
19971,2494,88,88,978,6
19972,2495,213,213,4584,21
19973,2496,262,262,4633,21
19974,2497,78,78,4449,21
19975,2498,143,146,142,1
19976,2498,150,150,149,1
19977,2498,152,152,151,1
19978,2498,18,18,201,2
19979,2498,34,34,217,2
19980,2498,62,62,245,2
19981,2499,104,104,1232,7
19982,2500,104,104,1232,7
19983,2501,92,92,2951,14
19984,2501,109,109,2968,14
19985,2501,196,196,3055,14
19986,2501,64,64,3166,15
19987,2501,70,70,3172,15
19988,2501,75,75,3177,15
19989,2501,97,97,3199,15
19990,2501,103,103,3205,15
19991,2501,179,179,3281,15
19992,2501,182,182,3284,15
19993,2501,187,187,3289,15
19994,2501,194,194,3296,15
19995,2501,221,221,3323,15
19996,2501,11,12,3339,16
19997,2501,211,211,3791,17
19998,2501,238,238,3818,17
19999,2501,244,244,3824,17
20000,2501,97,97,3924,18
20001,2501,206,206,4033,18
20002,2501,17,17,4106,19
20003,2501,36,36,4125,19
20004,2501,40,40,4129,19
20005,2501,104,104,4193,19
20006,2501,235,235,4324,19
20007,2501,276,276,4365,19
20008,2501,72,72,4933,20
20009,2501,99,99,4960,20
20010,2501,136,136,4507,21
20011,2501,138,138,4509,21
20012,2501,203,203,4574,21
20013,2502,257,257,4628,21
20014,2503,12,12,3839,18
20015,2503,207,207,4034,18
20016,2503,229,229,4056,18
20017,2504,159,159,158,1
20018,2504,164,165,163,1
20019,2504,19,19,202,2
20020,2504,30,30,213,2
20021,2504,86,86,269,2
20022,2504,98,98,281,2
20023,2504,109,110,292,2
20024,2504,112,112,295,2
20025,2504,19,19,396,3
20026,2504,41,42,689,5
20027,2504,214,214,1575,8
20028,2505,111,112,1966,10
20029,2506,192,193,3051,14
20030,2506,195,195,3054,14
20031,2506,208,208,3067,14
20032,2506,9,9,3111,15
20033,2506,13,13,3115,15
20034,2506,39,39,3141,15
20035,2506,41,43,3143,15
20036,2506,45,46,3147,15
20037,2506,48,48,3150,15
20038,2506,61,61,3163,15
20039,2506,63,63,3165,15
20040,2506,71,71,3173,15
20041,2506,76,76,3178,15
20042,2506,87,87,3189,15
20043,2506,89,89,3191,15
20044,2506,104,104,3206,15
20045,2506,119,119,3221,15
20046,2506,121,121,3223,15
20047,2506,128,128,3230,15
20048,2506,138,138,3240,15
20049,2506,171,171,3273,15
20050,2506,191,191,3293,15
20051,2506,193,193,3295,15
20052,2506,195,195,3297,15
20053,2506,7,7,3335,16
20054,2506,12,13,3340,16
20055,2506,16,16,3344,16
20056,2506,31,31,3361,16
20057,2506,85,85,3415,16
20058,2506,106,106,3436,16
20059,2506,144,145,3474,16
20060,2506,198,198,3528,16
20061,2506,241,241,3571,16
20062,2506,33,33,4404,21
20063,2507,247,247,4074,18
20064,2508,235,235,2603,12
20065,2508,197,197,3777,17
20066,2508,170,170,5031,20
20067,2509,50,50,482,4
20068,2510,57,57,56,1
20069,2510,91,91,90,1
20070,2510,93,93,92,1
20071,2510,108,108,107,1
20072,2511,84,85,4945,20
20073,2512,73,74,963,6
20074,2512,83,83,973,6
20075,2512,90,91,980,6
20076,2512,96,96,986,6
20077,2513,69,69,959,6
20078,2513,73,74,963,6
20079,2513,76,77,966,6
20080,2513,83,83,973,6
20081,2513,87,87,977,6
20082,2513,90,91,980,6
20083,2513,96,96,986,6
20084,2513,253,253,4342,19
20085,2514,69,69,959,6
20086,2514,73,73,963,6
20087,2515,87,87,977,6
20088,2515,91,91,981,6
20089,2515,96,96,986,6
20090,2516,74,74,964,6
20091,2516,87,87,977,6
20092,2516,90,91,980,6
20093,2516,96,96,986,6
20094,2517,24,24,207,2
20095,2517,12,12,3592,17
20096,2517,81,81,4170,19
20097,2517,97,97,4186,19
20098,2518,188,188,371,2
20099,2518,1,1,378,3
20100,2518,4,4,381,3
20101,2518,23,23,400,3
20102,2518,175,175,607,4
20103,2518,26,26,674,5
20104,2518,37,37,685,5
20105,2518,198,199,846,5
20106,2518,12,12,3592,17
20107,2518,96,97,4185,19
20108,2518,100,100,4189,19
20109,2518,43,45,4904,20
20110,2519,96,97,4185,19
20111,2519,45,45,4906,20
20112,2520,69,69,3896,18
20113,2521,100,100,990,6
20114,2522,200,202,1561,8
20115,2523,99,99,4188,19
20116,2524,168,168,1058,6
20117,2525,42,42,3622,17
20118,2526,30,30,2889,14
20119,2526,65,66,3395,16
20120,2526,199,199,3779,17
20121,2526,24,24,4113,19
20122,2526,47,47,4908,20
20123,2526,51,51,4912,20
20124,2526,167,168,5028,20
20125,2527,205,205,3535,16
20126,2528,135,135,4996,20
20127,2529,123,123,1013,6
20128,2529,125,126,1015,6
20129,2530,191,191,374,2
20130,2530,2,2,379,3
20131,2530,8,9,385,3
20132,2530,12,13,389,3
20133,2530,29,29,406,3
20134,2531,117,117,4978,20
20135,2532,31,31,30,1
20136,2533,23,24,400,3
20137,2533,35,35,412,3
20138,2533,38,38,415,3
20139,2533,42,43,419,3
20140,2533,45,45,422,3
20141,2533,49,52,426,3
20142,2533,6,7,438,4
20143,2533,9,10,441,4
20144,2533,12,12,444,4
20145,2533,19,20,451,4
20146,2533,22,22,454,4
20147,2533,24,25,456,4
20148,2533,27,29,459,4
20149,2533,31,31,463,4
20150,2533,33,33,465,4
20151,2533,36,37,468,4
20152,2533,40,40,472,4
20153,2533,47,47,479,4
20154,2533,50,50,482,4
20155,2533,58,60,490,4
20156,2533,64,64,496,4
20157,2533,67,70,499,4
20158,2533,76,76,508,4
20159,2533,78,82,510,4
20160,2533,84,85,516,4
20161,2533,87,88,519,4
20162,2533,91,95,523,4
20163,2533,98,99,530,4
20164,2533,101,101,533,4
20165,2533,103,104,535,4
20166,2533,108,108,540,4
20167,2533,110,110,542,4
20168,2533,112,115,544,4
20169,2533,119,126,551,4
20170,2533,128,129,560,4
20171,2533,135,137,567,4
20172,2533,139,139,571,4
20173,2533,142,142,574,4
20174,2533,147,149,579,4
20175,2533,153,153,585,4
20176,2533,156,156,588,4
20177,2533,14,16,662,5
20178,2533,19,21,667,5
20179,2533,27,27,675,5
20180,2533,33,33,681,5
20181,2533,36,37,684,5
20182,2533,46,47,694,5
20183,2533,53,54,701,5
20184,2533,57,57,705,5
20185,2533,64,64,712,5
20186,2533,66,68,714,5
20187,2533,76,76,724,5
20188,2533,79,79,727,5
20189,2533,84,85,732,5
20190,2533,88,89,736,5
20191,2533,92,92,740,5
20192,2533,101,101,749,5
20193,2533,162,162,810,5
20194,2533,134,134,1495,8
20195,2534,109,109,541,4
20196,2535,62,62,4923,20
20197,2536,52,52,4913,20
20198,2536,57,61,4918,20
20199,2536,63,65,4924,20
20200,2536,67,67,4928,20
20201,2536,161,161,5022,20
20202,2537,248,248,2103,10
20203,2538,104,106,994,6
20204,2539,211,211,3313,15
20205,2540,12,12,3839,18
20206,2540,97,97,3924,18
20207,2540,27,27,4398,21
20208,2540,74,74,4445,21
20209,2541,222,222,4049,18
20210,2541,227,227,4054,18
20211,2541,26,26,4397,21
20212,2542,33,33,410,3
20213,2543,45,45,693,5
20214,2543,53,53,701,5
20215,2543,152,152,800,5
20216,2544,5,5,4,1
20217,2544,25,25,24,1
20218,2544,27,27,26,1
20219,2544,45,45,44,1
20220,2544,16,16,664,5
20221,2545,102,102,1957,10
20222,2546,30,30,4891,20
20223,2547,188,188,371,2
20224,2547,29,29,406,3
20225,2548,103,103,102,1
20226,2548,177,177,609,4
20227,2548,31,31,3611,17
20228,2549,234,234,4605,21
20229,2549,59,59,4696,22
20230,2550,197,198,4286,19
20231,2550,215,216,4304,19
20232,2551,231,231,3811,17
20233,2551,235,235,3815,17
20234,2552,60,60,2919,14
20235,2553,30,30,1158,7
20236,2554,94,94,1222,7
20237,2555,99,99,1227,7
20238,2555,101,101,1229,7
20239,2556,100,100,1228,7
20240,2557,125,125,308,2
20241,2558,129,129,3956,18
20242,2558,131,131,3958,18
20243,2559,146,146,4517,21
20244,2560,119,119,4490,21
20245,2561,122,122,4493,21
20246,2562,174,174,4545,21
20247,2563,228,228,4599,21
20248,2563,231,231,4602,21
20249,2564,116,116,1717,9
20250,2564,80,80,1935,10
20251,2565,92,92,1220,7
20252,2565,99,100,1227,7
20253,2567,38,38,4409,21
20254,2568,179,179,4268,19
20255,2569,48,48,4137,19
20256,2570,257,257,4628,21
20257,2571,23,24,1878,10
20258,2571,215,215,3795,17
20259,2572,253,253,1854,9
20260,2572,110,110,1965,10
20261,2573,196,196,3776,17
20262,2574,65,65,4926,20
20263,2575,161,161,4532,21
20264,2576,151,151,3253,15
20265,2576,157,160,3259,15
20266,2577,206,206,2574,12
20267,2578,30,30,920,6
20268,2578,44,44,934,6
20269,2578,47,47,937,6
20270,2579,51,51,1179,7
20271,2579,244,244,3574,16
20272,2580,150,151,4239,19
20273,2580,217,217,4306,19
20274,2580,20,20,4881,20
20275,2580,26,26,4887,20
20276,2580,28,28,4889,20
20277,2581,50,50,4139,19
20278,2582,131,131,3958,18
20279,2583,136,136,1737,9
20280,2584,59,60,4148,19
20281,2585,162,162,161,1
20282,2586,77,77,260,2
20283,2587,79,79,262,2
20284,2588,32,32,4121,19
20285,2589,49,49,2908,14
20286,2589,68,68,3895,18
20287,2589,276,276,4365,19
20288,2589,281,281,4370,19
20289,2590,36,36,1164,7
20290,2591,10,10,193,2
20291,2591,20,23,203,2
20292,2591,27,27,210,2
20293,2591,30,30,213,2
20294,2591,33,33,216,2
20295,2591,52,52,235,2
20296,2591,62,62,245,2
20297,2591,70,71,253,2
20298,2591,75,75,258,2
20299,2591,110,111,293,2
20300,2591,127,127,310,2
20301,2591,148,148,331,2
20302,2591,179,179,362,2
20303,2591,5,5,382,3
20304,2591,8,8,385,3
20305,2591,83,83,515,4
20306,2592,23,23,206,2
20307,2593,255,255,4626,21
20308,2594,36,36,4897,20
20309,2595,60,60,3162,15
20310,2596,207,207,1808,9
20311,2597,117,117,4978,20
20312,2598,217,217,4854,22
20313,2599,130,130,4219,19
20314,2600,269,269,4358,19
20315,2601,37,37,1165,7
20316,2601,21,21,1622,9
20317,2601,63,63,4152,19
20318,2602,60,60,1421,8
20319,2602,108,108,1963,10
20320,2602,137,137,1992,10
20321,2602,139,140,1994,10
20322,2602,134,134,3236,15
20323,2603,99,111,989,6
20324,2603,236,237,1126,6
20325,2604,157,157,4246,19
20326,2604,160,160,4249,19
20327,2604,167,167,4256,19
20328,2605,79,79,1207,7
20329,2606,84,84,732,5
20330,2607,68,68,2680,13
20331,2608,245,246,4072,18
20332,2609,73,73,4934,20
20333,2609,97,99,4958,20
20334,2609,112,112,4973,20
20335,2609,118,118,4979,20
20336,2610,71,71,719,5
20337,2611,203,203,2815,13
20338,2612,60,60,3162,15
20339,2612,72,72,4161,19
20340,2613,216,217,1577,8
20341,2613,238,238,3818,17
20342,2613,78,79,4167,19
20343,2613,81,81,4170,19
20344,2613,176,176,4265,19
20345,2613,155,155,4526,21
20346,2613,157,157,4528,21
20347,2613,161,161,4532,21
20348,2613,213,213,4584,21
20349,2614,238,238,3818,17
20350,2615,78,78,3408,16
20351,2616,46,46,2158,11
20352,2616,83,83,2195,11
20353,2616,89,89,2201,11
20354,2616,115,115,2227,11
20355,2616,149,149,2261,11
20356,2616,156,157,2268,11
20357,2616,197,198,2309,11
20358,2616,6,6,2374,12
20359,2616,41,41,2409,12
20360,2616,58,58,2426,12
20361,2616,61,61,2429,12
20362,2616,64,64,2432,12
20363,2616,77,77,2445,12
20364,2616,92,92,2460,12
20365,2616,104,104,2472,12
20366,2616,107,107,2475,12
20367,2616,110,110,2478,12
20368,2616,113,114,2481,12
20369,2616,137,137,2505,12
20370,2616,146,146,2514,12
20371,2616,160,160,2528,12
20372,2616,192,193,2560,12
20373,2616,220,220,2588,12
20374,2616,226,226,2594,12
20375,2616,19,22,2631,13
20376,2616,52,52,2664,13
20377,2616,132,132,2744,13
20378,2616,215,215,2827,13
20379,2616,237,237,2849,13
20380,2616,31,31,2890,14
20381,2616,122,122,2981,14
20382,2616,20,20,3348,16
20383,2616,37,37,3367,16
20384,2616,70,71,3400,16
20385,2616,82,82,3412,16
20386,2616,101,101,3431,16
20387,2616,113,113,3443,16
20388,2616,127,127,3457,16
20389,2616,130,131,3460,16
20390,2616,163,163,3493,16
20391,2616,219,219,3549,16
20392,2616,19,19,3846,18
20393,2616,77,77,3904,18
20394,2616,174,174,5035,20
20395,2616,7,7,4378,21
20396,2616,33,33,4404,21
20397,2616,185,185,4822,22
20398,2616,187,187,4824,22
20399,2617,160,160,159,1
20400,2618,74,74,1675,9
20401,2619,228,228,4599,21
20402,2620,228,228,4599,21
20403,2621,77,77,4166,19
20404,2621,31,31,4892,20
20405,2621,34,35,4895,20
20406,2621,37,38,4898,20
20407,2622,107,107,4968,20
20408,2622,122,122,4983,20
20409,2623,45,45,1406,8
20410,2624,136,136,1737,9
20411,2625,112,112,4973,20
20412,2626,189,190,1790,9
20413,2626,237,237,1838,9
20414,2627,130,153,1020,6
20415,2628,224,224,4595,21
20416,2629,168,169,4539,21
20417,2629,171,171,4542,21
20418,2629,174,174,4545,21
20419,2629,185,186,4556,21
20420,2629,18,21,4655,22
20421,2629,34,35,4671,22
20422,2630,192,192,2047,10
20423,2631,169,169,4540,21
20424,2631,21,21,4658,22
20425,2632,169,170,4540,21
20426,2632,174,174,4545,21
20427,2632,20,21,4657,22
20428,2632,38,38,4675,22
20429,2633,32,32,31,1
20430,2633,145,145,144,1
20431,2634,132,132,131,1
20432,2635,131,131,1259,7
20433,2636,133,135,1261,7
20434,2636,139,139,1267,7
20435,2636,155,155,1283,7
20436,2636,164,165,1292,7
20437,2636,168,168,1296,7
20438,2636,177,177,1305,7
20439,2636,186,186,1314,7
20440,2636,193,193,1321,7
20441,2636,196,196,1324,7
20442,2636,199,199,1327,7
20443,2636,201,201,1329,7
20444,2636,203,203,1331,7
20445,2636,205,205,1333,7
20446,2636,207,207,1335,7
20447,2636,213,214,1341,7
20448,2636,77,78,1932,10
20449,2636,160,162,2015,10
20450,2637,74,74,1202,7
20451,2638,164,164,347,2
20452,2639,244,244,3824,17
20453,2640,200,201,848,5
20454,2640,121,121,1976,10
20455,2640,119,119,2487,12
20456,2640,217,217,2585,12
20457,2641,200,200,848,5
20458,2641,121,121,1976,10
20459,2641,138,139,2250,11
20460,2641,119,119,2487,12
20461,2641,217,217,2585,12
20462,2642,138,139,2250,11
20463,2642,69,69,2681,13
20464,2643,217,217,2585,12
20465,2644,33,33,216,2
20466,2644,144,144,792,5
20467,2644,33,33,1161,7
20468,2645,97,109,96,1
20469,2645,112,112,111,1
20470,2645,116,122,115,1
20471,2645,124,127,123,1
20472,2645,136,138,135,1
20473,2645,140,156,139,1
20474,2645,158,159,157,1
20475,2645,162,162,161,1
20476,2645,164,165,163,1
20477,2645,168,172,167,1
20478,2645,174,175,173,1
20479,2645,178,179,177,1
20480,2645,12,12,195,2
20481,2645,14,15,197,2
20482,2645,18,18,201,2
20483,2645,20,23,203,2
20484,2645,25,26,208,2
20485,2645,29,31,212,2
20486,2645,35,39,218,2
20487,2645,41,43,224,2
20488,2645,45,46,228,2
20489,2645,51,51,234,2
20490,2645,57,57,240,2
20491,2645,59,59,242,2
20492,2645,62,62,245,2
20493,2645,65,68,248,2
20494,2645,70,72,253,2
20495,2645,75,79,258,2
20496,2645,87,87,270,2
20497,2645,92,93,275,2
20498,2645,97,98,280,2
20499,2645,100,102,283,2
20500,2645,106,106,289,2
20501,2645,108,111,291,2
20502,2645,113,116,296,2
20503,2645,123,123,306,2
20504,2645,126,126,309,2
20505,2645,149,155,332,2
20506,2645,170,170,353,2
20507,2645,179,180,362,2
20508,2645,187,187,370,2
20509,2645,190,190,373,2
20510,2645,6,6,383,3
20511,2645,34,34,411,3
20512,2645,76,76,508,4
20513,2645,135,135,567,4
20514,2645,149,150,581,4
20515,2645,101,103,749,5
20516,2645,106,106,754,5
20517,2645,108,108,756,5
20518,2645,111,113,759,5
20519,2645,115,116,763,5
20520,2645,141,144,789,5
20521,2645,167,167,815,5
20522,2645,210,211,858,5
20523,2645,215,217,863,5
20524,2645,220,220,868,5
20525,2645,222,222,870,5
20526,2645,225,228,873,5
20527,2645,232,234,880,5
20528,2645,9,29,899,6
20529,2645,31,33,921,6
20530,2645,35,36,925,6
20531,2645,40,40,930,6
20532,2645,53,53,943,6
20533,2645,100,100,990,6
20534,2645,206,206,1096,6
20535,2645,26,26,1154,7
20536,2645,134,134,1262,7
20537,2645,138,138,1266,7
20538,2645,160,160,1288,7
20539,2645,170,171,1298,7
20540,2645,177,177,1305,7
20541,2645,183,184,1311,7
20542,2645,187,187,1315,7
20543,2645,202,202,1330,7
20544,2645,212,212,1340,7
20545,2645,215,215,1343,7
20546,2645,217,217,1345,7
20547,2645,13,13,1374,8
20548,2645,23,24,1384,8
20549,2645,26,26,1387,8
20550,2645,43,43,1404,8
20551,2645,103,103,1464,8
20552,2645,106,106,1467,8
20553,2645,110,110,1471,8
20554,2645,136,136,1497,8
20555,2645,166,167,1527,8
20556,2645,183,184,1544,8
20557,2645,187,188,1548,8
20558,2645,196,197,1557,8
20559,2645,204,205,1565,8
20560,2645,217,218,1578,8
20561,2645,226,226,1587,8
20562,2645,7,7,1608,9
20563,2645,21,21,1622,9
20564,2645,27,27,1628,9
20565,2645,45,45,1646,9
20566,2645,71,71,1672,9
20567,2645,111,111,1712,9
20568,2645,158,158,1759,9
20569,2645,171,171,1772,9
20570,2645,208,208,1809,9
20571,2645,241,241,1842,9
20572,2645,33,33,1888,10
20573,2645,45,45,1900,10
20574,2645,113,113,1968,10
20575,2645,125,125,1980,10
20576,2645,167,167,2022,10
20577,2645,171,171,2026,10
20578,2645,180,180,2035,10
20579,2645,221,221,2076,10
20580,2645,136,136,2504,12
20581,2645,190,191,2558,12
20582,2645,112,112,2724,13
20583,2645,211,211,3791,17
20584,2645,224,224,3804,17
20585,2645,236,236,3816,17
20586,2646,176,176,175,1
20587,2647,56,56,1184,7
20588,2648,136,136,2504,12
20589,2649,7,7,3109,15
20590,2649,109,109,4198,19
20591,2649,158,158,4247,19
20592,2649,205,205,4294,19
20593,2649,258,258,4347,19
20594,2650,92,92,1220,7
20595,2650,100,100,1228,7
20596,2651,131,131,2743,13
20597,2651,204,205,2816,13
20598,2651,208,208,2820,13
20599,2651,233,234,2845,13
20600,2651,24,24,2883,14
20601,2651,42,43,2901,14
20602,2651,53,53,2912,14
20603,2651,58,58,2917,14
20604,2651,63,63,2922,14
20605,2651,73,73,2932,14
20606,2651,77,77,2936,14
20607,2651,82,82,2941,14
20608,2651,94,94,2953,14
20609,2651,129,129,3459,16
20610,2651,131,131,3461,16
20611,2651,198,198,3528,16
20612,2651,201,201,3531,16
20613,2651,203,203,3533,16
20614,2651,229,229,3809,17
20615,2651,188,188,4015,18
20616,2651,71,71,4708,22
20617,2651,102,102,4739,22
20618,2651,177,177,4814,22
20619,2652,170,170,353,2
20620,2652,178,178,361,2
20621,2652,215,215,863,5
20622,2652,190,191,3049,14
20623,2652,22,22,3124,15
20624,2652,39,39,3141,15
20625,2652,78,79,3180,15
20626,2652,99,101,3201,15
20627,2652,104,104,3206,15
20628,2652,121,121,3223,15
20629,2652,125,125,3227,15
20630,2652,127,128,3229,15
20631,2652,136,136,3238,15
20632,2652,141,141,3243,15
20633,2652,143,144,3245,15
20634,2652,146,146,3248,15
20635,2652,150,153,3252,15
20636,2653,170,170,353,2
20637,2653,178,178,361,2
20638,2653,215,215,863,5
20639,2653,190,191,3049,14
20640,2654,195,195,4022,18
20641,2654,102,102,4191,19
20642,2654,223,224,4312,19
20643,2654,226,231,4315,19
20644,2654,247,248,4336,19
20645,2654,250,250,4339,19
20646,2654,8,8,4869,20
20647,2654,10,10,4871,20
20648,2654,16,18,4877,20
20649,2654,20,20,4881,20
20650,2654,26,26,4887,20
20651,2655,206,206,1807,9
20652,2656,47,47,424,3
20653,2657,13,13,12,1
20654,2658,34,35,1395,8
20655,2658,146,146,2001,10
20656,2659,101,101,1229,7
20657,2660,170,171,3029,14
20658,2660,173,177,3032,14
20659,2660,6,6,3108,15
20660,2660,44,44,3146,15
20661,2660,83,84,3185,15
20662,2660,96,96,3198,15
20663,2660,72,72,4161,19
20664,2661,149,149,4238,19
20665,2661,155,156,4244,19
20666,2661,160,160,4249,19
20667,2662,7,7,4868,20
20668,2663,161,161,160,1
20669,2663,6,6,383,3
20670,2663,31,31,408,3
20671,2663,36,36,413,3
20672,2663,127,127,559,4
20673,2663,151,152,583,4
20674,2663,22,22,670,5
20675,2663,24,24,672,5
20676,2663,46,46,694,5
20677,2663,72,72,720,5
20678,2663,100,100,748,5
20679,2663,168,168,816,5
20680,2663,179,180,827,5
20681,2663,200,200,848,5
20682,2663,205,207,853,5
20683,2663,209,210,857,5
20684,2663,222,222,870,5
20685,2663,229,229,877,5
20686,2663,235,235,883,5
20687,2663,26,29,916,6
20688,2663,37,39,927,6
20689,2663,41,45,931,6
20690,2663,48,49,938,6
20691,2663,221,222,1111,6
20692,2663,62,64,1190,7
20693,2663,145,145,1273,7
20694,2663,148,148,1276,7
20695,2663,154,154,1282,7
20696,2663,169,169,1297,7
20697,2663,193,193,1321,7
20698,2663,195,195,1323,7
20699,2663,217,218,1345,7
20700,2663,227,228,1355,7
20701,2663,230,230,1358,7
20702,2663,34,34,1395,8
20703,2663,37,37,1398,8
20704,2663,100,100,1461,8
20705,2663,118,119,1479,8
20706,2663,124,124,1485,8
20707,2663,210,211,1571,8
20708,2663,218,218,1579,8
20709,2663,19,19,1620,9
20710,2663,31,31,1632,9
20711,2663,37,37,1638,9
20712,2663,42,42,1643,9
20713,2663,109,109,1710,9
20714,2663,116,116,1717,9
20715,2663,129,129,1730,9
20716,2663,149,149,1750,9
20717,2663,152,152,1753,9
20718,2663,156,156,1757,9
20719,2663,160,160,1761,9
20720,2663,175,176,1776,9
20721,2663,181,181,1782,9
20722,2663,190,190,1791,9
20723,2663,195,195,1796,9
20724,2663,199,199,1800,9
20725,2663,201,201,1802,9
20726,2663,208,208,1809,9
20727,2663,248,248,1849,9
20728,2663,253,253,1854,9
20729,2663,6,6,1861,10
20730,2663,8,8,1863,10
20731,2663,119,119,1974,10
20732,2663,132,134,1987,10
20733,2663,153,154,2008,10
20734,2663,197,199,2052,10
20735,2663,250,251,2105,10
20736,2663,11,11,2123,11
20737,2663,13,15,2125,11
20738,2663,19,20,2131,11
20739,2663,31,31,2143,11
20740,2663,80,81,2192,11
20741,2663,126,127,2238,11
20742,2663,132,132,2244,11
20743,2663,198,198,2310,11
20744,2663,230,230,2342,11
20745,2663,53,54,2421,12
20746,2663,152,153,2520,12
20747,2663,174,175,2542,12
20748,2663,201,202,2569,12
20749,2663,10,10,2622,13
20750,2663,24,24,2636,13
20751,2663,33,33,2645,13
20752,2663,44,44,2656,13
20753,2663,50,50,2662,13
20754,2663,55,55,2667,13
20755,2663,61,66,2673,13
20756,2663,100,101,2712,13
20757,2663,103,103,2715,13
20758,2663,105,106,2717,13
20759,2663,115,115,2727,13
20760,2663,182,184,2794,13
20761,2663,188,188,2800,13
20762,2663,190,190,2802,13
20763,2663,6,6,2865,14
20764,2663,25,25,2884,14
20765,2663,32,33,2891,14
20766,2663,38,40,2897,14
20767,2663,86,87,2945,14
20768,2663,94,94,2953,14
20769,2663,99,101,2958,14
20770,2663,111,112,2970,14
20771,2663,116,119,2975,14
20772,2663,130,131,2989,14
20773,2663,149,150,3008,14
20774,2663,38,38,3140,15
20775,2663,81,81,3183,15
20776,2663,91,91,3193,15
20777,2663,118,118,3220,15
20778,2663,10,10,3338,16
20779,2663,12,13,3340,16
20780,2663,45,45,3375,16
20781,2663,51,51,3381,16
20782,2663,60,61,3390,16
20783,2663,69,70,3399,16
20784,2663,73,73,3403,16
20785,2663,88,88,3418,16
20786,2663,94,97,3424,16
20787,2663,101,102,3431,16
20788,2663,110,112,3440,16
20789,2663,123,123,3453,16
20790,2663,177,182,3507,16
20791,2663,188,188,3518,16
20792,2663,196,196,3526,16
20793,2663,201,201,3531,16
20794,2663,203,203,3533,16
20795,2663,205,205,3535,16
20796,2663,19,19,3599,17
20797,2663,44,44,3624,17
20798,2663,50,52,3630,17
20799,2663,99,99,3679,17
20800,2663,153,153,3733,17
20801,2663,188,190,3768,17
20802,2663,192,193,3772,17
20803,2663,195,196,3775,17
20804,2663,207,208,3787,17
20805,2663,212,212,3792,17
20806,2663,214,214,3794,17
20807,2663,218,219,3798,17
20808,2663,232,234,3812,17
20809,2663,243,243,3823,17
20810,2663,25,25,3852,18
20811,2663,57,57,3884,18
20812,2663,97,97,3924,18
20813,2663,101,101,3928,18
20814,2663,103,103,3930,18
20815,2663,111,111,3938,18
20816,2663,122,122,3949,18
20817,2663,150,150,3977,18
20818,2663,168,168,3995,18
20819,2663,189,193,4016,18
20820,2663,195,200,4022,18
20821,2663,202,202,4029,18
20822,2663,204,204,4031,18
20823,2663,214,215,4041,18
20824,2663,218,218,4045,18
20825,2663,225,226,4052,18
20826,2663,9,10,4098,19
20827,2663,12,12,4101,19
20828,2663,22,22,4111,19
20829,2663,51,51,4140,19
20830,2663,78,78,4167,19
20831,2663,140,141,4229,19
20832,2663,167,167,4256,19
20833,2663,180,180,5041,20
20834,2663,10,11,4381,21
20835,2663,23,23,4394,21
20836,2663,45,45,4416,21
20837,2663,192,193,4563,21
20838,2663,236,236,4607,21
20839,2663,125,125,4762,22
20840,2663,189,189,4826,22
20841,2663,198,198,4835,22
20842,2664,30,30,2889,14
20843,2664,41,41,2900,14
20844,2665,107,108,2719,13
20845,2665,110,110,2722,13
20846,2665,36,36,3366,16
20847,2666,143,143,791,5
20848,2667,86,86,1214,7
20849,2667,88,88,1216,7
20850,2667,91,91,1219,7
20851,2667,94,94,1222,7
20852,2668,31,31,4120,19
20853,2668,35,35,4124,19
20854,2669,35,36,4124,19
20855,2670,36,36,4125,19
20856,2671,37,37,4126,19
20857,2672,244,244,3824,17
20858,2673,63,63,1191,7
20859,2674,245,245,1846,9
20860,2675,244,244,3824,17
20861,2676,142,142,141,1
20862,2677,152,153,3254,15
20863,2677,203,203,4292,19
20864,2678,89,89,88,1
20865,2678,91,91,90,1
20866,2678,93,93,92,1
20867,2678,96,96,95,1
20868,2678,124,124,123,1
20869,2678,146,147,145,1
20870,2678,149,152,148,1
20871,2678,155,155,154,1
20872,2678,169,169,168,1
20873,2678,171,171,170,1
20874,2678,12,12,195,2
20875,2678,59,59,242,2
20876,2678,68,68,251,2
20877,2678,92,92,275,2
20878,2678,108,108,291,2
20879,2678,127,127,310,2
20880,2678,191,191,374,2
20881,2678,2,2,379,3
20882,2678,107,107,539,4
20883,2678,36,36,684,5
20884,2678,39,39,687,5
20885,2678,223,223,1113,6
20886,2678,142,142,1743,9
20887,2679,40,41,1895,10
20888,2679,188,188,2043,10
20889,2679,91,91,3918,18
20890,2680,212,213,1813,9
20891,2680,215,215,1816,9
20892,2680,218,218,1819,9
20893,2680,69,71,3649,17
20894,2680,110,110,3690,17
20895,2680,118,118,3698,17
20896,2680,120,120,3700,17
20897,2680,122,122,3702,17
20898,2680,124,125,3704,17
20899,2680,128,128,3708,17
20900,2680,132,133,3712,17
20901,2680,138,138,3718,17
20902,2680,145,145,3725,17
20903,2680,152,152,3732,17
20904,2680,155,155,3735,17
20905,2681,70,71,3650,17
20906,2681,86,86,3666,17
20907,2681,138,138,3718,17
20908,2682,61,63,1422,8
20909,2683,113,113,2972,14
20910,2683,115,115,2974,14
20911,2684,172,173,2540,12
20912,2684,176,176,2544,12
20913,2684,178,178,2546,12
20914,2684,181,181,2549,12
20915,2684,184,184,2552,12
20916,2684,188,188,2556,12
20917,2684,110,111,2722,13
20918,2684,133,133,2745,13
20919,2684,140,140,2752,13
20920,2684,165,168,2777,13
20921,2684,191,191,2803,13
20922,2685,61,61,1422,8
20923,2686,40,40,1401,8
20924,2686,60,63,1421,8
20925,2686,152,152,1513,8
20926,2686,193,193,1794,9
20927,2686,40,41,1895,10
20928,2686,49,49,1904,10
20929,2686,248,248,2103,10
20930,2686,82,82,3909,18
20931,2686,91,93,3918,18
20932,2686,74,74,4935,20
20933,2687,135,135,3715,17
20934,2688,104,104,1232,7
20935,2689,114,114,4203,19
20936,2689,32,32,4403,21
20937,2690,9,9,8,1
20938,2691,85,85,268,2
20939,2692,115,115,3695,17
20940,2692,151,151,3731,17
20941,2693,9,9,2121,11
20942,2694,153,153,4524,21
20943,2694,155,157,4526,21
20944,2694,159,159,4530,21
20945,2694,9,10,4646,22
20946,2695,125,125,308,2
20947,2696,39,39,222,2
20948,2696,41,42,224,2
20949,2696,48,49,231,2
20950,2696,54,54,237,2
20951,2696,63,63,246,2
20952,2696,72,72,255,2
20953,2696,75,75,258,2
20954,2696,81,81,264,2
20955,2696,84,84,267,2
20956,2696,112,112,295,2
20957,2696,119,119,302,2
20958,2696,127,127,310,2
20959,2696,151,152,334,2
20960,2696,156,156,339,2
20961,2696,161,161,344,2
20962,2696,164,164,347,2
20963,2696,168,168,351,2
20964,2696,170,177,353,2
20965,2696,182,183,365,2
20966,2696,185,185,368,2
20967,2696,187,187,370,2
20968,2696,1,4,378,3
20969,2696,6,6,383,3
20970,2696,14,14,391,3
20971,2696,27,27,404,3
20972,2696,36,37,413,3
20973,2696,5,5,437,4
20974,2696,10,10,442,4
20975,2696,35,35,467,4
20976,2696,40,40,472,4
20977,2696,50,50,482,4
20978,2696,22,23,670,5
20979,2696,46,46,694,5
20980,2696,48,48,696,5
20981,2696,81,82,729,5
20982,2696,159,159,807,5
20983,2696,220,220,868,5
20984,2696,209,209,1099,6
20985,2696,205,205,1333,7
20986,2696,169,169,1530,8
20987,2696,230,230,2085,10
20988,2696,181,182,2549,12
20989,2696,201,201,2813,13
20990,2696,115,115,2974,14
20991,2696,134,134,2993,14
20992,2696,32,32,3859,18
20993,2696,67,67,4438,21
20994,2697,47,48,1175,7
20995,2698,39,39,4128,19
20996,2699,147,147,1275,7
20997,2699,180,181,1541,8
20998,2699,206,206,1567,8
20999,2699,211,213,1572,8
21000,2699,68,68,1923,10
21001,2700,34,34,4895,20
21002,2701,188,188,1549,8
21003,2701,192,193,1553,8
21004,2701,206,206,1567,8
21005,2702,134,134,2993,14
21006,2703,67,67,3894,18
21007,2703,99,99,3926,18
21008,2703,106,106,3933,18
21009,2703,118,118,3945,18
21010,2703,205,205,4032,18
21011,2703,276,276,4365,19
21012,2704,59,59,1420,8
21013,2704,68,68,1429,8
21014,2704,167,167,1528,8
21015,2704,188,188,1549,8
21016,2704,193,193,1554,8
21017,2704,213,213,1574,8
21018,2704,55,55,1656,9
21019,2705,27,27,404,3
21020,2706,46,47,1174,7
21021,2706,51,51,1179,7
21022,2706,93,93,3920,18
21023,2707,46,47,1174,7
21024,2707,51,51,1179,7
21025,2708,39,39,4128,19
21026,2709,159,159,5020,20
21027,2709,161,163,5022,20
21028,2710,59,59,4920,20
21029,2711,162,162,4251,19
21030,2711,197,198,4286,19
21031,2712,138,138,4227,19
21032,2713,167,167,4256,19
21033,2714,145,145,4234,19
21034,2714,153,153,4242,19
21035,2714,157,159,4246,19
21036,2714,171,171,4260,19
21037,2714,197,198,4286,19
21038,2714,207,207,4296,19
21039,2714,218,218,4307,19
21040,2714,254,254,4343,19
21041,2715,65,65,4154,19
21042,2715,110,110,4199,19
21043,2715,179,179,4268,19
21044,2715,181,181,4270,19
21045,2715,159,159,4530,21
21046,2716,34,34,4671,22
21047,2717,228,228,4599,21
21048,2718,185,185,4556,21
21049,2719,78,78,4449,21
21050,2719,80,80,4451,21
21051,2719,82,82,4453,21
21052,2719,84,84,4455,21
21053,2719,93,93,4464,21
21054,2719,99,99,4470,21
21055,2719,112,113,4483,21
21056,2719,115,115,4486,21
21057,2719,119,119,4490,21
21058,2719,171,171,4542,21
21059,2719,228,228,4599,21
21060,2719,22,22,4659,22
21061,2720,155,155,4526,21
21062,2720,163,163,4534,21
21063,2721,228,228,4599,21
21064,2722,88,88,3668,17
21065,2722,107,107,4196,19
21066,2723,7,7,4868,20
21067,2724,122,122,4211,19
21068,2725,110,110,4199,19
21069,2726,128,128,127,1
21070,2726,130,130,129,1
21071,2727,206,206,1807,9
21072,2728,235,235,4324,19
21073,2729,104,104,1232,7
21074,2730,144,144,1034,6
21075,2731,82,82,3184,15
21076,2731,236,236,3566,16
21077,2732,229,229,1590,8
21078,2732,34,34,3861,18
21079,2733,28,28,405,3
21080,2733,33,33,410,3
21081,2733,43,43,420,3
21082,2733,46,46,423,3
21083,2733,52,52,429,3
21084,2733,10,12,442,4
21085,2733,37,37,469,4
21086,2733,45,45,477,4
21087,2733,51,52,483,4
21088,2733,57,60,489,4
21089,2733,66,66,498,4
21090,2733,70,70,502,4
21091,2733,79,79,511,4
21092,2733,82,82,514,4
21093,2733,85,86,517,4
21094,2733,89,89,521,4
21095,2733,94,96,526,4
21096,2733,98,99,530,4
21097,2733,102,102,534,4
21098,2733,105,105,537,4
21099,2733,107,107,539,4
21100,2733,109,114,541,4
21101,2733,119,120,551,4
21102,2733,124,124,556,4
21103,2733,128,129,560,4
21104,2733,136,137,568,4
21105,2733,145,146,577,4
21106,2733,149,149,581,4
21107,2733,153,153,585,4
21108,2733,162,162,594,4
21109,2733,170,170,602,4
21110,2733,174,174,606,4
21111,2733,13,13,661,5
21112,2733,15,16,663,5
21113,2733,18,21,666,5
21114,2733,25,25,673,5
21115,2733,27,27,675,5
21116,2733,47,47,695,5
21117,2733,53,53,701,5
21118,2733,57,57,705,5
21119,2733,61,61,709,5
21120,2733,66,67,714,5
21121,2733,74,74,722,5
21122,2733,76,76,724,5
21123,2733,81,83,729,5
21124,2733,85,86,733,5
21125,2733,148,148,796,5
21126,2733,156,156,804,5
21127,2733,194,194,1555,8
21128,2733,128,128,1729,9
21129,2734,36,41,3863,18
21130,2734,92,92,3919,18
21131,2735,36,41,3863,18
21132,2735,92,92,3919,18
21133,2736,217,217,4044,18
21134,2737,75,75,1676,9
21135,2738,225,225,3555,16
21136,2739,143,148,142,1
21137,2739,150,153,149,1
21138,2739,156,156,155,1
21139,2739,159,159,158,1
21140,2739,165,165,164,1
21141,2739,170,170,169,1
21142,2740,180,180,1308,7
21143,2741,78,79,1679,9
21144,2741,139,139,1994,10
21145,2741,139,139,2998,14
21146,2741,178,178,3280,15
21147,2741,182,182,3284,15
21148,2741,194,194,3296,15
21149,2741,19,19,3347,16
21150,2741,27,27,3355,16
21151,2741,69,69,3399,16
21152,2741,97,97,3427,16
21153,2741,113,113,3443,16
21154,2741,145,145,3475,16
21155,2741,162,162,3492,16
21156,2741,165,165,3495,16
21157,2741,197,197,3527,16
21158,2741,207,207,3537,16
21159,2741,219,220,3549,16
21160,2741,225,225,3555,16
21161,2741,246,246,3576,16
21162,2741,5,5,3585,17
21163,2741,16,16,3596,17
21164,2741,35,35,3615,17
21165,2741,208,208,3788,17
21166,2741,213,213,3793,17
21167,2741,223,223,3803,17
21168,2741,227,227,3807,17
21169,2741,12,12,3839,18
21170,2741,15,15,3842,18
21171,2741,21,21,3848,18
21172,2741,45,45,3872,18
21173,2741,53,53,3880,18
21174,2741,67,67,3894,18
21175,2741,88,88,3915,18
21176,2741,102,102,3929,18
21177,2741,108,108,3935,18
21178,2741,113,113,3940,18
21179,2741,118,119,3945,18
21180,2741,167,167,3994,18
21181,2741,196,196,4023,18
21182,2741,232,233,4059,18
21183,2741,241,241,4068,18
21184,2741,246,246,4073,18
21185,2741,12,12,4101,19
21186,2741,31,31,4402,21
21187,2741,191,191,4828,22
21188,2742,35,35,683,5
21189,2742,51,51,699,5
21190,2743,124,124,3226,15
21191,2743,127,127,3229,15
21192,2744,42,42,2901,14
21193,2744,67,67,2926,14
21194,2745,52,53,2664,13
21195,2746,222,222,2590,12
21196,2747,215,215,4304,19
21197,2748,63,63,246,2
21198,2749,201,201,3303,15
21199,2750,9,9,441,4
21200,2750,57,57,489,4
21201,2750,60,60,492,4
21202,2750,70,70,502,4
21203,2750,85,85,517,4
21204,2750,94,95,526,4
21205,2750,27,27,675,5
21206,2751,197,198,4286,19
21207,2752,148,148,3975,18
21208,2753,97,97,3924,18
21209,2753,250,250,4077,18
21210,2753,16,16,4105,19
21211,2753,28,28,4117,19
21212,2753,40,40,4129,19
21213,2753,42,42,4131,19
21214,2753,58,58,4147,19
21215,2753,82,82,4171,19
21216,2753,88,88,4177,19
21217,2753,95,95,4184,19
21218,2753,97,97,4186,19
21219,2753,100,101,4189,19
21220,2753,107,107,4196,19
21221,2753,125,125,4214,19
21222,2753,136,136,4225,19
21223,2753,152,152,4241,19
21224,2753,162,162,4251,19
21225,2753,164,164,4253,19
21226,2753,174,177,4263,19
21227,2753,179,179,4268,19
21228,2753,181,181,4270,19
21229,2753,184,186,4273,19
21230,2753,189,189,4278,19
21231,2753,193,193,4282,19
21232,2753,196,196,4285,19
21233,2753,199,199,4288,19
21234,2753,203,203,4292,19
21235,2753,208,208,4297,19
21236,2753,212,212,4301,19
21237,2753,217,218,4306,19
21238,2753,224,224,4313,19
21239,2753,232,232,4321,19
21240,2753,242,242,4331,19
21241,2753,244,246,4333,19
21242,2753,255,257,4344,19
21243,2753,263,263,4352,19
21244,2753,275,276,4364,19
21245,2753,15,15,4876,20
21246,2753,27,27,4888,20
21247,2753,48,48,4909,20
21248,2753,89,89,4950,20
21249,2753,93,93,4954,20
21250,2753,102,102,4963,20
21251,2753,109,109,4970,20
21252,2753,118,118,4979,20
21253,2753,141,141,5002,20
21254,2753,163,163,5024,20
21255,2753,171,171,5032,20
21256,2753,173,173,5034,20
21257,2753,25,25,4396,21
21258,2753,30,30,4401,21
21259,2753,43,43,4414,21
21260,2753,81,81,4452,21
21261,2753,84,84,4455,21
21262,2753,106,106,4477,21
21263,2753,121,121,4492,21
21264,2753,136,136,4507,21
21265,2753,25,25,4662,22
21266,2753,162,162,4799,22
21267,2754,25,25,4886,20
21268,2755,111,111,4482,21
21269,2755,116,117,4487,21
21270,2755,128,128,4499,21
21271,2755,135,135,4506,21
21272,2755,162,162,4533,21
21273,2755,191,191,4562,21
21274,2755,204,204,4575,21
21275,2755,13,13,4650,22
21276,2755,42,42,4679,22
21277,2755,49,49,4686,22
21278,2755,109,109,4746,22
21279,2755,122,122,4759,22
21280,2756,64,64,3644,17
21281,2756,197,197,3777,17
21282,2756,24,24,3851,18
21283,2756,38,38,3865,18
21284,2756,164,164,3991,18
21285,2756,167,167,5028,20
21286,2756,21,21,4392,21
21287,2756,50,50,4421,21
21288,2756,169,169,4806,22
21289,2757,117,117,4978,20
21290,2757,119,119,4980,20
21291,2757,121,121,4982,20
21292,2757,123,123,4984,20
21293,2757,138,138,4999,20
21294,2757,144,144,5005,20
21295,2757,151,151,5012,20
21296,2758,88,88,2200,11
21297,2758,170,170,2282,11
21298,2758,190,190,2302,11
21299,2758,196,196,2308,11
21300,2758,9,10,2377,12
21301,2758,82,82,2450,12
21302,2758,71,71,2683,13
21303,2758,88,88,2700,13
21304,2758,195,196,2807,13
21305,2758,22,22,3350,16
21306,2758,11,11,3591,17
21307,2758,13,13,3593,17
21308,2758,77,77,3657,17
21309,2758,69,69,3896,18
21310,2759,78,78,4449,21
21311,2760,179,179,4268,19
21312,2761,75,75,1676,9
21313,2762,173,173,1534,8
21314,2763,244,244,3824,17
21315,2763,159,159,4248,19
21316,2763,212,212,4301,19
21317,2763,256,256,4345,19
21318,2763,276,276,4365,19
21319,2764,54,54,944,6
21320,2764,207,207,1097,6
21321,2764,32,32,1887,10
21322,2764,36,37,1891,10
21323,2764,47,48,1902,10
21324,2764,183,183,2038,10
21325,2764,205,206,2060,10
21326,2764,233,233,2088,10
21327,2764,6,6,2118,11
21328,2764,17,17,2129,11
21329,2764,32,32,2144,11
21330,2764,70,70,2182,11
21331,2764,7,7,2866,14
21332,2764,10,10,2869,14
21333,2764,121,121,2980,14
21334,2764,139,140,2998,14
21335,2764,147,147,3006,14
21336,2764,149,149,3008,14
21337,2764,154,154,3013,14
21338,2764,157,157,3016,14
21339,2764,183,183,3042,14
21340,2764,31,31,3133,15
21341,2764,130,130,3232,15
21342,2764,8,8,3336,16
21343,2764,66,66,3396,16
21344,2764,167,167,3497,16
21345,2765,207,207,1097,6
21346,2766,54,56,944,6
21347,2766,59,60,949,6
21348,2766,67,68,957,6
21349,2766,70,70,960,6
21350,2766,79,79,969,6
21351,2766,83,83,973,6
21352,2766,91,91,981,6
21353,2766,100,100,990,6
21354,2766,207,207,1097,6
21355,2766,81,81,1682,9
21356,2766,6,6,2118,11
21357,2766,17,17,2129,11
21358,2766,225,225,2837,13
21359,2766,107,107,3437,16
21360,2766,214,214,3544,16
21361,2766,65,65,3645,17
21362,2766,42,42,4131,19
21363,2766,96,96,4185,19
21364,2766,99,100,4188,19
21365,2766,165,166,4254,19
21366,2767,116,116,3218,15
21367,2767,107,107,3437,16
21368,2768,179,179,4268,19
21369,2769,158,158,1519,8
21370,2770,174,174,4545,21
21371,2771,126,126,4497,21
21372,2772,160,160,4531,21
21373,2772,12,12,4649,22
21374,2773,8,8,2120,11
21375,2774,33,34,4122,19
21376,2774,82,83,4171,19
21377,2774,98,98,4187,19
21378,2774,167,167,4256,19
21379,2774,177,178,4266,19
21380,2774,197,198,4286,19
21381,2774,206,206,4295,19
21382,2774,249,249,4338,19
21383,2775,97,97,4958,20
21384,2776,237,237,2349,11
21385,2777,61,61,2920,14
21386,2778,177,177,2789,13
21387,2779,111,111,1712,9
21388,2780,36,36,684,5
21389,2780,206,206,854,5
21390,2780,141,141,1269,7
21391,2780,160,161,1288,7
21392,2780,115,115,1716,9
21393,2780,138,138,1739,9
21394,2780,34,35,1889,10
21395,2780,51,52,1906,10
21396,2780,127,127,1982,10
21397,2780,184,184,2039,10
21398,2780,233,233,2088,10
21399,2780,241,241,2096,10
21400,2780,89,89,2457,12
21401,2780,160,160,2528,12
21402,2780,200,200,2568,12
21403,2780,209,209,2577,12
21404,2780,36,36,2648,13
21405,2780,59,59,2671,13
21406,2780,133,133,2745,13
21407,2780,191,191,3521,16
21408,2780,6,6,3833,18
21409,2780,16,16,3843,18
21410,2780,44,44,3871,18
21411,2780,69,69,3896,18
21412,2780,82,83,3909,18
21413,2780,118,118,3945,18
21414,2781,5,5,188,2
21415,2782,97,97,4958,20
21416,2783,106,106,1467,8
21417,2784,170,170,1298,7
21418,2785,171,171,3030,14
21419,2785,178,179,3037,14
21420,2785,96,96,3198,15
21421,2785,90,90,4727,22
21422,2786,114,114,4203,19
21423,2786,35,37,4896,20
21424,2787,145,145,3725,17
21425,2788,159,159,2527,12
21426,2788,37,37,3139,15
21427,2788,205,205,3785,17
21428,2789,139,139,1994,10
21429,2790,102,102,101,1
21430,2790,104,104,103,1
21431,2790,109,109,108,1
21432,2790,138,138,137,1
21433,2790,145,145,144,1
21434,2790,66,66,249,2
21435,2790,70,70,253,2
21436,2790,150,150,333,2
21437,2791,69,69,68,1
21438,2791,66,66,714,5
21439,2791,227,227,875,5
21440,2791,59,59,1187,7
21441,2791,169,169,1297,7
21442,2791,185,185,1313,7
21443,2791,14,16,1375,8
21444,2791,153,153,1514,8
21445,2791,234,235,1595,8
21446,2791,159,159,1760,9
21447,2791,166,166,1767,9
21448,2791,168,168,1769,9
21449,2791,80,80,1935,10
21450,2791,60,60,2919,14
21451,2791,137,137,2996,14
21452,2791,214,215,4041,18
21453,2791,64,64,4925,20
21454,2791,116,116,4977,20
21455,2791,55,55,4426,21
21456,2791,256,256,4627,21
21457,2792,235,235,3815,17
21458,2792,117,117,4206,19
21459,2792,150,150,4239,19
21460,2792,214,214,4303,19
21461,2792,253,253,4342,19
21462,2792,24,24,4885,20
21463,2792,31,31,4892,20
21464,2792,37,38,4898,20
21465,2792,117,117,4978,20
21466,2792,150,151,5011,20
21467,2792,25,25,4396,21
21468,2793,181,181,613,4
21469,2793,66,66,714,5
21470,2793,141,141,789,5
21471,2793,60,60,2919,14
21472,2793,137,137,2996,14
21473,2793,17,17,4878,20
21474,2793,30,30,4891,20
21475,2793,37,38,4898,20
21476,2794,13,13,3840,18
21477,2795,253,253,4080,18
21478,2796,116,116,1971,10
21479,2796,118,118,3220,15
21480,2796,57,57,3387,16
21481,2796,156,157,3983,18
21482,2796,58,58,4429,21
21483,2797,118,118,3220,15
21484,2798,223,223,4312,19
21485,2799,127,127,3954,18
21486,2799,129,129,3956,18
21487,2800,139,139,3241,15
21488,2800,203,203,3305,15
21489,2801,109,109,4970,20
21490,2801,130,130,4991,20
21491,2801,190,190,5051,20
21492,2802,56,57,1184,7
21493,2802,59,61,1187,7
21494,2802,65,67,1193,7
21495,2802,72,72,1200,7
21496,2802,173,176,1301,7
21497,2802,181,181,1309,7
21498,2802,185,185,1313,7
21499,2802,88,88,1943,10
21500,2802,90,91,1945,10
21501,2802,93,93,3920,18
21502,2802,108,108,4969,20
21503,2803,69,70,68,1
21504,2804,104,104,1232,7
21505,2805,220,220,3800,17
21506,2806,11,11,3838,18
21507,2807,76,76,1677,9
21508,2808,228,228,1589,8
21509,2809,181,183,4552,21
21510,2809,185,185,4556,21
21511,2809,27,27,4664,22
21512,2809,29,29,4666,22
21513,2809,31,31,4668,22
21514,2809,33,34,4670,22
21515,2810,29,29,4118,19
21516,2810,77,77,4166,19
21517,2810,82,83,4171,19
21518,2810,90,92,4179,19
21519,2810,252,252,4341,19
21520,2811,225,225,4052,18
21521,2812,181,181,3283,15
21522,2813,181,181,3283,15
21523,2814,106,106,3436,16
21524,2814,33,33,4404,21
21525,2815,67,67,957,6
21526,2816,200,200,4571,21
21527,2817,131,131,314,2
21528,2818,16,17,199,2
21529,2818,225,225,873,5
21530,2818,43,43,2411,12
21531,2818,246,246,2858,13
21532,2818,187,187,3046,14
21533,2818,218,218,3320,15
21534,2818,222,222,3324,15
21535,2818,238,238,3818,17
21536,2818,170,170,3997,18
21537,2818,209,209,4036,18
21538,2818,189,189,4278,19
21539,2818,215,215,4304,19
21540,2818,140,140,4511,21
21541,2819,12,12,389,3
21542,2820,52,52,484,4
21543,2820,56,56,488,4
21544,2820,196,196,2808,13
21545,2820,198,198,2810,13
21546,2820,166,166,3025,14
21547,2821,138,138,4227,19
21548,2822,110,110,4199,19
21549,2823,87,87,4948,20
21550,2824,36,36,3616,17
21551,2825,78,78,4449,21
21552,2826,151,151,4240,19
21553,2826,153,153,4242,19
21554,2827,16,17,199,2
21555,2827,21,21,204,2
21556,2827,48,48,231,2
21557,2827,52,52,235,2
21558,2827,60,60,243,2
21559,2827,74,74,257,2
21560,2827,87,87,270,2
21561,2827,100,100,283,2
21562,2827,105,106,288,2
21563,2827,162,162,345,2
21564,2827,190,190,373,2
21565,2827,17,17,394,3
21566,2827,29,29,406,3
21567,2827,65,66,497,4
21568,2827,112,112,544,4
21569,2827,134,135,566,4
21570,2827,140,140,572,4
21571,2827,19,19,667,5
21572,2827,26,26,674,5
21573,2827,37,37,685,5
21574,2827,57,57,705,5
21575,2827,90,90,738,5
21576,2827,198,199,846,5
21577,2827,10,10,900,6
21578,2827,103,103,993,6
21579,2827,45,45,2904,14
21580,2827,47,48,2906,14
21581,2827,51,51,2910,14
21582,2827,55,55,2914,14
21583,2827,69,69,2928,14
21584,2827,161,161,3020,14
21585,2827,187,188,3046,14
21586,2827,191,193,3050,14
21587,2827,196,196,3055,14
21588,2827,201,201,3060,14
21589,2827,10,12,3112,15
21590,2827,20,22,3122,15
21591,2827,47,47,3149,15
21592,2827,49,49,3151,15
21593,2827,53,55,3155,15
21594,2827,58,58,3160,15
21595,2827,60,62,3162,15
21596,2827,64,64,3166,15
21597,2827,73,73,3175,15
21598,2827,85,85,3187,15
21599,2827,92,92,3194,15
21600,2827,97,97,3199,15
21601,2827,102,103,3204,15
21602,2827,108,112,3210,15
21603,2827,115,115,3217,15
21604,2827,117,117,3219,15
21605,2827,121,123,3223,15
21606,2827,128,128,3230,15
21607,2827,130,131,3232,15
21608,2827,153,153,3255,15
21609,2827,204,205,3306,15
21610,2827,209,209,3311,15
21611,2827,31,31,3361,16
21612,2827,79,79,3409,16
21613,2827,83,83,3413,16
21614,2827,88,88,3418,16
21615,2827,100,100,3430,16
21616,2827,104,107,3434,16
21617,2827,109,109,3439,16
21618,2827,114,114,3444,16
21619,2827,116,117,3446,16
21620,2827,121,121,3451,16
21621,2827,124,124,3454,16
21622,2827,127,127,3457,16
21623,2827,131,131,3461,16
21624,2827,134,137,3464,16
21625,2827,144,144,3474,16
21626,2827,147,147,3477,16
21627,2827,149,150,3479,16
21628,2827,163,164,3493,16
21629,2827,171,173,3501,16
21630,2827,175,177,3505,16
21631,2827,193,195,3523,16
21632,2827,205,206,3535,16
21633,2827,211,215,3541,16
21634,2827,220,223,3550,16
21635,2827,225,229,3555,16
21636,2827,232,236,3562,16
21637,2827,238,240,3568,16
21638,2827,247,247,3577,16
21639,2827,6,10,3586,17
21640,2827,17,17,3597,17
21641,2827,20,20,3600,17
21642,2827,23,23,3603,17
21643,2827,25,25,3605,17
21644,2827,30,32,3610,17
21645,2827,36,36,3616,17
21646,2827,65,65,3645,17
21647,2827,88,89,3668,17
21648,2827,92,92,3672,17
21649,2827,100,100,3680,17
21650,2827,171,171,3751,17
21651,2827,174,174,3754,17
21652,2827,177,177,3757,17
21653,2827,185,185,3765,17
21654,2827,213,213,3793,17
21655,2827,219,222,3799,17
21656,2827,226,226,3806,17
21657,2827,229,229,3809,17
21658,2827,231,231,3811,17
21659,2827,235,236,3815,17
21660,2827,238,238,3818,17
21661,2827,244,246,3824,17
21662,2827,13,13,3840,18
21663,2827,26,26,3853,18
21664,2827,42,43,3869,18
21665,2827,48,48,3875,18
21666,2827,52,52,3879,18
21667,2827,55,55,3882,18
21668,2827,72,72,3899,18
21669,2827,86,87,3913,18
21670,2827,91,92,3918,18
21671,2827,95,96,3922,18
21672,2827,106,106,3933,18
21673,2827,170,170,3997,18
21674,2827,179,181,4006,18
21675,2827,209,209,4036,18
21676,2827,212,212,4039,18
21677,2827,223,225,4050,18
21678,2827,227,227,4054,18
21679,2827,232,232,4059,18
21680,2827,242,242,4069,18
21681,2827,244,244,4071,18
21682,2827,257,259,4084,18
21683,2827,8,8,4097,19
21684,2827,13,13,4102,19
21685,2827,23,23,4112,19
21686,2827,27,28,4116,19
21687,2827,30,34,4119,19
21688,2827,36,45,4125,19
21689,2827,47,48,4136,19
21690,2827,50,54,4139,19
21691,2827,56,61,4145,19
21692,2827,64,71,4153,19
21693,2827,75,77,4164,19
21694,2827,81,83,4170,19
21695,2827,85,89,4174,19
21696,2827,92,140,4181,19
21697,2827,142,143,4231,19
21698,2827,145,145,4234,19
21699,2827,147,160,4236,19
21700,2827,162,188,4251,19
21701,2827,190,190,4279,19
21702,2827,192,234,4281,19
21703,2827,237,250,4326,19
21704,2827,252,257,4341,19
21705,2827,261,261,4350,19
21706,2827,263,263,4352,19
21707,2827,268,269,4357,19
21708,2827,275,276,4364,19
21709,2827,4,4,4865,20
21710,2827,6,6,4867,20
21711,2827,8,12,4869,20
21712,2827,14,32,4875,20
21713,2827,34,44,4895,20
21714,2827,46,46,4907,20
21715,2827,53,53,4914,20
21716,2827,55,55,4916,20
21717,2827,59,59,4920,20
21718,2827,65,67,4926,20
21719,2827,69,70,4930,20
21720,2827,72,97,4933,20
21721,2827,99,102,4960,20
21722,2827,104,104,4965,20
21723,2827,106,107,4967,20
21724,2827,109,109,4970,20
21725,2827,111,115,4972,20
21726,2827,117,129,4978,20
21727,2827,131,132,4992,20
21728,2827,135,135,4996,20
21729,2827,137,147,4998,20
21730,2827,149,166,5010,20
21731,2827,170,171,5031,20
21732,2827,188,188,5049,20
21733,2827,193,193,5054,20
21734,2827,24,25,4395,21
21735,2827,30,30,4401,21
21736,2827,36,38,4407,21
21737,2827,62,62,4433,21
21738,2827,71,71,4442,21
21739,2827,78,78,4449,21
21740,2827,80,82,4451,21
21741,2827,84,84,4455,21
21742,2827,99,99,4470,21
21743,2827,112,117,4483,21
21744,2827,119,119,4490,21
21745,2827,122,124,4493,21
21746,2827,126,126,4497,21
21747,2827,146,146,4517,21
21748,2827,155,155,4526,21
21749,2827,157,157,4528,21
21750,2827,159,159,4530,21
21751,2827,166,166,4537,21
21752,2827,171,172,4542,21
21753,2827,177,177,4548,21
21754,2827,187,188,4558,21
21755,2827,190,190,4561,21
21756,2827,207,207,4578,21
21757,2827,209,209,4580,21
21758,2827,220,220,4591,21
21759,2827,224,224,4595,21
21760,2827,226,226,4597,21
21761,2827,228,228,4599,21
21762,2827,231,231,4602,21
21763,2827,264,264,4635,21
21764,2827,22,26,4659,22
21765,2827,29,32,4666,22
21766,2827,34,34,4671,22
21767,2827,36,37,4673,22
21768,2827,67,67,4704,22
21769,2827,133,133,4770,22
21770,2827,222,222,4859,22
21771,2828,172,172,3502,16
21772,2828,258,259,4085,18
21773,2828,32,34,4121,19
21774,2828,47,47,4136,19
21775,2828,56,56,4145,19
21776,2828,58,58,4147,19
21777,2828,82,83,4171,19
21778,2828,98,98,4187,19
21779,2828,123,123,4212,19
21780,2828,125,125,4214,19
21781,2828,134,134,4223,19
21782,2828,155,155,4244,19
21783,2828,171,171,4260,19
21784,2828,88,88,4949,20
21785,2828,90,90,4951,20
21786,2829,140,140,572,4
21787,2829,229,229,2841,13
21788,2829,164,164,4253,19
21789,2829,85,85,4946,20
21790,2829,89,89,4950,20
21791,2829,119,119,4490,21
21792,2829,122,122,4493,21
21793,2829,264,264,4635,21
21794,2830,47,47,4136,19
21795,2831,151,152,334,2
21796,2831,2,2,379,3
21797,2831,8,9,385,3
21798,2831,13,13,390,3
21799,2831,15,16,392,3
21800,2831,18,18,395,3
21801,2831,20,21,397,3
21802,2831,24,25,401,3
21803,2831,28,28,405,3
21804,2831,34,35,411,3
21805,2831,43,43,420,3
21806,2831,45,45,422,3
21807,2831,49,49,426,3
21808,2831,52,52,429,3
21809,2831,76,76,508,4
21810,2831,233,233,881,5
21811,2831,196,196,1557,8
21812,2832,121,122,2980,14
21813,2832,22,22,4393,21
21814,2833,129,129,1019,6
21815,2833,143,144,1033,6
21816,2833,148,149,1038,6
21817,2833,155,155,1045,6
21818,2834,112,112,1002,6
21819,2835,169,169,5030,20
21820,2836,121,121,4982,20
21821,2836,125,125,4986,20
21822,2836,143,146,5004,20
21823,2836,151,151,5012,20
21824,2836,157,157,5018,20
21825,2837,65,65,3167,15
21826,2838,104,104,1232,7
21827,2839,108,113,3210,15
21828,2839,129,129,3231,15
21829,2839,173,173,3275,15
21830,2839,100,100,3430,16
21831,2839,177,177,3507,16
21832,2839,240,240,3570,16
21833,2840,75,75,1930,10
21834,2841,247,247,4074,18
21835,2842,21,21,398,3
21836,2843,27,28,3129,15
21837,2843,36,36,3138,15
21838,2844,111,111,1239,7
21839,2845,253,253,1854,9
21840,2846,82,82,4453,21
21841,2847,242,242,3822,17
21842,2848,148,148,5009,20
21843,2849,88,88,87,1
21844,2850,119,119,4980,20
21845,2851,51,51,699,5
21846,2851,229,229,877,5
21847,2851,67,67,957,6
21848,2851,70,70,960,6
21849,2851,92,92,982,6
21850,2851,94,94,984,6
21851,2851,96,97,986,6
21852,2851,124,125,1014,6
21853,2851,246,246,4073,18
21854,2852,138,138,4227,19
21855,2853,47,47,2906,14
21856,2854,117,117,3219,15
21857,2855,153,153,4524,21
21858,2855,158,158,4529,21
21859,2855,160,161,4531,21
21860,2855,122,122,4759,22
21861,2855,130,132,4767,22
21862,2855,134,138,4771,22
21863,2855,151,154,4788,22
21864,2856,159,159,4248,19
21865,2857,176,178,1066,6
21866,2857,190,194,1080,6
21867,2858,56,56,1417,8
21868,2858,59,59,1420,8
21869,2858,236,237,2348,11
21870,2858,244,244,2356,11
21871,2859,25,26,3127,15
21872,2859,30,30,3132,15
21873,2859,56,56,4917,20
21874,2860,25,31,3127,15
21875,2860,36,38,3138,15
21876,2860,53,54,3155,15
21877,2860,61,61,3163,15
21878,2860,139,140,3241,15
21879,2861,121,121,4982,20
21880,2861,146,146,5007,20
21881,2861,60,60,4431,21
21882,2862,27,27,1388,8
21883,2863,124,124,123,1
21884,2864,15,15,392,3
21885,2864,24,24,672,5
21886,2864,154,154,1755,9
21887,2864,9,9,1864,10
21888,2864,113,113,3215,15
21889,2864,34,34,4405,21
21890,2865,24,24,672,5
21891,2866,122,122,1977,10
21892,2866,34,34,4405,21
21893,2867,33,33,2892,14
21894,2867,94,94,3921,18
21895,2868,122,122,1977,10
21896,2868,34,34,4405,21
21897,2869,124,124,123,1
21898,2869,203,203,1093,6
21899,2869,154,154,1755,9
21900,2869,122,122,1977,10
21901,2869,34,34,4405,21
21902,2869,58,58,4429,21
21903,2869,68,68,4439,21
21904,2870,15,15,392,3
21905,2870,34,34,4405,21
21906,2871,14,14,391,3
21907,2871,154,154,1755,9
21908,2871,34,34,4405,21
21909,2872,204,204,3063,14
21910,2872,154,154,3256,15
21911,2873,190,190,3049,14
21912,2873,35,35,3137,15
21913,2873,63,63,3165,15
21914,2873,107,107,3209,15
21915,2873,134,134,3236,15
21916,2874,25,25,2393,12
21917,2874,6,6,3108,15
21918,2875,114,114,113,1
21919,2875,125,125,308,2
21920,2875,163,163,346,2
21921,2875,173,173,3503,16
21922,2875,143,143,3723,17
21923,2876,228,228,4317,19
21924,2877,143,144,2511,12
21925,2877,147,147,2515,12
21926,2877,149,149,2517,12
21927,2877,155,155,2523,12
21928,2877,160,160,2528,12
21929,2877,162,162,2530,12
21930,2877,165,165,2533,12
21931,2877,168,168,2536,12
21932,2877,186,186,2554,12
21933,2877,189,190,2557,12
21934,2877,210,210,2578,12
21935,2877,5,5,2617,13
21936,2877,39,39,2651,13
21937,2877,49,49,2661,13
21938,2877,59,59,2671,13
21939,2877,70,70,2682,13
21940,2877,35,35,2894,14
21941,2877,77,77,2936,14
21942,2878,29,29,4118,19
21943,2878,83,83,4172,19
21944,2878,90,92,4179,19
21945,2878,276,276,4365,19
21946,2878,89,89,4950,20
21947,2879,231,231,4602,21
21948,2880,104,105,2216,11
21949,2880,114,114,2226,11
21950,2880,118,118,2230,11
21951,2880,123,123,2235,11
21952,2880,166,166,2278,11
21953,2880,144,144,2756,13
21954,2880,152,152,2764,13
21955,2881,198,198,2566,12
21956,2882,20,20,397,3
21957,2882,37,37,414,3
21958,2882,48,48,425,3
21959,2882,6,6,438,4
21960,2882,35,35,925,6
21961,2882,37,37,927,6
21962,2882,65,65,1666,9
21963,2882,67,69,1668,9
21964,2882,87,87,1688,9
21965,2882,99,99,1700,9
21966,2882,233,233,1834,9
21967,2882,99,99,3926,18
21968,2883,57,57,947,6
21969,2883,59,61,949,6
21970,2883,65,65,955,6
21971,2883,68,68,958,6
21972,2883,84,84,974,6
21973,2883,112,112,1002,6
21974,2884,87,87,86,1
21975,2884,91,91,90,1
21976,2884,93,93,92,1
21977,2884,107,107,106,1
21978,2885,200,200,1328,7
21979,2886,207,207,4034,18
21980,2887,132,132,3234,15
21981,2887,226,226,4053,18
21982,2888,192,192,840,5
21983,2888,22,22,1383,8
21984,2888,74,74,1675,9
21985,2888,76,76,1677,9
21986,2888,99,99,1700,9
21987,2889,93,93,1948,10
21988,2889,104,104,1959,10
21989,2890,15,15,663,5
21990,2891,34,34,411,3
21991,2891,37,37,414,3
21992,2892,15,15,447,4
21993,2893,9,9,441,4
21994,2893,48,49,480,4
21995,2893,89,89,521,4
21996,2894,51,51,428,3
21997,2894,48,49,480,4
21998,2894,89,89,521,4
21999,2895,39,40,3141,15
22000,2895,71,71,3173,15
22001,2895,123,123,3950,18
22002,2896,53,53,52,1
22003,2897,123,123,306,2
22004,2897,127,127,310,2
22005,2897,129,129,312,2
22006,2897,135,137,318,2
22007,2897,15,15,392,3
22008,2897,17,17,394,3
22009,2897,19,20,396,3
22010,2897,41,41,418,3
22011,2897,8,8,440,4
22012,2897,11,11,443,4
22013,2897,37,37,469,4
22014,2898,104,104,1232,7
22015,2899,47,47,2906,14
22016,2899,49,49,2908,14
22017,2900,242,242,3101,14
22018,2901,83,83,3413,16
22019,2902,182,182,1072,6
22020,2902,186,186,1076,6
22021,2902,188,188,1078,6
22022,2903,83,83,3413,16
22023,2904,9,11,3111,15
22024,2904,15,18,3117,15
22025,2904,83,83,3413,16
22026,2904,85,85,3415,16
22027,2905,83,83,3413,16
22028,2906,34,34,1635,9
22029,2906,178,178,2033,10
22030,2906,192,193,2047,10
22031,2907,172,173,4543,21
22032,2907,211,211,4582,21
22033,2907,213,213,4584,21
22034,2907,24,24,4661,22
22035,2908,11,11,1866,10
22036,2908,228,229,2083,10
22037,2908,21,21,4110,19
22038,2909,197,197,3056,14
22039,2909,76,77,3178,15
22040,2909,86,86,3188,15
22041,2909,105,105,3207,15
22042,2909,138,138,3240,15
22043,2909,24,24,4395,21
22044,2910,115,115,3217,15
22045,2910,137,137,3239,15
22046,2910,238,238,3568,16
22047,2911,57,57,3884,18
22048,2912,225,225,2080,10
22049,2912,23,23,2135,11
22050,2912,27,27,2139,11
22051,2912,30,30,2142,11
22052,2912,68,68,2180,11
22053,2912,74,74,2186,11
22054,2912,76,76,2188,11
22055,2912,82,83,2194,11
22056,2912,85,85,2197,11
22057,2912,87,87,2199,11
22058,2912,89,89,2201,11
22059,2912,91,91,2203,11
22060,2912,98,100,2210,11
22061,2912,103,103,2215,11
22062,2912,109,109,2221,11
22063,2912,111,111,2223,11
22064,2912,115,116,2227,11
22065,2912,125,125,2237,11
22066,2912,150,150,2262,11
22067,2912,152,157,2264,11
22068,2912,165,166,2277,11
22069,2912,170,171,2282,11
22070,2912,174,174,2286,11
22071,2912,178,179,2290,11
22072,2912,181,181,2293,11
22073,2912,186,186,2298,11
22074,2912,191,192,2303,11
22075,2912,195,195,2307,11
22076,2912,197,199,2309,11
22077,2912,203,203,2315,11
22078,2912,214,214,2326,11
22079,2912,255,255,2367,11
22080,2912,6,6,2374,12
22081,2912,8,9,2376,12
22082,2912,11,13,2379,12
22083,2912,15,15,2383,12
22084,2912,17,17,2385,12
22085,2912,19,19,2387,12
22086,2912,23,23,2391,12
22087,2912,35,38,2403,12
22088,2912,41,41,2409,12
22089,2912,48,50,2416,12
22090,2912,63,65,2431,12
22091,2912,67,67,2435,12
22092,2912,72,72,2440,12
22093,2912,75,77,2443,12
22094,2912,84,88,2452,12
22095,2912,94,94,2462,12
22096,2912,101,101,2469,12
22097,2912,103,103,2471,12
22098,2912,105,105,2473,12
22099,2912,107,107,2475,12
22100,2912,111,111,2479,12
22101,2912,114,119,2482,12
22102,2912,121,123,2489,12
22103,2912,135,139,2503,12
22104,2912,145,147,2513,12
22105,2912,151,151,2519,12
22106,2912,156,156,2524,12
22107,2912,159,159,2527,12
22108,2912,164,167,2532,12
22109,2912,185,186,2553,12
22110,2912,188,188,2556,12
22111,2912,190,190,2558,12
22112,2912,192,193,2560,12
22113,2912,198,198,2566,12
22114,2912,200,200,2568,12
22115,2912,204,206,2572,12
22116,2912,209,210,2577,12
22117,2912,215,215,2583,12
22118,2912,219,220,2587,12
22119,2912,225,226,2593,12
22120,2912,234,235,2602,12
22121,2912,19,19,2631,13
22122,2912,32,32,2644,13
22123,2912,49,52,2661,13
22124,2912,56,56,2668,13
22125,2912,72,72,2684,13
22126,2912,107,107,2719,13
22127,2912,113,113,2725,13
22128,2912,117,117,2729,13
22129,2912,140,140,2752,13
22130,2912,203,203,2815,13
22131,2912,208,208,2820,13
22132,2912,237,237,2849,13
22133,2912,102,102,2961,14
22134,2912,181,181,3283,15
22135,2912,37,37,3367,16
22136,2912,48,48,3378,16
22137,2912,52,52,3382,16
22138,2912,55,55,3385,16
22139,2912,59,59,3389,16
22140,2912,70,71,3400,16
22141,2912,124,124,3454,16
22142,2912,161,162,3491,16
22143,2912,212,212,3542,16
22144,2912,226,226,3556,16
22145,2912,231,231,3561,16
22146,2912,17,17,3597,17
22147,2912,34,34,3614,17
22148,2912,37,38,3617,17
22149,2912,40,40,3620,17
22150,2912,19,19,3846,18
22151,2912,77,78,3904,18
22152,2912,80,81,3907,18
22153,2912,89,89,3916,18
22154,2912,94,95,3921,18
22155,2912,116,116,3943,18
22156,2912,118,119,3945,18
22157,2912,122,122,3949,18
22158,2912,135,135,3962,18
22159,2912,145,146,3972,18
22160,2912,152,152,3979,18
22161,2912,197,198,4024,18
22162,2912,231,231,4058,18
22163,2912,249,249,4076,18
22164,2912,254,254,4081,18
22165,2912,51,51,4912,20
22166,2912,174,174,5035,20
22167,2912,65,66,4436,21
22168,2912,68,70,4439,21
22169,2912,75,75,4446,21
22170,2912,210,210,4581,21
22171,2912,216,216,4587,21
22172,2912,157,157,4794,22
22173,2912,174,174,4811,22
22174,2912,179,180,4816,22
22175,2913,97,97,2465,12
22176,2914,152,152,3979,18
22177,2915,21,21,4392,21
22178,2915,50,50,4421,21
22179,2916,87,87,4948,20
22180,2917,238,238,1839,9
22181,2917,84,84,2452,12
22182,2918,69,70,4930,20
22183,2918,104,105,4965,20
22184,2918,108,108,4969,20
22185,2918,110,110,4971,20
22186,2919,18,18,17,1
22187,2919,100,100,99,1
22188,2919,104,104,103,1
22189,2919,150,150,149,1
22190,2919,8,8,191,2
22191,2919,12,14,195,2
22192,2919,18,18,201,2
22193,2919,82,82,265,2
22194,2919,77,77,725,5
22195,2919,162,163,810,5
22196,2919,178,178,826,5
22197,2919,182,183,830,5
22198,2919,187,188,835,5
22199,2919,192,196,840,5
22200,2919,202,202,850,5
22201,2919,208,209,856,5
22202,2919,217,217,865,5
22203,2919,221,221,869,5
22204,2919,235,235,883,5
22205,2919,22,22,912,6
22206,2919,43,43,933,6
22207,2919,45,45,935,6
22208,2919,49,49,939,6
22209,2919,209,209,1099,6
22210,2919,211,212,1101,6
22211,2919,133,133,1261,7
22212,2919,206,206,1334,7
22213,2919,34,34,1395,8
22214,2919,37,37,1398,8
22215,2919,77,77,1438,8
22216,2919,61,61,1916,10
22217,2919,231,232,2086,10
22218,2919,19,19,2131,11
22219,2919,153,153,2521,12
22220,2919,177,178,2545,12
22221,2919,181,181,2549,12
22222,2919,184,184,2552,12
22223,2919,55,55,2667,13
22224,2919,200,201,2812,13
22225,2919,113,113,2972,14
22226,2919,99,99,3926,18
22227,2919,173,173,5034,20
22228,2919,175,176,5036,20
22229,2919,36,37,4407,21
22230,2920,208,208,1098,6
22231,2921,17,17,4106,19
22232,2922,121,121,4492,21
22233,2923,145,145,144,1
22234,2923,151,151,3253,15
22235,2924,32,34,4121,19
22236,2924,59,60,4148,19
22237,2924,66,66,4155,19
22238,2924,68,69,4157,19
22239,2924,82,83,4171,19
22240,2924,118,118,4207,19
22241,2924,171,171,4260,19
22242,2924,219,219,4308,19
22243,2924,221,221,4310,19
22244,2924,36,36,4407,21
22245,2925,150,150,149,1
22246,2925,133,134,316,2
22247,2926,7,7,6,1
22248,2927,83,83,2195,11
22249,2928,67,68,499,4
22250,2928,56,56,2668,13
22251,2929,178,178,361,2
22252,2929,185,185,368,2
22253,2929,43,43,691,5
22254,2930,131,131,130,1
22255,2930,157,157,156,1
22256,2931,22,22,670,5
22257,2932,78,78,77,1
22258,2932,90,90,273,2
22259,2932,191,191,374,2
22260,2932,20,20,397,3
22261,2932,54,54,486,4
22262,2933,137,137,1738,9
22263,2934,151,151,4522,21
22264,2935,36,36,35,1
22265,2935,38,38,37,1
22266,2935,41,42,40,1
22267,2935,61,64,60,1
22268,2935,66,70,65,1
22269,2935,73,73,72,1
22270,2935,76,78,75,1
22271,2935,80,80,79,1
22272,2935,82,82,81,1
22273,2935,84,84,83,1
22274,2935,86,86,85,1
22275,2935,89,89,88,1
22276,2935,93,94,92,1
22277,2935,102,102,101,1
22278,2935,125,125,124,1
22279,2935,166,166,165,1
22280,2935,20,20,203,2
22281,2935,25,25,208,2
22282,2936,166,166,165,1
22283,2937,47,47,2906,14
22284,2938,233,233,2601,12
22285,2938,10,10,2622,13
22286,2938,13,13,2625,13
22287,2938,34,34,2646,13
22288,2938,81,82,2693,13
22289,2938,85,85,2697,13
22290,2938,87,87,2699,13
22291,2938,215,215,2827,13
22292,2938,34,34,2893,14
22293,2938,187,187,3289,15
22294,2938,38,38,3368,16
22295,2938,49,49,3379,16
22296,2938,90,90,3420,16
22297,2938,118,118,3448,16
22298,2938,130,130,3460,16
22299,2938,158,158,3488,16
22300,2938,224,224,3554,16
22301,2938,246,246,3576,16
22302,2938,43,43,3870,18
22303,2938,118,118,3945,18
22304,2938,151,151,3978,18
22305,2938,162,162,3989,18
22306,2938,169,169,3996,18
22307,2938,204,204,4031,18
22308,2938,13,13,4102,19
22309,2938,167,168,5028,20
22310,2938,19,20,4390,21
22311,2938,31,31,4402,21
22312,2938,69,69,4440,21
22313,2938,74,75,4445,21
22314,2938,192,196,4563,21
22315,2938,156,156,4793,22
22316,2938,165,166,4802,22
22317,2938,168,169,4805,22
22318,2938,183,183,4820,22
22319,2939,15,15,3595,17
22320,2940,157,158,1518,8
22321,2940,187,187,1548,8
22322,2940,26,26,2885,14
22323,2941,13,13,1614,9
22324,2941,136,136,1737,9
22325,2941,164,164,3494,16
22326,2941,244,245,3574,16
22327,2941,247,247,3577,16
22328,2941,25,25,3852,18
22329,2942,55,55,3157,15
22330,2943,17,17,2629,13
22331,2944,30,30,29,1
22332,2945,81,81,4718,22
22333,2946,155,155,2267,11
22334,2946,188,188,2300,11
22335,2947,8,8,2867,14
22336,2948,153,153,4524,21
22337,2949,8,8,1136,7
22338,2950,12,12,1140,7
22339,2950,146,146,1274,7
22340,2950,149,151,1510,8
22341,2950,135,136,1990,10
22342,2950,99,99,2711,13
22343,2950,9,9,3836,18
22344,2950,217,217,4044,18
22345,2951,106,106,3208,15
22346,2951,138,138,3240,15
22347,2951,144,144,3246,15
22348,2951,146,147,3248,15
22349,2951,79,79,3409,16
22350,2951,239,239,3569,16
22351,2952,179,179,4006,18
22352,2953,25,25,673,5
22353,2953,86,86,734,5
22354,2954,136,136,1737,9
22355,2955,229,229,2841,13
22356,2956,85,85,4946,20
22357,2957,143,143,3723,17
22358,2958,229,229,2841,13
22359,2958,237,237,2849,13
22360,2959,165,165,1293,7
22361,2959,110,110,1471,8
22362,2959,229,229,2841,13
22363,2959,237,237,2849,13
22364,2960,116,116,764,5
22365,2961,54,54,702,5
22366,2961,130,130,1258,7
22367,2962,126,126,2985,14
22368,2962,238,238,4065,18
22369,2963,12,12,11,1
22370,2963,214,215,1104,6
22371,2963,55,55,1183,7
22372,2963,73,73,1201,7
22373,2963,124,124,1252,7
22374,2963,144,144,1272,7
22375,2963,126,126,1727,9
22376,2963,247,247,1848,9
22377,2963,169,169,2024,10
22378,2963,63,63,2431,12
22379,2963,16,16,2628,13
22380,2963,48,48,2660,13
22381,2963,76,76,2688,13
22382,2963,124,124,2736,13
22383,2963,126,126,2738,13
22384,2963,51,51,2910,14
22385,2963,39,39,3141,15
22386,2963,128,128,3230,15
22387,2963,131,131,3233,15
22388,2963,138,138,3240,15
22389,2963,170,170,3272,15
22390,2963,61,61,3391,16
22391,2963,158,158,3738,17
22392,2963,228,228,4055,18
22393,2963,258,259,4085,18
22394,2963,93,94,4182,19
22395,2963,101,101,4190,19
22396,2963,203,203,4292,19
22397,2963,206,206,4295,19
22398,2963,84,84,4455,21
22399,2963,91,91,4462,21
22400,2963,93,93,4464,21
22401,2963,101,103,4472,21
22402,2963,115,115,4486,21
22403,2963,171,171,4542,21
22404,2963,216,216,4587,21
22405,2963,19,19,4656,22
22406,2964,80,80,4451,21
22407,2965,28,29,4117,19
22408,2965,41,41,4130,19
22409,2965,61,61,4150,19
22410,2965,63,63,4152,19
22411,2966,19,19,1147,7
22412,2966,130,130,1258,7
22413,2966,153,153,1281,7
22414,2966,182,182,1310,7
22415,2967,171,171,170,1
22416,2968,146,146,329,2
22417,2968,162,162,345,2
22418,2968,168,170,351,2
22419,2968,8,8,385,3
22420,2968,12,13,389,3
22421,2968,29,29,406,3
22422,2968,50,50,427,3
22423,2968,9,9,441,4
22424,2968,12,12,444,4
22425,2968,15,15,447,4
22426,2968,57,57,489,4
22427,2968,59,60,491,4
22428,2968,94,95,526,4
22429,2968,99,99,531,4
22430,2968,103,104,535,4
22431,2968,112,113,544,4
22432,2968,115,115,547,4
22433,2968,120,120,552,4
22434,2968,129,129,561,4
22435,2968,133,133,565,4
22436,2968,137,137,569,4
22437,2968,43,43,691,5
22438,2968,54,54,702,5
22439,2968,68,68,716,5
22440,2968,98,98,746,5
22441,2968,148,148,796,5
22442,2968,150,150,798,5
22443,2968,153,153,801,5
22444,2968,164,164,812,5
22445,2968,173,173,821,5
22446,2968,178,178,826,5
22447,2968,181,181,829,5
22448,2968,26,26,916,6
22449,2968,41,41,931,6
22450,2968,215,215,1105,6
22451,2968,171,171,2026,10
22452,2968,236,236,2848,13
22453,2968,21,21,2880,14
22454,2968,15,15,3595,17
22455,2968,214,214,4041,18
22456,2968,168,168,5029,20
22457,2969,11,11,4872,20
22458,2970,41,42,1169,7
22459,2971,171,171,4542,21
22460,2972,125,126,308,2
22461,2972,57,57,705,5
22462,2972,94,95,1222,7
22463,2972,99,99,1227,7
22464,2972,61,61,2173,11
22465,2972,82,82,3662,17
22466,2973,11,11,443,4
22467,2973,74,74,506,4
22468,2973,51,54,1179,7
22469,2973,174,174,1302,7
22470,2973,200,201,3059,14
22471,2973,166,166,3496,16
22472,2974,128,128,2987,14
22473,2974,207,207,3787,17
22474,2975,115,116,4976,20
22475,2975,164,164,5025,20
22476,2975,166,166,5027,20
22477,2975,69,69,4440,21
22478,2975,75,75,4446,21
22479,2975,193,193,4830,22
22480,2976,148,148,2760,13
22481,2976,19,19,3599,17
22482,2976,207,207,3787,17
22483,2976,35,35,4406,21
22484,2976,195,195,4832,22
22485,2977,209,209,4846,22
22486,2978,40,40,1641,9
22487,2978,109,109,1710,9
22488,2978,206,206,1807,9
22489,2978,238,239,1839,9
22490,2978,52,52,1907,10
22491,2978,74,74,1929,10
22492,2978,25,25,2137,11
22493,2978,27,28,2139,11
22494,2978,32,32,2144,11
22495,2978,35,36,2147,11
22496,2978,38,38,2150,11
22497,2978,42,42,2154,11
22498,2978,59,59,2171,11
22499,2978,61,61,2173,11
22500,2978,64,67,2176,11
22501,2978,73,73,2185,11
22502,2978,75,75,2187,11
22503,2978,82,82,2194,11
22504,2978,84,84,2196,11
22505,2978,90,90,2202,11
22506,2978,102,102,2214,11
22507,2978,105,105,2217,11
22508,2978,107,107,2219,11
22509,2978,109,109,2221,11
22510,2978,111,111,2223,11
22511,2978,114,114,2226,11
22512,2978,118,118,2230,11
22513,2978,123,123,2235,11
22514,2978,132,132,2244,11
22515,2978,134,134,2246,11
22516,2978,136,136,2248,11
22517,2978,169,170,2281,11
22518,2978,174,174,2286,11
22519,2978,178,178,2290,11
22520,2978,182,183,2294,11
22521,2978,190,193,2302,11
22522,2978,203,204,2315,11
22523,2978,212,214,2324,11
22524,2978,216,216,2328,11
22525,2978,255,255,2367,11
22526,2978,6,7,2374,12
22527,2978,21,21,2389,12
22528,2978,23,23,2391,12
22529,2978,34,37,2402,12
22530,2978,48,48,2416,12
22531,2978,51,55,2419,12
22532,2978,68,68,2436,12
22533,2978,80,80,2448,12
22534,2978,83,84,2451,12
22535,2978,86,86,2454,12
22536,2978,98,98,2466,12
22537,2978,102,102,2470,12
22538,2978,135,136,2503,12
22539,2978,161,161,2529,12
22540,2978,170,170,2538,12
22541,2978,187,187,2555,12
22542,2978,192,192,2560,12
22543,2978,223,223,2591,12
22544,2978,48,48,2660,13
22545,2978,76,76,2688,13
22546,2978,103,103,2715,13
22547,2978,144,153,2756,13
22548,2978,157,157,2769,13
22549,2978,163,163,2775,13
22550,2978,169,169,2781,13
22551,2978,191,191,2803,13
22552,2978,200,200,2812,13
22553,2978,209,209,2821,13
22554,2978,214,214,2826,13
22555,2978,10,10,2869,14
22556,2978,38,38,2897,14
22557,2978,40,40,2899,14
22558,2978,56,56,2915,14
22559,2978,68,69,2927,14
22560,2978,72,72,2931,14
22561,2978,74,75,2933,14
22562,2978,77,77,2936,14
22563,2978,85,85,2944,14
22564,2978,89,90,2948,14
22565,2978,95,95,2954,14
22566,2978,107,107,2966,14
22567,2978,125,125,2984,14
22568,2978,127,128,2986,14
22569,2978,136,136,2995,14
22570,2978,140,140,2999,14
22571,2978,156,156,3015,14
22572,2978,166,167,3025,14
22573,2978,212,212,3071,14
22574,2978,230,230,3089,14
22575,2978,161,162,3263,15
22576,2978,169,170,3271,15
22577,2978,177,178,3279,15
22578,2978,183,183,3285,15
22579,2978,189,190,3291,15
22580,2978,9,9,3337,16
22581,2978,14,14,3342,16
22582,2978,19,19,3347,16
22583,2978,23,27,3351,16
22584,2978,30,30,3360,16
22585,2978,33,34,3363,16
22586,2978,50,50,3380,16
22587,2978,53,54,3383,16
22588,2978,66,68,3396,16
22589,2978,79,79,3409,16
22590,2978,81,81,3411,16
22591,2978,85,88,3415,16
22592,2978,90,98,3420,16
22593,2978,124,125,3454,16
22594,2978,134,134,3464,16
22595,2978,136,136,3466,16
22596,2978,138,138,3468,16
22597,2978,140,141,3470,16
22598,2978,147,147,3477,16
22599,2978,149,149,3479,16
22600,2978,161,163,3491,16
22601,2978,182,183,3512,16
22602,2978,192,192,3522,16
22603,2978,195,195,3525,16
22604,2978,199,203,3529,16
22605,2978,205,206,3535,16
22606,2978,231,231,3561,16
22607,2978,243,243,3573,16
22608,2978,13,13,3593,17
22609,2978,17,19,3597,17
22610,2978,27,27,3607,17
22611,2978,34,35,3614,17
22612,2978,37,38,3617,17
22613,2978,49,50,3629,17
22614,2978,74,74,3654,17
22615,2978,92,92,3672,17
22616,2978,159,159,3739,17
22617,2978,183,183,3763,17
22618,2978,185,185,3765,17
22619,2978,193,193,3773,17
22620,2978,206,207,3786,17
22621,2978,212,213,3792,17
22622,2978,219,219,3799,17
22623,2978,226,226,3806,17
22624,2978,228,228,3808,17
22625,2978,232,234,3812,17
22626,2978,16,16,3843,18
22627,2978,18,18,3845,18
22628,2978,44,44,3871,18
22629,2978,58,58,3885,18
22630,2978,71,71,3898,18
22631,2978,89,89,3916,18
22632,2978,106,106,3933,18
22633,2978,115,116,3942,18
22634,2978,122,122,3949,18
22635,2978,143,143,3970,18
22636,2978,167,167,3994,18
22637,2978,183,185,4010,18
22638,2978,197,197,4024,18
22639,2978,207,207,4034,18
22640,2978,213,213,4040,18
22641,2978,221,221,4048,18
22642,2978,225,225,4052,18
22643,2978,231,231,4058,18
22644,2978,238,238,4065,18
22645,2978,245,245,4072,18
22646,2978,253,253,4080,18
22647,2978,5,5,4094,19
22648,2978,10,10,4099,19
22649,2978,44,44,4133,19
22650,2978,141,141,4230,19
22651,2978,275,275,4364,19
22652,2978,115,116,4976,20
22653,2978,164,164,5025,20
22654,2978,170,170,5031,20
22655,2978,178,178,5039,20
22656,2978,180,180,5041,20
22657,2978,5,5,4376,21
22658,2978,7,7,4378,21
22659,2978,35,35,4406,21
22660,2978,69,69,4440,21
22661,2978,75,75,4446,21
22662,2978,212,212,4583,21
22663,2978,179,180,4816,22
22664,2978,192,198,4829,22
22665,2978,208,208,4845,22
22666,2978,210,210,4847,22
22667,2979,210,210,4847,22
22668,2980,138,138,4509,21
22669,2980,141,141,4512,21
22670,2981,128,128,127,1
22671,2981,148,148,147,1
22672,2981,133,133,316,2
22673,2981,172,172,355,2
22674,2981,55,55,945,6
22675,2981,57,57,947,6
22676,2981,66,66,956,6
22677,2981,68,78,958,6
22678,2981,81,85,971,6
22679,2981,89,89,979,6
22680,2981,96,98,986,6
22681,2981,236,237,1126,6
22682,2981,17,17,2129,11
22683,2981,63,63,2922,14
22684,2982,142,142,790,5
22685,2983,49,49,48,1
22686,2983,54,54,53,1
22687,2983,117,118,116,1
22688,2983,157,157,156,1
22689,2983,175,175,174,1
22690,2983,7,7,190,2
22691,2983,26,26,209,2
22692,2983,28,28,211,2
22693,2983,61,61,244,2
22694,2983,73,73,256,2
22695,2983,76,80,259,2
22696,2983,86,89,269,2
22697,2983,91,91,274,2
22698,2983,108,108,291,2
22699,2983,120,121,303,2
22700,2983,123,124,306,2
22701,2983,133,133,316,2
22702,2983,175,175,358,2
22703,2983,97,98,529,4
22704,2983,116,116,548,4
22705,2983,131,132,563,4
22706,2983,143,143,575,4
22707,2983,184,184,616,4
22708,2983,187,187,619,4
22709,2983,191,192,623,4
22710,2983,196,200,628,4
22711,2983,202,212,634,4
22712,2983,7,8,655,5
22713,2983,10,10,658,5
22714,2983,26,26,674,5
22715,2983,34,34,682,5
22716,2983,117,121,765,5
22717,2983,127,133,775,5
22718,2983,197,197,845,5
22719,2983,9,21,899,6
22720,2983,57,57,947,6
22721,2983,86,87,976,6
22722,2983,93,93,983,6
22723,2983,105,105,995,6
22724,2983,107,108,997,6
22725,2983,50,50,1411,8
22726,2983,121,121,3701,17
22727,2983,123,123,3703,17
22728,2983,129,129,3709,17
22729,2983,142,142,3722,17
22730,2983,147,147,3727,17
22731,2983,158,158,3738,17
22732,2984,230,230,2842,13
22733,2985,63,63,62,1
22734,2985,65,65,64,1
22735,2986,254,254,2109,10
22736,2987,192,193,2047,10
22737,2987,196,196,2051,10
22738,2987,211,211,2066,10
22739,2988,178,179,2033,10
22740,2988,192,193,2047,10
22741,2988,196,196,2051,10
22742,2988,211,211,2066,10
22743,2989,93,93,2952,14
22744,2989,45,45,3375,16
22745,2989,196,196,3526,16
22746,2989,54,54,3881,18
22747,2990,40,43,4901,20
22748,2991,228,228,4599,21
22749,2991,231,231,4602,21
22750,2992,276,276,4365,19
22751,2993,118,118,1246,7
22752,2993,125,125,1253,7
22753,2994,253,253,4080,18
22754,2995,253,253,4080,18
22755,2996,253,253,4080,18
22756,2997,108,108,4197,19
22757,2997,125,127,4214,19
22758,2997,137,137,4226,19
22759,2997,155,155,4244,19
22760,2997,157,157,4246,19
22761,2997,165,165,4254,19
22762,2997,204,204,4293,19
22763,2997,249,249,4338,19
22764,2997,16,16,4877,20
22765,2997,36,36,4407,21
22766,2998,191,191,4562,21
22767,2999,114,114,4975,20
22768,3000,228,228,4599,21
22769,3001,197,198,4286,19
22770,3002,119,119,4980,20
22771,3003,107,107,4968,20
22772,3003,119,119,4980,20
22773,3004,114,114,4975,20
22774,3004,121,121,4982,20
22775,3004,125,125,4986,20
22776,3005,171,172,4542,21
22777,3005,224,224,4595,21
22778,3005,228,228,4599,21
22779,3006,43,43,4132,19
22780,3006,45,45,4134,19
22781,3006,48,48,4137,19
22782,3006,50,54,4139,19
22783,3006,56,57,4145,19
22784,3006,59,59,4148,19
22785,3007,174,174,4263,19
22786,3007,197,198,4286,19
22787,3008,165,165,4254,19
22788,3008,171,171,4260,19
22789,3008,197,198,4286,19
22790,3008,255,255,4344,19
22791,3009,197,198,4286,19
22792,3009,206,206,4295,19
22793,3010,197,198,4286,19
22794,3010,206,206,4295,19
22795,3011,213,213,4584,21
22796,3012,140,140,4511,21
22797,3013,232,233,4603,21
22798,3013,73,73,4710,22
22799,3013,105,105,4742,22
22800,3013,181,181,4818,22
22801,3014,131,132,4502,21
22802,3015,123,123,4984,20
22803,3015,157,157,5018,20
22804,3015,159,159,5020,20
22805,3016,70,72,69,1
22806,3016,31,33,214,2
22807,3016,5,5,437,4
22808,3016,122,122,770,5
22809,3016,232,232,1122,6
22810,3016,191,191,1319,7
22811,3016,127,133,1488,8
22812,3016,47,48,1648,9
22813,3016,67,67,1922,10
22814,3016,199,199,2311,11
22815,3016,6,6,2374,12
22816,3016,8,8,3110,15
22817,3016,125,125,3952,18
22818,3016,149,150,3976,18
22819,3017,178,179,610,4
22820,3017,12,13,660,5
22821,3017,111,111,759,5
22822,3018,136,136,4507,21
22823,3019,57,57,3159,15
22824,3019,179,179,3281,15
22825,3020,78,78,1679,9
22826,3020,139,139,2998,14
22827,3020,156,157,3015,14
22828,3020,160,161,3019,14
22829,3020,163,163,3022,14
22830,3020,167,167,3026,14
22831,3020,185,185,3044,14
22832,3020,188,188,3047,14
22833,3020,191,191,3050,14
22834,3020,193,194,3052,14
22835,3020,208,208,3067,14
22836,3020,14,14,3116,15
22837,3020,35,35,3137,15
22838,3020,46,46,3148,15
22839,3020,48,49,3150,15
22840,3020,54,56,3156,15
22841,3020,60,60,3162,15
22842,3020,62,63,3164,15
22843,3020,65,65,3167,15
22844,3020,69,69,3171,15
22845,3020,76,76,3178,15
22846,3020,86,86,3188,15
22847,3020,92,93,3194,15
22848,3020,96,97,3198,15
22849,3020,102,103,3204,15
22850,3020,105,105,3207,15
22851,3020,114,115,3216,15
22852,3020,119,119,3221,15
22853,3020,121,122,3223,15
22854,3020,127,127,3229,15
22855,3020,136,137,3238,15
22856,3020,139,139,3241,15
22857,3020,142,143,3244,15
22858,3020,153,153,3255,15
22859,3020,155,155,3257,15
22860,3020,157,157,3259,15
22861,3020,162,162,3264,15
22862,3020,173,173,3275,15
22863,3020,178,180,3280,15
22864,3020,182,182,3284,15
22865,3020,184,184,3286,15
22866,3020,187,187,3289,15
22867,3020,194,196,3296,15
22868,3020,11,11,3339,16
22869,3020,13,13,3341,16
22870,3020,19,19,3347,16
22871,3020,22,22,3350,16
22872,3020,27,27,3355,16
22873,3020,31,31,3361,16
22874,3020,36,36,3366,16
22875,3020,69,69,3399,16
22876,3020,84,84,3414,16
22877,3020,113,113,3443,16
22878,3020,128,128,3458,16
22879,3020,165,165,3495,16
22880,3020,207,207,3537,16
22881,3020,212,212,3542,16
22882,3020,220,220,3550,16
22883,3020,222,222,3552,16
22884,3020,225,225,3555,16
22885,3020,227,227,3557,16
22886,3020,231,232,3561,16
22887,3020,235,236,3565,16
22888,3020,246,246,3576,16
22889,3020,5,8,3585,17
22890,3020,13,13,3593,17
22891,3020,31,31,3611,17
22892,3020,213,213,3793,17
22893,3020,219,221,3799,17
22894,3020,223,223,3803,17
22895,3020,227,227,3807,17
22896,3020,231,231,3811,17
22897,3020,11,11,3838,18
22898,3020,15,15,3842,18
22899,3020,52,53,3879,18
22900,3020,55,55,3882,18
22901,3020,61,61,3888,18
22902,3020,67,67,3894,18
22903,3020,81,81,3908,18
22904,3020,90,90,3917,18
22905,3020,92,92,3919,18
22906,3020,102,102,3929,18
22907,3020,113,113,3940,18
22908,3020,119,119,3946,18
22909,3020,126,127,3953,18
22910,3020,129,129,3956,18
22911,3020,131,131,3958,18
22912,3020,133,133,3960,18
22913,3020,162,162,3989,18
22914,3020,226,226,4053,18
22915,3020,232,233,4059,18
22916,3020,12,12,4101,19
22917,3020,76,76,4165,19
22918,3020,87,87,4176,19
22919,3020,183,183,5044,20
22920,3020,31,31,4402,21
22921,3020,79,79,4450,21
22922,3020,81,81,4452,21
22923,3020,91,92,4462,21
22924,3020,131,133,4502,21
22925,3020,260,260,4631,21
22926,3021,223,223,871,5
22927,3022,253,253,4080,18
22928,3022,130,130,4501,21
22929,3023,84,84,4173,19
22930,3024,69,69,717,5
22931,3024,164,164,1292,7
22932,3024,191,191,1552,8
22933,3024,107,107,1708,9
22934,3024,228,229,2083,10
22935,3024,25,25,2393,12
22936,3024,186,186,2554,12
22937,3024,7,7,2866,14
22938,3024,10,10,2869,14
22939,3024,12,12,2871,14
22940,3024,152,152,3011,14
22941,3024,91,91,3193,15
22942,3024,179,179,3281,15
22943,3024,82,82,3412,16
22944,3024,157,157,3487,16
22945,3024,159,159,3489,16
22946,3024,203,203,3533,16
22947,3024,223,223,3803,17
22948,3024,246,246,3826,17
22949,3024,129,129,3956,18
22950,3024,136,136,3963,18
22951,3024,163,163,3990,18
22952,3024,221,221,4048,18
22953,3024,233,233,4060,18
22954,3024,253,253,4080,18
22955,3024,257,257,4084,18
22956,3024,31,31,4120,19
22957,3024,70,70,4159,19
22958,3024,125,125,4214,19
22959,3024,142,142,4231,19
22960,3024,145,145,4234,19
22961,3024,157,157,4246,19
22962,3024,161,161,4250,19
22963,3024,163,163,4252,19
22964,3024,196,196,4285,19
22965,3024,200,200,4289,19
22966,3024,242,242,4331,19
22967,3024,281,281,4370,19
22968,3024,48,48,4909,20
22969,3024,57,57,4918,20
22970,3024,144,144,5005,20
22971,3024,159,161,5020,20
22972,3024,8,8,4379,21
22973,3024,79,79,4450,21
22974,3024,91,91,4462,21
22975,3024,175,175,4546,21
22976,3024,217,217,4854,22
22977,3025,99,99,747,5
22978,3025,85,85,2944,14
22979,3025,83,83,3185,15
22980,3025,162,162,3264,15
22981,3025,185,186,3287,15
22982,3025,85,86,3415,16
22983,3025,241,241,3571,16
22984,3025,16,16,3843,18
22985,3026,36,36,2404,12
22986,3026,84,84,2452,12
22987,3026,118,118,2486,12
22988,3026,187,187,2555,12
22989,3026,48,48,2660,13
22990,3026,190,191,2802,13
22991,3026,233,233,2845,13
22992,3026,44,44,3146,15
22993,3026,128,128,3230,15
22994,3026,98,98,3428,16
22995,3026,192,192,3522,16
22996,3026,118,118,3945,18
22997,3026,198,198,4025,18
22998,3026,221,221,4048,18
22999,3026,170,170,5031,20
23000,3026,7,7,4378,21
23001,3026,11,11,4382,21
23002,3027,70,70,4159,19
23003,3027,100,101,4189,19
23004,3028,135,135,4996,20
23005,3029,153,153,4242,19
23006,3030,183,183,4554,21
23007,3030,29,30,4666,22
23008,3030,33,33,4670,22
23009,3031,178,178,4549,21
23010,3031,228,228,4599,21
23011,3031,231,231,4602,21
23012,3031,25,25,4662,22
23013,3031,30,30,4667,22
23014,3032,110,110,4199,19
23015,3033,228,228,4599,21
23016,3034,179,179,4550,21
23017,3035,228,228,4599,21
23018,3036,224,224,4595,21
23019,3037,172,172,3502,16
23020,3037,193,195,3523,16
23021,3038,220,221,3550,16
23022,3038,223,223,3553,16
23023,3039,228,229,3558,16
23024,3040,136,136,4225,19
23025,3040,138,138,4227,19
23026,3040,174,174,4263,19
23027,3041,42,42,4131,19
23028,3042,137,138,4226,19
23029,3043,150,150,5011,20
23030,3044,234,236,3564,16
23031,3044,100,100,3680,17
23032,3044,114,114,4203,19
23033,3044,128,128,4217,19
23034,3044,165,165,4254,19
23035,3044,210,210,4299,19
23036,3044,213,213,4302,19
23037,3045,231,233,3561,16
23038,3045,17,17,3597,17
23039,3045,23,23,3603,17
23040,3045,81,81,4170,19
23041,3045,83,83,4172,19
23042,3045,106,106,4195,19
23043,3045,108,108,4197,19
23044,3045,122,123,4211,19
23045,3045,125,125,4214,19
23046,3045,134,134,4223,19
23047,3045,139,139,4228,19
23048,3045,165,165,4254,19
23049,3045,171,171,4260,19
23050,3045,179,179,4268,19
23051,3045,195,195,4284,19
23052,3045,210,210,4299,19
23053,3045,214,214,4303,19
23054,3045,219,219,4308,19
23055,3045,224,224,4313,19
23056,3045,4,4,4865,20
23057,3045,36,36,4407,21
23058,3046,125,125,4986,20
23059,3047,117,117,4978,20
23060,3048,213,213,3793,17
23061,3049,36,36,3616,17
23062,3049,89,89,4178,19
23063,3049,11,11,4872,20
23064,3050,156,156,4245,19
23065,3051,30,32,3610,17
23066,3051,213,213,3793,17
23067,3052,193,195,3523,16
23068,3053,174,174,4263,19
23069,3053,197,198,4286,19
23070,3054,225,225,3555,16
23071,3054,227,227,3557,16
23072,3055,197,198,4286,19
23073,3056,197,198,4286,19
23074,3056,4,4,4865,20
23075,3056,6,6,4867,20
23076,3057,197,198,4286,19
23077,3058,84,85,4945,20
23078,3058,87,87,4948,20
23079,3058,89,89,4950,20
23080,3058,91,91,4952,20
23081,3059,142,142,4231,19
23082,3059,148,148,4237,19
23083,3060,231,231,4320,19
23084,3061,130,130,4219,19
23085,3061,133,133,4222,19
23086,3061,135,138,4224,19
23087,3061,155,155,4244,19
23088,3061,199,199,4288,19
23089,3062,127,127,3457,16
23090,3063,86,86,3913,18
23091,3063,114,114,4975,20
23092,3063,117,117,4978,20
23093,3064,212,215,3542,16
23094,3065,218,218,1346,7
23095,3065,213,213,1574,8
23096,3065,78,79,1933,10
23097,3065,109,109,1964,10
23098,3065,120,120,1975,10
23099,3065,129,131,1984,10
23100,3065,136,136,1991,10
23101,3065,172,172,2027,10
23102,3065,174,174,2029,10
23103,3065,205,208,2060,10
23104,3065,80,81,2192,11
23105,3065,48,48,2660,13
23106,3065,224,224,3083,14
23107,3065,191,191,3293,15
23108,3065,207,207,3309,15
23109,3065,181,181,3511,16
23110,3065,203,203,3533,16
23111,3065,186,186,3766,17
23112,3065,120,120,3947,18
23113,3066,89,89,1690,9
23114,3067,95,95,4466,21
23115,3067,265,265,4636,21
23116,3068,139,139,138,1
23117,3068,143,143,142,1
23118,3068,5,5,382,3
23119,3068,7,7,384,3
23120,3068,11,12,388,3
23121,3068,80,80,512,4
23122,3068,56,56,704,5
23123,3068,66,67,714,5
23124,3068,91,91,739,5
23125,3068,131,131,1259,7
23126,3068,142,142,1270,7
23127,3068,157,157,1285,7
23128,3068,169,169,1297,7
23129,3068,171,171,1299,7
23130,3068,5,5,1366,8
23131,3068,11,11,1372,8
23132,3068,156,156,1517,8
23133,3068,166,166,1527,8
23134,3068,177,177,1538,8
23135,3068,182,182,1543,8
23136,3068,186,187,1547,8
23137,3068,192,192,1553,8
23138,3068,212,212,1573,8
23139,3068,19,19,1620,9
23140,3068,30,30,1631,9
23141,3068,82,82,1683,9
23142,3068,96,96,1697,9
23143,3068,112,112,1713,9
23144,3068,123,123,1724,9
23145,3068,139,139,1740,9
23146,3068,144,144,1745,9
23147,3068,153,153,1754,9
23148,3068,86,86,1941,10
23149,3068,111,111,1966,10
23150,3068,114,114,1969,10
23151,3068,168,168,2023,10
23152,3068,183,183,2038,10
23153,3068,98,98,2210,11
23154,3068,120,120,2232,11
23155,3068,143,143,2255,11
23156,3068,9,9,2377,12
23157,3068,69,69,2437,12
23158,3068,72,72,2440,12
23159,3068,81,81,2449,12
23160,3068,16,16,2875,14
23161,3068,30,30,3132,15
23162,3068,175,175,4002,18
23163,3068,260,261,4087,18
23164,3068,27,27,4398,21
23165,3069,115,116,114,1
23166,3069,138,138,137,1
23167,3069,143,144,142,1
23168,3069,66,66,249,2
23169,3069,88,88,271,2
23170,3070,13,13,390,3
23171,3070,52,52,429,3
23172,3070,37,37,469,4
23173,3070,46,46,478,4
23174,3070,96,96,528,4
23175,3070,99,99,531,4
23176,3070,101,101,533,4
23177,3070,113,113,545,4
23178,3070,119,120,551,4
23179,3070,122,122,554,4
23180,3070,145,145,577,4
23181,3070,178,178,610,4
23182,3070,15,15,663,5
23183,3070,85,86,733,5
23184,3071,148,148,3478,16
23185,3072,152,152,3011,14
23186,3072,94,94,3196,15
23187,3072,204,205,3306,15
23188,3072,18,18,3346,16
23189,3072,105,106,3435,16
23190,3072,114,114,3444,16
23191,3072,117,117,3447,16
23192,3072,131,131,3461,16
23193,3072,147,147,3477,16
23194,3072,149,149,3479,16
23195,3072,211,211,3541,16
23196,3072,219,219,3549,16
23197,3072,228,228,3558,16
23198,3072,247,247,3577,16
23199,3072,52,52,3879,18
23200,3072,210,210,4037,18
23201,3072,257,257,4084,18
23202,3073,150,150,333,2
23203,3073,22,22,3350,16
23204,3073,265,265,4354,19
23205,3073,135,135,4996,20
23206,3074,136,136,3963,18
23207,3075,184,185,832,5
23208,3075,190,191,838,5
23209,3075,31,31,921,6
23210,3075,41,41,931,6
23211,3075,46,46,936,6
23212,3075,52,52,942,6
23213,3075,30,30,1391,8
23214,3075,33,33,1394,8
23215,3075,36,36,1397,8
23216,3075,122,123,1483,8
23217,3075,78,79,1679,9
23218,3075,219,219,2331,11
23219,3075,244,244,2356,11
23220,3075,236,236,2604,12
23221,3075,41,41,2900,14
23222,3075,44,44,2903,14
23223,3075,67,67,2926,14
23224,3075,98,98,3200,15
23225,3075,178,178,3280,15
23226,3075,6,6,3334,16
23227,3075,20,20,3348,16
23228,3075,31,31,3361,16
23229,3075,53,53,3383,16
23230,3075,58,58,3388,16
23231,3075,77,77,3407,16
23232,3075,85,85,3415,16
23233,3075,91,91,3421,16
23234,3075,140,140,3470,16
23235,3075,149,149,3479,16
23236,3075,152,152,3482,16
23237,3075,165,165,3495,16
23238,3075,186,186,3516,16
23239,3075,189,190,3519,16
23240,3075,196,196,3526,16
23241,3075,239,239,3569,16
23242,3075,245,245,3575,16
23243,3075,176,176,3756,17
23244,3075,211,211,3791,17
23245,3075,51,52,3878,18
23246,3075,54,54,3881,18
23247,3075,65,65,3892,18
23248,3075,67,67,3894,18
23249,3075,87,87,3914,18
23250,3075,233,233,4060,18
23251,3075,244,244,4071,18
23252,3075,261,261,4088,18
23253,3075,15,15,4104,19
23254,3075,28,28,4117,19
23255,3075,76,76,4165,19
23256,3075,83,83,4172,19
23257,3075,115,115,4204,19
23258,3075,140,140,4229,19
23259,3075,144,144,4233,19
23260,3075,148,148,4237,19
23261,3075,36,36,4897,20
23262,3075,78,78,4939,20
23263,3075,135,135,4996,20
23264,3075,159,159,5020,20
23265,3075,178,178,5039,20
23266,3075,12,12,4383,21
23267,3075,27,27,4398,21
23268,3075,86,87,4457,21
23269,3075,116,116,4487,21
23270,3075,107,107,4744,22
23271,3075,163,163,4800,22
23272,3076,224,224,3083,14
23273,3077,31,31,1392,8
23274,3077,42,42,1403,8
23275,3077,167,167,1528,8
23276,3077,128,128,1729,9
23277,3077,244,244,1845,9
23278,3077,246,246,1847,9
23279,3077,135,135,1990,10
23280,3077,151,151,2006,10
23281,3077,206,206,2061,10
23282,3077,52,52,2164,11
23283,3077,244,244,2356,11
23284,3077,16,16,2384,12
23285,3077,73,74,2441,12
23286,3077,42,42,2654,13
23287,3077,185,185,2797,13
23288,3077,22,22,2881,14
23289,3077,58,58,2917,14
23290,3077,15,15,3117,15
23291,3077,57,57,3159,15
23292,3077,69,69,3171,15
23293,3077,74,74,3176,15
23294,3077,122,122,3224,15
23295,3077,134,135,3236,15
23296,3077,156,156,3258,15
23297,3077,187,187,3289,15
23298,3077,194,194,3296,15
23299,3077,6,6,3334,16
23300,3077,10,10,3338,16
23301,3077,34,35,3364,16
23302,3077,52,52,3382,16
23303,3077,79,79,3409,16
23304,3077,84,85,3414,16
23305,3077,100,100,3430,16
23306,3077,103,103,3433,16
23307,3077,113,113,3443,16
23308,3077,128,128,3458,16
23309,3077,131,131,3461,16
23310,3077,133,134,3463,16
23311,3077,152,152,3482,16
23312,3077,157,157,3487,16
23313,3077,165,168,3495,16
23314,3077,177,177,3507,16
23315,3077,179,179,3509,16
23316,3077,186,186,3516,16
23317,3077,189,189,3519,16
23318,3077,196,196,3526,16
23319,3077,202,202,3532,16
23320,3077,48,48,3628,17
23321,3077,143,143,3723,17
23322,3077,176,176,3756,17
23323,3077,205,205,3785,17
23324,3077,236,236,3816,17
23325,3077,238,238,3818,17
23326,3077,12,13,3839,18
23327,3077,21,21,3848,18
23328,3077,33,33,3860,18
23329,3077,52,52,3879,18
23330,3077,54,54,3881,18
23331,3077,68,68,3895,18
23332,3077,81,81,3908,18
23333,3077,99,99,3926,18
23334,3077,136,136,3963,18
23335,3077,170,170,3997,18
23336,3077,187,187,4014,18
23337,3077,209,209,4036,18
23338,3077,242,242,4069,18
23339,3077,253,253,4080,18
23340,3077,23,24,4112,19
23341,3077,27,32,4116,19
23342,3077,37,38,4126,19
23343,3077,40,43,4129,19
23344,3077,45,45,4134,19
23345,3077,50,50,4139,19
23346,3077,52,52,4141,19
23347,3077,54,54,4143,19
23348,3077,56,58,4145,19
23349,3077,60,60,4149,19
23350,3077,63,63,4152,19
23351,3077,67,67,4156,19
23352,3077,70,70,4159,19
23353,3077,72,75,4161,19
23354,3077,78,78,4167,19
23355,3077,81,81,4170,19
23356,3077,89,89,4178,19
23357,3077,97,97,4186,19
23358,3077,99,99,4188,19
23359,3077,102,102,4191,19
23360,3077,105,107,4194,19
23361,3077,110,110,4199,19
23362,3077,115,115,4204,19
23363,3077,124,124,4213,19
23364,3077,129,129,4218,19
23365,3077,131,134,4220,19
23366,3077,136,140,4225,19
23367,3077,145,145,4234,19
23368,3077,152,152,4241,19
23369,3077,154,154,4243,19
23370,3077,156,159,4245,19
23371,3077,161,162,4250,19
23372,3077,165,165,4254,19
23373,3077,172,174,4261,19
23374,3077,179,181,4268,19
23375,3077,185,185,4274,19
23376,3077,194,194,4283,19
23377,3077,199,199,4288,19
23378,3077,201,203,4290,19
23379,3077,206,206,4295,19
23380,3077,208,211,4297,19
23381,3077,220,220,4309,19
23382,3077,229,230,4318,19
23383,3077,242,242,4331,19
23384,3077,245,246,4334,19
23385,3077,249,249,4338,19
23386,3077,272,274,4361,19
23387,3077,279,279,4368,19
23388,3077,22,22,4883,20
23389,3077,25,25,4886,20
23390,3077,33,33,4894,20
23391,3077,38,38,4899,20
23392,3077,44,44,4905,20
23393,3077,48,50,4909,20
23394,3077,52,52,4913,20
23395,3077,60,60,4921,20
23396,3077,64,64,4925,20
23397,3077,66,66,4927,20
23398,3077,71,72,4932,20
23399,3077,74,75,4935,20
23400,3077,84,84,4945,20
23401,3077,87,87,4948,20
23402,3077,89,89,4950,20
23403,3077,93,93,4954,20
23404,3077,98,99,4959,20
23405,3077,101,101,4962,20
23406,3077,105,105,4966,20
23407,3077,107,107,4968,20
23408,3077,109,109,4970,20
23409,3077,111,111,4972,20
23410,3077,114,114,4975,20
23411,3077,117,117,4978,20
23412,3077,119,119,4980,20
23413,3077,123,123,4984,20
23414,3077,125,125,4986,20
23415,3077,129,129,4990,20
23416,3077,132,132,4993,20
23417,3077,134,135,4995,20
23418,3077,151,151,5012,20
23419,3077,165,165,5026,20
23420,3077,167,167,5028,20
23421,3077,173,173,5034,20
23422,3077,177,178,5038,20
23423,3077,183,183,5044,20
23424,3077,5,7,4376,21
23425,3077,20,20,4391,21
23426,3077,29,29,4400,21
23427,3077,32,33,4403,21
23428,3077,49,49,4420,21
23429,3077,57,57,4428,21
23430,3077,68,68,4439,21
23431,3077,70,70,4441,21
23432,3077,75,75,4446,21
23433,3077,78,78,4449,21
23434,3077,80,80,4451,21
23435,3077,82,82,4453,21
23436,3077,94,94,4465,21
23437,3077,103,103,4474,21
23438,3077,108,108,4479,21
23439,3077,112,112,4483,21
23440,3077,117,117,4488,21
23441,3077,119,119,4490,21
23442,3077,125,125,4496,21
23443,3077,136,136,4507,21
23444,3077,138,138,4509,21
23445,3077,141,141,4512,21
23446,3077,161,161,4532,21
23447,3077,163,163,4534,21
23448,3077,171,171,4542,21
23449,3077,174,175,4545,21
23450,3077,177,177,4548,21
23451,3077,179,179,4550,21
23452,3077,197,197,4568,21
23453,3077,205,205,4576,21
23454,3077,207,207,4578,21
23455,3077,209,209,4580,21
23456,3077,211,211,4582,21
23457,3077,213,213,4584,21
23458,3077,215,215,4586,21
23459,3077,217,217,4588,21
23460,3077,220,220,4591,21
23461,3077,222,222,4593,21
23462,3077,224,224,4595,21
23463,3077,226,226,4597,21
23464,3077,228,228,4599,21
23465,3077,231,231,4602,21
23466,3077,256,256,4627,21
23467,3077,259,261,4630,21
23468,3077,155,155,4792,22
23469,3077,181,181,4818,22
23470,3077,187,187,4824,22
23471,3077,192,192,4829,22
23472,3077,220,220,4857,22
23473,3078,45,45,2657,13
23474,3079,36,36,4897,20
23475,3080,122,122,2734,13
23476,3080,124,124,2736,13
23477,3080,126,126,2738,13
23478,3080,128,128,2740,13
23479,3080,130,130,2742,13
23480,3080,132,132,2744,13
23481,3080,185,185,2797,13
23482,3080,227,230,2839,13
23483,3080,6,7,2865,14
23484,3080,11,12,2870,14
23485,3080,17,18,2876,14
23486,3080,23,24,2882,14
23487,3080,31,31,2890,14
23488,3080,42,44,2901,14
23489,3080,46,47,2905,14
23490,3080,53,53,2912,14
23491,3080,57,58,2916,14
23492,3080,61,61,2920,14
23493,3080,63,63,2922,14
23494,3080,67,67,2926,14
23495,3080,73,73,2932,14
23496,3080,77,77,2936,14
23497,3080,82,82,2941,14
23498,3080,111,111,2970,14
23499,3080,149,149,3008,14
23500,3080,151,152,3010,14
23501,3080,154,154,3013,14
23502,3080,188,188,3047,14
23503,3080,225,226,3084,14
23504,3080,26,27,3128,15
23505,3080,51,51,3153,15
23506,3080,72,72,3174,15
23507,3080,105,105,3207,15
23508,3080,116,116,3218,15
23509,3080,129,129,3231,15
23510,3080,13,13,3341,16
23511,3080,22,22,3350,16
23512,3080,64,64,3644,17
23513,3080,88,88,3668,17
23514,3080,173,173,3753,17
23515,3080,175,176,3755,17
23516,3080,229,229,3809,17
23517,3080,100,100,3927,18
23518,3080,163,163,3990,18
23519,3080,188,188,4015,18
23520,3080,248,248,4075,18
23521,3080,253,253,4080,18
23522,3080,30,30,4119,19
23523,3080,84,84,4173,19
23524,3080,281,281,4370,19
23525,3080,10,10,4381,21
23526,3080,90,91,4461,21
23527,3080,112,112,4483,21
23528,3080,130,131,4501,21
23529,3080,133,133,4504,21
23530,3080,136,136,4507,21
23531,3080,167,167,4538,21
23532,3080,71,71,4708,22
23533,3080,102,102,4739,22
23534,3080,145,145,4782,22
23535,3081,211,211,3541,16
23536,3082,56,56,946,6
23537,3082,68,68,958,6
23538,3082,95,95,985,6
23539,3082,112,112,1002,6
23540,3082,114,114,1004,6
23541,3082,201,202,1091,6
23542,3083,230,230,2598,12
23543,3084,47,47,2906,14
23544,3084,49,49,2908,14
23545,3084,51,51,2910,14
23546,3084,242,242,3101,14
23547,3084,222,222,4049,18
23548,3084,281,281,4370,19
23549,3085,204,204,2572,12
23550,3086,117,118,1245,7
23551,3086,121,121,1249,7
23552,3086,125,125,1253,7
23553,3086,130,130,1258,7
23554,3086,168,168,3748,17
23555,3087,143,144,2511,12
23556,3087,149,150,2517,12
23557,3087,155,155,2523,12
23558,3087,160,161,2528,12
23559,3087,168,168,2536,12
23560,3087,189,190,2557,12
23561,3087,209,210,2577,12
23562,3087,221,221,2589,12
23563,3087,224,224,2592,12
23564,3087,11,12,2623,13
23565,3087,38,39,2650,13
23566,3087,51,54,2663,13
23567,3087,115,115,2727,13
23568,3087,119,119,2731,13
23569,3087,133,133,2745,13
23570,3087,173,173,2785,13
23571,3087,44,45,3871,18
23572,3087,69,69,3896,18
23573,3087,71,71,3898,18
23574,3087,79,79,3906,18
23575,3087,82,82,3909,18
23576,3087,90,90,3917,18
23577,3087,108,108,3935,18
23578,3087,171,171,3998,18
23579,3087,213,213,4040,18
23580,3087,221,221,4048,18
23581,3087,241,241,4068,18
23582,3087,16,16,4105,19
23583,3088,90,91,1691,9
23584,3089,197,197,1325,7
23585,3089,209,209,1337,7
23586,3089,95,95,1456,8
23587,3090,137,137,785,5
23588,3091,220,220,3800,17
23589,3092,32,32,464,4
23590,3092,178,178,610,4
23591,3092,190,213,622,4
23592,3092,119,119,767,5
23593,3092,125,133,773,5
23594,3092,62,62,952,6
23595,3092,225,228,1826,9
23596,3092,236,236,3095,14
23597,3092,238,239,3097,14
23598,3092,183,184,3763,17
23599,3093,182,182,1543,8
23600,3093,123,124,1724,9
23601,3093,138,138,1739,9
23602,3094,144,144,1034,6
23603,3094,148,148,1038,6
23604,3095,56,56,2915,14
23605,3095,62,62,2921,14
23606,3095,65,65,2924,14
23607,3095,68,68,2927,14
23608,3095,72,73,2931,14
23609,3095,75,75,2934,14
23610,3095,82,82,2941,14
23611,3095,108,108,2967,14
23612,3095,111,111,2970,14
23613,3095,127,127,2986,14
23614,3095,129,129,2988,14
23615,3095,132,132,2991,14
23616,3095,136,138,2995,14
23617,3095,148,148,3007,14
23618,3095,153,155,3012,14
23619,3095,158,159,3017,14
23620,3095,232,233,3091,14
23621,3095,23,24,3125,15
23622,3095,44,44,3146,15
23623,3095,116,116,3218,15
23624,3095,161,162,3263,15
23625,3095,169,169,3271,15
23626,3095,183,183,3285,15
23627,3095,188,191,3290,15
23628,3095,7,9,3335,16
23629,3095,14,14,3342,16
23630,3095,23,23,3351,16
23631,3095,25,25,3353,16
23632,3095,30,32,3360,16
23633,3095,55,56,3385,16
23634,3095,59,59,3389,16
23635,3095,81,81,3411,16
23636,3095,94,94,3424,16
23637,3095,96,96,3426,16
23638,3095,138,138,3468,16
23639,3095,147,147,3477,16
23640,3095,33,34,3613,17
23641,3095,234,234,3814,17
23642,3095,28,28,3855,18
23643,3095,198,200,4025,18
23644,3095,223,223,4050,18
23645,3095,225,225,4052,18
23646,3095,237,238,4064,18
23647,3095,164,164,5025,20
23648,3096,32,32,3134,15
23649,3097,62,62,2430,12
23650,3097,223,223,3803,17
23651,3097,102,102,3929,18
23652,3098,99,99,2211,11
23653,3099,199,199,1560,8
23654,3099,202,202,1563,8
23655,3100,167,167,4256,19
23656,3100,204,204,4293,19
23657,3100,222,222,4311,19
23658,3101,37,37,2149,11
23659,3101,77,77,2689,13
23660,3101,111,111,2723,13
23661,3101,193,193,2805,13
23662,3101,21,21,2880,14
23663,3101,227,227,3086,14
23664,3101,32,32,3134,15
23665,3101,169,169,3271,15
23666,3101,37,38,3617,17
23667,3101,142,142,3969,18
23668,3102,166,166,4537,21
23669,3103,254,254,2109,10
23670,3103,207,207,2319,11
23671,3103,227,227,3086,14
23672,3103,142,142,3969,18
23673,3104,254,254,2109,10
23674,3104,207,207,2319,11
23675,3104,227,227,3086,14
23676,3104,24,24,3126,15
23677,3104,21,21,3848,18
23678,3104,142,142,3969,18
23679,3104,49,49,4910,20
23680,3105,207,207,2319,11
23681,3106,202,202,1563,8
23682,3107,212,212,2067,10
23683,3107,192,192,2304,11
23684,3107,195,195,2307,11
23685,3107,207,207,2319,11
23686,3107,47,47,3627,17
23687,3107,21,21,3848,18
23688,3107,142,142,3969,18
23689,3107,66,66,4437,21
23690,3108,254,254,2109,10
23691,3108,207,207,2319,11
23692,3108,227,227,3086,14
23693,3108,142,142,3969,18
23694,3109,187,187,3289,15
23695,3109,26,26,3354,16
23696,3109,55,55,3385,16
23697,3109,145,145,3475,16
23698,3109,228,229,3808,17
23699,3109,231,231,3811,17
23700,3109,100,100,3927,18
23701,3109,102,102,4739,22
23702,3110,10,10,1371,8
23703,3110,220,220,2588,12
23704,3110,224,224,2592,12
23705,3110,41,42,2653,13
23706,3110,46,46,2658,13
23707,3110,94,94,2953,14
23708,3110,163,163,3022,14
23709,3110,206,206,3786,17
23710,3110,249,249,4076,18
23711,3111,122,122,1723,9
23712,3112,22,22,21,1
23713,3113,155,155,3982,18
23714,3114,164,164,812,5
23715,3115,54,55,944,6
23716,3115,57,58,947,6
23717,3115,99,101,989,6
23718,3115,105,105,995,6
23719,3115,111,112,1001,6
23720,3115,99,99,4188,19
23721,3115,253,253,4342,19
23722,3116,144,144,3003,14
23723,3117,142,142,3001,14
23724,3117,144,144,3003,14
23725,3118,214,214,3794,17
23726,3119,28,28,1629,9
23727,3120,93,93,1694,9
23728,3120,123,123,1724,9
23729,3120,153,153,1754,9
23730,3120,194,194,2049,10
23731,3120,158,158,2526,12
23732,3120,162,162,2530,12
23733,3120,208,208,2576,12
23734,3120,222,222,2590,12
23735,3120,133,133,2992,14
23736,3120,152,152,3011,14
23737,3120,69,69,3399,16
23738,3120,113,113,3443,16
23739,3120,197,197,3527,16
23740,3120,204,204,3534,16
23741,3120,225,225,3555,16
23742,3120,35,35,3615,17
23743,3120,213,213,3793,17
23744,3120,223,223,3803,17
23745,3120,227,227,3807,17
23746,3120,45,45,3872,18
23747,3120,88,88,3915,18
23748,3120,102,102,3929,18
23749,3120,241,241,4068,18
23750,3120,31,31,4402,21
23751,3121,178,178,361,2
23752,3121,14,14,662,5
23753,3121,35,35,683,5
23754,3121,78,78,4449,21
23755,3122,150,150,582,4
23756,3123,150,150,582,4
23757,3123,177,177,609,4
23758,3123,14,14,662,5
23759,3123,35,35,683,5
23760,3123,74,74,722,5
23761,3124,57,57,947,6
23762,3124,68,68,958,6
23763,3124,72,73,962,6
23764,3124,75,75,965,6
23765,3124,79,79,969,6
23766,3124,95,95,985,6
23767,3125,145,145,5006,20
23768,3126,151,153,2263,11
23769,3126,165,165,2277,11
23770,3126,236,236,4063,18
23771,3127,220,220,3800,17
23772,3127,11,11,3838,18
23773,3128,76,76,4447,21
23774,3128,78,78,4449,21
23775,3128,80,80,4451,21
23776,3128,82,82,4453,21
23777,3128,91,94,4462,21
23778,3128,99,108,4470,21
23779,3128,112,113,4483,21
23780,3128,116,117,4487,21
23781,3128,120,120,4491,21
23782,3128,122,122,4493,21
23783,3128,160,160,4531,21
23784,3129,95,95,527,4
23785,3129,121,121,553,4
23786,3129,154,154,586,4
23787,3129,28,28,676,5
23788,3129,40,40,688,5
23789,3129,53,53,701,5
23790,3129,67,67,715,5
23791,3129,93,93,741,5
23792,3129,109,110,757,5
23793,3129,19,19,1147,7
23794,3129,139,139,1267,7
23795,3129,163,163,1291,7
23796,3129,63,63,1664,9
23797,3129,76,76,1677,9
23798,3129,78,80,1679,9
23799,3129,91,91,1692,9
23800,3129,93,93,1694,9
23801,3129,151,151,1752,9
23802,3129,153,153,1754,9
23803,3129,196,196,1797,9
23804,3129,18,18,1873,10
23805,3129,139,140,1994,10
23806,3129,146,149,2001,10
23807,3129,175,175,2787,13
23808,3129,177,177,2789,13
23809,3129,182,182,2794,13
23810,3129,184,184,2796,13
23811,3129,49,49,3876,18
23812,3129,52,52,3879,18
23813,3129,247,247,4074,18
23814,3129,146,146,4235,19
23815,3130,60,60,950,6
23816,3130,67,67,957,6
23817,3130,88,88,978,6
23818,3130,91,91,981,6
23819,3131,109,109,2968,14
23820,3132,47,47,1648,9
23821,3132,171,171,2026,10
23822,3133,89,91,1217,7
23823,3134,129,129,3956,18
23824,3134,133,133,3960,18
23825,3135,14,14,1869,10
23826,3135,21,21,1876,10
23827,3135,49,49,1904,10
23828,3136,83,83,4172,19
23829,3136,43,43,4904,20
23830,3137,80,80,4451,21
23831,3137,161,161,4532,21
23832,3137,242,242,4613,21
23833,3137,68,69,4705,22
23834,3138,116,116,4977,20
23835,3139,85,85,1686,9
23836,3139,137,137,1738,9
23837,3139,247,247,1848,9
23838,3140,131,131,314,2
23839,3140,156,156,1517,8
23840,3140,50,50,1905,10
23841,3140,166,166,2021,10
23842,3140,138,138,2250,11
23843,3140,248,248,2360,11
23844,3140,240,240,2608,12
23845,3140,60,60,2919,14
23846,3140,198,198,3057,14
23847,3140,236,236,3095,14
23848,3140,66,66,3168,15
23849,3140,218,218,3320,15
23850,3140,159,159,3489,16
23851,3140,189,189,3519,16
23852,3140,54,54,3881,18
23853,3140,211,211,4038,18
23854,3140,260,261,4087,18
23855,3140,46,46,4135,19
23856,3140,48,48,4137,19
23857,3140,125,125,4214,19
23858,3140,142,142,4231,19
23859,3140,144,144,4233,19
23860,3140,146,146,4235,19
23861,3140,148,148,4237,19
23862,3140,150,150,4239,19
23863,3140,189,189,4278,19
23864,3140,265,265,4354,19
23865,3140,13,14,4874,20
23866,3140,116,116,4977,20
23867,3140,188,188,5049,20
23868,3140,97,97,4468,21
23869,3140,121,121,4492,21
23870,3140,140,140,4511,21
23871,3140,257,257,4628,21
23872,3140,259,261,4630,21
23873,3141,90,90,522,4
23874,3141,140,140,1995,10
23875,3142,38,38,470,4
23876,3142,79,79,511,4
23877,3142,83,83,515,4
23878,3142,95,95,527,4
23879,3142,102,103,534,4
23880,3142,121,121,553,4
23881,3142,154,154,586,4
23882,3142,26,28,674,5
23883,3142,60,60,708,5
23884,3142,98,98,746,5
23885,3142,153,153,801,5
23886,3142,178,178,826,5
23887,3142,47,47,937,6
23888,3142,207,207,1097,6
23889,3142,219,219,1109,6
23890,3142,195,196,1323,7
23891,3142,200,202,1328,7
23892,3142,208,209,1336,7
23893,3142,212,212,1340,7
23894,3142,217,217,1345,7
23895,3142,9,9,1370,8
23896,3142,64,65,1425,8
23897,3142,83,83,1444,8
23898,3142,99,99,1460,8
23899,3142,102,102,1463,8
23900,3142,125,126,1486,8
23901,3142,184,184,1545,8
23902,3142,226,226,1587,8
23903,3142,231,231,1592,8
23904,3142,233,233,1594,8
23905,3142,12,13,1613,9
23906,3142,15,17,1616,9
23907,3142,20,20,1621,9
23908,3142,22,28,1623,9
23909,3142,30,31,1631,9
23910,3142,35,35,1636,9
23911,3142,40,40,1641,9
23912,3142,43,46,1644,9
23913,3142,53,53,1654,9
23914,3142,56,56,1657,9
23915,3142,60,60,1661,9
23916,3142,62,64,1663,9
23917,3142,76,80,1677,9
23918,3142,86,86,1687,9
23919,3142,91,91,1692,9
23920,3142,95,96,1696,9
23921,3142,101,102,1702,9
23922,3142,109,109,1710,9
23923,3142,111,112,1712,9
23924,3142,115,115,1716,9
23925,3142,118,118,1719,9
23926,3142,131,131,1732,9
23927,3142,134,134,1735,9
23928,3142,139,140,1740,9
23929,3142,146,147,1747,9
23930,3142,158,158,1759,9
23931,3142,162,162,1763,9
23932,3142,164,165,1765,9
23933,3142,201,201,1802,9
23934,3142,204,204,1805,9
23935,3142,238,238,1839,9
23936,3142,15,16,1870,10
23937,3142,18,18,1873,10
23938,3142,66,66,1921,10
23939,3142,82,84,1937,10
23940,3142,97,97,1952,10
23941,3142,101,101,1956,10
23942,3142,103,103,1958,10
23943,3142,105,106,1960,10
23944,3142,108,108,1963,10
23945,3142,110,113,1965,10
23946,3142,117,117,1972,10
23947,3142,126,126,1981,10
23948,3142,137,141,1992,10
23949,3142,143,143,1998,10
23950,3142,146,146,2001,10
23951,3142,150,150,2005,10
23952,3142,213,214,2068,10
23953,3142,55,56,2167,11
23954,3142,60,60,2172,11
23955,3142,81,81,2193,11
23956,3142,88,88,2200,11
23957,3142,98,98,2210,11
23958,3142,117,117,2229,11
23959,3142,160,160,2272,11
23960,3142,163,163,2275,11
23961,3142,165,165,2277,11
23962,3142,186,188,2298,11
23963,3142,12,12,2380,12
23964,3142,17,18,2385,12
23965,3142,74,74,2442,12
23966,3142,85,85,2453,12
23967,3142,89,89,2457,12
23968,3142,137,137,2505,12
23969,3142,139,139,2507,12
23970,3142,145,145,2513,12
23971,3142,157,159,2525,12
23972,3142,162,162,2530,12
23973,3142,168,168,2536,12
23974,3142,200,200,2568,12
23975,3142,227,227,2595,12
23976,3142,233,233,2601,12
23977,3142,236,236,2604,12
23978,3142,5,5,2617,13
23979,3142,13,13,2625,13
23980,3142,26,26,2638,13
23981,3142,34,34,2646,13
23982,3142,47,48,2659,13
23983,3142,73,73,2685,13
23984,3142,80,84,2692,13
23985,3142,90,90,2702,13
23986,3142,103,104,2715,13
23987,3142,107,108,2719,13
23988,3142,110,110,2722,13
23989,3142,114,114,2726,13
23990,3142,120,121,2732,13
23991,3142,172,173,2784,13
23992,3142,175,175,2787,13
23993,3142,182,182,2794,13
23994,3142,184,184,2796,13
23995,3142,199,199,2811,13
23996,3142,205,207,2817,13
23997,3142,215,216,2827,13
23998,3142,226,227,2838,13
23999,3142,238,238,2850,13
24000,3142,242,242,2854,13
24001,3142,17,17,2876,14
24002,3142,36,36,3366,16
24003,3142,49,50,3379,16
24004,3142,52,52,3382,16
24005,3142,80,80,3410,16
24006,3142,90,90,3420,16
24007,3142,105,106,3435,16
24008,3142,149,150,3479,16
24009,3142,157,158,3487,16
24010,3142,162,162,3492,16
24011,3142,224,224,3554,16
24012,3142,246,247,3576,16
24013,3142,16,16,3596,17
24014,3142,25,25,3605,17
24015,3142,32,32,3612,17
24016,3142,172,173,3752,17
24017,3142,227,227,3807,17
24018,3142,26,26,3853,18
24019,3142,42,43,3869,18
24020,3142,45,45,3872,18
24021,3142,47,49,3874,18
24022,3142,51,53,3878,18
24023,3142,55,55,3882,18
24024,3142,65,65,3892,18
24025,3142,86,86,3913,18
24026,3142,101,101,3928,18
24027,3142,118,118,3945,18
24028,3142,167,167,3994,18
24029,3142,204,204,4031,18
24030,3142,207,207,4034,18
24031,3142,222,226,4049,18
24032,3142,242,242,4069,18
24033,3142,244,244,4071,18
24034,3142,247,248,4074,18
24035,3142,15,16,4104,19
24036,3142,125,125,4214,19
24037,3142,142,142,4231,19
24038,3142,144,144,4233,19
24039,3142,146,146,4235,19
24040,3142,148,148,4237,19
24041,3142,150,150,4239,19
24042,3142,178,178,5039,20
24043,3142,240,240,4611,21
24044,3142,65,65,4702,22
24045,3142,164,164,4801,22
24046,3142,221,221,4858,22
24047,3143,139,140,1994,10
24048,3143,172,172,3752,17
24049,3144,46,46,1647,9
24050,3144,142,142,4231,19
24051,3145,139,140,1994,10
24052,3146,5,5,188,2
24053,3146,42,42,225,2
24054,3146,59,59,242,2
24055,3146,110,110,293,2
24056,3146,76,76,508,4
24057,3146,139,139,1994,10
24058,3146,247,247,2102,10
24059,3146,158,158,2526,12
24060,3146,37,37,3139,15
24061,3147,192,192,3051,14
24062,3147,194,194,3053,14
24063,3147,197,197,3056,14
24064,3147,202,202,3061,14
24065,3148,140,140,1995,10
24066,3149,38,39,686,5
24067,3150,113,129,1241,7
24068,3150,122,132,2734,13
24069,3150,170,171,3029,14
24070,3150,173,174,3032,14
24071,3150,176,177,3035,14
24072,3150,173,175,3275,15
24073,3150,160,160,3740,17
24074,3150,51,52,4912,20
24075,3150,57,65,4918,20
24076,3150,67,67,4928,20
24077,3150,69,69,4930,20
24078,3150,71,71,4932,20
24079,3150,92,92,4953,20
24080,3150,107,107,4968,20
24081,3150,109,109,4970,20
24082,3150,111,112,4972,20
24083,3150,114,114,4975,20
24084,3150,162,163,5023,20
24085,3150,166,166,5027,20
24086,3150,78,78,4449,21
24087,3150,82,82,4453,21
24088,3150,84,84,4455,21
24089,3150,92,94,4463,21
24090,3150,96,96,4467,21
24091,3150,98,106,4469,21
24092,3151,102,102,534,4
24093,3152,94,94,3196,15
24094,3153,47,47,2906,14
24095,3154,153,153,4524,21
24096,3155,178,178,3037,14
24097,3155,104,104,3206,15
24098,3156,78,78,4449,21
24099,3157,109,109,4970,20
24100,3157,219,219,4856,22
24101,3158,122,122,4493,21
24102,3159,168,170,4539,21
24103,3159,172,173,4543,21
24104,3159,180,182,4551,21
24105,3159,184,184,4555,21
24106,3159,17,17,4654,22
24107,3159,19,19,4656,22
24108,3159,23,24,4660,22
24109,3159,26,29,4663,22
24110,3159,31,31,4668,22
24111,3160,116,116,4977,20
24112,3161,253,253,1854,9
24113,3162,242,242,4069,18
24114,3142,37,37,3139,15
24115,3142,136,136,3238,15
24116,3142,204,204,3306,15
24117,3142,18,18,3346,16
24118,3164,60,60,4149,19
24119,3165,222,222,3802,17
24120,3166,128,128,311,2
24121,3166,185,185,1313,7
24122,3166,150,150,2518,12
24123,3166,208,208,2820,13
24124,3166,241,241,2853,13
24125,3166,5,5,2864,14
24126,3167,139,139,3469,16
24127,3168,133,133,3960,18
24128,3169,133,133,3960,18
24129,3170,214,214,1575,8
24130,3171,200,203,1328,7
24131,3171,208,211,1336,7
24132,3171,214,214,1342,7
24133,3171,216,216,1344,7
24134,3171,16,16,2875,14
24135,3172,157,157,589,4
24136,3172,111,111,759,5
24137,3173,42,42,41,1
24138,3173,45,45,44,1
24139,3173,100,100,99,1
24140,3173,120,121,119,1
24141,3173,150,150,149,1
24142,3173,155,156,154,1
24143,3173,166,166,165,1
24144,3173,168,170,167,1
24145,3174,85,86,1940,10
24146,3175,246,246,3826,17
24147,3176,178,178,1306,7
24148,3177,165,165,164,1
24149,3177,167,167,166,1
24150,3177,5,5,188,2
24151,3177,222,222,870,5
24152,3177,232,232,880,5
24153,3177,21,21,911,6
24154,3177,49,49,1177,7
24155,3178,238,238,2850,13
24156,3179,126,126,2985,14
24157,3180,110,110,4971,20
24158,3180,120,120,4981,20
24159,3180,159,161,5020,20
24160,3180,7,7,4378,21
24161,3180,127,127,4764,22
24162,3180,143,143,4780,22
24163,3180,148,148,4785,22
24164,3181,119,119,1480,8
24165,3181,189,189,1790,9
24166,3181,223,223,3803,17
24167,3181,178,178,4005,18
24168,3182,105,105,3207,15
24169,3182,24,24,4395,21
24170,3183,20,21,3122,15
24171,3183,60,60,3162,15
24172,3184,226,226,1827,9
24173,3185,197,197,3056,14
24174,3185,138,138,3240,15
24175,3186,178,178,4815,22
24176,3187,80,80,4451,21
24177,3188,174,174,1775,9
24178,3188,181,182,1782,9
24179,3188,203,203,1804,9
24180,3188,52,52,1907,10
24181,3188,229,229,2841,13
24182,3188,126,126,2985,14
24183,3188,10,10,3338,16
24184,3188,248,248,4075,18
24185,3189,220,220,3800,17
24186,3190,155,155,4526,21
24187,3190,157,157,4528,21
24188,3190,159,159,4530,21
24189,3190,161,161,4532,21
24190,3190,163,163,4534,21
24191,3190,166,166,4537,21
24192,3190,213,213,4584,21
24193,3190,222,222,4593,21
24194,3190,224,224,4595,21
24195,3191,163,163,346,2
24196,3192,124,124,3226,15
24197,3193,172,172,171,1
24198,3193,99,99,989,6
24199,3194,149,149,148,1
24200,3195,82,82,2941,14
24201,3196,28,30,4117,19
24202,3196,62,62,4151,19
24203,3197,139,139,1994,10
24204,3197,25,25,3605,17
24205,3198,137,138,3717,17
24206,3198,140,140,3720,17
24207,3199,171,171,4542,21
24208,3199,226,226,4597,21
24209,3199,228,228,4599,21
24210,3199,234,234,4605,21
24211,3199,59,59,4696,22
24212,3200,86,86,4175,19
24213,3200,228,229,4317,19
24214,3200,239,239,4328,19
24215,3201,155,155,4244,19
24216,3201,230,230,4319,19
24217,3201,237,237,4326,19
24218,3201,20,20,4881,20
24219,3201,38,38,4899,20
24220,3202,78,78,4449,21
24221,3203,28,28,1629,9
24222,3203,55,55,2167,11
24223,3204,149,149,2261,11
24224,3204,167,167,2779,13
24225,3204,31,31,2890,14
24226,3204,5,5,3585,17
24227,3204,149,149,3729,17
24228,3204,203,203,3783,17
24229,3205,124,124,3951,18
24230,3205,276,276,4365,19
24231,3206,228,228,2840,13
24232,3207,106,106,3208,15
24233,3207,109,109,3211,15
24234,3207,113,113,3215,15
24235,3207,146,146,3248,15
24236,3207,78,80,3408,16
24237,3207,240,241,3570,16
24238,3208,72,72,2440,12
24239,3209,149,149,3729,17
24240,3209,174,174,3754,17
24241,3209,176,176,3756,17
24242,3210,149,149,3729,17
24243,3210,174,174,3754,17
24244,3210,176,176,3756,17
24245,3211,67,67,66,1
24246,3211,71,71,70,1
24247,3211,135,136,134,1
24248,3211,30,30,213,2
24249,3211,52,52,235,2
24250,3211,100,100,283,2
24251,3211,113,114,296,2
24252,3211,39,40,416,3
24253,3211,90,90,738,5
24254,3211,234,234,882,5
24255,3211,23,23,913,6
24256,3211,52,52,1180,7
24257,3211,85,85,1446,8
24258,3211,192,192,1793,9
24259,3211,21,23,2880,14
24260,3211,48,48,2907,14
24261,3211,54,56,2913,14
24262,3211,68,68,2927,14
24263,3211,72,72,2931,14
24264,3211,75,75,2934,14
24265,3211,83,83,2942,14
24266,3211,85,85,2944,14
24267,3211,187,187,3289,15
24268,3211,144,144,3474,16
24269,3211,148,148,3478,16
24270,3212,64,64,4153,19
24271,3212,101,101,4190,19
24272,3212,136,136,4225,19
24273,3212,268,268,4357,19
24274,3212,276,276,4365,19
24275,3213,18,18,666,5
24276,3213,73,73,4710,22
24277,3213,77,77,4714,22
24278,3214,12,12,1867,10
24279,3215,17,17,665,5
24280,3216,17,17,665,5
24281,3217,160,160,808,5
24282,3218,94,94,1695,9
24283,3218,140,140,2252,11
24284,3219,94,94,1695,9
24285,3219,140,140,2252,11
24286,3220,98,98,746,5
24287,3221,221,221,3323,15
24288,3222,27,27,917,6
24289,3223,42,42,2154,11
24290,3224,19,19,1147,7
24291,3224,26,26,1154,7
24292,3224,136,139,1264,7
24293,3224,142,153,1270,7
24294,3224,155,160,1283,7
24295,3224,162,168,1290,7
24296,3224,171,172,1299,7
24297,3224,174,180,1302,7
24298,3224,184,185,1312,7
24299,3224,187,188,1315,7
24300,3224,191,191,1319,7
24301,3224,193,195,1321,7
24302,3224,197,197,1325,7
24303,3224,200,205,1328,7
24304,3224,210,211,1338,7
24305,3224,213,213,1341,7
24306,3224,215,218,1343,7
24307,3224,220,220,1348,7
24308,3224,10,10,1371,8
24309,3224,13,13,1374,8
24310,3224,16,17,1377,8
24311,3224,19,19,1380,8
24312,3224,23,23,1384,8
24313,3224,27,28,1388,8
24314,3224,33,33,1394,8
24315,3224,40,40,1401,8
24316,3224,42,42,1403,8
24317,3224,59,59,1420,8
24318,3224,64,64,1425,8
24319,3224,68,68,1429,8
24320,3224,78,78,1439,8
24321,3224,80,81,1441,8
24322,3224,85,85,1446,8
24323,3224,100,100,1461,8
24324,3224,104,105,1465,8
24325,3224,113,113,1474,8
24326,3224,121,122,1482,8
24327,3224,125,125,1486,8
24328,3224,133,133,1494,8
24329,3224,138,138,1499,8
24330,3224,152,152,1513,8
24331,3224,159,159,1520,8
24332,3224,162,162,1523,8
24333,3224,168,169,1529,8
24334,3224,180,180,1541,8
24335,3224,187,187,1548,8
24336,3224,195,196,1556,8
24337,3224,205,205,1566,8
24338,3224,212,213,1573,8
24339,3224,224,225,1585,8
24340,3224,229,229,1590,8
24341,3224,12,12,1613,9
24342,3224,14,14,1615,9
24343,3224,16,16,1617,9
24344,3224,21,21,1622,9
24345,3224,29,29,1630,9
24346,3224,35,37,1636,9
24347,3224,40,41,1641,9
24348,3224,48,48,1649,9
24349,3224,52,52,1653,9
24350,3224,54,54,1655,9
24351,3224,57,57,1658,9
24352,3224,61,62,1662,9
24353,3224,65,65,1666,9
24354,3224,68,70,1669,9
24355,3224,72,74,1673,9
24356,3224,76,77,1677,9
24357,3224,86,86,1687,9
24358,3224,98,98,1699,9
24359,3224,103,103,1704,9
24360,3224,110,110,1711,9
24361,3224,113,113,1714,9
24362,3224,129,129,1730,9
24363,3224,132,133,1733,9
24364,3224,142,142,1743,9
24365,3224,162,162,1763,9
24366,3224,165,165,1766,9
24367,3224,168,170,1769,9
24368,3224,179,179,1780,9
24369,3224,206,206,1807,9
24370,3224,239,239,1840,9
24371,3224,242,242,1843,9
24372,3224,11,11,1866,10
24373,3224,42,42,1897,10
24374,3224,46,47,1901,10
24375,3224,52,52,1907,10
24376,3224,54,54,1909,10
24377,3224,56,56,1911,10
24378,3224,59,60,1914,10
24379,3224,65,65,1920,10
24380,3224,73,73,1928,10
24381,3224,78,79,1933,10
24382,3224,95,95,1950,10
24383,3224,117,118,1972,10
24384,3224,131,132,1986,10
24385,3224,136,137,1991,10
24386,3224,154,154,2009,10
24387,3224,156,157,2011,10
24388,3224,165,165,2020,10
24389,3224,175,176,2030,10
24390,3224,197,199,2052,10
24391,3224,203,203,2058,10
24392,3224,205,206,2060,10
24393,3224,208,208,2063,10
24394,3224,217,218,2072,10
24395,3224,220,220,2075,10
24396,3224,225,227,2080,10
24397,3224,232,232,2087,10
24398,3224,236,237,2091,10
24399,3224,242,242,2097,10
24400,3224,254,254,2109,10
24401,3224,11,16,2123,11
24402,3224,18,18,2130,11
24403,3224,26,27,2138,11
24404,3224,31,32,2143,11
24405,3224,42,42,2154,11
24406,3224,51,51,2163,11
24407,3224,61,62,2173,11
24408,3224,64,64,2176,11
24409,3224,74,74,2186,11
24410,3224,80,81,2192,11
24411,3224,85,86,2197,11
24412,3224,98,98,2210,11
24413,3224,107,107,2219,11
24414,3224,119,119,2231,11
24415,3224,125,125,2237,11
24416,3224,132,132,2244,11
24417,3224,134,135,2246,11
24418,3224,168,169,2280,11
24419,3224,177,177,2289,11
24420,3224,191,192,2303,11
24421,3224,194,195,2306,11
24422,3224,207,209,2319,11
24423,3224,7,7,2375,12
24424,3224,21,21,2389,12
24425,3224,46,49,2414,12
24426,3224,67,67,2435,12
24427,3224,76,76,2444,12
24428,3224,93,93,2461,12
24429,3224,96,96,2464,12
24430,3224,113,113,2481,12
24431,3224,133,133,2501,12
24432,3224,138,138,2506,12
24433,3224,169,169,2537,12
24434,3224,227,227,2595,12
24435,3224,38,38,2650,13
24436,3224,47,48,2659,13
24437,3224,134,135,2746,13
24438,3224,142,143,2754,13
24439,3224,153,153,2765,13
24440,3224,187,187,2799,13
24441,3224,212,213,2824,13
24442,3224,231,232,2843,13
24443,3224,11,12,2870,14
24444,3224,22,22,2881,14
24445,3224,74,74,2933,14
24446,3224,85,88,2944,14
24447,3224,93,95,2952,14
24448,3224,105,106,2964,14
24449,3224,110,110,2969,14
24450,3224,121,121,2980,14
24451,3224,123,124,2982,14
24452,3224,131,131,2990,14
24453,3224,149,149,3008,14
24454,3224,158,158,3017,14
24455,3224,160,160,3019,14
24456,3224,162,162,3021,14
24457,3224,216,230,3075,14
24458,3224,233,233,3092,14
24459,3224,23,24,3125,15
24460,3224,32,32,3134,15
24461,3224,117,117,3219,15
24462,3224,128,128,3230,15
24463,3224,170,170,3272,15
24464,3224,186,186,3288,15
24465,3224,188,188,3290,15
24466,3224,190,191,3292,15
24467,3224,10,10,3338,16
24468,3224,12,12,3340,16
24469,3224,14,14,3342,16
24470,3224,19,19,3347,16
24471,3224,26,26,3354,16
24472,3224,51,51,3381,16
24473,3224,60,60,3390,16
24474,3224,67,67,3397,16
24475,3224,93,93,3423,16
24476,3224,114,114,3444,16
24477,3224,117,117,3447,16
24478,3224,177,177,3507,16
24479,3224,181,181,3511,16
24480,3224,231,231,3561,16
24481,3224,243,243,3573,16
24482,3224,21,21,3601,17
24483,3224,44,44,3624,17
24484,3224,46,48,3626,17
24485,3224,50,52,3630,17
24486,3224,69,69,3649,17
24487,3224,92,92,3672,17
24488,3224,116,116,3696,17
24489,3224,170,170,3750,17
24490,3224,185,193,3765,17
24491,3224,208,208,3788,17
24492,3224,232,232,3812,17
24493,3224,18,18,3845,18
24494,3224,26,26,3853,18
24495,3224,75,75,3902,18
24496,3224,110,110,3937,18
24497,3224,122,122,3949,18
24498,3224,140,140,3967,18
24499,3224,161,161,3988,18
24500,3224,173,173,4000,18
24501,3224,185,185,4012,18
24502,3224,223,223,4050,18
24503,3224,241,241,4068,18
24504,3224,243,243,4070,18
24505,3224,22,22,4111,19
24506,3224,78,78,4167,19
24507,3224,140,142,4229,19
24508,3224,167,167,4256,19
24509,3224,250,251,4339,19
24510,3224,48,49,4909,20
24511,3224,51,51,4912,20
24512,3224,54,54,4915,20
24513,3224,57,57,4918,20
24514,3224,163,163,5024,20
24515,3224,179,180,5040,20
24516,3224,31,31,4402,21
24517,3224,34,35,4405,21
24518,3224,67,67,4438,21
24519,3224,69,69,4440,21
24520,3224,75,75,4446,21
24521,3224,172,173,4809,22
24522,3224,188,188,4825,22
24523,3224,190,190,4827,22
24524,3224,209,209,4846,22
24525,3225,129,129,3459,16
24526,3226,16,16,1617,9
24527,3226,254,254,2109,10
24528,3226,79,80,2191,11
24529,3226,85,85,2197,11
24530,3226,205,205,2317,11
24531,3226,142,143,2754,13
24532,3226,88,88,2947,14
24533,3226,95,95,2954,14
24534,3226,92,92,3194,15
24535,3226,44,44,3624,17
24536,3226,47,54,3627,17
24537,3226,116,116,3696,17
24538,3226,170,170,3750,17
24539,3226,185,192,3765,17
24540,3226,194,194,3774,17
24541,3226,205,205,3785,17
24542,3226,208,208,3788,17
24543,3226,142,142,3969,18
24544,3226,186,186,4013,18
24545,3226,140,141,4229,19
24546,3226,180,180,5041,20
24547,3227,150,150,1278,7
24548,3227,172,172,1300,7
24549,3227,32,32,1393,8
24550,3227,54,54,1655,9
24551,3227,42,42,2154,11
24552,3227,85,85,2197,11
24553,3227,168,168,2280,11
24554,3227,187,187,2799,13
24555,3227,209,209,2821,13
24556,3227,232,232,2844,13
24557,3227,234,234,2846,13
24558,3227,14,15,3342,16
24559,3227,19,19,3347,16
24560,3227,51,51,4912,20
24561,3227,58,58,4919,20
24562,3228,211,211,4582,21
24563,3228,222,222,4593,21
24564,3229,137,138,320,2
24565,3229,15,15,2127,11
24566,3230,129,129,312,2
24567,3230,137,137,320,2
24568,3230,140,140,323,2
24569,3230,148,148,331,2
24570,3230,151,151,334,2
24571,3231,115,115,298,2
24572,3231,127,127,310,2
24573,3231,129,129,312,2
24574,3231,137,137,320,2
24575,3231,148,152,331,2
24576,3231,181,181,364,2
24577,3231,184,184,367,2
24578,3232,136,136,1497,8
24579,3232,140,142,1501,8
24580,3232,144,144,1505,8
24581,3232,158,158,1519,8
24582,3232,179,179,1540,8
24583,3232,196,196,1557,8
24584,3232,179,179,1780,9
24585,3232,6,7,2118,11
24586,3232,15,15,2383,12
24587,3232,23,23,2391,12
24588,3232,75,75,2443,12
24589,3233,146,146,2001,10
24590,3234,147,147,330,2
24591,3235,128,128,1489,8
24592,3235,172,172,1533,8
24593,3235,213,213,1574,8
24594,3235,81,81,1682,9
24595,3235,84,85,1685,9
24596,3235,184,184,2039,10
24597,3236,100,102,1461,8
24598,3236,128,128,1489,8
24599,3236,160,160,1521,8
24600,3236,172,172,1533,8
24601,3236,177,177,1538,8
24602,3236,179,179,1540,8
24603,3236,213,213,1574,8
24604,3236,228,228,1589,8
24605,3236,74,74,1675,9
24606,3236,81,81,1682,9
24607,3236,83,85,1684,9
24608,3236,120,121,1721,9
24609,3236,140,140,1741,9
24610,3236,148,148,1749,9
24611,3236,170,171,1771,9
24612,3236,179,179,1780,9
24613,3236,188,188,1789,9
24614,3236,204,204,1805,9
24615,3236,225,225,1826,9
24616,3236,243,249,1844,9
24617,3236,252,252,1853,9
24618,3236,25,26,1880,10
24619,3236,41,43,1896,10
24620,3236,92,92,1947,10
24621,3236,99,99,1954,10
24622,3236,104,104,1959,10
24623,3236,112,112,1967,10
24624,3236,201,203,2056,10
24625,3237,100,101,1461,8
24626,3237,128,128,1489,8
24627,3237,147,147,1508,8
24628,3237,172,172,1533,8
24629,3237,177,177,1538,8
24630,3237,179,179,1540,8
24631,3237,213,213,1574,8
24632,3237,53,53,1654,9
24633,3237,81,81,1682,9
24634,3237,83,85,1684,9
24635,3237,171,171,1772,9
24636,3237,179,180,1780,9
24637,3237,187,188,1788,9
24638,3237,193,193,1794,9
24639,3237,204,204,1805,9
24640,3237,225,225,1826,9
24641,3237,229,229,1830,9
24642,3237,243,244,1844,9
24643,3237,246,249,1847,9
24644,3237,25,25,1880,10
24645,3237,29,29,1884,10
24646,3237,98,99,1953,10
24647,3237,102,102,1957,10
24648,3237,104,104,1959,10
24649,3237,112,112,1967,10
24650,3237,133,133,1988,10
24651,3237,184,184,2039,10
24652,3237,201,203,2056,10
24653,3237,211,211,2066,10
24654,3237,27,27,2139,11
24655,3238,137,137,1738,9
24656,3239,197,198,4286,19
24657,3240,143,143,3723,17
24658,3241,244,244,3824,17
24659,3242,150,150,2518,12
24660,3243,69,69,3649,17
24661,3243,104,105,3684,17
24662,3244,52,52,2664,13
24663,3244,54,54,2666,13
24664,3244,59,59,2671,13
24665,3244,69,69,2681,13
24666,3244,79,80,2691,13
24667,3244,110,110,2722,13
24668,3244,112,113,2724,13
24669,3244,119,119,2731,13
24670,3244,170,170,2782,13
24671,3244,232,232,2844,13
24672,3244,241,241,2853,13
24673,3244,6,6,2865,14
24674,3244,9,9,2868,14
24675,3244,103,103,2962,14
24676,3244,122,122,2981,14
24677,3244,125,125,2984,14
24678,3245,128,128,311,2
24679,3246,162,162,810,5
24680,3247,161,161,4532,21
24681,3247,163,163,4534,21
24682,3247,166,166,4537,21
24683,3248,78,78,4449,21
24684,3248,80,80,4451,21
24685,3248,104,104,4475,21
24686,3248,127,127,4498,21
24687,3248,141,141,4512,21
24688,3248,116,116,4753,22
24689,3249,197,197,2809,13
24690,3249,68,68,2927,14
24691,3249,86,87,3416,16
24692,3249,44,44,4133,19
24693,3249,159,159,4248,19
24694,3250,142,144,3472,16
24695,3251,139,140,2507,12
24696,3251,145,145,2513,12
24697,3252,33,34,3860,18
24698,3252,88,88,3915,18
24699,3253,41,41,473,4
24700,3254,63,63,1918,10
24701,3255,10,12,4871,20
24702,3256,209,209,4580,21
24703,3257,276,276,4365,19
24704,3258,162,162,4251,19
24705,3259,65,140,4154,19
24706,3259,143,143,4232,19
24707,3259,145,145,4234,19
24708,3259,147,147,4236,19
24709,3259,149,152,4238,19
24710,3259,154,160,4243,19
24711,3259,163,190,4252,19
24712,3259,192,193,4281,19
24713,3259,195,214,4284,19
24714,3259,217,224,4306,19
24715,3259,226,234,4315,19
24716,3259,236,250,4325,19
24717,3259,252,256,4341,19
24718,3259,276,276,4365,19
24719,3259,4,4,4865,20
24720,3259,6,12,4867,20
24721,3259,16,23,4877,20
24722,3259,26,27,4887,20
24723,3259,29,32,4890,20
24724,3259,34,38,4895,20
24725,3259,41,42,4902,20
24726,3259,46,46,4907,20
24727,3259,181,181,5042,20
24728,3259,24,25,4395,21
24729,3259,32,33,4403,21
24730,3259,80,81,4451,21
24731,3260,28,28,4889,20
24732,3261,187,188,370,2
24733,3261,190,191,373,2
24734,3261,24,24,672,5
24735,3261,27,27,917,6
24736,3262,150,150,4239,19
24737,3262,152,152,4241,19
24738,3262,156,156,4245,19
24739,3262,197,198,4286,19
24740,3262,206,206,4295,19
24741,3262,17,17,4878,20
24742,3263,173,173,4262,19
24743,3264,65,65,4154,19
24744,3264,116,116,4205,19
24745,3264,129,129,4218,19
24746,3264,156,156,4245,19
24747,3264,164,167,4253,19
24748,3264,247,247,4336,19
24749,3264,250,250,4339,19
24750,3264,24,25,4395,21
24751,3265,197,198,4286,19
24752,3265,254,254,4343,19
24753,3266,63,63,4924,20
24754,3266,69,69,4930,20
24755,3267,98,99,4187,19
24756,3267,120,121,4209,19
24757,3267,21,21,4882,20
24758,3267,25,25,4886,20
24759,3267,35,35,4896,20
24760,3268,31,31,4120,19
24761,3268,52,52,4141,19
24762,3268,65,65,4154,19
24763,3268,81,81,4170,19
24764,3268,83,83,4172,19
24765,3268,110,110,4199,19
24766,3268,122,123,4211,19
24767,3268,128,128,4217,19
24768,3268,131,131,4220,19
24769,3268,133,133,4222,19
24770,3268,157,157,4246,19
24771,3268,160,160,4249,19
24772,3268,195,195,4284,19
24773,3268,250,250,4339,19
24774,3268,7,7,4868,20
24775,3268,36,36,4407,21
24776,3269,102,102,4963,20
24777,3270,213,213,4302,19
24778,3271,84,84,4945,20
24779,3271,86,86,4947,20
24780,3272,252,252,4341,19
24781,3273,47,47,937,6
24782,3273,41,41,1402,8
24783,3273,82,82,1443,8
24784,3273,100,100,1461,8
24785,3273,74,74,2186,11
24786,3273,86,86,2198,11
24787,3273,97,97,2209,11
24788,3273,99,99,2211,11
24789,3273,130,130,2498,12
24790,3273,187,187,2555,12
24791,3273,89,89,2701,13
24792,3273,122,122,2981,14
24793,3274,78,78,4449,21
24794,3275,35,35,1163,7
24795,3276,85,86,1213,7
24796,3276,93,93,1221,7
24797,3276,100,100,1228,7
24798,3276,102,102,1230,7
24799,3277,86,86,1214,7
24800,3277,92,92,1220,7
24801,3278,47,47,2906,14
24802,3279,243,243,3823,17
24803,3280,243,243,3823,17
24804,3281,99,99,3429,16
24805,3282,126,128,4987,20
24806,3282,131,131,4992,20
24807,3283,132,132,3234,15
24808,3284,209,209,4580,21
24809,3285,262,262,4633,21
24810,3286,104,104,1232,7
24811,3287,26,26,25,1
24812,3287,26,26,1387,8
24813,3288,220,220,3800,17
24814,3289,5,6,1860,10
24815,3290,246,246,3826,17
24816,3291,49,51,1650,9
24817,3291,54,55,1655,9
24818,3291,62,62,1663,9
24819,3291,109,109,1710,9
24820,3291,156,156,2268,11
24821,3291,166,166,2278,11
24822,3291,57,57,3884,18
24823,3292,154,154,802,5
24824,3293,82,83,2694,13
24825,3294,163,163,2275,11
24826,3294,18,18,2386,12
24827,3294,137,137,2505,12
24828,3294,144,145,2512,12
24829,3294,81,83,2693,13
24830,3294,85,85,2697,13
24831,3294,87,87,2699,13
24832,3294,34,35,2893,14
24833,3294,49,49,3379,16
24834,3294,118,118,3448,16
24835,3294,126,126,3456,16
24836,3294,130,130,3460,16
24837,3294,160,160,3490,16
24838,3294,168,169,3995,18
24839,3294,152,152,5013,20
24840,3295,28,29,3608,17
24841,3296,29,29,3609,17
24842,3297,28,29,3608,17
24843,3298,110,110,4199,19
24844,3299,47,47,2906,14
24845,3300,150,150,4521,21
24846,3301,259,259,4630,21
24847,3301,261,261,4632,21
24848,3302,49,49,2161,11
24849,3302,154,154,2266,11
24850,3302,185,185,2297,11
24851,3302,57,57,2425,12
24852,3302,101,101,2469,12
24853,3302,105,105,2473,12
24854,3302,137,137,2505,12
24855,3302,190,190,2558,12
24856,3302,198,198,2566,12
24857,3302,206,208,2574,12
24858,3302,218,218,2586,12
24859,3302,234,234,2602,12
24860,3302,6,6,2618,13
24861,3302,33,33,2645,13
24862,3302,60,61,2672,13
24863,3302,201,201,2813,13
24864,3302,15,15,2874,14
24865,3302,26,27,2885,14
24866,3302,129,129,2988,14
24867,3302,156,156,3015,14
24868,3302,186,186,3288,15
24869,3302,188,188,3290,15
24870,3302,191,191,3293,15
24871,3302,59,59,3389,16
24872,3302,66,66,3396,16
24873,3302,104,104,3434,16
24874,3302,106,106,3436,16
24875,3302,109,109,3439,16
24876,3302,211,212,3541,16
24877,3302,219,219,3549,16
24878,3302,64,66,3644,17
24879,3302,175,175,3755,17
24880,3302,197,201,3777,17
24881,3302,25,25,3852,18
24882,3302,38,38,3865,18
24883,3302,164,166,3991,18
24884,3302,192,193,4563,21
24885,3302,212,212,4583,21
24886,3302,169,170,4806,22
24887,3303,165,166,3992,18
24888,3303,19,19,4390,21
24889,3303,52,53,4423,21
24890,3303,55,55,4426,21
24891,3304,47,47,4136,19
24892,3304,56,56,4145,19
24893,3304,59,59,4148,19
24894,3305,128,128,127,1
24895,3305,144,144,143,1
24896,3306,137,137,1738,9
24897,3307,77,79,4938,20
24898,3307,86,86,4947,20
24899,3307,94,94,4955,20
24900,3307,102,102,4963,20
24901,3307,104,104,4965,20
24902,3308,279,279,4368,19
24903,3309,165,166,3992,18
24904,3310,103,105,3930,18
24905,3310,260,260,4631,21
24906,3311,120,120,2232,11
24907,3312,209,209,857,5
24908,3313,105,105,104,1
24909,3313,112,112,295,2
24910,3314,69,69,68,1
24911,3314,59,59,1187,7
24912,3314,91,91,1219,7
24913,3314,185,185,1313,7
24914,3314,14,15,1375,8
24915,3314,234,234,1595,8
24916,3314,159,159,1760,9
24917,3314,168,168,1769,9
24918,3314,97,98,2709,13
24919,3314,60,60,2919,14
24920,3314,125,125,2984,14
24921,3314,137,137,2996,14
24922,3314,170,170,3029,14
24923,3314,28,29,3356,16
24924,3314,54,54,3634,17
24925,3314,58,58,3638,17
24926,3314,68,68,3648,17
24927,3314,198,198,4025,18
24928,3314,202,202,4029,18
24929,3314,215,215,4042,18
24930,3314,116,117,4205,19
24931,3314,129,129,4218,19
24932,3314,137,137,4226,19
24933,3314,148,150,4237,19
24934,3314,156,156,4245,19
24935,3314,214,214,4303,19
24936,3314,253,253,4342,19
24937,3314,24,25,4885,20
24938,3314,37,38,4898,20
24939,3314,150,151,5011,20
24940,3314,172,172,5033,20
24941,3314,181,181,5042,20
24942,3314,25,26,4396,21
24943,3315,11,11,194,2
24944,3315,164,164,347,2
24945,3315,168,168,351,2
24946,3316,27,27,3129,15
24947,3316,49,49,3151,15
24948,3316,54,55,3156,15
24949,3316,60,60,3162,15
24950,3316,97,97,3199,15
24951,3316,115,115,3217,15
24952,3316,123,123,3225,15
24953,3316,137,137,3239,15
24954,3316,139,139,3241,15
24955,3316,153,153,3255,15
24956,3316,155,155,3257,15
24957,3316,160,160,3262,15
24958,3316,180,180,3282,15
24959,3316,240,240,3570,16
24960,3316,246,246,3826,17
24961,3317,123,123,3225,15
24962,3318,123,123,3225,15
24963,3319,197,198,4286,19
24964,3320,135,135,134,1
24965,3320,5,5,437,4
24966,3320,14,14,446,4
24967,3321,45,45,44,1
24968,3321,51,51,50,1
24969,3321,120,120,119,1
24970,3321,122,122,121,1
24971,3321,126,126,125,1
24972,3321,139,139,138,1
24973,3321,150,150,149,1
24974,3321,156,156,155,1
24975,3321,8,10,191,2
24976,3321,20,20,203,2
24977,3321,22,22,205,2
24978,3321,26,26,209,2
24979,3321,29,29,212,2
24980,3321,42,42,225,2
24981,3321,47,47,230,2
24982,3321,52,52,235,2
24983,3321,55,55,238,2
24984,3321,58,59,241,2
24985,3321,65,67,248,2
24986,3321,69,69,252,2
24987,3321,75,75,258,2
24988,3321,81,81,264,2
24989,3321,86,86,269,2
24990,3321,93,93,276,2
24991,3321,97,98,280,2
24992,3321,102,102,285,2
24993,3321,107,107,290,2
24994,3321,116,116,299,2
24995,3321,119,119,302,2
24996,3321,128,128,311,2
24997,3321,154,155,337,2
24998,3321,158,158,341,2
24999,3321,183,186,366,2
25000,3321,1,1,378,3
25001,3321,5,7,382,3
25002,3321,25,25,402,3
25003,3321,36,36,413,3
25004,3321,42,42,419,3
25005,3321,46,46,423,3
25006,3321,9,10,441,4
25007,3321,102,102,534,4
25008,3321,108,108,540,4
25009,3321,111,112,543,4
25010,3321,124,124,556,4
25011,3321,142,142,574,4
25012,3321,144,144,576,4
25013,3321,147,147,579,4
25014,3321,162,162,594,4
25015,3321,178,178,610,4
25016,3321,42,43,690,5
25017,3321,45,45,693,5
25018,3321,51,51,699,5
25019,3321,53,53,701,5
25020,3321,61,61,709,5
25021,3321,63,63,711,5
25022,3321,67,67,715,5
25023,3321,76,77,724,5
25024,3321,93,93,741,5
25025,3321,97,98,745,5
25026,3321,109,110,757,5
25027,3321,112,112,760,5
25028,3321,145,145,793,5
25029,3321,193,193,841,5
25030,3321,201,201,849,5
25031,3321,205,205,853,5
25032,3321,225,226,873,5
25033,3321,206,207,1096,6
25034,3321,215,215,1105,6
25035,3321,133,134,1261,7
25036,3321,11,12,1372,8
25037,3321,40,40,1401,8
25038,3321,231,231,1592,8
25039,3321,10,10,1611,9
25040,3321,76,76,1677,9
25041,3321,78,78,1679,9
25042,3321,80,80,1681,9
25043,3321,151,151,1752,9
25044,3321,238,238,1839,9
25045,3321,32,32,1887,10
25046,3321,77,77,1932,10
25047,3321,101,101,1956,10
25048,3321,105,105,1960,10
25049,3321,109,111,1964,10
25050,3321,142,146,1997,10
25051,3321,163,163,2018,10
25052,3321,177,177,2032,10
25053,3321,112,112,2224,11
25054,3321,118,118,2230,11
25055,3321,194,194,2806,13
25056,3321,21,21,2880,14
25057,3321,31,31,2890,14
25058,3321,65,65,2924,14
25059,3321,76,77,2935,14
25060,3321,97,97,2956,14
25061,3321,121,121,2980,14
25062,3321,100,100,3430,16
25063,3321,236,236,3566,16
25064,3321,209,209,4036,18
25065,3321,13,13,4102,19
25066,3322,76,76,2935,14
25067,3322,121,121,2980,14
25068,3322,13,13,4102,19
25069,3323,60,66,950,6
25070,3324,212,212,1573,8
25071,3324,7,7,1608,9
25072,3324,49,49,1650,9
25073,3324,51,51,1652,9
25074,3324,99,100,1700,9
25075,3324,121,121,1722,9
25076,3324,181,181,1782,9
25077,3324,246,246,1847,9
25078,3324,28,29,1883,10
25079,3324,38,38,1893,10
25080,3325,139,139,571,4
25081,3325,45,45,693,5
25082,3325,74,74,722,5
25083,3325,112,112,760,5
25084,3325,23,24,913,6
25085,3325,96,96,3198,15
25086,3326,100,100,1701,9
25087,3327,16,17,1617,9
25088,3327,22,22,1623,9
25089,3327,30,30,1631,9
25090,3327,33,33,1634,9
25091,3327,35,36,1636,9
25092,3327,38,38,1639,9
25093,3327,40,40,1641,9
25094,3327,46,46,1647,9
25095,3327,48,48,1649,9
25096,3327,52,52,1653,9
25097,3327,56,58,1657,9
25098,3327,60,61,1661,9
25099,3327,70,70,1671,9
25100,3327,96,96,1697,9
25101,3327,144,144,1745,9
25102,3327,240,240,1841,9
25103,3327,85,85,1940,10
25104,3327,100,100,1955,10
25105,3327,180,181,2792,13
25106,3327,61,61,3391,16
25107,3327,71,74,3401,16
25108,3327,76,76,3656,17
25109,3327,160,161,3987,18
25110,3327,21,21,4110,19
25111,3327,185,185,4822,22
25112,3328,182,182,1783,9
25113,3329,16,17,1617,9
25114,3329,85,85,1940,10
25115,3330,31,31,1886,10
25116,3330,93,93,1948,10
25117,3330,180,180,2035,10
25118,3330,185,185,2040,10
25119,3330,202,204,2057,10
25120,3331,276,276,4365,19
25121,3332,254,254,2109,10
25122,3332,167,167,2535,12
25123,3332,48,48,3628,17
25124,3332,170,171,3750,17
25125,3332,194,194,3774,17
25126,3333,200,200,2812,13
25127,3333,217,217,2829,13
25128,3333,170,170,3750,17
25129,3334,170,171,3750,17
25130,3335,200,200,2812,13
25131,3335,22,22,2881,14
25132,3335,183,183,3285,15
25133,3335,194,194,3774,17
25134,3336,117,117,4978,20
25135,3336,121,121,4982,20
25136,3336,139,139,5000,20
25137,3336,144,144,5005,20
25138,3336,159,159,5020,20
25139,3337,114,114,4975,20
25140,3337,141,141,4778,22
25141,3338,123,123,1251,7
25142,3338,130,130,1258,7
25143,3339,123,123,1251,7
25144,3339,130,130,1258,7
25145,3340,143,143,3723,17
25146,3341,143,143,3723,17
25147,3342,78,79,1679,9
25148,3343,66,67,4927,20
25149,3343,121,121,4982,20
25150,3344,243,243,4070,18
25151,3345,104,104,1232,7
25152,3346,178,178,5039,20
25153,3347,128,128,1983,10
25154,3347,219,219,2331,11
25155,3347,12,12,4383,21
25156,3348,124,124,3226,15
25157,3349,7,7,6,1
25158,3349,36,37,35,1
25159,3349,40,42,39,1
25160,3349,98,98,97,1
25161,3349,163,163,162,1
25162,3349,171,171,170,1
25163,3349,160,160,343,2
25164,3349,189,189,372,2
25165,3349,28,28,676,5
25166,3349,41,41,689,5
25167,3349,102,102,750,5
25168,3349,104,104,752,5
25169,3349,157,157,805,5
25170,3349,224,224,872,5
25171,3349,171,171,1299,7
25172,3349,57,57,1912,10
25173,3349,200,211,2312,11
25174,3349,100,100,2468,12
25175,3349,215,215,2583,12
25176,3349,17,17,2629,13
25177,3349,104,104,2716,13
25178,3349,97,97,2956,14
25179,3349,173,173,3032,14
25180,3349,212,214,3071,14
25181,3349,216,230,3075,14
25182,3349,19,19,3121,15
25183,3349,23,23,3125,15
25184,3349,32,32,3134,15
25185,3349,174,174,3276,15
25186,3349,211,211,3313,15
25187,3349,214,215,3316,15
25188,3349,223,223,3325,15
25189,3349,126,126,3456,16
25190,3349,135,135,3465,16
25191,3349,137,137,3467,16
25192,3349,146,146,3476,16
25193,3349,165,166,3495,16
25194,3349,21,22,3601,17
25195,3349,45,45,3625,17
25196,3349,91,91,3918,18
25197,3349,110,110,3937,18
25198,3349,112,112,3939,18
25199,3349,116,116,3943,18
25200,3349,137,140,3964,18
25201,3349,142,147,3969,18
25202,3349,203,203,4030,18
25203,3349,247,247,4074,18
25204,3349,144,144,4233,19
25205,3349,146,146,4235,19
25206,3349,148,148,4237,19
25207,3349,272,272,4361,19
25208,3349,277,280,4366,19
25209,3349,54,54,4915,20
25210,3349,57,57,4918,20
25211,3349,191,191,5052,20
25212,3349,12,12,4383,21
25213,3349,82,82,4453,21
25214,3349,106,106,4477,21
25215,3349,249,249,4620,21
25216,3349,202,202,4839,22
25217,3349,220,221,4857,22
25218,3350,68,68,2927,14
25219,3350,72,72,2931,14
25220,3350,103,103,2962,14
25221,3350,124,125,2983,14
25222,3350,137,137,2996,14
25223,3350,227,227,3086,14
25224,3350,169,169,3271,15
25225,3350,183,183,3285,15
25226,3350,26,27,3354,16
25227,3350,124,124,3454,16
25228,3350,141,141,3471,16
25229,3350,199,200,3529,16
25230,3350,44,44,3871,18
25231,3350,143,144,3970,18
25232,3350,167,167,3994,18
25233,3350,60,60,4431,21
25234,3351,142,142,325,2
25235,3351,148,148,331,2
25236,3351,177,177,360,2
25237,3351,181,181,364,2
25238,3351,184,184,367,2
25239,3351,59,59,1187,7
25240,3351,132,132,1260,7
25241,3351,146,146,1274,7
25242,3351,69,69,1430,8
25243,3351,99,99,1460,8
25244,3351,149,150,1510,8
25245,3351,192,192,1553,8
25246,3351,60,60,1661,9
25247,3351,75,75,1676,9
25248,3351,134,134,1735,9
25249,3351,136,137,1737,9
25250,3351,121,121,1976,10
25251,3351,163,164,2275,11
25252,3351,10,10,2622,13
25253,3351,91,91,2703,13
25254,3351,219,223,2831,13
25255,3351,228,228,2840,13
25256,3351,70,70,2929,14
25257,3351,141,147,3000,14
25258,3351,45,45,3375,16
25259,3351,200,201,3780,17
25260,3351,213,213,3793,17
25261,3351,217,217,3797,17
25262,3351,236,236,3816,17
25263,3351,7,7,3834,18
25264,3351,9,9,3836,18
25265,3351,11,11,3838,18
25266,3351,84,85,3911,18
25267,3351,216,217,4043,18
25268,3352,49,50,48,1
25269,3352,78,78,726,5
25270,3353,276,276,4365,19
25271,3354,11,11,3591,17
25272,3354,24,24,3604,17
25273,3354,25,25,3852,18
25274,3355,89,89,4950,20
25275,3356,112,114,1002,6
25276,3357,99,99,4960,20
25277,3357,101,101,4962,20
25278,3358,109,109,4970,20
25279,3359,179,179,1780,9
25280,3359,97,97,1952,10
25281,3359,116,116,1971,10
25282,3359,225,225,2080,10
25283,3360,179,179,1780,9
25284,3360,23,23,2135,11
25285,3361,144,145,327,2
25286,3361,156,156,339,2
25287,3361,158,158,341,2
25288,3361,161,161,344,2
25289,3361,164,164,347,2
25290,3361,168,171,351,2
25291,3361,182,183,365,2
25292,3361,2,3,379,3
25293,3361,6,6,383,3
25294,3361,21,22,398,3
25295,3361,27,27,404,3
25296,3361,40,40,472,4
25297,3361,50,50,482,4
25298,3361,123,123,555,4
25299,3361,22,22,670,5
25300,3361,213,213,861,5
25301,3362,11,11,1866,10
25302,3362,13,13,1868,10
25303,3362,16,17,2128,11
25304,3362,84,84,2452,12
25305,3362,225,225,2837,13
25306,3363,80,80,4451,21
25307,3364,256,256,4345,19
25308,3364,14,14,4875,20
25309,3364,121,121,4492,21
25310,3365,87,87,2199,11
25311,3366,47,47,3377,16
25312,3367,211,212,1339,7
25313,3368,250,250,4077,18
25314,3369,234,234,4061,18
25315,3369,188,188,5049,20
25316,3369,12,12,4383,21
25317,3370,66,66,4155,19
25318,3370,86,88,4175,19
25319,3370,106,108,4195,19
25320,3370,115,115,4204,19
25321,3370,118,118,4207,19
25322,3370,125,125,4214,19
25323,3370,135,135,4224,19
25324,3370,164,164,4253,19
25325,3370,179,179,4268,19
25326,3370,229,229,4318,19
25327,3370,256,256,4345,19
25328,3371,32,32,1633,9
25329,3371,140,141,1741,9
25330,3371,179,179,1780,9
25331,3372,136,137,1737,9
25332,3373,94,94,3196,15
25333,3374,262,262,4633,21
25334,3375,222,222,3802,17
25335,3375,91,91,4952,20
25336,3375,95,95,4956,20
25337,3376,97,97,1698,9
25338,3376,245,245,1846,9
25339,3377,191,191,1319,7
25340,3377,24,24,1385,8
25341,3377,62,63,1423,8
25342,3377,69,69,1430,8
25343,3377,72,73,1433,8
25344,3377,78,78,1439,8
25345,3377,86,86,1447,8
25346,3377,129,130,1490,8
25347,3377,143,143,1504,8
25348,3377,153,154,1514,8
25349,3377,160,160,1521,8
25350,3377,167,167,1528,8
25351,3377,171,172,1532,8
25352,3377,176,177,1537,8
25353,3377,179,179,1540,8
25354,3377,185,186,1546,8
25355,3377,8,8,1609,9
25356,3377,20,20,1621,9
25357,3377,34,34,1635,9
25358,3377,48,49,1649,9
25359,3377,51,51,1652,9
25360,3377,53,53,1654,9
25361,3377,56,56,1657,9
25362,3377,83,83,1684,9
25363,3377,85,85,1686,9
25364,3377,91,91,1692,9
25365,3377,94,94,1695,9
25366,3377,96,100,1697,9
25367,3377,110,110,1711,9
25368,3377,116,116,1717,9
25369,3377,121,121,1722,9
25370,3377,125,125,1726,9
25371,3377,130,130,1731,9
25372,3377,140,140,1741,9
25373,3377,143,145,1744,9
25374,3377,147,148,1748,9
25375,3377,157,157,1758,9
25376,3377,161,161,1762,9
25377,3377,177,177,1778,9
25378,3377,183,183,1784,9
25379,3377,188,188,1789,9
25380,3377,190,190,1791,9
25381,3377,192,192,1793,9
25382,3377,204,204,1805,9
25383,3377,225,225,1826,9
25384,3377,235,235,1836,9
25385,3377,238,238,1839,9
25386,3377,241,241,1842,9
25387,3377,246,247,1847,9
25388,3377,15,16,1870,10
25389,3377,25,29,1880,10
25390,3377,31,31,1886,10
25391,3377,37,41,1892,10
25392,3377,65,65,1920,10
25393,3377,73,73,1928,10
25394,3377,88,89,1943,10
25395,3377,91,94,1946,10
25396,3377,104,104,1959,10
25397,3377,121,121,1976,10
25398,3377,123,124,1978,10
25399,3377,134,134,1989,10
25400,3377,158,159,2013,10
25401,3377,164,164,2019,10
25402,3377,180,180,2035,10
25403,3377,182,182,2037,10
25404,3377,184,185,2039,10
25405,3377,196,196,2051,10
25406,3377,201,204,2056,10
25407,3377,208,215,2063,10
25408,3377,222,222,2077,10
25409,3377,224,225,2079,10
25410,3377,228,228,2083,10
25411,3377,231,231,2086,10
25412,3377,235,236,2090,10
25413,3377,243,244,2098,10
25414,3377,246,246,2101,10
25415,3377,9,10,2121,11
25416,3377,58,58,2170,11
25417,3377,69,69,2181,11
25418,3377,74,74,2186,11
25419,3377,77,77,2189,11
25420,3377,85,85,2197,11
25421,3377,97,97,2209,11
25422,3377,158,159,2270,11
25423,3377,201,201,2313,11
25424,3377,14,14,2382,12
25425,3377,19,19,2387,12
25426,3377,26,27,2394,12
25427,3377,29,34,2397,12
25428,3377,46,46,2414,12
25429,3377,84,84,2452,12
25430,3377,148,149,2516,12
25431,3377,188,188,2556,12
25432,3377,194,194,2562,12
25433,3377,200,200,2568,12
25434,3377,203,203,2571,12
25435,3377,225,225,2593,12
25436,3377,228,228,2596,12
25437,3377,26,26,2638,13
25438,3377,186,186,2798,13
25439,3377,224,224,2836,13
25440,3377,88,88,2947,14
25441,3377,101,101,2960,14
25442,3377,44,44,3146,15
25443,3377,176,176,3278,15
25444,3377,41,41,3371,16
25445,3377,56,56,3386,16
25446,3377,64,64,3394,16
25447,3377,154,155,3484,16
25448,3377,198,198,3528,16
25449,3377,17,17,3597,17
25450,3377,27,28,3607,17
25451,3377,211,211,3791,17
25452,3377,216,216,3796,17
25453,3377,27,27,3854,18
25454,3377,42,42,3869,18
25455,3377,82,82,3909,18
25456,3377,6,6,4377,21
25457,3377,8,9,4379,21
25458,3377,29,29,4400,21
25459,3377,157,157,4794,22
25460,3378,136,136,1737,9
25461,3379,104,104,1232,7
25462,3380,22,22,3350,16
25463,3381,19,19,667,5
25464,3382,28,28,1629,9
25465,3382,37,37,1638,9
25466,3382,54,54,1655,9
25467,3382,96,96,1697,9
25468,3382,101,102,1702,9
25469,3382,145,146,1746,9
25470,3382,157,158,1758,9
25471,3382,170,170,1771,9
25472,3382,173,173,1774,9
25473,3382,190,190,1791,9
25474,3382,204,204,1805,9
25475,3382,248,248,1849,9
25476,3382,39,40,1894,10
25477,3382,86,86,1941,10
25478,3382,104,105,1959,10
25479,3382,126,126,1981,10
25480,3382,188,188,2043,10
25481,3382,85,85,2197,11
25482,3382,109,109,2221,11
25483,3382,157,157,2269,11
25484,3382,159,159,2271,11
25485,3383,202,202,1330,7
25486,3383,211,212,1339,7
25487,3383,214,214,1342,7
25488,3383,9,9,1370,8
25489,3383,13,14,1374,8
25490,3383,20,20,1381,8
25491,3383,39,39,1400,8
25492,3383,64,64,1425,8
25493,3383,73,73,1434,8
25494,3383,133,133,1494,8
25495,3383,136,136,1497,8
25496,3383,143,144,1504,8
25497,3383,169,170,1530,8
25498,3383,180,180,1541,8
25499,3383,195,196,1556,8
25500,3383,214,214,1575,8
25501,3383,224,224,1585,8
25502,3383,228,228,1589,8
25503,3383,231,231,1592,8
25504,3383,20,20,1621,9
25505,3383,37,38,1638,9
25506,3383,53,54,1654,9
25507,3383,61,61,1662,9
25508,3383,65,66,1666,9
25509,3383,69,69,1670,9
25510,3383,71,71,1672,9
25511,3383,76,76,1677,9
25512,3383,95,95,1696,9
25513,3383,99,99,1700,9
25514,3383,110,110,1711,9
25515,3383,112,112,1713,9
25516,3383,114,114,1715,9
25517,3383,129,129,1730,9
25518,3383,133,133,1734,9
25519,3383,143,143,1744,9
25520,3383,145,146,1746,9
25521,3383,173,173,1774,9
25522,3383,175,176,1776,9
25523,3383,182,182,1783,9
25524,3383,184,184,1785,9
25525,3383,190,190,1791,9
25526,3383,193,193,1794,9
25527,3383,195,195,1796,9
25528,3383,197,197,1798,9
25529,3383,207,207,1808,9
25530,3383,239,239,1840,9
25531,3383,242,242,1843,9
25532,3383,29,29,1884,10
25533,3383,39,39,1894,10
25534,3383,86,86,1941,10
25535,3383,104,105,1959,10
25536,3383,126,126,1981,10
25537,3383,158,158,2270,11
25538,3383,178,178,2290,11
25539,3383,122,122,2490,12
25540,3383,200,200,2568,12
25541,3384,9,9,1370,8
25542,3384,39,39,1400,8
25543,3384,64,64,1425,8
25544,3384,37,37,1638,9
25545,3384,61,61,1662,9
25546,3384,65,66,1666,9
25547,3384,69,69,1670,9
25548,3384,173,173,1774,9
25549,3384,176,176,1777,9
25550,3384,197,197,1798,9
25551,3384,39,39,1894,10
25552,3384,104,105,1959,10
25553,3384,91,91,2203,11
25554,3384,158,158,2270,11
25555,3384,200,200,2568,12
25556,3385,39,39,1400,8
25557,3385,28,28,1629,9
25558,3385,37,37,1638,9
25559,3385,96,96,1697,9
25560,3385,101,101,1702,9
25561,3385,146,146,1747,9
25562,3385,157,158,1758,9
25563,3385,170,170,1771,9
25564,3385,173,173,1774,9
25565,3385,190,190,1791,9
25566,3385,204,204,1805,9
25567,3385,248,248,1849,9
25568,3385,37,40,1892,10
25569,3385,92,92,1947,10
25570,3385,104,104,1959,10
25571,3385,224,225,2079,10
25572,3385,159,159,2271,11
25573,3386,34,34,2893,14
25574,3386,10,10,3338,16
25575,3387,40,40,39,1
25576,3387,89,89,88,1
25577,3387,97,97,96,1
25578,3387,118,118,117,1
25579,3387,148,148,580,4
25580,3387,114,114,1475,8
25581,3387,138,138,1499,8
25582,3387,122,122,1723,9
25583,3387,194,194,2049,10
25584,3387,145,146,3004,14
25585,3387,55,55,3157,15
25586,3387,205,205,3307,15
25587,3387,44,45,3374,16
25588,3387,58,58,3388,16
25589,3387,69,69,3399,16
25590,3387,90,90,3420,16
25591,3387,216,217,3796,17
25592,3387,242,242,4331,19
25593,3388,86,86,518,4
25594,3388,71,72,3898,18
25595,3389,174,175,1064,6
25596,3390,185,185,1313,7
25597,3390,189,190,1317,7
25598,3390,55,55,1416,8
25599,3390,81,81,3411,16
25600,3391,245,245,1846,9
25601,3392,104,104,1232,7
25602,3393,175,175,1065,6
25603,3394,191,191,2803,13
25604,3395,174,175,1064,6
25605,3396,85,85,517,4
25606,3396,95,95,527,4
25607,3396,98,98,530,4
25608,3396,100,100,532,4
25609,3396,102,103,534,4
25610,3396,105,106,537,4
25611,3396,108,108,540,4
25612,3396,121,121,553,4
25613,3396,144,144,576,4
25614,3396,153,153,585,4
25615,3396,166,167,598,4
25616,3396,173,173,605,4
25617,3396,178,178,610,4
25618,3396,13,15,661,5
25619,3396,18,21,666,5
25620,3396,25,27,673,5
25621,3396,36,37,684,5
25622,3396,40,45,688,5
25623,3396,53,53,701,5
25624,3396,60,61,708,5
25625,3396,63,63,711,5
25626,3396,67,67,715,5
25627,3396,73,73,721,5
25628,3396,75,77,723,5
25629,3396,79,79,727,5
25630,3396,82,84,730,5
25631,3396,88,89,736,5
25632,3396,92,93,740,5
25633,3396,95,95,743,5
25634,3396,99,99,747,5
25635,3396,101,101,749,5
25636,3396,106,106,754,5
25637,3396,111,111,759,5
25638,3396,145,145,793,5
25639,3396,169,169,817,5
25640,3396,130,130,1258,7
25641,3396,141,141,1269,7
25642,3396,152,152,1280,7
25643,3396,179,179,1307,7
25644,3396,185,186,1313,7
25645,3396,198,198,1326,7
25646,3396,55,55,1416,8
25647,3396,126,128,1727,9
25648,3396,183,183,1784,9
25649,3396,32,32,1887,10
25650,3396,103,103,1958,10
25651,3396,127,128,1982,10
25652,3396,162,163,2017,10
25653,3396,191,191,2046,10
25654,3396,53,53,2165,11
25655,3396,12,12,2380,12
25656,3396,191,191,2803,13
25657,3396,229,229,2841,13
25658,3396,80,81,3410,16
25659,3396,204,204,3534,16
25660,3396,249,249,4076,18
25661,3396,71,71,4160,19
25662,3396,5,5,4376,21
25663,3397,127,128,1728,9
25664,3397,81,81,3411,16
25665,3398,53,53,2165,11
25666,3399,192,192,5053,20
25667,3400,110,110,4481,21
25668,3400,126,128,4763,22
25669,3401,60,60,3162,15
25670,3402,70,70,69,1
25671,3402,178,178,177,1
25672,3402,45,45,228,2
25673,3402,70,71,253,2
25674,3402,134,135,317,2
25675,3402,149,151,332,2
25676,3402,165,165,348,2
25677,3402,189,190,372,2
25678,3402,3,3,380,3
25679,3402,61,61,709,5
25680,3402,73,73,721,5
25681,3402,97,97,745,5
25682,3402,140,140,1268,7
25683,3402,41,41,2153,11
25684,3402,87,87,2455,12
25685,3402,83,84,2942,14
25686,3402,224,224,3804,17
25687,3402,236,236,3816,17
25688,3402,62,63,3889,18
25689,3402,259,259,4086,18
25690,3402,120,120,4757,22
25691,3403,197,197,4024,18
25692,3403,212,213,4039,18
25693,3403,225,225,4052,18
25694,3404,104,104,1232,7
25695,3405,133,133,2501,12
25696,3406,30,31,678,5
25697,3407,36,36,35,1
25698,3407,164,164,596,4
25699,3407,166,166,598,4
25700,3407,169,170,1297,7
25701,3407,83,83,1684,9
25702,3407,133,133,1988,10
25703,3407,19,19,2131,11
25704,3407,171,171,2783,13
25705,3407,118,119,2977,14
25706,3407,174,174,4001,18
25707,3407,6,6,4377,21
25708,3408,164,164,4253,19
25709,3409,27,27,675,5
25710,3409,45,45,693,5
25711,3410,48,48,4137,19
25712,3411,197,197,1325,7
25713,3412,57,57,705,5
25714,3412,65,65,713,5
25715,3412,73,73,721,5
25716,3412,75,76,723,5
25717,3412,82,84,730,5
25718,3412,98,99,746,5
25719,3412,148,148,796,5
25720,3412,150,150,798,5
25721,3412,153,153,801,5
25722,3412,179,179,827,5
25723,3412,193,195,841,5
25724,3412,206,207,1096,6
25725,3412,168,168,1296,7
25726,3412,55,55,1416,8
25727,3413,163,164,1053,6
25728,3414,60,60,1188,7
25729,3414,65,66,1193,7
25730,3414,105,105,1233,7
25731,3414,108,108,1236,7
25732,3415,169,169,3271,15
25733,3415,147,147,3974,18
25734,3416,27,27,1155,7
25735,3416,33,33,1161,7
25736,3416,40,40,1168,7
25737,3416,47,47,1175,7
25738,3416,56,61,1184,7
25739,3416,64,67,1192,7
25740,3416,72,72,1200,7
25741,3416,76,76,1204,7
25742,3416,80,81,1208,7
25743,3416,105,105,1233,7
25744,3416,23,23,2391,12
25745,3417,66,66,1194,7
25746,3418,58,58,1186,7
25747,3418,60,60,1188,7
25748,3418,66,67,1194,7
25749,3419,56,56,1184,7
25750,3419,67,67,1195,7
25751,3420,38,38,4409,21
25752,3421,54,54,4143,19
25753,3421,164,164,4253,19
25754,3422,38,38,3140,15
25755,3422,214,214,3794,17
25756,3423,144,144,576,4
25757,3423,190,190,622,4
25758,3423,74,74,722,5
25759,3424,124,124,3226,15
25760,3424,126,127,3228,15
25761,3425,99,99,4960,20
25762,3426,104,104,1232,7
25763,3427,142,142,325,2
25764,3427,119,119,1009,6
25765,3427,163,164,1053,6
25766,3427,19,20,1874,10
25767,3427,220,220,2832,13
25768,3427,142,145,3001,14
25769,3427,85,85,3912,18
25770,3427,99,99,4960,20
25771,3428,220,220,3800,17
25772,3428,231,231,3811,17
25773,3428,235,236,3815,17
25774,3428,37,37,4126,19
25775,3428,59,61,4148,19
25776,3428,86,86,4175,19
25777,3428,164,164,4253,19
25778,3428,177,177,4266,19
25779,3428,201,201,4290,19
25780,3428,203,203,4292,19
25781,3428,207,207,4296,19
25782,3428,29,30,4890,20
25783,3428,32,34,4893,20
25784,3428,114,114,4975,20
25785,3428,119,119,4980,20
25786,3428,121,121,4982,20
25787,3428,135,135,4996,20
25788,3428,144,144,5005,20
25789,3428,119,119,4490,21
25790,3428,122,122,4493,21
25791,3428,38,38,4675,22
25792,3429,148,148,3975,18
25793,3429,91,91,4952,20
25794,3429,36,36,4407,21
25795,3429,207,207,4578,21
25796,3429,209,209,4580,21
25797,3429,134,134,4771,22
25798,3430,142,142,325,2
25799,3430,177,177,360,2
25800,3430,47,47,424,3
25801,3430,63,63,711,5
25802,3430,119,119,1009,6
25803,3430,11,11,3838,18
25804,3430,99,99,4960,20
25805,3431,11,11,3838,18
25806,3432,55,55,3385,16
25807,3433,104,104,2216,11
25808,3434,166,166,4537,21
25809,3435,163,163,4534,21
25810,3436,166,166,4537,21
25811,3437,188,188,5049,20
25812,3438,5,5,4,1
25813,3438,166,166,1056,6
25814,3438,59,59,1187,7
25815,3438,123,123,1251,7
25816,3438,58,58,1659,9
25817,3438,80,80,1681,9
25818,3438,102,102,1703,9
25819,3438,122,122,1723,9
25820,3438,235,236,1836,9
25821,3438,240,240,1841,9
25822,3438,48,48,1903,10
25823,3438,81,81,1936,10
25824,3438,8,8,2120,11
25825,3438,92,97,2204,11
25826,3438,13,13,2625,13
25827,3438,34,34,2646,13
25828,3438,196,196,2808,13
25829,3438,199,199,2811,13
25830,3438,221,223,2833,13
25831,3439,197,198,4286,19
25832,3440,8,8,7,1
25833,3440,10,10,9,1
25834,3440,12,15,11,1
25835,3440,20,20,19,1
25836,3440,22,23,21,1
25837,3440,26,27,25,1
25838,3440,32,32,31,1
25839,3440,39,39,38,1
25840,3440,45,47,44,1
25841,3440,53,53,52,1
25842,3440,56,56,55,1
25843,3440,59,59,58,1
25844,3440,64,64,63,1
25845,3440,74,74,73,1
25846,3440,76,77,75,1
25847,3440,86,86,85,1
25848,3440,100,100,99,1
25849,3440,102,102,101,1
25850,3440,104,105,103,1
25851,3440,108,108,107,1
25852,3440,115,116,114,1
25853,3440,120,120,119,1
25854,3440,124,124,123,1
25855,3440,128,128,127,1
25856,3440,130,130,129,1
25857,3440,138,139,137,1
25858,3440,142,144,141,1
25859,3440,148,148,147,1
25860,3440,152,153,151,1
25861,3440,160,160,159,1
25862,3440,168,168,167,1
25863,3440,170,170,169,1
25864,3440,174,174,173,1
25865,3440,8,9,191,2
25866,3440,62,62,245,2
25867,3440,86,86,269,2
25868,3440,98,98,281,2
25869,3440,107,108,290,2
25870,3440,116,116,299,2
25871,3440,128,128,311,2
25872,3440,178,179,361,2
25873,3440,183,183,366,2
25874,3440,186,186,369,2
25875,3440,189,190,372,2
25876,3440,2,2,379,3
25877,3440,7,7,384,3
25878,3440,9,9,386,3
25879,3440,11,13,388,3
25880,3440,28,28,405,3
25881,3440,30,30,407,3
25882,3440,33,33,410,3
25883,3440,52,52,484,4
25884,3440,69,69,501,4
25885,3440,81,82,513,4
25886,3440,136,136,568,4
25887,3440,144,144,576,4
25888,3440,149,149,581,4
25889,3440,162,162,594,4
25890,3440,40,40,688,5
25891,3440,42,45,690,5
25892,3440,74,74,722,5
25893,3440,84,86,732,5
25894,3440,110,110,758,5
25895,3440,178,178,826,5
25896,3440,191,191,839,5
25897,3440,201,201,849,5
25898,3440,208,208,856,5
25899,3440,118,118,1008,6
25900,3440,142,142,1270,7
25901,3440,148,150,1276,7
25902,3440,157,157,1285,7
25903,3440,169,169,1297,7
25904,3440,171,171,1299,7
25905,3440,220,220,1348,7
25906,3440,5,6,1366,8
25907,3440,10,10,1371,8
25908,3440,13,13,1374,8
25909,3440,16,16,1377,8
25910,3440,27,28,1388,8
25911,3440,30,30,1391,8
25912,3440,53,53,1414,8
25913,3440,59,59,1420,8
25914,3440,68,68,1429,8
25915,3440,108,108,1469,8
25916,3440,110,110,1471,8
25917,3440,112,113,1473,8
25918,3440,120,123,1481,8
25919,3440,139,141,1500,8
25920,3440,148,148,1509,8
25921,3440,155,156,1516,8
25922,3440,173,174,1534,8
25923,3440,179,182,1540,8
25924,3440,186,187,1547,8
25925,3440,192,193,1553,8
25926,3440,195,195,1556,8
25927,3440,206,206,1567,8
25928,3440,211,213,1572,8
25929,3440,216,216,1577,8
25930,3440,55,55,1656,9
25931,3440,59,59,1660,9
25932,3440,103,103,1704,9
25933,3440,111,111,1712,9
25934,3440,123,124,1724,9
25935,3440,128,128,1729,9
25936,3440,136,137,1737,9
25937,3440,139,139,1740,9
25938,3440,153,154,1754,9
25939,3440,236,236,1837,9
25940,3440,247,247,1848,9
25941,3440,37,37,1892,10
25942,3440,66,66,1921,10
25943,3440,68,68,1923,10
25944,3440,70,72,1925,10
25945,3440,74,74,1929,10
25946,3440,80,80,1935,10
25947,3440,87,87,1942,10
25948,3440,103,103,1958,10
25949,3440,111,111,1966,10
25950,3440,114,114,1969,10
25951,3440,117,117,1972,10
25952,3440,127,127,1982,10
25953,3440,129,130,1984,10
25954,3440,141,141,1996,10
25955,3440,162,163,2017,10
25956,3440,168,168,2023,10
25957,3440,174,174,2029,10
25958,3440,52,53,2164,11
25959,3440,98,98,2210,11
25960,3440,117,117,2229,11
25961,3440,120,120,2232,11
25962,3440,143,143,2255,11
25963,3440,160,160,2272,11
25964,3440,162,163,2274,11
25965,3440,185,185,2297,11
25966,3440,219,219,2331,11
25967,3440,13,13,2381,12
25968,3440,16,17,2384,12
25969,3440,21,21,2389,12
25970,3440,25,25,2393,12
25971,3440,69,69,2437,12
25972,3440,73,73,2441,12
25973,3440,81,82,2449,12
25974,3440,89,89,2457,12
25975,3440,143,144,2511,12
25976,3440,147,147,2515,12
25977,3440,149,149,2517,12
25978,3440,160,160,2528,12
25979,3440,162,162,2530,12
25980,3440,164,165,2532,12
25981,3440,168,168,2536,12
25982,3440,186,187,2554,12
25983,3440,189,190,2557,12
25984,3440,197,197,2565,12
25985,3440,207,207,2575,12
25986,3440,220,220,2588,12
25987,3440,224,225,2592,12
25988,3440,25,25,2637,13
25989,3440,39,39,2651,13
25990,3440,41,42,2653,13
25991,3440,46,47,2658,13
25992,3440,49,49,2661,13
25993,3440,52,53,2664,13
25994,3440,59,59,2671,13
25995,3440,70,70,2682,13
25996,3440,106,107,2718,13
25997,3440,191,191,2803,13
25998,3440,42,43,2901,14
25999,3440,76,77,2935,14
26000,3440,94,94,2953,14
26001,3440,121,121,2980,14
26002,3440,135,135,2994,14
26003,3440,138,139,2997,14
26004,3440,154,154,3013,14
26005,3440,129,129,3231,15
26006,3440,142,143,3244,15
26007,3440,207,207,3309,15
26008,3440,8,8,3336,16
26009,3440,11,11,3339,16
26010,3440,47,47,3377,16
26011,3440,71,71,3401,16
26012,3440,98,99,3428,16
26013,3440,165,166,3495,16
26014,3440,182,182,3512,16
26015,3440,74,74,3654,17
26016,3440,173,173,3753,17
26017,3440,206,206,3786,17
26018,3440,216,216,3796,17
26019,3440,19,20,3846,18
26020,3440,22,22,3849,18
26021,3440,31,31,3858,18
26022,3440,50,50,3877,18
26023,3440,118,119,3945,18
26024,3440,172,172,3999,18
26025,3440,198,198,4025,18
26026,3440,213,213,4040,18
26027,3440,221,221,4048,18
26028,3440,229,230,4056,18
26029,3440,232,233,4059,18
26030,3440,253,253,4080,18
26031,3440,97,97,4186,19
26032,3440,148,148,4237,19
26033,3440,165,165,4254,19
26034,3440,226,226,4597,21
26035,3440,228,228,4599,21
26036,3440,232,233,4603,21
26037,3440,260,260,4631,21
26038,3440,105,106,4742,22
26039,3440,160,160,4797,22
26040,3440,191,191,4828,22
26041,3441,140,140,3720,17
26042,3441,144,145,3724,17
26043,3441,178,178,3758,17
26044,3442,139,140,3719,17
26045,3442,178,178,3758,17
26046,3443,45,45,2904,14
26047,3444,138,138,137,1
26048,3444,80,80,728,5
26049,3444,210,210,1100,6
26050,3444,52,53,2664,13
26051,3444,150,150,3009,14
26052,3444,187,187,3046,14
26053,3444,44,44,3146,15
26054,3444,94,94,3196,15
26055,3444,47,48,3377,16
26056,3444,157,157,3984,18
26057,3444,260,261,4087,18
26058,3445,61,61,709,5
26059,3445,97,97,745,5
26060,3445,111,111,1239,7
26061,3445,236,237,1837,9
26062,3445,157,157,3984,18
26063,3446,76,77,724,5
26064,3446,109,109,757,5
26065,3447,33,33,32,1
26066,3447,123,123,122,1
26067,3447,142,142,141,1
26068,3447,8,9,191,2
26069,3447,46,46,229,2
26070,3447,109,110,757,5
26071,3448,48,48,4137,19
26072,3449,21,21,4882,20
26073,3449,35,35,4896,20
26074,3450,150,150,3730,17
26075,3451,60,60,4149,19
26076,3451,65,65,4154,19
26077,3452,236,236,2848,13
26078,3452,214,214,4041,18
26079,3452,249,249,4076,18
26080,3452,168,168,5029,20
26081,3453,84,84,4173,19
26082,3453,114,114,4203,19
26083,3453,139,139,4228,19
26084,3453,35,36,4896,20
26085,3453,50,50,4911,20
26086,3453,32,32,4403,21
26087,3453,40,40,4411,21
26088,3453,42,43,4413,21
26089,3453,46,48,4417,21
26090,3454,129,129,3231,15
26091,3454,159,159,3261,15
26092,3455,215,215,3317,15
26093,3456,14,14,1869,10
26094,3456,260,260,4631,21
26095,3457,164,165,163,1
26096,3458,164,164,163,1
26097,3458,174,174,173,1
26098,3459,142,142,1270,7
26099,3460,180,180,1541,8
26100,3461,74,74,73,1
26101,3461,44,44,227,2
26102,3461,48,48,231,2
26103,3461,75,76,258,2
26104,3461,79,81,262,2
26105,3461,116,117,299,2
26106,3461,178,190,610,4
26107,3461,212,213,644,4
26108,3461,12,13,660,5
26109,3461,30,30,678,5
26110,3461,55,55,703,5
26111,3461,116,118,764,5
26112,3461,120,120,768,5
26113,3461,126,126,774,5
26114,3461,133,133,781,5
26115,3461,140,140,788,5
26116,3461,219,219,867,5
26117,3461,116,117,1006,6
26118,3461,121,121,1011,6
26119,3461,124,124,1014,6
26120,3461,199,200,1089,6
26121,3461,25,25,1153,7
26122,3461,83,84,1211,7
26123,3461,210,210,1811,9
26124,3461,234,234,1835,9
26125,3461,225,225,3327,15
26126,3461,42,43,3622,17
26127,3461,57,57,3637,17
26128,3461,244,244,3824,17
26129,3461,25,25,4114,19
26130,3461,273,273,4362,19
26131,3461,18,18,4879,20
26132,3461,139,139,4510,21
26133,3461,146,147,4517,21
26134,3461,149,149,4520,21
26135,3461,202,203,4573,21
26136,3461,225,225,4596,21
26137,3461,257,257,4628,21
26138,3461,47,47,4684,22
26139,3461,53,54,4690,22
26140,3462,25,25,24,1
26141,3462,30,30,29,1
26142,3462,127,127,126,1
26143,3462,134,134,133,1
26144,3462,75,76,258,2
26145,3462,80,80,263,2
26146,3462,116,117,299,2
26147,3462,178,190,610,4
26148,3462,212,213,644,4
26149,3462,12,13,660,5
26150,3462,30,30,678,5
26151,3462,55,55,703,5
26152,3462,117,118,765,5
26153,3462,120,120,768,5
26154,3462,126,126,774,5
26155,3462,140,140,788,5
26156,3462,199,200,1089,6
26157,3462,42,43,3622,17
26158,3462,57,58,3637,17
26159,3462,184,184,3764,17
26160,3462,196,196,3776,17
26161,3462,25,25,4114,19
26162,3462,45,46,4906,20
26163,3462,39,39,4410,21
26164,3463,81,81,513,4
26165,3464,125,125,308,2
26166,3464,149,149,5010,20
26167,3465,133,136,3235,15
26168,3465,138,141,3240,15
26169,3465,143,143,3245,15
26170,3465,146,146,3248,15
26171,3465,149,154,3251,15
26172,3465,156,156,3258,15
26173,3465,172,172,3274,15
26174,3465,194,194,3296,15
26175,3465,196,196,3298,15
26176,3465,34,34,3364,16
26177,3465,79,79,3409,16
26178,3465,103,103,3433,16
26179,3465,113,113,3443,16
26180,3465,133,133,3463,16
26181,3465,239,239,3569,16
26182,3465,67,69,3894,18
26183,3465,99,99,3926,18
26184,3465,74,75,4163,19
26185,3465,84,85,4173,19
26186,3465,90,91,4727,22
26187,3466,159,159,4248,19
26188,3467,103,103,535,4
26189,3467,107,107,539,4
26190,3467,113,114,545,4
26191,3467,119,120,551,4
26192,3467,122,123,554,4
26193,3467,133,133,565,4
26194,3467,135,135,567,4
26195,3467,137,137,569,4
26196,3467,146,146,578,4
26197,3467,153,153,585,4
26198,3467,156,156,588,4
26199,3467,161,161,593,4
26200,3467,178,179,610,4
26201,3467,13,13,661,5
26202,3467,15,16,663,5
26203,3467,19,19,667,5
26204,3467,25,25,673,5
26205,3467,27,27,675,5
26206,3467,36,36,684,5
26207,3467,40,40,688,5
26208,3467,43,43,691,5
26209,3467,47,47,695,5
26210,3467,53,53,701,5
26211,3467,57,58,705,5
26212,3467,60,60,708,5
26213,3467,75,75,723,5
26214,3467,77,77,725,5
26215,3467,83,83,731,5
26216,3467,85,85,733,5
26217,3467,107,107,755,5
26218,3467,109,109,757,5
26219,3467,111,112,759,5
26220,3468,104,104,1232,7
26221,3469,98,98,281,2
26222,3470,38,38,37,1
26223,3470,43,43,42,1
26224,3470,50,50,49,1
26225,3470,65,65,64,1
26226,3470,68,70,67,1
26227,3470,166,166,165,1
26228,3470,168,168,167,1
26229,3470,20,20,203,2
26230,3470,91,91,274,2
26231,3471,143,143,3723,17
26232,3472,155,155,338,2
26233,3473,117,117,3219,15
26234,3474,137,137,1027,6
26235,3474,143,143,1033,6
26236,3474,241,241,1842,9
26237,3475,149,149,5010,20
26238,3476,239,239,3098,14
26239,3477,40,44,4411,21
26240,3477,46,47,4417,21
26241,3477,49,49,4420,21
26242,3478,101,101,2469,12
26243,3478,109,109,2477,12
26244,3478,218,219,2830,13
26245,3478,88,89,3668,17
26246,3478,76,78,4165,19
26247,3478,80,80,4169,19
26248,3478,82,84,4171,19
26249,3478,87,87,4176,19
26250,3478,89,89,4178,19
26251,3478,108,108,4197,19
26252,3478,112,115,4201,19
26253,3478,117,117,4206,19
26254,3478,143,143,4232,19
26255,3478,31,32,4402,21
26256,3478,39,49,4410,21
26257,3478,59,59,4430,21
26258,3479,40,41,4411,21
26259,3479,49,49,4420,21
26260,3480,42,42,4413,21
26261,3480,46,46,4417,21
26262,3481,40,42,4411,21
26263,3481,44,44,4415,21
26264,3481,46,46,4417,21
26265,3481,49,49,4420,21
26266,3482,218,218,2830,13
26267,3482,80,80,3660,17
26268,3482,88,89,3668,17
26269,3482,85,85,4174,19
26270,3482,46,46,4417,21
26271,3483,80,80,1208,7
26272,3484,14,14,391,3
26273,3484,33,34,410,3
26274,3485,238,238,1839,9
26275,3485,217,217,3797,17
26276,3485,43,43,3870,18
26277,3486,151,151,4240,19
26278,3487,160,160,808,5
26279,3487,183,183,831,5
26280,3487,191,191,839,5
26281,3487,25,25,915,6
26282,3487,27,27,917,6
26283,3487,41,41,931,6
26284,3487,46,46,936,6
26285,3487,207,207,1097,6
26286,3487,43,43,1644,9
26287,3487,219,219,2331,11
26288,3487,164,165,3494,16
26289,3487,203,203,3533,16
26290,3487,244,244,3824,17
26291,3487,52,52,3879,18
26292,3487,87,87,3914,18
26293,3487,78,78,4167,19
26294,3487,78,78,4939,20
26295,3487,178,178,5039,20
26296,3488,213,213,4584,21
26297,3489,61,61,1662,9
26298,3490,77,77,4938,20
26299,3490,79,79,4940,20
26300,3491,89,89,88,1
26301,3492,95,95,4466,21
26302,3492,97,97,4468,21
26303,3492,265,265,4636,21
26304,3493,186,186,3288,15
26305,3493,98,98,3428,16
26306,3494,29,29,3856,18
26307,3495,78,78,4449,21
26308,3496,126,126,4497,21
26309,3497,76,77,2688,13
26310,3497,118,118,2730,13
26311,3497,240,240,2852,13
26312,3497,21,22,2880,14
26313,3497,34,34,2893,14
26314,3497,117,117,3219,15
26315,3497,182,182,3284,15
26316,3497,23,23,3351,16
26317,3498,76,76,2688,13
26318,3498,118,118,2730,13
26319,3499,48,48,3378,16
26320,3500,209,209,4580,21
26321,3501,207,207,4578,21
26322,3502,144,144,4233,19
26323,3503,87,91,4724,22
26324,3503,110,110,4747,22
26325,3504,160,160,159,1
26326,3505,220,220,3800,17
26327,3506,6,6,5,1
26328,3506,24,24,23,1
26329,3506,51,52,50,1
26330,3506,82,83,81,1
26331,3506,101,101,100,1
26332,3506,104,104,103,1
26333,3506,110,111,109,1
26334,3506,114,115,113,1
26335,3506,117,117,116,1
26336,3506,122,122,121,1
26337,3506,125,125,124,1
26338,3506,132,133,131,1
26339,3506,137,138,136,1
26340,3506,140,140,139,1
26341,3506,161,161,160,1
26342,3506,166,166,165,1
26343,3506,171,172,170,1
26344,3506,23,23,206,2
26345,3506,26,26,209,2
26346,3506,33,34,216,2
26347,3506,36,36,219,2
26348,3506,39,39,222,2
26349,3506,46,46,229,2
26350,3506,50,50,233,2
26351,3506,93,95,276,2
26352,3506,99,99,282,2
26353,3506,103,103,286,2
26354,3506,113,113,296,2
26355,3506,135,135,318,2
26356,3506,48,48,425,3
26357,3506,55,55,487,4
26358,3506,92,92,524,4
26359,3506,198,198,630,4
26360,3506,30,33,678,5
26361,3506,38,38,686,5
26362,3506,98,98,746,5
26363,3506,135,135,783,5
26364,3506,173,173,821,5
26365,3506,217,217,865,5
26366,3506,231,231,879,5
26367,3506,29,30,919,6
26368,3506,75,75,965,6
26369,3506,196,196,1086,6
26370,3506,225,228,1115,6
26371,3506,73,73,1201,7
26372,3506,89,90,1217,7
26373,3506,114,114,1475,8
26374,3506,140,141,1501,8
26375,3506,29,29,1630,9
26376,3506,104,106,1705,9
26377,3506,121,121,1722,9
26378,3506,145,145,1746,9
26379,3506,148,148,1749,9
26380,3506,219,220,1820,9
26381,3506,231,233,1832,9
26382,3506,192,192,2047,10
26383,3506,120,120,2979,14
26384,3506,86,86,3188,15
26385,3506,109,109,3439,16
26386,3506,17,17,3844,18
26387,3506,99,99,4960,20
26388,3506,135,135,4506,21
26389,3506,170,170,4541,21
26390,3507,78,78,4449,21
26391,3508,153,153,4524,21
26392,3508,155,155,4526,21
26393,3508,157,157,4528,21
26394,3508,159,159,4530,21
26395,3508,161,161,4532,21
26396,3509,166,166,4537,21
26397,3510,16,16,15,1
26398,3510,51,51,50,1
26399,3510,96,96,95,1
26400,3510,147,147,146,1
26401,3510,54,54,486,4
26402,3510,65,65,1920,10
26403,3511,53,53,52,1
26404,3511,158,158,157,1
26405,3512,161,161,4798,22
26406,3513,133,133,1988,10
26407,3514,12,13,11,1
26408,3514,32,32,31,1
26409,3514,34,35,33,1
26410,3514,47,47,46,1
26411,3514,53,53,52,1
26412,3515,216,217,4043,18
26413,3515,48,48,4909,20
26414,3516,262,262,4633,21
26415,3517,31,31,408,3
26416,3517,34,34,411,3
26417,3517,37,37,414,3
26418,3517,15,15,447,4
26419,3517,166,166,814,5
26420,3518,190,190,5051,20
26421,3519,118,118,1246,7
26422,3519,123,127,1251,7
26423,3520,124,124,3226,15
26424,3520,137,137,3239,15
26425,3520,180,180,3282,15
26426,3521,69,69,4930,20
26427,3522,80,80,4451,21
26428,3523,220,220,3800,17
26429,3523,222,222,3802,17
26430,3524,230,230,4319,19
26431,3525,138,138,4227,19
26432,3525,231,231,4320,19
26433,3526,91,91,4952,20
26434,3527,128,128,4989,20
26435,3528,156,157,3258,15
26436,3528,163,166,3265,15
26437,3528,171,171,3273,15
26438,3529,109,109,4970,20
26439,3529,130,130,4991,20
26440,3530,150,150,4787,22
26441,3531,103,103,2471,12
26442,3532,62,63,2430,12
26443,3532,77,77,2445,12
26444,3533,78,78,4939,20
26445,3533,81,84,4942,20
26446,3533,86,86,4947,20
26447,3533,88,88,4949,20
26448,3533,90,90,4951,20
26449,3533,100,100,4961,20
26450,3533,102,102,4963,20
26451,3533,104,105,4965,20
26452,3533,110,110,4971,20
26453,3533,112,112,4973,20
26454,3533,115,115,4976,20
26455,3533,118,118,4979,20
26456,3533,120,122,4981,20
26457,3533,132,132,4993,20
26458,3533,153,153,5014,20
26459,3533,159,159,5020,20
26460,3533,179,179,5040,20
26461,3533,181,181,5042,20
26462,3533,184,184,5045,20
26463,3533,59,59,4430,21
26464,3533,145,145,4782,22
26465,3533,147,147,4784,22
26466,3534,70,70,2182,11
26467,3535,107,107,4968,20
26468,3536,68,70,2180,11
26469,3537,217,217,2585,12
26470,3538,148,162,1038,6
26471,3538,165,180,1055,6
26472,3538,182,182,1072,6
26473,3538,186,187,1076,6
26474,3538,189,189,1079,6
26475,3538,196,196,1086,6
26476,3538,209,209,1099,6
26477,3538,13,13,1868,10
26478,3538,16,16,2128,11
26479,3538,225,225,2837,13
26480,3538,235,235,4062,18
26481,3538,240,241,4611,21
26482,3538,65,66,4702,22
26483,3539,104,104,1232,7
26484,3540,143,143,142,1
26485,3540,155,156,154,1
26486,3540,164,164,163,1
26487,3540,172,172,171,1
26488,3540,177,178,176,1
26489,3540,29,30,212,2
26490,3540,35,35,218,2
26491,3540,37,37,220,2
26492,3540,39,39,222,2
26493,3540,41,41,224,2
26494,3540,45,45,228,2
26495,3540,51,51,234,2
26496,3540,62,62,245,2
26497,3540,70,70,253,2
26498,3540,72,72,255,2
26499,3540,87,87,270,2
26500,3540,90,90,273,2
26501,3540,101,101,284,2
26502,3540,109,109,292,2
26503,3540,128,128,311,2
26504,3540,158,158,341,2
26505,3540,166,167,349,2
26506,3540,1,1,378,3
26507,3540,8,8,385,3
26508,3540,14,14,391,3
26509,3540,7,7,439,4
26510,3540,12,12,444,4
26511,3540,23,23,455,4
26512,3540,31,32,463,4
26513,3540,103,103,535,4
26514,3540,110,110,542,4
26515,3540,125,125,557,4
26516,3540,129,129,561,4
26517,3540,137,137,569,4
26518,3540,162,163,594,4
26519,3540,171,171,603,4
26520,3540,181,181,613,4
26521,3540,185,185,833,5
26522,3540,200,200,848,5
26523,3540,225,225,873,5
26524,3540,40,40,930,6
26525,3540,225,225,1115,6
26526,3540,169,169,1530,8
26527,3540,44,44,1899,10
26528,3540,12,12,2624,13
26529,3541,27,27,2886,14
26530,3541,29,29,2888,14
26531,3541,156,156,3015,14
26532,3541,188,188,3290,15
26533,3541,18,19,3346,16
26534,3541,59,59,3389,16
26535,3541,65,65,3395,16
26536,3541,91,91,3421,16
26537,3541,127,127,3457,16
26538,3541,219,219,3549,16
26539,3541,35,35,3615,17
26540,3541,208,208,3788,17
26541,3541,231,231,3811,17
26542,3541,25,25,3852,18
26543,3541,41,41,3868,18
26544,3541,170,172,5031,20
26545,3541,19,19,4390,21
26546,3541,26,26,4397,21
26547,3541,74,74,4445,21
26548,3541,169,170,4806,22
26549,3542,167,167,166,1
26550,3542,8,8,191,2
26551,3543,121,121,1011,6
26552,3543,123,123,1013,6
26553,3544,31,31,3361,16
26554,3545,93,93,4182,19
26555,3545,97,97,4186,19
26556,3545,71,71,4442,21
26557,3546,254,254,2366,11
26558,3547,184,184,5045,20
26559,3548,257,257,4628,21
26560,3549,122,122,4493,21
26561,3550,151,151,150,1
26562,3550,164,164,163,1
26563,3550,178,178,177,1
26564,3550,29,30,212,2
26565,3550,37,37,220,2
26566,3550,39,39,222,2
26567,3550,45,45,228,2
26568,3550,51,51,234,2
26569,3550,62,62,245,2
26570,3550,69,69,252,2
26571,3550,128,128,311,2
26572,3550,166,167,349,2
26573,3550,170,170,353,2
26574,3551,185,185,833,5
26575,3552,36,36,3616,17
26576,3553,23,23,3603,17
26577,3554,81,81,4170,19
26578,3554,86,86,4175,19
26579,3554,98,99,4187,19
26580,3554,106,106,4195,19
26581,3554,122,123,4211,19
26582,3554,125,125,4214,19
26583,3554,134,134,4223,19
26584,3554,139,139,4228,19
26585,3554,165,166,4254,19
26586,3554,171,171,4260,19
26587,3554,195,195,4284,19
26588,3554,210,210,4299,19
26589,3554,214,214,4303,19
26590,3554,219,219,4308,19
26591,3554,224,224,4313,19
26592,3554,36,36,4407,21
26593,3555,213,213,4584,21
26594,3556,51,52,3153,15
26595,3556,78,78,3180,15
26596,3557,222,222,3324,15
26597,3558,246,246,4335,19
26598,3558,18,18,4879,20
26599,3559,167,167,1528,8
26600,3559,76,76,1677,9
26601,3559,213,213,3793,17
26602,3559,227,228,3807,17
26603,3559,230,230,3810,17
26604,3559,45,45,3872,18
26605,3559,81,81,3908,18
26606,3559,88,88,3915,18
26607,3559,12,12,4101,19
26608,3559,31,31,4402,21
26609,3559,111,112,4482,21
26610,3559,128,128,4499,21
26611,3559,130,133,4501,21
26612,3559,167,167,4538,21
26613,3559,191,191,4562,21
26614,3559,199,201,4570,21
26615,3559,204,204,4575,21
26616,3559,206,206,4577,21
26617,3559,208,208,4579,21
26618,3559,221,221,4592,21
26619,3559,223,223,4594,21
26620,3559,229,229,4600,21
26621,3559,232,233,4603,21
26622,3559,241,242,4612,21
26623,3559,17,17,4654,22
26624,3559,42,42,4679,22
26625,3559,46,52,4683,22
26626,3559,56,58,4693,22
26627,3559,66,68,4703,22
26628,3559,70,71,4707,22
26629,3559,73,76,4710,22
26630,3559,98,99,4735,22
26631,3559,110,110,4747,22
26632,3559,128,129,4765,22
26633,3560,186,187,3045,14
26634,3560,191,191,3050,14
26635,3560,202,202,3061,14
26636,3560,55,61,3157,15
26637,3560,66,66,3168,15
26638,3560,87,87,3189,15
26639,3560,98,99,3200,15
26640,3560,106,107,3208,15
26641,3560,115,115,3217,15
26642,3560,218,218,3320,15
26643,3560,239,239,3569,16
26644,3560,9,10,3589,17
26645,3560,65,65,3892,18
26646,3560,148,148,3975,18
26647,3561,194,195,3774,17
26648,3562,78,78,4449,21
26649,3563,47,49,479,4
26650,3564,143,143,142,1
26651,3565,138,138,321,2
26652,3566,28,28,27,1
26653,3567,55,55,54,1
26654,3568,183,183,5044,20
26655,3568,22,22,4393,21
26656,3569,50,50,427,3
26657,3569,28,28,460,4
26658,3570,42,42,41,1
26659,3571,80,80,4451,21
26660,3572,22,22,1150,7
26661,3573,162,162,161,1
26662,3573,34,34,217,2
26663,3573,47,48,230,2
26664,3573,50,50,233,2
26665,3573,54,55,237,2
26666,3573,75,75,258,2
26667,3573,81,81,264,2
26668,3573,86,86,269,2
26669,3573,96,98,279,2
26670,3573,100,102,283,2
26671,3573,107,107,290,2
26672,3573,115,115,298,2
26673,3573,129,129,312,2
26674,3573,132,132,315,2
26675,3573,134,134,317,2
26676,3573,140,140,323,2
26677,3573,157,157,340,2
26678,3573,191,191,374,2
26679,3573,7,9,384,3
26680,3573,12,13,389,3
26681,3573,16,16,393,3
26682,3573,21,21,398,3
26683,3573,17,17,449,4
26684,3573,25,25,457,4
26685,3573,37,37,469,4
26686,3573,77,78,509,4
26687,3573,80,80,512,4
26688,3573,113,113,545,4
26689,3573,120,120,552,4
26690,3573,124,124,556,4
26691,3573,129,133,561,4
26692,3573,138,138,570,4
26693,3573,140,140,572,4
26694,3573,150,150,582,4
26695,3573,14,14,662,5
26696,3573,20,20,668,5
26697,3573,23,23,671,5
26698,3573,26,26,674,5
26699,3573,29,31,677,5
26700,3573,33,33,681,5
26701,3573,44,44,692,5
26702,3573,70,70,718,5
26703,3573,86,86,734,5
26704,3573,98,98,746,5
26705,3573,101,101,749,5
26706,3573,107,107,755,5
26707,3573,200,200,848,5
26708,3573,228,228,876,5
26709,3574,101,101,1462,8
26710,3574,103,103,1958,10
26711,3575,242,242,3822,17
26712,3576,46,49,1901,10
26713,3576,64,64,1919,10
26714,3576,66,67,1921,10
26715,3576,69,72,1924,10
26716,3576,74,74,1929,10
26717,3576,77,77,1932,10
26718,3576,79,80,1934,10
26719,3576,84,88,1939,10
26720,3576,97,98,1952,10
26721,3576,102,103,1957,10
26722,3576,123,123,1978,10
26723,3576,141,142,1996,10
26724,3576,177,177,2032,10
26725,3576,188,188,2043,10
26726,3576,229,229,2084,10
26727,3576,87,87,2199,11
26728,3576,230,230,2342,11
26729,3576,207,207,2575,12
26730,3576,206,206,2818,13
26731,3577,64,64,1919,10
26732,3578,31,31,679,5
26733,3579,191,191,374,2
26734,3579,30,31,678,5
26735,3579,33,33,681,5
26736,3580,5,5,4,1
26737,3580,10,11,9,1
26738,3580,23,23,22,1
26739,3580,31,31,30,1
26740,3580,33,33,32,1
26741,3580,40,42,39,1
26742,3580,44,45,43,1
26743,3580,47,47,46,1
26744,3581,274,274,4363,19
26745,3582,152,156,3979,18
26746,3582,163,163,3990,18
26747,3582,167,167,3994,18
26748,3582,178,178,4005,18
26749,3582,180,180,4007,18
26750,3582,208,208,4035,18
26751,3582,223,225,4050,18
26752,3582,230,231,4057,18
26753,3582,243,243,4070,18
26754,3582,245,245,4072,18
26755,3582,249,249,4076,18
26756,3582,10,10,4099,19
26757,3582,24,24,4113,19
26758,3582,97,97,4186,19
26759,3582,47,47,4908,20
26760,3582,50,51,4911,20
26761,3582,168,168,5029,20
26762,3582,181,182,5042,20
26763,3583,113,113,1714,9
26764,3583,155,155,3982,18
26765,3584,55,55,1416,8
26766,3584,152,156,3979,18
26767,3584,163,163,3990,18
26768,3584,167,167,3994,18
26769,3584,178,178,4005,18
26770,3584,180,180,4007,18
26771,3584,208,208,4035,18
26772,3584,223,223,4050,18
26773,3584,230,231,4057,18
26774,3584,243,243,4070,18
26775,3584,245,245,4072,18
26776,3584,249,249,4076,18
26777,3584,10,10,4099,19
26778,3584,47,47,4908,20
26779,3584,50,50,4911,20
26780,3584,168,168,5029,20
26781,3584,181,182,5042,20
26782,3584,216,216,4587,21
26783,3585,243,243,3823,17
26784,3586,100,101,1228,7
26785,3587,78,78,4449,21
26786,3588,138,138,321,2
26787,3589,160,165,808,5
26788,3590,166,167,2021,10
26789,3591,167,167,2022,10
26790,3592,78,78,4449,21
26791,3592,117,117,4488,21
26792,3592,119,119,4490,21
26793,3592,129,129,4500,21
26794,3592,150,150,4521,21
26795,3592,6,6,4643,22
26796,3593,131,131,779,5
26797,3594,25,25,4396,21
26798,3595,167,167,2022,10
26799,3596,161,161,809,5
26800,3597,74,74,1675,9
26801,3597,92,92,2460,12
26802,3597,187,187,2799,13
26803,3597,231,232,2843,13
26804,3598,70,70,1198,7
26805,3599,140,140,1995,10
26806,3600,26,26,2885,14
26807,3600,30,30,2889,14
26808,3600,214,214,3544,16
26809,3600,25,26,3852,18
26810,3601,97,98,280,2
26811,3601,102,102,285,2
26812,3601,168,168,816,5
26813,3602,34,34,4405,21
26814,3603,24,25,1152,7
26815,3604,122,122,4211,19
26816,3604,128,128,4217,19
26817,3605,122,122,4211,19
26818,3606,206,207,4033,18
26819,3606,222,223,4049,18
26820,3607,78,78,4449,21
26821,3608,139,139,4228,19
26822,3608,147,147,4236,19
26823,3608,155,156,4244,19
26824,3608,204,204,4293,19
26825,3608,25,25,4396,21
26826,3609,104,104,1232,7
26827,3610,206,206,2318,11
26828,3610,47,48,3627,17
26829,3610,50,50,3630,17
26830,3610,53,53,3633,17
26831,3611,28,28,4399,21
26832,3612,24,25,1152,7
26833,3612,107,107,1468,8
26834,3613,119,119,4980,20
26835,3614,54,54,1909,10
26836,3614,60,61,1915,10
26837,3614,254,254,2109,10
26838,3614,80,80,2192,11
26839,3614,85,85,2197,11
26840,3614,205,205,2317,11
26841,3614,83,83,2942,14
26842,3614,123,123,2982,14
26843,3614,91,92,3193,15
26844,3614,44,44,3624,17
26845,3614,46,53,3626,17
26846,3614,57,57,3637,17
26847,3614,92,92,3672,17
26848,3614,116,116,3696,17
26849,3614,170,170,3750,17
26850,3614,185,192,3765,17
26851,3614,194,195,3774,17
26852,3614,205,205,3785,17
26853,3614,208,208,3788,17
26854,3614,94,94,3921,18
26855,3614,142,142,3969,18
26856,3614,206,206,4033,18
26857,3614,140,141,4229,19
26858,3614,49,49,4910,20
26859,3614,28,28,4399,21
26860,3614,34,34,4405,21
26861,3615,254,254,2109,10
26862,3615,206,206,2318,11
26863,3615,47,47,3627,17
26864,3615,50,50,3630,17
26865,3615,53,53,3633,17
26866,3616,54,54,237,2
26867,3617,78,78,4449,21
26868,3618,175,175,358,2
26869,3619,209,209,4580,21
26870,3620,37,38,2405,12
26871,3620,50,51,2418,12
26872,3620,56,56,2424,12
26873,3620,61,64,2429,12
26874,3620,77,77,2445,12
26875,3620,84,84,2452,12
26876,3620,98,99,2466,12
26877,3620,130,130,2498,12
26878,3620,134,134,2502,12
26879,3620,156,157,2524,12
26880,3620,11,11,2623,13
26881,3620,123,123,2735,13
26882,3620,125,125,2737,13
26883,3620,127,127,2739,13
26884,3620,129,129,2741,13
26885,3620,131,131,2743,13
26886,3620,225,225,2837,13
26887,3620,30,30,2889,14
26888,3620,41,41,2900,14
26889,3620,82,82,2941,14
26890,3620,140,140,2999,14
26891,3620,35,35,3365,16
26892,3620,206,206,3536,16
26893,3620,242,242,3572,16
26894,3621,38,38,2406,12
26895,3621,77,77,2445,12
26896,3621,84,84,2452,12
26897,3622,118,118,117,1
26898,3622,123,123,122,1
26899,3622,10,10,193,2
26900,3623,47,47,2906,14
26901,3623,51,51,2910,14
26902,3623,242,242,3101,14
26903,3624,242,242,3101,14
26904,3625,11,11,388,3
26905,3626,143,143,142,1
26906,3626,179,179,178,1
26907,3627,83,83,3413,16
26908,3627,38,38,4409,21
26909,3627,85,85,4456,21
26910,3628,121,121,1011,6
26911,3628,123,123,1013,6
26912,3628,199,199,1089,6
26913,3629,45,45,228,2
26914,3630,179,179,1307,7
26915,3630,198,198,1326,7
26916,3630,7,7,1608,9
26917,3630,38,38,1639,9
26918,3630,67,67,1922,10
26919,3630,74,74,1929,10
26920,3630,136,136,1991,10
26921,3630,177,177,2032,10
26922,3630,212,212,2067,10
26923,3630,245,245,2100,10
26924,3630,54,57,2166,11
26925,3630,90,90,2202,11
26926,3630,155,155,2523,12
26927,3630,160,161,2528,12
26928,3630,163,163,2531,12
26929,3630,167,169,2535,12
26930,3630,186,186,2554,12
26931,3630,189,190,2557,12
26932,3630,194,194,2562,12
26933,3630,210,210,2578,12
26934,3630,49,49,2661,13
26935,3630,81,81,2693,13
26936,3630,96,96,3923,18
26937,3630,100,100,3927,18
26938,3630,248,248,4075,18
26939,3631,56,56,2168,11
26940,3631,90,90,2202,11
26941,3632,10,10,1611,9
26942,3633,78,78,4449,21
26943,3634,98,98,1953,10
26944,3635,30,30,1391,8
26945,3636,87,87,4948,20
26946,3637,104,104,1232,7
26947,3638,87,87,4948,20
26948,3639,87,87,86,1
26949,3639,169,169,168,1
26950,3640,44,44,1899,10
26951,3641,41,41,689,5
26952,3642,46,46,1174,7
26953,3643,78,78,4449,21
26954,3644,117,122,116,1
26955,3644,125,126,124,1
26956,3644,136,136,135,1
26957,3644,138,138,137,1
26958,3644,141,142,140,1
26959,3644,146,147,145,1
26960,3644,149,149,148,1
26961,3644,152,152,151,1
26962,3644,154,154,153,1
26963,3644,156,157,155,1
26964,3644,168,168,167,1
26965,3644,172,172,171,1
26966,3644,5,5,188,2
26967,3644,8,8,191,2
26968,3644,10,12,193,2
26969,3644,43,43,226,2
26970,3644,69,69,252,2
26971,3644,87,87,270,2
26972,3644,98,98,281,2
26973,3644,169,169,352,2
26974,3644,181,181,364,2
26975,3644,167,169,599,4
26976,3644,19,19,667,5
26977,3644,21,21,669,5
26978,3644,38,38,686,5
26979,3644,46,47,694,5
26980,3644,54,55,702,5
26981,3644,60,60,708,5
26982,3644,64,64,712,5
26983,3644,66,66,714,5
26984,3644,68,68,716,5
26985,3644,76,76,724,5
26986,3644,82,82,730,5
26987,3644,84,84,732,5
26988,3644,87,87,735,5
26989,3644,94,96,742,5
26990,3644,99,99,747,5
26991,3644,106,106,754,5
26992,3644,150,150,798,5
26993,3644,162,162,810,5
26994,3644,170,170,818,5
26995,3644,185,185,833,5
26996,3644,228,228,876,5
26997,3644,27,27,917,6
26998,3644,217,217,1107,6
26999,3644,231,231,1121,6
27000,3644,19,19,1147,7
27001,3644,103,103,1464,8
27002,3644,184,184,1545,8
27003,3644,225,225,1586,8
27004,3645,117,117,116,1
27005,3645,141,141,140,1
27006,3645,185,185,833,5
27007,3646,181,181,364,2
27008,3646,168,169,600,4
27009,3646,94,94,742,5
27010,3647,197,199,3056,14
27011,3648,198,198,3057,14
27012,3649,205,205,637,4
27013,3650,98,98,4959,20
27014,3650,103,103,4964,20
27015,3650,105,105,4966,20
27016,3651,221,221,3551,16
27017,3652,254,254,2109,10
27018,3652,197,197,4024,18
27019,3652,207,207,4034,18
27020,3652,213,213,4040,18
27021,3653,108,110,1469,8
27022,3653,112,112,1473,8
27023,3653,120,120,1481,8
27024,3653,179,179,1540,8
27025,3653,196,196,1557,8
27026,3653,215,216,1576,8
27027,3653,22,22,1623,9
27028,3653,95,95,1950,10
27029,3654,244,244,3824,17
27030,3654,83,83,4172,19
27031,3655,254,254,2109,10
27032,3656,217,217,1578,8
27033,3657,179,179,4006,18
27034,3657,222,222,4049,18
27035,3657,21,21,4110,19
27036,3658,136,137,1737,9
27037,3658,20,20,1875,10
27038,3659,254,254,2109,10
27039,3660,179,179,4816,22
27040,3661,5,5,4376,21
27041,3662,254,254,2109,10
27042,3663,43,43,1898,10
27043,3664,244,245,1845,9
27044,3665,205,205,2317,11
27045,3666,254,254,2109,10
27046,3666,205,205,2317,11
27047,3666,229,229,3088,14
27048,3666,169,169,3271,15
27049,3666,232,232,3812,17
27050,3666,145,145,3972,18
27051,3666,58,58,4919,20
27052,3666,5,5,4376,21
27053,3666,179,179,4816,22
27054,3667,187,187,5048,20
27055,3668,80,80,4717,22
27056,3669,163,163,346,2
27057,3669,95,95,2707,13
27058,3669,98,99,2710,13
27059,3669,72,72,2931,14
27060,3669,143,143,3723,17
27061,3670,138,138,4509,21
27062,3671,215,215,4586,21
27063,3672,157,157,4528,21
27064,3672,159,159,4530,21
27065,3673,102,102,534,4
27066,3673,112,112,544,4
27067,3673,142,142,574,4
27068,3673,144,144,576,4
27069,3673,147,147,579,4
27070,3673,178,178,610,4
27071,3673,222,222,870,5
27072,3674,50,50,4139,19
27073,3675,104,104,3206,15
27074,3675,128,128,3230,15
27075,3676,108,108,2476,12
27076,3676,110,110,2478,12
27077,3676,114,114,2482,12
27078,3676,146,146,2514,12
27079,3677,107,107,2475,12
27080,3678,144,144,1745,9
27081,3678,172,172,2784,13
27082,3678,7,7,3834,18
27083,3678,9,9,3836,18
27084,3678,11,11,3838,18
27085,3679,169,169,817,5
27086,3679,102,102,1703,9
27087,3680,68,68,2680,13
27088,3680,94,94,3196,15
27089,3680,207,207,3309,15
27090,3680,75,75,3405,16
27091,3680,261,261,4088,18
27092,3681,116,116,3446,16
27093,3681,126,126,3456,16
27094,3682,157,157,1758,9
27095,3683,67,69,3894,18
27096,3683,81,81,3908,18
27097,3683,162,162,3989,18
27098,3684,239,239,3569,16
27099,3685,59,61,949,6
27100,3685,65,67,955,6
27101,3685,69,70,959,6
27102,3685,79,80,969,6
27103,3685,84,84,974,6
27104,3685,86,99,976,6
27105,3685,253,253,4342,19
27106,3686,74,74,964,6
27107,3687,249,249,4620,21
27108,3688,133,133,132,1
27109,3689,131,131,4768,22
27110,3689,133,133,4770,22
27111,3689,135,135,4772,22
27112,3689,138,138,4775,22
27113,3689,140,140,4777,22
27114,3689,151,155,4788,22
27115,3690,68,69,1196,7
27116,3691,15,15,392,3
27117,3692,244,244,2356,11
27118,3693,54,54,237,2
27119,3693,59,59,242,2
27120,3694,59,59,242,2
27121,3695,54,54,53,1
27122,3695,57,57,56,1
27123,3696,66,70,65,1
27124,3696,29,29,212,2
27125,3697,104,104,536,4
27126,3697,27,27,675,5
27127,3697,224,224,2336,11
27128,3698,200,202,1561,8
27129,3699,262,262,4633,21
27130,3700,207,207,4578,21
27131,3701,18,18,17,1
27132,3701,43,43,42,1
27133,3701,60,61,59,1
27134,3701,102,102,101,1
27135,3702,50,50,4421,21
27136,3702,52,53,4423,21
27137,3703,110,112,1238,7
27138,3704,225,225,2337,11
27139,3705,41,41,689,5
27140,3706,220,220,3800,17
27141,3707,220,220,3800,17
27142,3708,78,78,4449,21
27143,3709,78,78,4449,21
27144,3710,69,69,68,1
27145,3711,55,55,4144,19
27146,3712,27,27,26,1
27147,3712,33,35,32,1
27148,3712,39,41,38,1
27149,3712,46,46,45,1
27150,3712,128,128,1729,9
27151,3713,222,222,3802,17
27152,3714,18,18,1873,10
27153,3714,83,83,1938,10
27154,3714,103,103,1958,10
27155,3714,110,110,1965,10
27156,3714,162,163,2274,11
27157,3714,13,13,2381,12
27158,3714,18,18,2386,12
27159,3714,140,140,2508,12
27160,3714,102,102,2961,14
27161,3714,91,91,3193,15
27162,3714,8,8,3336,16
27163,3714,99,99,3429,16
27164,3714,157,157,3487,16
27165,3714,144,144,4233,19
27166,3714,148,148,4237,19
27167,3715,9,9,3836,18
27168,3716,33,33,1161,7
27169,3716,51,51,1179,7
27170,3716,172,172,1773,9
27171,3717,172,172,1773,9
27172,3718,172,172,1773,9
27173,3719,206,206,4033,18
27174,3720,163,163,4534,21
27175,3721,191,191,839,5
27176,3721,201,202,849,5
27177,3722,25,25,2393,12
27178,3723,62,62,4151,19
27179,3724,35,35,4896,20
27180,3725,181,181,364,2
27181,3725,183,183,366,2
27182,3726,112,112,4973,20
27183,3726,160,160,5021,20
27184,3727,139,139,4510,21
27185,3727,142,142,4513,21
27186,3727,158,158,4529,21
27187,3727,202,203,4573,21
27188,3727,205,205,4576,21
27189,3727,11,11,4648,22
27190,3727,46,46,4683,22
27191,3727,93,93,4730,22
27192,3728,19,19,1874,10
27193,3728,23,24,1878,10
27194,3728,32,32,1887,10
27195,3729,23,23,1878,10
27196,3730,155,155,4526,21
27197,3731,91,91,4952,20
27198,3731,97,97,4958,20
27199,3732,84,84,2452,12
27200,3732,187,187,2555,12
27201,3732,192,192,2560,12
27202,3732,231,231,2599,12
27203,3733,21,21,1382,8
27204,3733,33,33,1888,10
27205,3733,109,109,1964,10
27206,3733,129,130,1984,10
27207,3733,172,172,2027,10
27208,3733,174,175,2029,10
27209,3733,208,208,2063,10
27210,3733,182,182,3512,16
27211,3733,19,19,3846,18
27212,3734,74,74,4445,21
27213,3735,37,37,927,6
27214,3735,198,198,1326,7
27215,3735,163,163,3022,14
27216,3735,166,166,3025,14
27217,3735,97,99,3924,18
27218,3735,27,28,4398,21
27219,3735,73,74,4444,21
27220,3736,47,47,2906,14
27221,3736,49,49,2908,14
27222,3736,51,51,2910,14
27223,3737,78,78,4715,22
27224,3738,9,9,4646,22
27225,3739,76,76,4447,21
27226,3739,87,88,4458,21
27227,3739,92,92,4463,21
27228,3739,100,100,4471,21
27229,3739,102,102,4473,21
27230,3739,108,109,4479,21
27231,3739,111,111,4482,21
27232,3739,117,117,4488,21
27233,3739,123,123,4494,21
27234,3739,126,129,4497,21
27235,3739,133,135,4504,21
27236,3739,137,137,4508,21
27237,3739,139,139,4510,21
27238,3739,144,146,4515,21
27239,3739,149,149,4520,21
27240,3739,154,154,4525,21
27241,3739,156,156,4527,21
27242,3739,158,158,4529,21
27243,3739,160,160,4531,21
27244,3739,162,162,4533,21
27245,3739,167,167,4538,21
27246,3739,192,192,4563,21
27247,3739,198,201,4569,21
27248,3739,204,204,4575,21
27249,3739,206,206,4577,21
27250,3739,208,208,4579,21
27251,3739,221,221,4592,21
27252,3739,223,223,4594,21
27253,3739,229,229,4600,21
27254,3739,232,234,4603,21
27255,3739,242,242,4613,21
27256,3739,252,252,4623,21
27257,3739,5,5,4642,22
27258,3739,7,8,4644,22
27259,3739,10,11,4647,22
27260,3739,13,13,4650,22
27261,3739,16,16,4653,22
27262,3739,43,43,4680,22
27263,3739,45,46,4682,22
27264,3739,48,53,4685,22
27265,3739,56,59,4693,22
27266,3739,68,77,4705,22
27267,3739,79,79,4716,22
27268,3739,92,97,4729,22
27269,3739,99,102,4736,22
27270,3739,104,104,4741,22
27271,3739,108,109,4745,22
27272,3739,112,112,4749,22
27273,3739,119,120,4756,22
27274,3739,123,124,4760,22
27275,3739,128,130,4765,22
27276,3739,160,160,4797,22
27277,3739,174,178,4811,22
27278,3739,203,203,4840,22
27279,3740,175,175,4812,22
27280,3741,106,106,2474,12
27281,3742,37,37,469,4
27282,3743,12,12,1867,10
27283,3744,5,5,3585,17
27284,3745,51,51,1412,8
27285,3746,51,52,1412,8
27286,3747,125,125,4986,20
27287,3747,142,142,5003,20
27288,3747,158,158,5019,20
27289,3748,95,97,4956,20
27290,3748,105,105,4966,20
27291,3749,153,153,3255,15
27292,3749,194,194,3296,15
27293,3749,73,73,4162,19
27294,3750,112,112,2224,11
27295,3751,17,17,4106,19
27296,3752,14,14,904,6
27297,3752,19,19,909,6
27298,3752,21,21,911,6
27299,3753,14,14,904,6
27300,3754,83,83,82,1
27301,3754,7,7,190,2
27302,3754,94,94,277,2
27303,3754,170,170,353,2
27304,3755,177,177,4548,21
27305,3755,213,213,4584,21
27306,3756,179,179,4268,19
27307,3757,253,253,1854,9
27308,3758,139,139,138,1
27309,3758,42,42,225,2
27310,3758,6,6,383,3
27311,3759,22,22,1150,7
27312,3759,45,45,2904,14
27313,3760,125,125,308,2
27314,3760,208,208,1098,6
27315,3761,16,16,199,2
27316,3761,45,45,693,5
27317,3761,82,82,730,5
27318,3761,113,113,2225,11
27319,3761,44,44,2903,14
27320,3761,47,47,2906,14
27321,3761,49,49,2908,14
27322,3761,51,51,2910,14
27323,3761,196,196,3055,14
27324,3761,242,242,3101,14
27325,3761,96,97,3198,15
27326,3761,155,155,3257,15
27327,3761,244,244,3824,17
27328,3761,97,97,3924,18
27329,3761,276,276,4365,19
27330,3761,281,281,4370,19
27331,3762,5,5,382,3
27332,3762,7,8,384,3
27333,3762,10,10,442,4
27334,3762,32,33,464,4
27335,3762,47,47,479,4
27336,3762,58,58,490,4
27337,3762,61,61,493,4
27338,3762,91,91,739,5
27339,3762,37,37,927,6
27340,3762,169,169,1297,7
27341,3762,198,198,1326,7
27342,3762,40,41,1401,8
27343,3762,57,57,1418,8
27344,3762,109,109,1470,8
27345,3762,113,113,1474,8
27346,3762,225,225,1586,8
27347,3762,152,152,1753,9
27348,3762,185,185,2040,10
27349,3762,249,249,2104,10
27350,3762,25,25,2393,12
27351,3762,236,236,2848,13
27352,3762,98,98,2957,14
27353,3762,163,163,3022,14
27354,3762,166,166,3025,14
27355,3762,184,184,3043,14
27356,3762,6,6,3108,15
27357,3762,182,182,3512,16
27358,3762,230,230,3560,16
27359,3762,12,12,3839,18
27360,3762,97,99,3924,18
27361,3762,163,163,3990,18
27362,3762,171,171,3998,18
27363,3762,170,170,5031,20
27364,3762,27,28,4398,21
27365,3762,62,62,4433,21
27366,3762,71,74,4442,21
27367,3763,98,98,3925,18
27368,3763,28,28,4399,21
27369,3763,73,73,4444,21
27370,3764,52,52,1907,10
27371,3765,270,270,4359,19
27372,3765,272,272,4361,19
27373,3765,279,280,4368,19
27374,3766,34,35,924,6
27375,3767,36,36,926,6
27376,3768,80,80,4451,21
27377,3768,168,168,4539,21
27378,3768,171,171,4542,21
27379,3768,174,174,4545,21
27380,3768,180,180,4551,21
27381,3768,186,186,4557,21
27382,3768,188,190,4559,21
27383,3768,18,19,4655,22
27384,3768,36,38,4673,22
27385,3768,41,41,4678,22
27386,3769,120,120,1481,8
27387,3770,209,209,2577,12
27388,3770,12,12,2624,13
27389,3770,54,54,2666,13
27390,3770,89,89,2701,13
27391,3770,104,104,2716,13
27392,3770,169,169,2781,13
27393,3770,198,198,2810,13
27394,3770,209,209,2821,13
27395,3770,37,37,2896,14
27396,3770,110,110,2969,14
27397,3770,122,122,2981,14
27398,3770,88,89,3418,16
27399,3770,101,101,3431,16
27400,3770,124,124,3454,16
27401,3770,127,127,3457,16
27402,3770,64,65,3644,17
27403,3771,35,35,2894,14
27404,3771,157,157,5018,20
27405,3771,159,159,5020,20
27406,3771,179,179,5040,20
27407,3772,151,151,4788,22
27408,3773,9,9,1610,9
27409,3773,42,42,1643,9
27410,3773,67,67,1668,9
27411,3773,84,84,2196,11
27412,3773,141,141,2253,11
27413,3774,151,151,1752,9
27414,3774,177,177,1778,9
27415,3774,183,183,1784,9
27416,3774,46,46,1901,10
27417,3774,61,61,1916,10
27418,3774,96,96,1951,10
27419,3774,171,171,2026,10
27420,3774,239,239,2094,10
27421,3774,243,243,2098,10
27422,3774,8,8,2120,11
27423,3774,16,16,2128,11
27424,3774,22,23,2134,11
27425,3774,33,33,2145,11
27426,3774,92,92,2204,11
27427,3774,113,113,2225,11
27428,3774,147,147,2259,11
27429,3774,140,140,2508,12
27430,3774,162,162,2530,12
27431,3774,216,217,2584,12
27432,3774,199,199,2811,13
27433,3774,99,99,3429,16
27434,3774,118,118,3448,16
27435,3774,130,130,3460,16
27436,3774,224,224,3554,16
27437,3775,91,91,90,1
27438,3775,185,185,1075,6
27439,3775,111,111,2970,14
27440,3775,152,152,3011,14
27441,3775,170,170,3029,14
27442,3775,173,173,3032,14
27443,3775,178,178,3037,14
27444,3775,181,181,3040,14
27445,3775,184,184,3043,14
27446,3775,186,186,3045,14
27447,3775,188,188,3047,14
27448,3775,191,192,3050,14
27449,3775,194,194,3053,14
27450,3775,197,197,3056,14
27451,3775,200,200,3059,14
27452,3775,209,209,3068,14
27453,3775,9,10,3111,15
27454,3775,26,27,3128,15
27455,3775,40,41,3142,15
27456,3775,43,43,3145,15
27457,3775,51,51,3153,15
27458,3775,55,55,3157,15
27459,3775,58,58,3160,15
27460,3775,61,61,3163,15
27461,3775,64,64,3166,15
27462,3775,70,70,3172,15
27463,3775,72,72,3174,15
27464,3775,83,83,3185,15
27465,3775,88,88,3190,15
27466,3775,96,97,3198,15
27467,3775,103,105,3205,15
27468,3775,117,117,3219,15
27469,3775,120,120,3222,15
27470,3775,126,126,3228,15
27471,3775,134,134,3236,15
27472,3775,138,139,3240,15
27473,3775,153,153,3255,15
27474,3775,155,156,3257,15
27475,3775,179,180,3281,15
27476,3775,194,194,3296,15
27477,3775,198,198,3300,15
27478,3775,8,8,3336,16
27479,3775,11,11,3339,16
27480,3775,20,21,3348,16
27481,3775,100,100,3430,16
27482,3775,108,108,3438,16
27483,3775,120,120,3450,16
27484,3775,133,133,3463,16
27485,3775,140,140,3470,16
27486,3775,167,167,3497,16
27487,3775,143,143,3723,17
27488,3775,246,246,3826,17
27489,3775,56,56,3883,18
27490,3775,97,97,3924,18
27491,3775,211,211,4038,18
27492,3775,235,235,4062,18
27493,3775,50,50,4139,19
27494,3775,33,33,4894,20
27495,3775,59,59,4920,20
27496,3775,117,117,4978,20
27497,3775,124,124,4495,21
27498,3776,171,171,3751,17
27499,3777,217,218,865,5
27500,3777,222,222,870,5
27501,3777,225,226,873,5
27502,3777,143,143,1998,10
27503,3777,223,223,3553,16
27504,3778,88,88,978,6
27505,3778,92,92,982,6
27506,3779,269,269,4358,19
27507,3780,35,35,3615,17
27508,3780,37,38,3617,17
27509,3780,123,123,3950,18
27510,3780,125,125,3952,18
27511,3780,139,139,3966,18
27512,3780,163,163,3990,18
27513,3780,197,197,4024,18
27514,3780,225,225,4052,18
27515,3780,8,9,4379,21
27516,3780,29,29,4400,21
27517,3781,139,139,3966,18
27518,3782,139,139,3966,18
27519,3782,8,9,4379,21
27520,3782,29,29,4400,21
27521,3783,276,276,4365,19
27522,3783,82,82,4453,21
27523,3783,226,226,4597,21
27524,3784,15,15,3842,18
27525,3784,17,18,3844,18
27526,3785,51,51,50,1
27527,3785,101,101,100,1
27528,3785,104,104,103,1
27529,3785,110,111,109,1
27530,3785,114,114,113,1
27531,3785,124,124,123,1
27532,3785,132,133,131,1
27533,3785,137,137,136,1
27534,3785,140,140,139,1
27535,3785,172,172,171,1
27536,3785,23,23,206,2
27537,3785,26,26,209,2
27538,3785,33,34,216,2
27539,3785,36,36,219,2
27540,3785,46,46,229,2
27541,3785,93,95,276,2
27542,3785,99,99,282,2
27543,3785,103,103,286,2
27544,3785,113,113,296,2
27545,3785,135,135,318,2
27546,3785,48,48,425,3
27547,3785,55,55,487,4
27548,3785,92,92,524,4
27549,3785,31,32,679,5
27550,3785,38,38,686,5
27551,3785,98,98,746,5
27552,3785,173,173,821,5
27553,3786,141,141,3968,18
27554,3787,41,41,1642,9
27555,3787,205,205,2060,10
27556,3787,245,245,2100,10
27557,3787,108,108,2220,11
27558,3787,111,111,2223,11
27559,3787,174,174,2286,11
27560,3787,203,203,2315,11
27561,3787,167,167,2535,12
27562,3787,169,170,2537,12
27563,3787,242,242,2610,12
27564,3787,96,96,3923,18
27565,3787,140,141,3967,18
27566,3787,212,212,4039,18
27567,3787,227,227,4054,18
27568,3787,65,65,4926,20
27569,3787,78,83,4939,20
27570,3787,86,86,4947,20
27571,3787,88,90,4949,20
27572,3787,96,96,4957,20
27573,3787,98,98,4959,20
27574,3787,100,100,4961,20
27575,3787,114,115,4975,20
27576,3787,145,145,4782,22
27577,3789,169,169,2537,12
27578,3789,242,242,2610,12
27579,3789,141,141,3968,18
27580,3789,212,213,4039,18
27581,3789,227,227,4054,18
27582,3790,141,141,3968,18
27583,3791,246,246,4335,19
27584,3792,179,179,4006,18
27585,3792,273,273,4362,19
27586,3792,276,276,4365,19
27587,3793,63,63,1424,8
27588,3793,28,28,3855,18
27589,3793,253,253,4080,18
27590,3794,84,85,1445,8
27591,3794,171,171,1532,8
27592,3794,106,106,1707,9
27593,3794,199,199,1800,9
27594,3794,202,202,1803,9
27595,3794,237,237,1838,9
27596,3794,239,240,1840,9
27597,3794,11,12,1866,10
27598,3794,22,22,1877,10
27599,3794,126,126,1981,10
27600,3795,221,222,1349,7
27601,3795,225,225,1353,7
27602,3795,230,230,1358,7
27603,3795,7,8,1368,8
27604,3795,10,10,1371,8
27605,3795,27,27,1388,8
27606,3795,42,42,1403,8
27607,3795,69,69,1430,8
27608,3795,77,77,1438,8
27609,3795,84,85,1445,8
27610,3795,87,87,1448,8
27611,3795,89,89,1450,8
27612,3795,95,95,1456,8
27613,3795,119,119,1480,8
27614,3795,124,124,1485,8
27615,3795,171,171,1532,8
27616,3795,41,41,1642,9
27617,3795,53,53,1654,9
27618,3795,81,81,1682,9
27619,3795,106,106,1707,9
27620,3795,166,166,1767,9
27621,3795,190,190,1791,9
27622,3795,195,195,1796,9
27623,3795,199,199,1800,9
27624,3795,202,202,1803,9
27625,3795,237,237,1838,9
27626,3795,240,240,1841,9
27627,3795,12,12,1867,10
27628,3795,126,126,1981,10
27629,3795,133,133,1988,10
27630,3795,184,184,2039,10
27631,3795,208,208,2063,10
27632,3795,221,221,2076,10
27633,3795,247,247,2102,10
27634,3795,54,54,2166,11
27635,3795,39,39,2407,12
27636,3795,123,123,2491,12
27637,3795,191,191,2559,12
27638,3795,82,82,2941,14
27639,3795,109,109,2968,14
27640,3795,229,230,3809,17
27641,3795,14,14,3841,18
27642,3795,90,90,3917,18
27643,3795,23,23,4394,21
27644,3795,31,31,4402,21
27645,3796,247,247,2102,10
27646,3797,245,245,3825,17
27647,3798,40,40,688,5
27648,3798,45,46,693,5
27649,3798,68,68,716,5
27650,3798,75,75,723,5
27651,3798,79,79,727,5
27652,3798,90,90,738,5
27653,3798,95,95,743,5
27654,3798,112,113,760,5
27655,3798,190,190,838,5
27656,3798,201,201,849,5
27657,3798,203,205,851,5
27658,3798,217,217,865,5
27659,3798,47,47,937,6
27660,3798,207,208,1097,6
27661,3798,219,219,1109,6
27662,3798,19,19,1147,7
27663,3798,5,5,1366,8
27664,3798,13,13,1374,8
27665,3798,36,36,1397,8
27666,3798,43,43,1644,9
27667,3798,76,76,1677,9
27668,3798,78,80,1679,9
27669,3798,82,82,1683,9
27670,3798,87,88,1688,9
27671,3798,110,110,1965,10
27672,3798,169,169,2024,10
27673,3798,9,9,2121,11
27674,3798,165,166,2277,11
27675,3798,220,220,2332,11
27676,3798,236,236,2604,12
27677,3798,235,236,2847,13
27678,3798,148,148,3007,14
27679,3798,152,153,3011,14
27680,3798,136,136,3238,15
27681,3798,53,53,3383,16
27682,3798,58,58,3388,16
27683,3798,66,66,3396,16
27684,3798,75,75,3405,16
27685,3798,77,77,3407,16
27686,3798,90,90,3420,16
27687,3798,128,128,3458,16
27688,3798,160,160,3490,16
27689,3798,164,164,3494,16
27690,3798,170,170,3500,16
27691,3798,173,174,3503,16
27692,3798,74,74,3654,17
27693,3798,41,41,3868,18
27694,3798,84,84,3911,18
27695,3798,87,87,3914,18
27696,3798,161,161,3988,18
27697,3799,119,119,2231,11
27698,3799,166,166,2278,11
27699,3800,15,15,4386,21
27700,3801,92,92,91,1
27701,3801,180,181,179,1
27702,3801,103,103,286,2
27703,3801,121,121,304,2
27704,3801,125,125,308,2
27705,3801,15,15,1616,9
27706,3801,5,5,2117,11
27707,3801,148,149,5009,20
27708,3803,35,35,2894,14
27709,3803,187,187,3289,15
27710,3803,162,162,3492,16
27711,3803,246,246,3576,16
27712,3803,48,48,3875,18
27713,3803,198,198,4025,18
27714,3803,204,205,4031,18
27715,3804,178,178,3758,17
27716,3805,79,79,969,6
27717,3806,100,101,990,6
27718,3807,191,191,1081,6
27719,3808,118,118,550,4
27720,3809,27,27,404,3
27721,3809,47,47,424,3
27722,3810,176,176,3278,15
27723,3811,31,31,4120,19
27724,3812,48,48,4137,19
27725,3813,78,78,4449,21
27726,3813,94,94,4465,21
27727,3813,96,96,4467,21
27728,3813,98,98,4469,21
27729,3813,100,100,4471,21
27730,3813,102,104,4473,21
27731,3813,109,109,4480,21
27732,3813,125,125,4496,21
27733,3813,127,129,4498,21
27734,3813,135,135,4506,21
27735,3813,137,137,4508,21
27736,3813,150,150,4521,21
27737,3813,167,170,4538,21
27738,3813,173,173,4544,21
27739,3813,180,183,4551,21
27740,3813,186,186,4557,21
27741,3813,6,7,4643,22
27742,3813,16,19,4653,22
27743,3813,21,21,4658,22
27744,3813,23,24,4660,22
27745,3813,26,26,4663,22
27746,3813,28,29,4665,22
27747,3813,31,31,4668,22
27748,3813,35,35,4672,22
27749,3814,144,144,2512,12
27750,3814,152,152,5013,20
27751,3815,78,78,4449,21
27752,3816,36,36,3616,17
27753,3817,75,75,1676,9
27754,3818,226,226,1587,8
27755,3819,7,7,6,1
27756,3819,58,58,57,1
27757,3819,98,98,97,1
27758,3820,50,50,4139,19
27759,3821,104,104,1232,7
27760,3822,7,7,3335,16
27761,3822,14,14,3342,16
27762,3823,121,121,4982,20
27763,3823,123,123,4984,20
27764,3823,125,125,4986,20
27765,3823,141,141,5002,20
27766,3823,157,157,5018,20
27767,3823,163,163,5024,20
27768,3824,10,10,3837,18
27769,3825,117,117,4978,20
27770,3826,7,7,3335,16
27771,3827,171,172,5032,20
27772,3828,97,97,2465,12
27773,3829,48,48,1409,8
27774,3829,83,84,2195,11
27775,3829,86,86,2198,11
27776,3829,104,105,2216,11
27777,3829,108,108,2220,11
27778,3829,110,110,2222,11
27779,3829,117,117,2229,11
27780,3829,144,144,2256,11
27781,3829,170,171,2282,11
27782,3829,188,188,2300,11
27783,3829,190,190,2302,11
27784,3829,13,13,2381,12
27785,3829,17,17,2385,12
27786,3829,35,35,2403,12
27787,3829,46,46,2414,12
27788,3829,49,51,2417,12
27789,3829,74,74,2442,12
27790,3829,79,79,2447,12
27791,3829,87,87,2455,12
27792,3829,92,92,2460,12
27793,3829,94,94,2462,12
27794,3829,96,96,2464,12
27795,3829,111,111,2479,12
27796,3829,116,116,2484,12
27797,3829,130,132,2498,12
27798,3829,136,137,2504,12
27799,3829,139,139,2507,12
27800,3829,156,156,2524,12
27801,3829,158,158,2526,12
27802,3829,161,161,2529,12
27803,3829,19,19,2631,13
27804,3829,34,35,2646,13
27805,3829,47,47,2659,13
27806,3829,57,57,2669,13
27807,3829,72,73,2684,13
27808,3829,80,80,2692,13
27809,3829,82,82,2694,13
27810,3829,84,87,2696,13
27811,3829,90,91,2702,13
27812,3829,103,103,2715,13
27813,3829,107,108,2719,13
27814,3829,114,114,2726,13
27815,3829,119,121,2731,13
27816,3829,196,196,2808,13
27817,3829,198,200,2810,13
27818,3829,205,207,2817,13
27819,3829,215,217,2827,13
27820,3829,219,223,2831,13
27821,3829,226,226,2838,13
27822,3829,238,238,2850,13
27823,3829,242,242,2854,13
27824,3829,15,16,2874,14
27825,3829,26,26,2885,14
27826,3829,34,34,2893,14
27827,3829,91,92,2950,14
27828,3829,121,121,2980,14
27829,3829,141,141,3000,14
27830,3829,82,83,3184,15
27831,3829,91,91,3193,15
27832,3829,184,184,3286,15
27833,3829,223,223,3325,15
27834,3829,19,19,3347,16
27835,3829,38,41,3368,16
27836,3829,49,49,3379,16
27837,3829,60,60,3390,16
27838,3829,89,90,3419,16
27839,3829,118,118,3448,16
27840,3829,139,139,3469,16
27841,3829,145,145,3475,16
27842,3829,195,196,3525,16
27843,3829,246,246,3576,16
27844,3829,16,16,3596,17
27845,3829,21,22,3601,17
27846,3829,32,33,3612,17
27847,3829,40,40,3620,17
27848,3829,173,173,3753,17
27849,3829,216,216,3796,17
27850,3829,230,230,3810,17
27851,3829,8,8,3835,18
27852,3829,10,11,3837,18
27853,3829,14,15,3841,18
27854,3829,20,20,3847,18
27855,3829,29,29,3856,18
27856,3829,33,33,3860,18
27857,3829,35,35,3862,18
27858,3829,38,38,3865,18
27859,3829,40,41,3867,18
27860,3829,45,45,3872,18
27861,3829,47,47,3874,18
27862,3829,53,53,3880,18
27863,3829,59,59,3886,18
27864,3829,62,63,3889,18
27865,3829,65,65,3892,18
27866,3829,69,69,3896,18
27867,3829,73,73,3900,18
27868,3829,76,76,3903,18
27869,3829,79,81,3906,18
27870,3829,83,84,3910,18
27871,3829,86,96,3913,18
27872,3829,100,111,3927,18
27873,3829,113,113,3940,18
27874,3829,177,177,4004,18
27875,3829,47,47,4908,20
27876,3829,51,51,4912,20
27877,3829,167,168,5028,20
27878,3829,173,173,5034,20
27879,3829,183,183,5044,20
27880,3829,6,6,4377,21
27881,3829,12,14,4383,21
27882,3829,17,17,4388,21
27883,3829,19,21,4390,21
27884,3829,31,31,4402,21
27885,3829,52,53,4423,21
27886,3829,55,56,4426,21
27887,3829,65,65,4436,21
27888,3829,67,70,4438,21
27889,3829,74,75,4445,21
27890,3829,193,194,4564,21
27891,3829,212,212,4583,21
27892,3829,221,221,4592,21
27893,3829,155,155,4792,22
27894,3829,165,167,4802,22
27895,3829,181,182,4818,22
27896,3829,186,186,4823,22
27897,3830,15,15,3842,18
27898,3831,193,193,5054,20
27899,3832,95,95,4466,21
27900,3833,276,276,4365,19
27901,3834,88,88,3915,18
27902,3835,13,13,4384,21
27903,3836,16,16,4387,21
27904,3837,237,237,3567,16
27905,3838,80,80,512,4
27906,3839,163,163,4534,21
27907,3840,68,68,3895,18
27908,3841,127,127,1982,10
27909,3841,135,136,1990,10
27910,3841,69,69,2181,11
27911,3841,227,227,3557,16
27912,3841,174,174,4263,19
27913,3841,6,6,4867,20
27914,3842,69,69,2181,11
27915,3843,113,113,2725,13
27916,3843,6,6,2865,14
27917,3843,8,9,2867,14
27918,3844,181,181,180,1
27919,3844,9,9,2868,14
27920,3845,122,122,121,1
27921,3846,107,140,4196,19
27922,3846,143,143,4232,19
27923,3846,145,145,4234,19
27924,3846,147,147,4236,19
27925,3846,149,161,4238,19
27926,3846,163,185,4252,19
27927,3846,187,188,4276,19
27928,3846,192,192,4281,19
27929,3846,195,195,4284,19
27930,3846,119,119,4490,21
27931,3847,171,171,4542,21
27932,3848,47,47,2906,14
27933,3849,214,214,3544,16
27934,3850,99,99,4960,20
27935,3851,127,127,3457,16
27936,3852,29,29,4400,21
27937,3853,130,130,3710,17
27938,3853,154,154,3734,17
27939,3854,7,7,2619,13
27940,3855,94,94,3196,15
27941,3856,166,167,1767,9
27942,3857,130,130,3710,17
27943,3858,49,49,3151,15
27944,3859,161,161,4250,19
27945,3859,165,168,4254,19
27946,3859,222,222,4311,19
27947,3859,65,65,4926,20
27948,3859,141,141,5002,20
27949,3860,59,59,4920,20
27950,3861,97,97,4186,19
27951,3862,47,47,2906,14
27952,3863,130,130,4219,19
27953,3863,133,137,4222,19
27954,3863,139,140,4228,19
27955,3863,147,147,4236,19
27956,3863,149,149,4238,19
27957,3863,157,157,4246,19
27958,3863,163,163,4252,19
27959,3863,171,171,4260,19
27960,3863,185,185,4274,19
27961,3863,204,204,4293,19
27962,3863,213,214,4302,19
27963,3863,224,224,4313,19
27964,3863,247,247,4336,19
27965,3863,250,250,4339,19
27966,3864,17,17,4106,19
27967,3865,200,200,4571,21
27968,3865,204,204,4575,21
27969,3865,47,47,4684,22
27970,3865,49,49,4686,22
27971,3865,69,69,4706,22
27972,3865,71,71,4708,22
27973,3865,76,76,4713,22
27974,3865,175,175,4812,22
27975,3866,72,72,71,1
27976,3866,69,69,717,5
27977,3866,134,134,782,5
27978,3866,154,155,1044,6
27979,3866,182,187,1072,6
27980,3866,196,196,1086,6
27981,3866,155,156,1756,9
27982,3866,152,152,2520,12
27983,3866,175,175,2543,12
27984,3866,204,205,3063,14
27985,3866,109,109,3211,15
27986,3866,125,127,3227,15
27987,3866,132,132,3234,15
27988,3866,140,140,3242,15
27989,3866,196,196,3298,15
27990,3866,198,198,3300,15
27991,3866,203,203,3305,15
27992,3866,143,143,3723,17
27993,3866,40,40,4129,19
27994,3866,151,151,4240,19
27995,3866,97,97,4958,20
27996,3866,99,99,4960,20
27997,3866,101,101,4962,20
27998,3866,103,103,4964,20
27999,3866,122,122,4493,21
28000,3866,141,141,4512,21
28001,3866,143,144,4514,21
28002,3866,174,174,4545,21
28003,3866,203,203,4574,21
28004,3866,224,224,4595,21
28005,3867,89,91,88,1
28006,3867,13,13,390,3
28007,3867,69,69,717,5
28008,3867,134,134,782,5
28009,3867,160,160,808,5
28010,3867,164,164,812,5
28011,3867,179,179,827,5
28012,3867,130,130,1020,6
28013,3867,143,144,1033,6
28014,3867,161,161,1051,6
28015,3867,176,176,1066,6
28016,3867,181,187,1071,6
28017,3867,189,189,1079,6
28018,3867,196,196,1086,6
28019,3867,28,28,1389,8
28020,3867,102,102,1463,8
28021,3867,123,123,1484,8
28022,3867,148,148,1749,9
28023,3867,155,156,1756,9
28024,3867,220,220,1821,9
28025,3867,135,135,1990,10
28026,3867,187,187,2042,10
28027,3867,237,237,2349,11
28028,3867,242,242,2354,11
28029,3867,244,245,2356,11
28030,3867,26,26,2394,12
28031,3867,152,152,2520,12
28032,3867,175,175,2543,12
28033,3867,246,246,2858,13
28034,3867,171,171,3030,14
28035,3867,178,178,3037,14
28036,3867,180,180,3039,14
28037,3867,191,191,3050,14
28038,3867,199,199,3058,14
28039,3867,204,205,3063,14
28040,3867,9,9,3111,15
28041,3867,18,18,3120,15
28042,3867,30,30,3132,15
28043,3867,39,39,3141,15
28044,3867,75,75,3177,15
28045,3867,88,88,3190,15
28046,3867,96,97,3198,15
28047,3867,103,103,3205,15
28048,3867,114,114,3216,15
28049,3867,124,127,3226,15
28050,3867,132,132,3234,15
28051,3867,140,140,3242,15
28052,3867,144,144,3246,15
28053,3867,168,168,3270,15
28054,3867,172,172,3274,15
28055,3867,180,180,3282,15
28056,3867,194,194,3296,15
28057,3867,196,196,3298,15
28058,3867,198,198,3300,15
28059,3867,203,203,3305,15
28060,3867,76,76,3406,16
28061,3867,100,100,3430,16
28062,3867,108,108,3438,16
28063,3867,120,121,3450,16
28064,3867,135,135,3465,16
28065,3867,137,137,3467,16
28066,3867,157,157,3487,16
28067,3867,137,138,3717,17
28068,3867,143,143,3723,17
28069,3867,104,105,3931,18
28070,3867,240,240,4067,18
28071,3867,253,253,4080,18
28072,3867,17,17,4106,19
28073,3867,31,31,4120,19
28074,3867,36,38,4125,19
28075,3867,40,40,4129,19
28076,3867,52,52,4141,19
28077,3867,56,56,4145,19
28078,3867,77,77,4166,19
28079,3867,151,151,4240,19
28080,3867,180,180,4269,19
28081,3867,235,235,4324,19
28082,3867,72,72,4933,20
28083,3867,81,81,4942,20
28084,3867,99,99,4960,20
28085,3867,101,101,4962,20
28086,3867,103,103,4964,20
28087,3867,119,119,4980,20
28088,3867,147,147,5008,20
28089,3867,152,152,5013,20
28090,3867,154,155,5015,20
28091,3867,11,11,4382,21
28092,3867,87,87,4458,21
28093,3867,107,107,4478,21
28094,3867,119,119,4490,21
28095,3867,122,122,4493,21
28096,3867,141,141,4512,21
28097,3867,143,144,4514,21
28098,3867,174,174,4545,21
28099,3867,179,179,4550,21
28100,3867,187,187,4558,21
28101,3867,203,203,4574,21
28102,3867,205,205,4576,21
28103,3867,224,225,4595,21
28104,3867,252,252,4623,21
28105,3867,54,54,4691,22
28106,3867,119,119,4756,22
28107,3868,69,69,717,5
28108,3868,134,134,782,5
28109,3868,130,130,1020,6
28110,3868,143,144,1033,6
28111,3868,161,161,1051,6
28112,3868,176,176,1066,6
28113,3868,181,187,1071,6
28114,3868,189,189,1079,6
28115,3868,29,29,1390,8
28116,3868,155,156,1756,9
28117,3868,187,187,2042,10
28118,3868,204,206,3063,14
28119,3868,11,11,3113,15
28120,3868,29,29,3131,15
28121,3868,45,45,3147,15
28122,3868,47,47,3149,15
28123,3868,64,65,3166,15
28124,3868,75,75,3177,15
28125,3868,88,88,3190,15
28126,3868,114,114,3216,15
28127,3868,124,127,3226,15
28128,3868,132,132,3234,15
28129,3868,140,140,3242,15
28130,3868,196,196,3298,15
28131,3868,198,198,3300,15
28132,3868,203,203,3305,15
28133,3868,76,76,3406,16
28134,3868,157,157,3487,16
28135,3868,165,165,3745,17
28136,3868,36,37,4125,19
28137,3868,39,40,4128,19
28138,3868,53,53,4142,19
28139,3868,111,111,4200,19
28140,3868,113,113,4202,19
28141,3868,115,116,4204,19
28142,3868,119,120,4208,19
28143,3868,151,151,4240,19
28144,3868,156,156,4245,19
28145,3868,183,183,4272,19
28146,3868,226,227,4315,19
28147,3868,235,236,4324,19
28148,3868,240,240,4329,19
28149,3868,242,242,4331,19
28150,3868,245,245,4334,19
28151,3868,4,4,4865,20
28152,3868,72,72,4933,20
28153,3868,97,97,4958,20
28154,3868,99,99,4960,20
28155,3868,101,101,4962,20
28156,3868,103,103,4964,20
28157,3868,119,119,4980,20
28158,3868,183,183,5044,20
28159,3868,107,107,4478,21
28160,3868,115,115,4486,21
28161,3868,119,119,4490,21
28162,3868,122,122,4493,21
28163,3868,124,125,4495,21
28164,3868,141,141,4512,21
28165,3868,143,144,4514,21
28166,3868,158,158,4529,21
28167,3868,169,170,4540,21
28168,3868,172,172,4543,21
28169,3868,174,174,4545,21
28170,3868,179,179,4550,21
28171,3868,182,182,4553,21
28172,3868,187,187,4558,21
28173,3868,203,203,4574,21
28174,3868,205,205,4576,21
28175,3868,220,220,4591,21
28176,3868,224,225,4595,21
28177,3868,231,231,4602,21
28178,3868,252,252,4623,21
28179,3868,20,22,4657,22
28180,3868,29,29,4666,22
28181,3868,41,41,4678,22
28182,3868,54,54,4691,22
28183,3868,108,108,4745,22
28184,3869,119,119,4980,20
28185,3870,67,67,3894,18
28186,3870,99,99,3926,18
28187,3870,106,106,3933,18
28188,3870,118,118,3945,18
28189,3870,205,205,4032,18
28190,3870,276,276,4365,19
28191,3871,5,5,4,1
28192,3871,217,217,3797,17
28193,3872,89,89,3669,17
28194,3873,121,121,4982,20
28195,3874,242,242,4613,21
28196,3874,69,69,4706,22
28197,3875,58,58,1186,7
28198,3876,108,108,3688,17
28199,3876,121,123,3701,17
28200,3876,156,158,3736,17
28201,3877,108,108,3688,17
28202,3877,156,156,3736,17
28203,3877,158,158,3738,17
28204,3878,146,147,3973,18
28205,3879,242,242,3572,16
28206,3880,168,168,1058,6
28207,3881,95,95,985,6
28208,3882,110,110,4971,20
28209,3882,120,120,4981,20
28210,3882,141,141,5002,20
28211,3883,159,159,1049,6
28212,3884,48,49,47,1
28213,3884,120,120,119,1
28214,3884,52,53,2664,13
28215,3885,83,83,3663,17
28216,3886,197,198,4286,19
28217,3887,11,11,3591,17
28218,3888,134,134,1262,7
28219,3888,8,8,2120,11
28220,3888,88,88,2200,11
28221,3888,128,128,2240,11
28222,3889,44,44,2903,14
28223,3889,134,134,2993,14
28224,3890,15,15,2383,12
28225,3891,104,104,1232,7
28226,3892,37,37,1165,7
28227,3892,68,69,1196,7
28228,3892,77,77,1205,7
28229,3892,80,80,1208,7
28230,3892,105,105,1233,7
28231,3892,108,108,1236,7
28232,3893,77,77,1205,7
28233,3894,205,205,3535,16
28234,3895,243,243,3823,17
28235,3896,243,243,3823,17
28236,3897,149,149,1510,8
28237,3897,20,20,1621,9
28238,3897,19,19,1874,10
28239,3897,104,104,1959,10
28240,3897,74,75,2186,11
28241,3897,104,104,2216,11
28242,3897,110,110,2222,11
28243,3897,112,112,2224,11
28244,3897,114,114,2226,11
28245,3897,116,117,2228,11
28246,3897,119,119,2231,11
28247,3897,168,168,2280,11
28248,3897,196,196,2308,11
28249,3897,12,12,2380,12
28250,3897,15,15,2383,12
28251,3897,37,37,2405,12
28252,3897,85,85,2453,12
28253,3897,89,89,2457,12
28254,3897,98,98,2466,12
28255,3897,140,140,2508,12
28256,3897,162,162,2530,12
28257,3897,26,26,2638,13
28258,3897,43,43,2655,13
28259,3897,47,47,2659,13
28260,3897,94,94,2706,13
28261,3897,170,170,2782,13
28262,3897,182,182,2794,13
28263,3897,198,198,2810,13
28264,3897,6,6,2865,14
28265,3897,129,129,2988,14
28266,3897,187,187,3289,15
28267,3897,204,204,3306,15
28268,3897,35,35,3365,16
28269,3897,98,98,3428,16
28270,3897,100,100,3430,16
28271,3898,243,243,3823,17
28272,3899,120,120,119,1
28273,3899,136,136,135,1
28274,3900,244,244,3824,17
28275,3901,235,235,4606,21
28276,3901,239,239,4610,21
28277,3901,60,60,4697,22
28278,3901,64,64,4701,22
28279,3901,86,86,4723,22
28280,3901,88,88,4725,22
28281,3901,124,124,4761,22
28282,3902,123,123,1251,7
28283,3903,37,37,1165,7
28284,3904,245,245,1846,9
28285,3905,179,179,4268,19
28286,3906,15,15,3595,17
28287,3907,85,85,4946,20
28288,3908,102,103,4191,19
28289,3908,137,137,4226,19
28290,3908,156,156,4245,19
28291,3908,159,159,4248,19
28292,3908,189,189,4278,19
28293,3908,208,208,4297,19
28294,3908,256,256,4345,19
28295,3909,173,174,821,5
28296,3910,174,174,357,2
28297,3910,100,100,4961,20
28298,3911,67,67,4156,19
28299,3911,75,75,4164,19
28300,3911,108,108,4197,19
28301,3911,125,126,4214,19
28302,3911,137,137,4226,19
28303,3911,155,155,4244,19
28304,3911,160,160,4249,19
28305,3911,165,165,4254,19
28306,3911,167,167,4256,19
28307,3911,171,171,4260,19
28308,3911,204,204,4293,19
28309,3911,249,249,4338,19
28310,3911,17,17,4878,20
28311,3911,36,36,4407,21
28312,3912,37,37,1165,7
28313,3913,107,107,4196,19
28314,3913,118,118,4207,19
28315,3914,189,190,372,2
28316,3914,253,253,4080,18
28317,3915,132,132,131,1
28318,3916,63,63,1664,9
28319,3917,63,64,3890,18
28320,3917,66,66,3893,18
28321,3917,69,69,3896,18
28322,3917,121,121,3948,18
28323,3917,164,164,3991,18
28324,3917,166,166,3993,18
28325,3917,180,180,4007,18
28326,3917,245,245,4072,18
28327,3917,250,250,4339,19
28328,3917,55,55,4426,21
28329,3917,193,193,4564,21
28330,3918,78,78,77,1
28331,3918,15,15,198,2
28332,3918,51,51,234,2
28333,3918,110,110,293,2
28334,3918,127,127,310,2
28335,3918,164,164,347,2
28336,3918,168,168,351,2
28337,3918,171,171,354,2
28338,3918,181,181,364,2
28339,3918,15,16,447,4
28340,3918,127,127,559,4
28341,3918,168,169,600,4
28342,3918,14,14,662,5
28343,3918,30,32,678,5
28344,3918,41,41,689,5
28345,3918,100,100,748,5
28346,3918,115,116,763,5
28347,3918,146,146,794,5
28348,3918,164,164,812,5
28349,3918,173,173,821,5
28350,3918,187,187,835,5
28351,3918,209,209,1337,7
28352,3918,71,72,1672,9
28353,3918,88,88,1689,9
28354,3918,90,90,1691,9
28355,3918,60,60,1915,10
28356,3918,195,195,2307,11
28357,3918,214,214,2326,11
28358,3918,102,102,2470,12
28359,3918,108,108,2476,12
28360,3918,157,157,2525,12
28361,3918,53,53,2665,13
28362,3918,83,83,2695,13
28363,3918,122,122,2734,13
28364,3918,242,242,2854,13
28365,3918,23,23,3125,15
28366,3918,41,41,3143,15
28367,3918,44,44,3146,15
28368,3918,112,112,3214,15
28369,3918,131,131,3233,15
28370,3918,138,138,3240,15
28371,3918,146,147,3248,15
28372,3918,40,40,3370,16
28373,3918,61,61,3391,16
28374,3918,107,107,3437,16
28375,3918,129,129,3459,16
28376,3918,135,135,3465,16
28377,3918,137,137,3467,16
28378,3918,36,36,3616,17
28379,3918,117,117,3944,18
28380,3918,94,94,4183,19
28381,3918,11,11,4872,20
28382,3918,101,101,4962,20
28383,3918,99,99,4470,21
28384,3918,101,102,4472,21
28385,3918,113,113,4484,21
28386,3918,138,138,4509,21
28387,3918,142,142,4513,21
28388,3918,175,175,4546,21
28389,3918,178,178,4549,21
28390,3918,229,230,4600,21
28391,3918,240,240,4611,21
28392,3918,255,255,4626,21
28393,3918,56,56,4693,22
28394,3918,61,61,4698,22
28395,3918,88,88,4725,22
28396,3918,109,109,4746,22
28397,3918,126,126,4763,22
28398,3919,70,70,4931,20
28399,3919,73,73,4934,20
28400,3919,93,93,4954,20
28401,3919,95,95,4956,20
28402,3919,97,97,4958,20
28403,3919,99,99,4960,20
28404,3919,101,101,4962,20
28405,3919,118,118,4979,20
28406,3919,140,140,5001,20
28407,3919,22,22,4393,21
28408,3920,89,89,4950,20
28409,3921,89,89,4950,20
28410,3922,140,140,1501,8
28411,3923,143,143,142,1
28412,3923,146,146,145,1
28413,3923,153,153,152,1
28414,3923,107,107,290,2
28415,3924,42,43,2901,14
28416,3924,53,53,2912,14
28417,3925,92,92,2704,13
28418,3926,133,133,3235,15
28419,3926,136,136,3238,15
28420,3926,138,138,3240,15
28421,3926,144,144,3246,15
28422,3926,146,146,3248,15
28423,3926,152,152,3254,15
28424,3926,239,239,3569,16
28425,3927,170,170,3029,14
28426,3927,178,179,3037,14
28427,3927,92,92,3194,15
28428,3927,104,104,3206,15
28429,3927,108,108,3210,15
28430,3927,113,113,3215,15
28431,3927,129,129,3231,15
28432,3927,132,132,3234,15
28433,3927,90,90,4727,22
28434,3928,53,53,236,2
28435,3928,163,163,346,2
28436,3928,155,155,803,5
28437,3928,136,136,3466,16
28438,3929,78,78,4449,21
28439,3930,111,111,294,2
28440,3930,154,154,1044,6
28441,3930,161,161,1051,6
28442,3930,31,31,1159,7
28443,3930,32,32,1633,9
28444,3930,65,65,1666,9
28445,3930,120,121,1721,9
28446,3930,140,141,1741,9
28447,3930,179,179,1780,9
28448,3930,187,188,1788,9
28449,3930,229,229,1830,9
28450,3930,247,247,1848,9
28451,3930,91,91,2950,14
28452,3931,162,162,4251,19
28453,3932,47,47,230,2
28454,3932,68,68,251,2
28455,3933,172,172,4543,21
28456,3934,203,203,3305,15
28457,3935,87,88,270,2
28458,3935,91,91,274,2
28459,3935,116,116,548,4
28460,3935,179,179,827,5
28461,3936,107,107,1468,8
28462,3937,216,216,3796,17
28463,3937,72,72,3899,18
28464,3937,229,230,4056,18
28465,3937,45,45,4416,21
28466,3937,160,161,4797,22
28467,3938,216,216,3796,17
28468,3938,229,230,4056,18
28469,3938,169,169,5030,20
28470,3938,45,45,4416,21
28471,3938,160,160,4797,22
28472,3939,4,4,3106,15
28473,3940,108,109,4479,21
28474,3940,111,111,4482,21
28475,3940,149,149,4520,21
28476,3941,130,130,1020,6
28477,3942,47,47,2906,14
28478,3942,49,49,2908,14
28479,3942,242,242,3101,14
28480,3942,281,281,4370,19
28481,3943,99,99,4960,20
28482,3943,101,101,4962,20
28483,3943,103,103,4964,20
28484,3943,105,105,4966,20
28485,3944,136,136,3716,17
28486,3945,160,161,5021,20
28487,3945,177,177,5038,20
28488,3946,81,81,1936,10
28489,3946,96,97,2208,11
28490,3946,146,147,2258,11
28491,3946,109,109,2477,12
28492,3946,228,228,2596,12
28493,3946,98,98,2957,14
28494,3946,61,62,3391,16
28495,3947,98,98,2466,12
28496,3947,118,118,2486,12
28497,3948,117,117,1718,9
28498,3949,61,61,709,5
28499,3950,117,117,1245,7
28500,3950,119,121,1247,7
28501,3950,125,125,1253,7
28502,3950,130,130,1258,7
28503,3951,117,117,1245,7
28504,3952,117,117,1245,7
28505,3953,48,50,3150,15
28506,3953,53,55,3155,15
28507,3953,58,58,3160,15
28508,3953,73,73,3175,15
28509,3953,187,187,3289,15
28510,3953,84,84,3414,16
28511,3953,9,9,3589,17
28512,3953,20,20,3600,17
28513,3953,79,79,4450,21
28514,3954,29,29,28,1
28515,3955,7,7,2375,12
28516,3955,21,21,2389,12
28517,3956,61,61,244,2
28518,3956,108,108,291,2
28519,3956,132,132,315,2
28520,3956,157,157,340,2
28521,3956,176,176,359,2
28522,3956,116,117,548,4
28523,3956,130,132,562,4
28524,3956,143,143,575,4
28525,3956,14,14,662,5
28526,3956,33,35,681,5
28527,3956,190,190,838,5
28528,3956,197,198,845,5
28529,3956,200,200,848,5
28530,3956,204,205,852,5
28531,3956,209,211,857,5
28532,3956,198,198,1799,9
28533,3956,172,173,3502,16
28534,3956,193,193,3523,16
28535,3956,225,225,3555,16
28536,3956,227,227,3557,16
28537,3956,246,246,3576,16
28538,3956,52,52,3879,18
28539,3956,64,64,3891,18
28540,3956,95,95,3922,18
28541,3957,77,77,4938,20
28542,3957,79,80,4940,20
28543,3957,86,86,4947,20
28544,3957,102,102,4963,20
28545,3958,77,77,4166,19
28546,3959,179,179,4268,19
28547,3960,179,179,4268,19
28548,3961,155,156,2523,12
28549,3961,213,215,2581,12
28550,3961,217,217,2585,12
28551,3961,58,58,2670,13
28552,3961,140,140,2752,13
28553,3961,189,189,2801,13
28554,3961,196,196,2808,13
28555,3961,198,198,2810,13
28556,3961,204,205,2816,13
28557,3961,208,208,2820,13
28558,3961,6,6,2865,14
28559,3961,41,42,2900,14
28560,3961,57,57,2916,14
28561,3961,61,61,2920,14
28562,3961,111,111,2970,14
28563,3961,149,150,3008,14
28564,3961,154,154,3013,14
28565,3961,162,162,3021,14
28566,3961,183,183,3042,14
28567,3961,89,90,3191,15
28568,3961,92,93,3194,15
28569,3961,116,116,3218,15
28570,3961,130,130,3232,15
28571,3961,178,178,3280,15
28572,3961,192,192,3294,15
28573,3961,211,211,3313,15
28574,3961,11,11,3339,16
28575,3961,13,13,3341,16
28576,3961,100,103,3430,16
28577,3961,201,201,3531,16
28578,3961,21,21,3601,17
28579,3961,88,88,3668,17
28580,3961,176,176,3756,17
28581,3961,53,53,3880,18
28582,3961,163,163,3990,18
28583,3961,22,22,4111,19
28584,3961,29,30,4118,19
28585,3961,77,77,4166,19
28586,3961,213,213,4302,19
28587,3961,7,7,4378,21
28588,3961,10,11,4381,21
28589,3961,48,48,4419,21
28590,3961,83,83,4454,21
28591,3961,57,57,4694,22
28592,3962,214,214,2582,12
28593,3962,189,189,2801,13
28594,3962,149,150,3008,14
28595,3962,89,90,3191,15
28596,3962,92,93,3194,15
28597,3962,116,116,3218,15
28598,3962,179,179,3281,15
28599,3962,102,103,3432,16
28600,3962,10,11,4381,21
28601,3962,48,48,4419,21
28602,3963,202,202,1803,9
28603,3964,70,70,4159,19
28604,3964,82,82,4171,19
28605,3964,93,93,4182,19
28606,3964,95,95,4184,19
28607,3964,44,44,4905,20
28608,3965,160,160,2272,11
28609,3966,155,155,3257,15
28610,3966,255,255,4626,21
28611,3967,76,76,2188,11
28612,3967,160,160,2272,11
28613,3967,162,162,2274,11
28614,3967,92,92,2460,12
28615,3967,187,187,2555,12
28616,3967,216,216,2828,13
28617,3967,135,135,2994,14
28618,3967,36,36,3366,16
28619,3967,205,205,4032,18
28620,3968,63,63,2922,14
28621,3969,49,49,2908,14
28622,3970,144,145,5005,20
28623,3970,154,155,5015,20
28624,3971,41,41,418,3
28625,3972,123,124,1251,7
28626,3973,49,49,3151,15
28627,3974,123,124,1251,7
28628,3975,80,80,4451,21
28629,3976,76,77,4937,20
28630,3976,79,79,4940,20
28631,3976,82,82,4943,20
28632,3976,85,87,4946,20
28633,3976,89,90,4950,20
28634,3976,102,102,4963,20
28635,3976,115,115,4976,20
28636,3976,121,121,4982,20
28637,3976,158,159,5019,20
28638,3977,171,171,4542,21
28639,3978,158,158,341,2
28640,3978,161,161,344,2
28641,3978,164,164,347,2
28642,3978,169,169,352,2
28643,3978,49,49,426,3
28644,3979,153,153,336,2
28645,3979,1,1,378,3
28646,3979,5,5,382,3
28647,3979,52,52,484,4
28648,3979,90,90,738,5
28649,3979,191,191,3293,15
28650,3979,179,179,3509,16
28651,3980,186,186,3288,15
28652,3981,71,71,2930,14
28653,3982,77,77,4448,21
28654,3983,112,113,111,1
28655,3983,125,125,124,1
28656,3983,157,157,156,1
28657,3984,162,162,2017,10
28658,3985,30,30,1158,7
28659,3986,270,270,4359,19
28660,3987,253,253,4080,18
28661,3988,173,173,2785,13
28662,3988,209,209,2821,13
28663,3988,61,61,2920,14
28664,3988,95,95,2954,14
28665,3988,183,183,3042,14
28666,3988,31,31,3133,15
28667,3988,129,129,3231,15
28668,3988,8,8,3336,16
28669,3988,11,11,3339,16
28670,3988,13,13,3341,16
28671,3988,31,31,3361,16
28672,3988,52,53,3382,16
28673,3988,66,66,3396,16
28674,3988,127,128,3457,16
28675,3988,145,146,3475,16
28676,3988,165,165,3495,16
28677,3988,167,167,3497,16
28678,3988,64,64,3644,17
28679,3988,173,173,3753,17
28680,3988,175,175,3755,17
28681,3988,7,7,4096,19
28682,3989,71,71,4932,20
28683,3989,92,92,4953,20
28684,3989,94,94,4955,20
28685,3989,96,96,4957,20
28686,3989,102,102,4963,20
28687,3989,110,110,4971,20
28688,3989,118,118,4979,20
28689,3990,78,78,4449,21
28690,3991,187,187,3517,16
28691,3992,93,93,3920,18
28692,3993,47,48,1175,7
28693,3994,21,21,1149,7
28694,3994,64,64,1192,7
28695,3994,106,106,1467,8
28696,3994,93,93,3920,18
28697,3995,46,47,1174,7
28698,3995,63,63,1191,7
28699,3995,66,66,1194,7
28700,3995,93,93,3920,18
28701,3996,66,66,1194,7
28702,3996,93,93,3920,18
28703,3997,10,10,1371,8
28704,3997,131,132,2499,12
28705,3998,208,208,1098,6
28706,3998,228,228,1118,6
28707,3998,19,19,1147,7
28708,3998,142,143,1270,7
28709,3998,212,212,1340,7
28710,3998,10,10,1371,8
28711,3998,45,45,1406,8
28712,3998,48,48,1409,8
28713,3998,51,52,1412,8
28714,3998,99,99,1460,8
28715,3998,178,179,1539,8
28716,3998,184,184,1545,8
28717,3998,204,205,1565,8
28718,3998,146,146,1747,9
28719,3998,187,187,1788,9
28720,3998,169,169,2024,10
28721,3998,130,134,2498,12
28722,3999,212,212,1340,7
28723,3999,10,10,1371,8
28724,3999,178,179,1539,8
28725,3999,204,204,1565,8
28726,3999,146,146,1747,9
28727,3999,131,132,2499,12
28728,4000,80,80,4451,21
28729,4001,78,78,4449,21
28730,4002,212,212,4301,19
28731,4002,276,276,4365,19
28732,4003,46,46,1174,7
28733,4004,46,46,1174,7
28734,4004,61,61,1189,7
28735,4004,75,75,1203,7
28736,4004,77,78,1205,7
28737,4005,34,34,1162,7
28738,4005,98,98,1459,8
28739,4005,165,165,1526,8
28740,4005,236,236,1837,9
28741,4005,140,140,2252,11
28742,4005,196,196,2564,12
28743,4005,57,57,3387,16
28744,4006,197,198,4286,19
28745,4006,208,208,4297,19
28746,4006,231,231,4320,19
28747,4006,237,237,4326,19
28748,4006,242,242,4331,19
28749,4006,245,245,4334,19
28750,4007,97,97,4958,20
28751,4008,257,257,4628,21
28752,4009,137,137,1498,8
28753,4010,137,137,1498,8
28754,4011,84,84,3414,16
28755,4012,53,53,1908,10
28756,4013,69,69,717,5
28757,4013,196,196,1086,6
28758,4014,146,146,4517,21
28759,4015,279,279,4368,19
28760,4016,159,159,158,1
28761,4016,24,25,207,2
28762,4016,30,30,213,2
28763,4016,100,100,283,2
28764,4016,88,88,520,4
28765,4017,8,8,191,2
28766,4017,140,140,323,2
28767,4018,5,5,4,1
28768,4018,8,11,7,1
28769,4018,13,13,12,1
28770,4018,108,108,291,2
28771,4018,110,110,758,5
28772,4019,5,5,4,1
28773,4019,8,8,7,1
28774,4019,125,125,124,1
28775,4019,150,150,1278,7
28776,4019,151,151,1752,9
28777,4020,115,115,298,2
28778,4020,128,128,311,2
28779,4020,155,155,338,2
28780,4020,163,163,346,2
28781,4020,94,94,2706,13
28782,4021,230,231,1831,9
28783,4021,234,234,1835,9
28784,4022,47,47,2906,14
28785,4023,230,230,1831,9
28786,4023,233,233,1834,9
28787,4023,238,238,1839,9
28788,4024,5,5,4,1
28789,4024,104,104,103,1
28790,4024,143,143,142,1
28791,4024,157,157,156,1
28792,4024,174,175,173,1
28793,4024,107,108,290,2
28794,4024,114,114,297,2
28795,4024,119,119,302,2
28796,4024,123,123,306,2
28797,4024,127,127,310,2
28798,4024,132,132,315,2
28799,4024,136,136,319,2
28800,4024,140,140,323,2
28801,4024,162,162,345,2
28802,4024,180,180,363,2
28803,4024,183,183,366,2
28804,4024,186,186,369,2
28805,4024,1,1,378,3
28806,4024,5,5,382,3
28807,4024,8,8,385,3
28808,4024,10,10,387,3
28809,4024,12,13,389,3
28810,4024,17,18,394,3
28811,4024,25,25,402,3
28812,4024,35,35,412,3
28813,4024,6,9,438,4
28814,4024,20,20,452,4
28815,4024,23,23,455,4
28816,4024,25,25,457,4
28817,4024,27,29,459,4
28818,4024,31,31,463,4
28819,4024,36,36,468,4
28820,4024,46,46,478,4
28821,4024,49,50,481,4
28822,4024,53,53,485,4
28823,4024,56,57,488,4
28824,4024,62,62,494,4
28825,4024,64,64,496,4
28826,4024,67,69,499,4
28827,4024,76,77,508,4
28828,4024,89,89,521,4
28829,4024,95,96,527,4
28830,4024,109,109,541,4
28831,4024,111,111,543,4
28832,4024,114,114,546,4
28833,4024,124,124,556,4
28834,4024,128,128,560,4
28835,4024,146,146,578,4
28836,4024,148,149,580,4
28837,4024,162,162,594,4
28838,4024,20,20,668,5
28839,4024,64,64,712,5
28840,4024,74,74,722,5
28841,4024,82,82,730,5
28842,4024,85,85,733,5
28843,4024,88,88,736,5
28844,4024,92,92,740,5
28845,4024,96,96,744,5
28846,4024,104,104,752,5
28847,4024,154,154,802,5
28848,4024,156,156,804,5
28849,4024,165,165,813,5
28850,4024,170,171,818,5
28851,4024,185,185,833,5
28852,4024,197,198,845,5
28853,4024,206,206,854,5
28854,4024,222,222,870,5
28855,4024,232,234,880,5
28856,4024,207,207,1097,6
28857,4024,220,220,1110,6
28858,4024,80,80,1208,7
28859,4024,134,134,1262,7
28860,4024,140,140,1268,7
28861,4024,143,143,1271,7
28862,4024,162,162,1290,7
28863,4024,165,165,1293,7
28864,4024,171,171,1299,7
28865,4024,189,190,1317,7
28866,4024,198,200,1326,7
28867,4024,10,10,1371,8
28868,4024,13,13,1374,8
28869,4024,20,20,1381,8
28870,4024,32,32,1393,8
28871,4024,65,65,1426,8
28872,4024,74,74,1435,8
28873,4024,106,106,1467,8
28874,4024,147,147,1748,9
28875,4024,72,72,1927,10
28876,4024,77,77,1932,10
28877,4024,161,161,2529,12
28878,4024,37,37,3367,16
28879,4024,52,52,3382,16
28880,4024,57,58,3387,16
28881,4024,146,147,3476,16
28882,4024,150,150,3480,16
28883,4024,161,161,3491,16
28884,4024,163,163,3493,16
28885,4024,170,170,3500,16
28886,4024,177,177,3507,16
28887,4024,182,182,3512,16
28888,4024,184,185,3514,16
28889,4024,187,187,3517,16
28890,4024,191,191,3521,16
28891,4024,196,197,3526,16
28892,4024,220,220,3550,16
28893,4024,13,13,3593,17
28894,4024,216,217,3796,17
28895,4024,227,227,3807,17
28896,4024,29,29,3856,18
28897,4024,31,31,3858,18
28898,4024,45,45,3872,18
28899,4024,48,50,3875,18
28900,4024,82,82,3909,18
28901,4024,221,221,4048,18
28902,4024,261,261,4088,18
28903,4025,78,78,4449,21
28904,4025,120,121,4491,21
28905,4025,123,123,4494,21
28906,4025,139,139,4510,21
28907,4025,141,145,4512,21
28908,4025,190,190,4561,21
28909,4025,41,41,4678,22
28910,4026,88,88,1689,9
28911,4026,160,160,3490,16
28912,4027,147,148,1748,9
28913,4027,158,158,1759,9
28914,4027,160,160,1761,9
28915,4027,173,173,2541,12
28916,4028,103,103,102,1
28917,4029,38,38,1399,8
28918,4030,38,38,1399,8
28919,4031,78,78,4449,21
28920,4032,129,129,1490,8
28921,4032,175,175,1536,8
28922,4032,91,91,1692,9
28923,4032,98,98,1699,9
28924,4032,100,100,1701,9
28925,4032,210,210,2065,10
28926,4032,215,215,2070,10
28927,4032,212,212,3792,17
28928,4032,8,8,4379,21
28929,4033,194,195,2806,13
28930,4034,130,130,1491,8
28931,4034,225,225,2080,10
28932,4035,78,78,4449,21
28933,4036,197,197,2809,13
28934,4038,9,10,8,1
28935,4038,79,79,78,1
28936,4038,163,163,1291,7
28937,4038,91,91,1692,9
28938,4038,150,150,1751,9
28939,4038,153,153,1754,9
28940,4038,196,196,1797,9
28941,4038,253,253,1854,9
28942,4038,148,149,2003,10
28943,4038,33,33,2645,13
28944,4038,89,89,2948,14
28945,4038,111,111,2970,14
28946,4038,139,139,2998,14
28947,4038,186,186,3045,14
28948,4038,198,198,3057,14
28949,4038,24,25,3126,15
28950,4038,191,191,3521,16
28951,4038,49,49,3876,18
28952,4038,189,189,5050,20
28953,4038,35,35,4406,21
28954,4039,177,177,3036,14
28955,4039,20,22,3122,15
28956,4039,56,56,3158,15
28957,4039,60,60,3162,15
28958,4039,62,62,3164,15
28959,4039,106,113,3208,15
28960,4039,123,123,3225,15
28961,4039,137,137,3239,15
28962,4039,152,153,3254,15
28963,4039,173,173,3275,15
28964,4039,8,8,3588,17
28965,4039,91,91,4952,20
28966,4040,211,211,859,5
28967,4040,57,57,4918,20
28968,4041,161,161,4532,21
28969,4041,163,163,4534,21
28970,4042,244,244,2356,11
28971,4042,190,190,3049,14
28972,4043,190,190,4279,19
28973,4043,193,193,4282,19
28974,4043,196,196,4285,19
28975,4043,199,200,4288,19
28976,4043,203,203,4292,19
28977,4043,208,208,4297,19
28978,4043,210,210,4299,19
28979,4043,212,212,4301,19
28980,4043,217,217,4306,19
28981,4043,219,219,4308,19
28982,4043,256,256,4345,19
28983,4045,149,149,1510,8
28984,4045,120,120,2232,11
28985,4045,212,215,2324,11
28986,4045,41,41,2653,13
28987,4045,185,185,2797,13
28988,4045,5,6,2864,14
28989,4045,204,205,3306,15
28990,4045,35,35,3365,16
28991,4045,98,98,3428,16
28992,4045,173,173,3753,17
28993,4046,242,242,3101,14
28994,4047,44,44,1645,9
28995,4047,64,64,1665,9
28996,4048,28,28,3855,18
28997,4048,102,102,3929,18
28998,4049,64,65,2923,14
28999,4050,196,196,844,5
29000,4050,198,198,846,5
29001,4050,200,200,848,5
29002,4050,220,220,868,5
29003,4051,72,72,255,2
29004,4051,84,84,267,2
29005,4051,27,27,404,3
29006,4051,33,33,410,3
29007,4051,46,46,423,3
29008,4051,209,209,1099,6
29009,4051,206,206,1334,7
29010,4052,215,215,4586,21
29011,4053,257,257,4628,21
29012,4054,9,9,1864,10
29013,4054,109,109,2477,12
29014,4054,69,69,2681,13
29015,4054,125,125,2984,14
29016,4055,153,153,801,5
29017,4056,47,47,3377,16
29018,4057,190,190,1080,6
29019,4057,193,193,1083,6
29020,4058,53,56,943,6
29021,4058,58,63,948,6
29022,4058,65,66,955,6
29023,4058,68,68,958,6
29024,4058,74,74,964,6
29025,4058,76,76,966,6
29026,4058,86,87,976,6
29027,4058,89,89,979,6
29028,4058,99,100,989,6
29029,4058,114,114,1004,6
29030,4058,117,118,1007,6
29031,4058,120,120,1010,6
29032,4058,199,199,1089,6
29033,4058,229,229,1119,6
29034,4058,232,232,1122,6
29035,4059,248,248,4619,21
29036,4060,118,118,1008,6
29037,4061,27,28,26,1
29038,4062,207,207,4578,21
29039,4063,24,24,672,5
29040,4063,154,154,1755,9
29041,4064,7,7,2866,14
29042,4064,23,23,2882,14
29043,4064,42,42,2901,14
29044,4064,44,44,2903,14
29045,4064,83,83,2942,14
29046,4064,149,149,3008,14
29047,4064,201,201,3531,16
29048,4064,248,248,4075,18
29049,4065,164,164,4253,19
29050,4066,212,212,4301,19
29051,4067,78,78,968,6
29052,4067,98,98,988,6
29053,4068,80,80,4451,21
29054,4069,247,247,4074,18
29055,4070,153,153,585,4
29056,4070,174,175,606,4
29057,4071,51,51,483,4
29058,4071,53,53,485,4
29059,4072,132,133,315,2
29060,4072,18,18,450,4
29061,4072,20,20,452,4
29062,4072,22,22,454,4
29063,4072,25,25,457,4
29064,4072,28,29,460,4
29065,4072,33,33,465,4
29066,4072,36,38,468,4
29067,4072,40,41,472,4
29068,4072,45,45,477,4
29069,4072,61,62,493,4
29070,4072,66,66,498,4
29071,4072,76,76,508,4
29072,4072,82,82,514,4
29073,4072,109,109,541,4
29074,4072,113,113,545,4
29075,4072,119,119,551,4
29076,4072,131,131,563,4
29077,4072,143,143,575,4
29078,4072,146,146,578,4
29079,4072,149,149,581,4
29080,4072,152,153,584,4
29081,4072,161,161,593,4
29082,4072,174,174,606,4
29083,4072,13,13,661,5
29084,4072,29,30,677,5
29085,4072,33,34,681,5
29086,4072,38,38,686,5
29087,4072,40,40,688,5
29088,4072,43,44,691,5
29089,4072,53,53,701,5
29090,4072,62,63,710,5
29091,4072,65,65,713,5
29092,4072,68,68,716,5
29093,4072,70,70,718,5
29094,4072,73,73,721,5
29095,4072,76,77,724,5
29096,4072,81,81,729,5
29097,4072,85,85,733,5
29098,4072,88,90,736,5
29099,4072,93,94,741,5
29100,4072,97,97,745,5
29101,4072,101,104,749,5
29102,4072,107,107,755,5
29103,4072,109,109,757,5
29104,4072,113,113,761,5
29105,4072,115,116,763,5
29106,4072,142,145,790,5
29107,4072,147,147,795,5
29108,4072,168,168,816,5
29109,4072,170,171,818,5
29110,4072,176,176,824,5
29111,4072,190,190,838,5
29112,4072,194,194,842,5
29113,4072,200,200,848,5
29114,4072,204,204,852,5
29115,4072,209,209,857,5
29116,4072,211,211,859,5
29117,4072,216,216,864,5
29118,4072,23,25,913,6
29119,4072,29,29,919,6
29120,4072,31,31,921,6
29121,4072,40,40,930,6
29122,4072,45,45,935,6
29123,4072,47,47,937,6
29124,4072,110,110,1000,6
29125,4072,200,201,1090,6
29126,4072,214,214,1104,6
29127,4072,19,19,1147,7
29128,4072,39,39,1167,7
29129,4072,49,49,1177,7
29130,4072,130,130,1258,7
29131,4072,134,134,1262,7
29132,4072,142,142,1270,7
29133,4072,178,178,1306,7
29134,4072,193,193,1321,7
29135,4072,20,20,1381,8
29136,4072,87,87,1448,8
29137,4072,143,143,1504,8
29138,4072,168,168,1529,8
29139,4072,192,192,1553,8
29140,4072,196,196,1557,8
29141,4072,205,205,1566,8
29142,4072,225,225,1586,8
29143,4072,35,35,1636,9
29144,4072,52,52,1653,9
29145,4072,103,103,1704,9
29146,4072,198,199,1799,9
29147,4072,74,75,1929,10
29148,4072,26,26,2638,13
29149,4072,48,48,2660,13
29150,4072,59,59,3886,18
29151,4072,96,96,3923,18
29152,4073,21,21,453,4
29153,4074,39,39,1167,7
29154,4074,20,20,1381,8
29155,4074,198,198,1799,9
29156,4075,174,174,606,4
29157,4075,198,198,1799,9
29158,4076,131,131,563,4
29159,4076,143,143,575,4
29160,4076,153,153,585,4
29161,4076,204,204,852,5
29162,4076,198,198,1799,9
29163,4077,102,102,2961,14
29164,4078,101,101,2469,12
29165,4078,71,71,2683,13
29166,4078,73,73,2685,13
29167,4078,75,75,2687,13
29168,4078,80,80,2692,13
29169,4078,86,86,2698,13
29170,4078,196,196,2808,13
29171,4079,126,126,4497,21
29172,4080,145,145,4234,19
29173,4080,153,153,4242,19
29174,4080,155,155,4244,19
29175,4080,157,157,4246,19
29176,4080,217,217,4306,19
29177,4080,254,254,4343,19
29178,4081,171,171,4542,21
29179,4082,94,94,3196,15
29180,4083,15,15,14,1
29181,4084,137,137,1738,9
29182,4085,44,44,43,1
29183,4086,83,85,515,4
29184,4086,101,101,533,4
29185,4086,106,106,538,4
29186,4086,152,152,584,4
29187,4086,157,157,589,4
29188,4086,162,162,594,4
29189,4087,43,44,1171,7
29190,4087,49,49,1177,7
29191,4088,40,41,1168,7
29192,4088,43,44,1171,7
29193,4088,49,49,1177,7
29194,4088,9,9,1864,10
29195,4088,63,63,2175,11
29196,4088,32,32,2891,14
29197,4088,192,192,3294,15
29198,4089,168,169,3270,15
29199,4090,30,30,1631,9
29200,4091,84,84,516,4
29201,4092,123,123,1013,6
29202,4092,125,125,1015,6
29203,4093,242,242,1843,9
29204,4093,30,30,4119,19
29205,4093,41,43,4130,19
29206,4093,58,58,4147,19
29207,4093,63,63,4152,19
29208,4093,270,270,4359,19
29209,4093,272,272,4361,19
29210,4093,277,280,4366,19
29211,4094,197,198,4286,19
29212,4095,226,226,4597,21
29213,4096,132,133,131,1
29214,4097,104,104,1232,7
29215,4098,279,279,4368,19
29216,4099,20,20,3600,17
29217,4100,153,153,801,5
29218,4101,22,22,399,3
29219,4102,60,60,59,1
29220,4103,122,122,1483,8
29221,4104,76,76,3406,16
29222,4105,257,257,4346,19
29223,4106,130,130,4219,19
29224,4107,228,228,4317,19
29225,4107,230,230,4319,19
29226,4107,248,248,4337,19
29227,4108,70,70,1198,7
29228,4108,187,187,3046,14
29229,4109,22,23,21,1
29230,4109,139,140,138,1
29231,4109,143,144,142,1
29232,4109,16,16,199,2
29233,4109,122,122,4493,21
29234,4109,140,140,4511,21
29235,4110,59,59,4920,20
29236,4111,49,49,2908,14
29237,4112,136,136,1737,9
29238,4113,97,97,96,1
29239,4113,169,169,168,1
29240,4113,79,79,262,2
29241,4113,164,164,3744,17
29242,4114,211,211,4582,21
29243,4114,213,213,4584,21
29244,4115,222,222,4859,22
29245,4116,262,262,4351,19
29246,4116,107,107,4968,20
29247,4116,110,114,4971,20
29248,4116,119,119,4980,20
29249,4116,121,122,4982,20
29250,4116,125,125,4986,20
29251,4116,128,128,4989,20
29252,4116,137,137,4998,20
29253,4116,141,143,5002,20
29254,4116,145,147,5006,20
29255,4116,149,150,5010,20
29256,4116,155,155,5016,20
29257,4116,160,160,5021,20
29258,4116,188,188,5049,20
29259,4116,193,193,5054,20
29260,4116,146,146,4783,22
29261,4116,149,149,4786,22
29262,4116,214,215,4851,22
29263,4117,129,129,4990,20
29264,4117,138,138,4999,20
29265,4117,149,150,5010,20
29266,4118,147,147,5008,20
29267,4119,151,151,3731,17
29268,4120,215,215,1816,9
29269,4120,81,81,3661,17
29270,4120,83,85,3663,17
29271,4120,108,108,3688,17
29272,4120,121,121,3701,17
29273,4120,127,127,3707,17
29274,4120,158,158,3738,17
29275,4120,168,168,3748,17
29276,4120,178,178,3758,17
29277,4120,243,243,3823,17
29278,4121,129,130,3709,17
29279,4121,145,147,3725,17
29280,4121,155,155,3735,17
29281,4121,243,243,3823,17
29282,4122,81,81,3661,17
29283,4122,84,84,3664,17
29284,4122,158,158,3738,17
29285,4123,69,69,3649,17
29286,4123,81,81,3661,17
29287,4123,85,86,3665,17
29288,4123,98,98,3678,17
29289,4123,112,114,3692,17
29290,4123,120,120,3700,17
29291,4123,122,122,3702,17
29292,4123,124,124,3704,17
29293,4123,126,127,3706,17
29294,4123,133,134,3713,17
29295,4123,243,243,3823,17
29296,4123,51,51,3878,18
29297,4124,126,126,3706,17
29298,4124,135,135,3715,17
29299,4124,137,137,3717,17
29300,4124,145,147,3725,17
29301,4124,151,153,3731,17
29302,4124,156,158,3736,17
29303,4125,211,211,1812,9
29304,4125,213,213,1814,9
29305,4125,215,216,1816,9
29306,4125,218,218,1819,9
29307,4125,108,108,3688,17
29308,4125,118,118,3698,17
29309,4125,122,123,3702,17
29310,4125,130,130,3710,17
29311,4125,137,137,3717,17
29312,4125,139,142,3719,17
29313,4125,144,145,3724,17
29314,4125,151,151,3731,17
29315,4125,158,158,3738,17
29316,4125,178,179,3758,17
29317,4125,243,243,3823,17
29318,4126,158,158,3738,17
29319,4126,243,243,3823,17
29320,4127,145,147,3725,17
29321,4128,84,84,3664,17
29322,4128,223,223,3803,17
29323,4128,64,64,3891,18
29324,4129,126,126,3706,17
29325,4129,137,139,3717,17
29326,4129,145,148,3725,17
29327,4129,156,156,3736,17
29328,4129,179,179,3759,17
29329,4129,243,243,3823,17
29330,4130,151,151,3731,17
29331,4131,179,179,3759,17
29332,4132,243,243,3823,17
29333,4133,215,217,1816,9
29334,4133,225,225,1826,9
29335,4133,77,77,3657,17
29336,4133,93,93,3673,17
29337,4133,104,104,3684,17
29338,4133,108,109,3688,17
29339,4133,117,118,3697,17
29340,4133,122,133,3702,17
29341,4133,135,135,3715,17
29342,4133,137,138,3717,17
29343,4133,140,142,3720,17
29344,4133,144,148,3724,17
29345,4133,150,159,3730,17
29346,4133,169,169,3749,17
29347,4133,179,182,3759,17
29348,4133,194,194,3774,17
29349,4133,223,223,3803,17
29350,4133,51,51,3878,18
29351,4133,64,64,3891,18
29352,4134,129,129,3709,17
29353,4134,137,138,3717,17
29354,4134,141,142,3721,17
29355,4134,145,148,3725,17
29356,4134,154,155,3734,17
29357,4134,159,159,3739,17
29358,4134,179,179,3759,17
29359,4135,161,161,4532,21
29360,4136,177,177,360,2
29361,4136,218,218,866,5
29362,4136,162,166,1290,7
29363,4136,168,168,1296,7
29364,4136,174,174,1775,9
29365,4136,91,92,1946,10
29366,4136,108,108,1963,10
29367,4136,240,240,4611,21
29368,4137,173,173,356,2
29369,4137,33,34,1634,9
29370,4137,136,137,2995,14
29371,4138,106,106,754,5
29372,4138,51,51,1906,10
29373,4138,122,122,2234,11
29374,4138,19,19,2631,13
29375,4138,25,25,2637,13
29376,4138,28,28,2640,13
29377,4138,206,206,3786,17
29378,4138,205,205,4032,18
29379,4139,257,257,4628,21
29380,4140,6,6,5,1
29381,4140,29,29,28,1
29382,4140,33,33,32,1
29383,4140,60,60,59,1
29384,4140,132,132,131,1
29385,4140,179,181,178,1
29386,4140,100,101,283,2
29387,4140,170,171,353,2
29388,4140,188,188,371,2
29389,4140,13,14,390,3
29390,4140,27,27,404,3
29391,4140,31,31,408,3
29392,4140,35,35,412,3
29393,4140,49,49,426,3
29394,4140,51,51,428,3
29395,4140,6,6,438,4
29396,4140,29,31,461,4
29397,4140,35,35,467,4
29398,4140,60,60,492,4
29399,4140,80,80,512,4
29400,4140,46,48,694,5
29401,4140,50,50,698,5
29402,4140,53,54,701,5
29403,4140,63,63,711,5
29404,4140,71,71,719,5
29405,4140,90,90,738,5
29406,4140,94,95,742,5
29407,4140,104,105,752,5
29408,4140,143,143,791,5
29409,4140,163,164,811,5
29410,4140,166,166,814,5
29411,4140,171,171,819,5
29412,4140,174,174,822,5
29413,4140,191,191,839,5
29414,4140,195,196,843,5
29415,4140,203,203,851,5
29416,4140,208,209,856,5
29417,4140,213,215,861,5
29418,4140,217,217,865,5
29419,4140,26,27,916,6
29420,4140,115,115,1005,6
29421,4140,218,219,1108,6
29422,4140,43,43,1171,7
29423,4140,58,59,1186,7
29424,4140,70,70,1198,7
29425,4140,94,94,1222,7
29426,4140,110,111,1471,8
29427,4140,229,229,1590,8
29428,4140,89,89,1690,9
29429,4140,95,95,1696,9
29430,4140,109,109,1710,9
29431,4140,113,113,1714,9
29432,4140,136,137,1737,9
29433,4140,158,158,1759,9
29434,4140,84,85,1939,10
29435,4140,254,254,2109,10
29436,4140,24,24,2136,11
29437,4140,118,118,2230,11
29438,4140,192,193,2304,11
29439,4140,212,214,2324,11
29440,4140,255,255,2367,11
29441,4140,167,167,2535,12
29442,4140,68,68,2680,13
29443,4140,81,81,2693,13
29444,4140,126,127,2985,14
29445,4140,134,134,2993,14
29446,4140,191,191,3050,14
29447,4140,232,233,3091,14
29448,4140,100,101,3202,15
29449,4140,205,206,3307,15
29450,4140,18,18,3346,16
29451,4140,159,159,3489,16
29452,4140,240,241,3570,16
29453,4140,33,33,3613,17
29454,4140,33,34,3860,18
29455,4140,126,127,3953,18
29456,4140,129,129,3956,18
29457,4140,131,131,3958,18
29458,4140,133,133,3960,18
29459,4140,135,136,3962,18
29460,4140,153,155,3980,18
29461,4140,247,247,4074,18
29462,4140,58,58,4919,20
29463,4140,192,192,5053,20
29464,4140,62,62,4433,21
29465,4140,68,68,4439,21
29466,4140,76,76,4447,21
29467,4140,127,127,4498,21
29468,4140,133,133,4504,21
29469,4140,136,137,4507,21
29470,4140,167,167,4538,21
29471,4140,197,197,4568,21
29472,4140,16,16,4653,22
29473,4140,44,44,4681,22
29474,4140,70,70,4707,22
29475,4140,77,77,4714,22
29476,4140,96,98,4733,22
29477,4141,107,107,539,4
29478,4142,110,110,4971,20
29479,4143,167,167,4538,21
29480,4143,171,171,4542,21
29481,4143,17,17,4654,22
29482,4144,80,80,1208,7
29483,4145,246,249,4073,18
29484,4145,6,7,4095,19
29485,4145,10,10,4099,19
29486,4145,31,31,4402,21
29487,4146,209,209,4036,18
29488,4147,28,28,2396,12
29489,4148,47,47,2906,14
29490,4149,177,177,2289,11
29491,4149,161,161,2529,12
29492,4150,225,225,2837,13
29493,4150,34,34,2893,14
29494,4150,86,86,3913,18
29495,4151,28,28,2396,12
29496,4152,76,77,4937,20
29497,4152,79,79,4940,20
29498,4152,82,84,4943,20
29499,4152,86,86,4947,20
29500,4152,88,88,4949,20
29501,4152,90,90,4951,20
29502,4152,100,100,4961,20
29503,4152,102,102,4963,20
29504,4152,104,104,4965,20
29505,4152,110,110,4971,20
29506,4152,118,118,4979,20
29507,4152,120,124,4981,20
29508,4152,132,132,4993,20
29509,4152,134,134,4995,20
29510,4152,136,136,4997,20
29511,4152,138,138,4999,20
29512,4152,141,142,5002,20
29513,4152,145,145,5006,20
29514,4152,152,153,5013,20
29515,4152,160,160,5021,20
29516,4152,177,177,5038,20
29517,4152,184,184,5045,20
29518,4152,26,26,4397,21
29519,4152,59,59,4430,21
29520,4152,145,148,4782,22
29521,4152,150,150,4787,22
29522,4153,10,10,3338,16
29523,4153,28,29,3356,16
29524,4153,179,179,3509,16
29525,4153,49,49,3629,17
29526,4153,111,111,3938,18
29527,4153,251,251,4340,19
29528,4153,178,180,5039,20
29529,4154,145,145,2513,12
29530,4155,73,73,1674,9
29531,4155,76,76,1677,9
29532,4155,86,87,1687,9
29533,4155,96,96,1697,9
29534,4155,99,99,1700,9
29535,4155,103,103,1704,9
29536,4155,109,109,1710,9
29537,4155,113,113,1714,9
29538,4155,129,129,1730,9
29539,4155,142,142,1743,9
29540,4155,206,207,1807,9
29541,4155,239,239,1840,9
29542,4155,242,242,1843,9
29543,4156,237,237,2092,10
29544,4156,247,247,2102,10
29545,4157,47,47,2415,12
29546,4157,146,146,2514,12
29547,4157,161,161,2529,12
29548,4157,228,229,2596,12
29549,4157,233,233,2601,12
29550,4157,58,58,2670,13
29551,4157,58,58,2917,14
29552,4157,224,224,3083,14
29553,4157,10,10,3338,16
29554,4157,179,179,3509,16
29555,4157,92,92,3672,17
29556,4157,160,160,3740,17
29557,4157,111,111,3938,18
29558,4157,26,26,4887,20
29559,4157,178,178,5039,20
29560,4158,142,142,1743,9
29561,4158,191,191,2303,11
29562,4158,193,193,2305,11
29563,4159,208,208,4579,21
29564,4159,210,210,4581,21
29565,4159,188,188,4825,22
29566,4160,50,51,1905,10
29567,4160,55,55,1910,10
29568,4160,58,58,1913,10
29569,4160,159,160,2271,11
29570,4160,58,58,2917,14
29571,4160,28,29,3356,16
29572,4160,208,208,4579,21
29573,4161,10,10,2622,13
29574,4161,208,208,4579,21
29575,4161,210,210,4581,21
29576,4162,56,56,1184,7
29577,4162,159,159,1520,8
29578,4162,161,161,1522,8
29579,4162,166,166,1527,8
29580,4162,168,168,1529,8
29581,4162,171,171,1532,8
29582,4162,177,177,1538,8
29583,4162,182,182,1543,8
29584,4162,187,187,1548,8
29585,4162,193,193,1554,8
29586,4162,197,197,1558,8
29587,4162,205,206,1566,8
29588,4162,209,209,1570,8
29589,4162,226,226,1587,8
29590,4162,233,233,1594,8
29591,4162,13,15,1614,9
29592,4162,17,18,1618,9
29593,4162,21,22,1622,9
29594,4162,25,25,1626,9
29595,4162,27,27,1628,9
29596,4162,29,31,1630,9
29597,4162,33,33,1634,9
29598,4162,35,36,1636,9
29599,4162,38,38,1639,9
29600,4162,40,41,1641,9
29601,4162,48,48,1649,9
29602,4162,52,52,1653,9
29603,4162,62,62,1663,9
29604,4162,71,71,1672,9
29605,4162,73,74,1674,9
29606,4162,76,76,1677,9
29607,4162,86,87,1687,9
29608,4162,93,93,1694,9
29609,4162,96,96,1697,9
29610,4162,98,99,1699,9
29611,4162,103,103,1704,9
29612,4162,109,109,1710,9
29613,4162,113,113,1714,9
29614,4162,115,115,1716,9
29615,4162,142,142,1743,9
29616,4162,155,155,1756,9
29617,4162,160,160,1761,9
29618,4162,165,165,1766,9
29619,4162,168,169,1769,9
29620,4162,174,174,1775,9
29621,4162,176,176,1777,9
29622,4162,181,183,1782,9
29623,4162,189,189,1790,9
29624,4162,203,203,1804,9
29625,4162,206,206,1807,9
29626,4162,238,238,1839,9
29627,4162,242,242,1843,9
29628,4162,14,14,1869,10
29629,4162,34,35,1889,10
29630,4162,46,46,1901,10
29631,4162,50,55,1905,10
29632,4162,57,58,1912,10
29633,4162,64,66,1919,10
29634,4162,71,72,1926,10
29635,4162,78,78,1933,10
29636,4162,80,80,1935,10
29637,4162,96,96,1951,10
29638,4162,117,118,1972,10
29639,4162,122,122,1977,10
29640,4162,135,135,1990,10
29641,4162,137,137,1992,10
29642,4162,139,139,1994,10
29643,4162,150,154,2005,10
29644,4162,158,158,2013,10
29645,4162,165,165,2020,10
29646,4162,175,175,2030,10
29647,4162,197,197,2052,10
29648,4162,218,218,2073,10
29649,4162,226,226,2081,10
29650,4162,233,233,2088,10
29651,4162,237,237,2092,10
29652,4162,239,239,2094,10
29653,4162,247,247,2102,10
29654,4162,249,251,2104,10
29655,4162,11,11,2123,11
29656,4162,16,16,2128,11
29657,4162,25,26,2137,11
29658,4162,28,32,2140,11
29659,4162,34,34,2146,11
29660,4162,51,51,2163,11
29661,4162,53,53,2165,11
29662,4162,60,62,2172,11
29663,4162,68,68,2180,11
29664,4162,71,71,2183,11
29665,4162,77,77,2189,11
29666,4162,79,79,2191,11
29667,4162,81,81,2193,11
29668,4162,98,98,2210,11
29669,4162,105,105,2217,11
29670,4162,112,112,2224,11
29671,4162,131,135,2243,11
29672,4162,159,160,2271,11
29673,4162,162,162,2274,11
29674,4162,168,169,2280,11
29675,4162,176,176,2288,11
29676,4162,178,178,2290,11
29677,4162,180,180,2292,11
29678,4162,229,229,2341,11
29679,4162,7,9,2375,12
29680,4162,19,19,2387,12
29681,4162,47,47,2415,12
29682,4162,80,80,2448,12
29683,4162,84,84,2452,12
29684,4162,146,146,2514,12
29685,4162,159,159,2527,12
29686,4162,161,161,2529,12
29687,4162,215,215,2583,12
29688,4162,228,229,2596,12
29689,4162,233,233,2601,12
29690,4162,29,29,2641,13
29691,4162,32,32,2644,13
29692,4162,47,47,2659,13
29693,4162,50,50,2662,13
29694,4162,58,60,2670,13
29695,4162,87,87,2699,13
29696,4162,134,135,2746,13
29697,4162,145,145,2757,13
29698,4162,228,229,2840,13
29699,4162,232,233,2844,13
29700,4162,11,11,2870,14
29701,4162,22,22,2881,14
29702,4162,36,36,2895,14
29703,4162,57,58,2916,14
29704,4162,90,90,2949,14
29705,4162,224,225,3083,14
29706,4162,190,190,3292,15
29707,4162,10,13,3338,16
29708,4162,28,30,3356,16
29709,4162,68,68,3398,16
29710,4162,88,88,3418,16
29711,4162,131,131,3461,16
29712,4162,138,138,3468,16
29713,4162,152,152,3482,16
29714,4162,177,180,3507,16
29715,4162,202,202,3532,16
29716,4162,211,211,3541,16
29717,4162,229,229,3559,16
29718,4162,231,231,3561,16
29719,4162,242,242,3572,16
29720,4162,49,49,3629,17
29721,4162,53,53,3633,17
29722,4162,92,92,3672,17
29723,4162,160,160,3740,17
29724,4162,186,186,3766,17
29725,4162,21,21,3848,18
29726,4162,33,34,3860,18
29727,4162,64,65,3891,18
29728,4162,110,111,3937,18
29729,4162,122,122,3949,18
29730,4162,211,211,4038,18
29731,4162,62,62,4151,19
29732,4162,130,130,4219,19
29733,4162,141,141,4230,19
29734,4162,251,251,4340,19
29735,4162,49,49,4910,20
29736,4162,70,70,4931,20
29737,4162,174,175,5035,20
29738,4162,179,180,5040,20
29739,4162,6,7,4377,21
29740,4162,35,35,4406,21
29741,4162,104,104,4475,21
29742,4162,187,189,4824,22
29743,4163,14,15,1615,9
29744,4163,29,29,1630,9
29745,4163,38,38,1639,9
29746,4163,76,76,1677,9
29747,4163,86,87,1687,9
29748,4163,103,103,1704,9
29749,4163,155,155,1756,9
29750,4163,160,160,1761,9
29751,4163,242,242,1843,9
29752,4163,52,54,1907,10
29753,4163,56,56,1911,10
29754,4163,165,165,2020,10
29755,4163,218,218,2073,10
29756,4163,233,233,2088,10
29757,4163,30,30,2142,11
29758,4163,34,34,2146,11
29759,4163,62,62,2174,11
29760,4163,71,71,2183,11
29761,4163,79,79,2191,11
29762,4163,176,176,2288,11
29763,4163,191,193,2303,11
29764,4163,195,195,2307,11
29765,4163,197,197,2309,11
29766,4163,9,9,2377,12
29767,4163,48,48,2416,12
29768,4163,161,161,2529,12
29769,4163,145,145,2757,13
29770,4163,126,126,2985,14
29771,4163,224,224,3083,14
29772,4163,32,32,3134,15
29773,4163,10,10,3338,16
29774,4163,12,13,3340,16
29775,4163,28,29,3356,16
29776,4163,179,179,3509,16
29777,4163,49,49,3629,17
29778,4163,186,186,3766,17
29779,4163,111,111,3938,18
29780,4163,179,179,5040,20
29781,4164,106,106,996,6
29782,4164,109,109,999,6
29783,4165,254,254,2366,11
29784,4166,122,122,1977,10
29785,4166,79,79,3906,18
29786,4166,196,196,4023,18
29787,4167,36,36,1164,7
29788,4168,200,200,4571,21
29789,4169,140,140,4511,21
29790,4170,120,120,4491,21
29791,4170,123,123,4494,21
29792,4170,127,127,4498,21
29793,4170,134,134,4505,21
29794,4170,139,141,4510,21
29795,4170,202,202,4573,21
29796,4170,205,205,4576,21
29797,4170,207,207,4578,21
29798,4170,217,217,4588,21
29799,4170,47,47,4684,22
29800,4170,73,73,4710,22
29801,4170,110,118,4747,22
29802,4171,123,123,4494,21
29803,4171,134,134,4505,21
29804,4172,97,97,4468,21
29805,4173,38,38,37,1
29806,4173,146,146,145,1
29807,4173,150,150,149,1
29808,4173,152,152,151,1
29809,4173,171,171,170,1
29810,4173,107,107,290,2
29811,4173,133,133,316,2
29812,4173,139,139,322,2
29813,4173,143,143,326,2
29814,4173,220,220,868,5
29815,4173,233,235,881,5
29816,4173,69,70,959,6
29817,4173,110,112,1000,6
29818,4173,36,36,4897,20
29819,4174,155,155,154,1
29820,4175,136,136,1737,9
29821,4176,134,135,317,2
29822,4177,117,117,4978,20
29823,4178,230,230,2842,13
29824,4178,239,240,2851,13
29825,4178,11,11,2870,14
29826,4178,57,57,2916,14
29827,4178,236,239,3095,14
29828,4179,83,85,266,2
29829,4179,46,46,423,3
29830,4179,8,8,440,4
29831,4179,10,11,658,5
29832,4180,83,85,266,2
29833,4181,226,226,4315,19
29834,4181,231,231,4320,19
29835,4182,37,37,1165,7
29836,4183,114,114,4975,20
29837,4184,12,12,4873,20
29838,4185,96,96,95,1
29839,4186,263,263,4634,21
29840,4187,262,262,4633,21
29841,4188,85,85,268,2
29842,4188,106,106,289,2
29843,4189,231,231,3811,17
29844,4189,7,7,3834,18
29845,4190,269,269,4358,19
29846,4191,246,246,4335,19
29847,4192,253,253,2365,11
29848,4193,40,40,2408,12
29849,4194,175,176,3755,17
29850,4194,24,24,3851,18
29851,4195,75,75,1676,9
29852,4195,171,171,3501,16
29853,4196,173,173,3503,16
29854,4197,43,43,1171,7
29855,4197,47,47,1175,7
29856,4198,80,80,1681,9
29857,4199,58,58,1419,8
29858,4200,55,55,2167,11
29859,4201,33,33,4894,20
29860,4202,10,10,1611,9
29861,4202,117,118,2229,11
29862,4202,120,120,2979,14
29863,4202,124,124,2983,14
29864,4202,148,148,3007,14
29865,4202,157,158,3016,14
29866,4202,166,167,3025,14
29867,4202,227,227,3086,14
29868,4202,232,233,3091,14
29869,4202,22,23,3124,15
29870,4202,44,45,3146,15
29871,4202,169,169,3271,15
29872,4202,177,177,3279,15
29873,4202,34,34,3364,16
29874,4202,50,50,3380,16
29875,4202,67,67,3397,16
29876,4202,91,92,3421,16
29877,4202,141,141,3471,16
29878,4202,161,163,3491,16
29879,4202,211,211,3541,16
29880,4202,216,216,3796,17
29881,4202,18,18,3845,18
29882,4202,115,115,3942,18
29883,4202,144,144,3971,18
29884,4203,156,156,4245,19
29885,4204,125,125,124,1
29886,4204,1,1,378,3
29887,4205,96,96,1697,9
29888,4205,10,10,2122,11
29889,4206,264,264,4353,19
29890,4207,253,253,1854,9
29891,4208,77,77,1932,10
29892,4208,171,171,2026,10
29893,4208,239,240,2094,10
29894,4208,242,243,2097,10
29895,4208,8,8,2120,11
29896,4208,11,11,2123,11
29897,4208,16,16,2128,11
29898,4208,92,92,2204,11
29899,4208,113,113,2225,11
29900,4208,144,144,2256,11
29901,4208,92,93,2460,12
29902,4208,101,101,2469,12
29903,4208,111,111,2479,12
29904,4208,130,130,3460,16
29905,4209,200,200,4571,21
29906,4209,232,232,4603,21
29907,4209,234,234,4605,21
29908,4209,242,242,4613,21
29909,4209,47,47,4684,22
29910,4209,57,58,4694,22
29911,4209,68,68,4705,22
29912,4209,73,73,4710,22
29913,4209,75,76,4712,22
29914,4209,79,79,4716,22
29915,4210,73,73,4710,22
29916,4211,135,135,4996,20
29917,4212,77,77,3657,17
29918,4213,56,56,4427,21
29919,4214,149,150,2261,11
29920,4214,157,157,2269,11
29921,4214,197,197,2309,11
29922,4214,57,57,2425,12
29923,4214,101,101,2469,12
29924,4214,105,105,2473,12
29925,4214,206,207,2574,12
29926,4214,234,234,2602,12
29927,4214,6,6,2618,13
29928,4214,33,33,2645,13
29929,4214,60,61,2672,13
29930,4214,166,167,2778,13
29931,4214,226,226,2838,13
29932,4214,15,15,2874,14
29933,4214,27,27,2886,14
29934,4214,110,110,3440,16
29935,4214,19,19,4390,21
29936,4214,192,193,4563,21
29937,4214,168,170,4805,22
29938,4215,149,149,4238,19
29939,4215,156,156,4245,19
29940,4216,110,110,109,1
29941,4216,26,26,209,2
29942,4216,94,94,277,2
29943,4217,25,25,24,1
29944,4217,30,30,29,1
29945,4217,55,56,54,1
29946,4217,127,127,126,1
29947,4217,134,135,133,1
29948,4217,11,11,901,6
29949,4217,21,21,911,6
29950,4217,52,53,942,6
29951,4217,55,55,945,6
29952,4217,58,59,948,6
29953,4217,90,90,980,6
29954,4217,99,99,989,6
29955,4217,116,117,1006,6
29956,4217,121,121,1011,6
29957,4217,124,124,1014,6
29958,4217,126,126,1016,6
29959,4217,128,129,1018,6
29960,4217,190,195,1080,6
29961,4217,197,200,1087,6
29962,4217,20,20,1148,7
29963,4217,83,84,1211,7
29964,4217,102,103,1230,7
29965,4217,107,107,1235,7
29966,4217,113,129,1241,7
29967,4217,208,208,1809,9
29968,4217,210,210,1811,9
29969,4217,234,234,1835,9
29970,4217,38,38,2150,11
29971,4217,51,51,2663,13
29972,4217,139,139,4510,21
29973,4218,25,26,24,1
29974,4218,28,28,27,1
29975,4218,30,30,29,1
29976,4218,55,56,54,1
29977,4218,113,113,112,1
29978,4218,127,131,126,1
29979,4218,134,135,133,1
29980,4218,41,43,224,2
29981,4218,76,76,259,2
29982,4218,80,81,263,2
29983,4218,116,117,299,2
29984,4218,119,119,302,2
29985,4218,190,190,373,2
29986,4218,178,213,610,4
29987,4218,12,14,660,5
29988,4218,116,133,764,5
29989,4218,135,140,783,5
29990,4218,235,235,883,5
29991,4218,9,22,899,6
29992,4218,41,41,931,6
29993,4218,46,46,936,6
29994,4218,52,53,942,6
29995,4218,55,77,945,6
29996,4218,79,114,969,6
29997,4218,116,200,1006,6
29998,4218,236,237,1126,6
29999,4218,81,104,1209,7
30000,4218,113,129,1241,7
30001,4218,214,214,1342,7
30002,4218,45,53,1406,8
30003,4218,198,205,1559,8
30004,4218,214,220,1575,8
30005,4218,222,223,1583,8
30006,4218,29,29,1630,9
30007,4218,125,125,1726,9
30008,4218,209,211,1810,9
30009,4218,226,228,1827,9
30010,4218,234,234,1835,9
30011,4218,183,183,2038,10
30012,4218,17,17,2129,11
30013,4218,122,132,2734,13
30014,4218,134,135,2746,13
30015,4218,203,203,2815,13
30016,4218,169,171,3028,14
30017,4218,173,174,3032,14
30018,4218,176,177,3035,14
30019,4218,172,175,3274,15
30020,4218,42,43,3622,17
30021,4218,57,58,3637,17
30022,4218,183,184,3763,17
30023,4218,196,196,3776,17
30024,4218,24,25,4113,19
30025,4218,266,266,4355,19
30026,4218,277,279,4366,19
30027,4218,39,46,4900,20
30028,4218,52,52,4913,20
30029,4218,57,67,4918,20
30030,4218,69,69,4930,20
30031,4218,71,71,4932,20
30032,4218,92,92,4953,20
30033,4218,107,107,4968,20
30034,4218,109,109,4970,20
30035,4218,111,112,4972,20
30036,4218,114,114,4975,20
30037,4218,147,147,5008,20
30038,4218,166,166,5027,20
30039,4218,5,5,4376,21
30040,4218,39,40,4410,21
30041,4218,78,78,4449,21
30042,4218,80,80,4451,21
30043,4218,82,82,4453,21
30044,4218,84,84,4455,21
30045,4218,91,94,4462,21
30046,4218,96,96,4467,21
30047,4218,98,107,4469,21
30048,4218,139,139,4510,21
30049,4218,146,147,4517,21
30050,4218,47,47,4684,22
30051,4218,53,54,4690,22
30052,4218,131,154,4768,22
30053,4218,217,217,4854,22
30054,4219,221,221,1582,8
30055,4220,33,33,410,3
30056,4221,183,183,366,2
30057,4221,186,186,369,2
30058,4221,188,188,371,2
30059,4221,7,7,384,3
30060,4221,11,14,388,3
30061,4221,28,28,405,3
30062,4221,30,30,407,3
30063,4221,52,52,429,3
30064,4221,23,24,455,4
30065,4221,27,27,459,4
30066,4221,69,69,501,4
30067,4222,101,101,100,1
30068,4222,125,125,3952,18
30069,4222,197,197,4024,18
30070,4223,83,83,4172,19
30071,4224,62,62,4433,21
30072,4224,191,191,4828,22
30073,4225,96,96,4957,20
30074,4225,98,101,4959,20
30075,4225,103,103,4964,20
30076,4226,110,110,4199,19
30077,4227,8,8,191,2
30078,4228,111,111,4972,20
30079,4229,152,152,3732,17
30080,4230,172,173,355,2
30081,4231,247,247,4074,18
30082,4232,186,186,4557,21
30083,4232,36,36,4673,22
30084,4233,4,4,381,3
30085,4234,30,30,1158,7
30086,4235,172,172,3502,16
30087,4235,175,175,3505,16
30088,4235,193,194,3523,16
30089,4235,224,224,3804,17
30090,4235,226,226,3806,17
30091,4235,178,178,5039,20
30092,4236,175,175,358,2
30093,4236,104,104,536,4
30094,4237,30,30,1391,8
30095,4237,36,36,1397,8
30096,4238,138,138,1266,7
30097,4239,187,187,2555,12
30098,4240,21,21,204,2
30099,4241,207,207,4578,21
30100,4242,63,63,1191,7
30101,4243,9,9,2621,13
30102,4244,81,81,729,5
30103,4245,44,45,227,2
30104,4246,114,114,1715,9
30105,4246,133,133,1734,9
30106,4246,136,137,1737,9
30107,4247,54,54,1655,9
30108,4247,70,73,1671,9
30109,4247,242,242,1843,9
30110,4247,42,42,1897,10
30111,4247,118,118,1973,10
30112,4247,48,48,2660,13
30113,4248,225,225,1586,8
30114,4249,220,220,3800,17
30115,4250,213,213,4584,21
30116,4251,102,102,1463,8
30117,4251,35,35,1890,10
30118,4251,52,52,1907,10
30119,4251,79,80,1934,10
30120,4251,84,84,1939,10
30121,4251,68,68,2927,14
30122,4251,201,201,3531,16
30123,4251,66,66,3646,17
30124,4251,173,173,3753,17
30125,4251,176,176,3756,17
30126,4251,261,261,4088,18
30127,4252,38,38,2650,13
30128,4253,265,265,4354,19
30129,4254,110,111,109,1
30130,4254,95,95,278,2
30131,4255,233,234,4322,19
30132,4255,237,237,4326,19
30133,4255,242,242,4331,19
30134,4256,157,157,4246,19
30135,4257,171,171,4260,19
30136,4258,209,209,4580,21
30137,4259,86,86,4175,19
30138,4259,98,98,4187,19
30139,4259,111,111,4200,19
30140,4259,164,164,4253,19
30141,4259,181,181,4270,19
30142,4259,228,229,4317,19
30143,4259,232,232,4321,19
30144,4259,239,239,4328,19
30145,4259,241,241,4330,19
30146,4259,243,244,4332,19
30147,4259,12,12,4873,20
30148,4259,16,16,4877,20
30149,4259,106,106,4967,20
30150,4259,110,110,4971,20
30151,4259,71,71,4442,21
30152,4260,153,153,4524,21
30153,4260,159,159,4530,21
30154,4260,161,161,4532,21
30155,4261,107,107,4196,19
30156,4261,110,110,4199,19
30157,4261,118,118,4207,19
30158,4261,131,131,4220,19
30159,4261,133,133,4222,19
30160,4261,159,159,4248,19
30161,4261,172,172,4261,19
30162,4261,181,181,4270,19
30163,4261,246,247,4335,19
30164,4261,19,19,4880,20
30165,4261,85,85,4946,20
30166,4262,26,28,4887,20
30167,4263,23,23,1151,7
30168,4264,30,32,2398,12
30169,4265,8,8,191,2
30170,4266,45,45,2904,14
30171,4267,5,5,188,2
30172,4268,148,148,796,5
30173,4269,38,38,1639,9
30174,4269,93,94,3673,17
30175,4270,90,90,980,6
30176,4271,194,194,2562,12
30177,4271,58,58,2917,14
30178,4272,165,165,1055,6
30179,4272,141,141,3968,18
30180,4273,153,153,4524,21
30181,4274,62,62,2174,11
30182,4275,276,276,4365,19
30183,4275,38,38,4409,21
30184,4275,177,177,4548,21
30185,4275,207,207,4578,21
30186,4276,200,200,1561,8
30187,4277,202,202,1563,8
30188,4278,214,214,3316,15
30189,4279,152,152,151,1
30190,4279,165,165,164,1
30191,4279,179,179,178,1
30192,4279,34,34,217,2
30193,4280,209,209,4580,21
30194,4281,171,171,4260,19
30195,4282,105,105,537,4
30196,4283,219,219,4046,18
30197,4283,226,226,4053,18
30198,4283,7,7,4096,19
30199,4283,21,21,4110,19
30200,4284,219,219,4046,18
30201,4284,230,230,4057,18
30202,4284,6,7,4095,19
30203,4284,11,11,4100,19
30204,4285,6,6,4095,19
30205,4286,97,97,745,5
30206,4287,223,223,4312,19
30207,4288,77,77,2189,11
30208,4288,79,79,2191,11
30209,4288,171,171,2283,11
30210,4289,93,93,276,2
30211,4290,172,172,355,2
30212,4291,78,78,4449,21
30213,4291,84,84,4455,21
30214,4292,98,99,281,2
30215,4293,160,160,2272,11
30216,4293,185,185,2297,11
30217,4293,12,12,2380,12
30218,4293,16,16,2384,12
30219,4293,21,21,2389,12
30220,4293,157,157,2525,12
30221,4293,135,135,2994,14
30222,4293,140,140,2999,14
30223,4293,25,25,3605,17
30224,4293,173,173,3753,17
30225,4293,118,118,3945,18
30226,4293,152,152,3979,18
30227,4293,198,198,4025,18
30228,4293,261,261,4088,18
30229,4293,148,148,4237,19
30230,4293,66,66,4437,21
30231,4293,218,218,4589,21
30232,4294,207,207,4578,21
30233,4295,52,52,3879,18
30234,4296,7,7,2619,13
30235,4297,44,45,1172,7
30236,4297,50,50,1178,7
30237,4297,108,109,1236,7
30238,4298,7,7,3335,16
30239,4299,211,211,4582,21
30240,4299,213,213,4584,21
30241,4300,107,107,539,4
30242,4300,70,70,2682,13
30243,4301,155,155,4526,21
30244,4302,224,224,1114,6
30245,4303,67,67,715,5
30246,4303,76,76,724,5
30247,4303,91,92,739,5
30248,4303,99,99,747,5
30249,4303,103,103,751,5
30250,4303,108,108,756,5
30251,4303,148,148,796,5
30252,4303,11,11,1372,8
30253,4303,38,39,1399,8
30254,4303,54,56,1415,8
30255,4303,65,66,1426,8
30256,4303,69,72,1430,8
30257,4303,74,76,1435,8
30258,4303,92,93,1453,8
30259,4303,142,143,1503,8
30260,4303,171,171,1532,8
30261,4303,183,183,1544,8
30262,4303,212,212,1573,8
30263,4303,225,225,1586,8
30264,4303,230,230,1591,8
30265,4303,19,20,1620,9
30266,4303,42,42,1643,9
30267,4303,47,47,1648,9
30268,4303,54,55,1655,9
30269,4303,81,81,1682,9
30270,4303,86,87,1687,9
30271,4303,96,96,1697,9
30272,4303,98,99,1699,9
30273,4303,103,103,1704,9
30274,4303,109,109,1710,9
30275,4303,112,112,1713,9
30276,4303,117,117,1718,9
30277,4303,121,121,1722,9
30278,4303,160,160,1761,9
30279,4303,203,203,1804,9
30280,4303,35,35,1890,10
30281,4303,52,52,1907,10
30282,4303,55,56,1910,10
30283,4303,58,58,1913,10
30284,4303,73,73,1928,10
30285,4303,97,97,1952,10
30286,4303,160,160,2015,10
30287,4303,165,165,2020,10
30288,4303,186,186,2041,10
30289,4303,51,51,2163,11
30290,4303,70,72,2182,11
30291,4303,90,90,2202,11
30292,4303,175,176,2287,11
30293,4303,178,179,2290,11
30294,4303,83,83,2451,12
30295,4303,121,121,2489,12
30296,4303,36,36,2895,14
30297,4303,101,102,2960,14
30298,4303,109,109,2968,14
30299,4303,68,68,3398,16
30300,4303,131,131,3461,16
30301,4303,141,144,3471,16
30302,4303,211,211,3541,16
30303,4303,230,230,3560,16
30304,4303,50,50,3630,17
30305,4303,14,14,3841,18
30306,4303,21,21,3848,18
30307,4303,172,175,3999,18
30308,4303,184,185,4011,18
30309,4303,170,170,5031,20
30310,4303,70,70,4441,21
30311,4303,194,194,4831,22
30312,4304,91,91,739,5
30313,4304,55,56,1416,8
30314,4304,71,72,1432,8
30315,4304,75,75,1436,8
30316,4304,92,93,1453,8
30317,4304,230,230,1591,8
30318,4304,20,20,1621,9
30319,4304,55,55,1656,9
30320,4304,81,81,1682,9
30321,4304,86,87,1687,9
30322,4304,96,96,1697,9
30323,4304,121,121,1722,9
30324,4304,160,160,1761,9
30325,4304,52,52,1907,10
30326,4304,55,55,1910,10
30327,4304,58,58,1913,10
30328,4304,97,97,1952,10
30329,4304,186,186,2041,10
30330,4304,70,73,2182,11
30331,4304,90,90,2202,11
30332,4304,102,102,2961,14
30333,4304,173,174,4000,18
30334,4304,176,176,4003,18
30335,4304,70,70,4441,21
30336,4305,100,102,1228,7
30337,4306,192,192,5053,20
30338,4307,215,215,4586,21
30339,4308,58,58,2917,14
30340,4309,190,191,4827,22
30341,4310,74,74,1675,9
30342,4310,19,19,4108,19
30343,4311,53,53,1181,7
30344,4311,80,80,1208,7
30345,4311,144,144,1272,7
30346,4311,74,74,1675,9
30347,4311,8,9,2867,14
30348,4311,75,75,3655,17
30349,4311,19,19,4108,19
30350,4311,46,46,4417,21
30351,4312,139,140,3469,16
30352,4312,144,145,3474,16
30353,4312,148,148,3478,16
30354,4312,150,152,3480,16
30355,4312,76,76,3656,17
30356,4313,208,208,3067,14
30357,4313,9,9,3111,15
30358,4313,14,14,3116,15
30359,4313,17,17,3119,15
30360,4313,27,28,3129,15
30361,4313,57,57,3159,15
30362,4313,68,68,3170,15
30363,4313,72,74,3174,15
30364,4313,194,194,3296,15
30365,4313,196,196,3298,15
30366,4313,109,109,3439,16
30367,4313,74,74,4163,19
30368,4313,24,24,4395,21
30369,4314,143,144,4780,22
30370,4315,38,38,4409,21
30371,4316,78,78,4449,21
30372,4317,257,257,4628,21
30373,4318,257,257,4628,21
30374,4319,257,257,4628,21
30375,4320,103,103,993,6
30376,4321,166,166,4537,21
30377,4322,276,276,4365,19
30378,4323,162,162,4251,19
30379,4324,242,242,4069,18
30380,4325,177,177,2789,13
30381,4326,169,169,1297,7
30382,4327,93,93,4954,20
30383,4328,155,155,4526,21
30384,4328,157,157,4528,21
30385,4328,163,163,4534,21
30386,4329,197,198,4286,19
30387,4330,16,16,2128,11
30388,4330,6,6,2374,12
30389,4330,58,58,2426,12
30390,4330,61,61,2429,12
30391,4330,104,104,2472,12
30392,4330,110,110,2478,12
30393,4330,113,114,2481,12
30394,4330,128,128,2496,12
30395,4330,137,137,2505,12
30396,4330,146,146,2514,12
30397,4330,160,160,2528,12
30398,4330,19,19,2631,13
30399,4330,21,21,2633,13
30400,4330,56,56,2668,13
30401,4330,31,31,2890,14
30402,4330,20,20,3348,16
30403,4330,37,37,3367,16
30404,4330,70,70,3400,16
30405,4330,82,82,3412,16
30406,4330,101,101,3431,16
30407,4330,110,113,3440,16
30408,4330,127,127,3457,16
30409,4330,130,130,3460,16
30410,4330,174,174,5035,20
30411,4330,212,212,4583,21
30412,4331,36,36,3616,17
30413,4332,177,177,2545,12
30414,4333,55,55,1183,7
30415,4333,111,111,1239,7
30416,4334,55,55,1183,7
30417,4335,218,218,3548,16
30418,4336,94,94,1695,9
30419,4336,218,218,3548,16
30420,4337,120,120,3700,17
30421,4338,22,22,21,1
30422,4339,108,108,4197,19
30423,4340,144,145,4515,21
30424,4340,71,71,4708,22
30425,4341,30,30,2398,12
30426,4341,32,32,2400,12
30427,4342,164,164,1525,8
30428,4342,193,194,1554,8
30429,4342,107,107,1708,9
30430,4342,246,246,2858,13
30431,4342,246,247,4073,18
30432,4342,69,69,4440,21
30433,4342,195,195,4566,21
30434,4343,221,221,2076,10
30435,4343,247,247,2102,10
30436,4343,7,8,2119,11
30437,4343,54,54,2166,11
30438,4343,57,57,2169,11
30439,4343,142,142,2254,11
30440,4343,149,149,2261,11
30441,4343,167,167,2279,11
30442,4343,48,48,2416,12
30443,4343,123,123,2491,12
30444,4343,156,156,2524,12
30445,4343,206,206,2574,12
30446,4343,71,71,2683,13
30447,4343,109,109,2968,14
30448,4343,124,124,3454,16
30449,4343,59,59,4430,21
30450,4344,113,114,1003,6
30451,4345,114,114,4975,20
30452,4346,29,29,28,1
30453,4346,14,14,391,3
30454,4346,34,34,411,3
30455,4346,51,51,428,3
30456,4346,153,153,3980,18
30457,4347,214,214,862,5
30458,4347,13,13,1614,9
30459,4347,162,162,2017,10
30460,4347,24,24,2136,11
30461,4347,153,153,3980,18
30462,4347,68,68,4439,21
30463,4347,76,76,4447,21
30464,4348,218,218,1108,6
30465,4348,148,148,1749,9
30466,4348,68,68,4439,21
30467,4348,240,240,4611,21
30468,4348,65,65,4702,22
30469,4349,192,192,5053,20
30470,4350,35,35,683,5
30471,4351,46,46,1174,7
30472,4352,46,46,1174,7
30473,4353,207,207,4578,21
30474,4353,209,209,4580,21
30475,4354,160,160,1288,7
30476,4354,92,92,2460,12
30477,4355,5,5,1860,10
30478,4356,95,95,4184,19
30479,4356,122,123,4211,19
30480,4356,150,150,4239,19
30481,4356,156,156,4245,19
30482,4356,166,166,4255,19
30483,4356,252,253,4341,19
30484,4356,17,17,4878,20
30485,4357,77,77,509,4
30486,4358,13,13,1614,9
30487,4359,221,222,3551,16
30488,4360,119,119,302,2
30489,4361,101,101,3928,18
30490,4362,126,126,309,2
30491,4363,18,18,3120,15
30492,4363,134,134,4995,20
30493,4364,145,145,144,1
30494,4364,127,127,310,2
30495,4364,9,9,386,3
30496,4364,48,48,425,3
30497,4364,146,146,794,5
30498,4364,213,213,861,5
30499,4365,157,157,4246,19
30500,4366,106,107,2718,13
30501,4367,141,141,140,1
30502,4367,150,151,149,1
30503,4367,153,154,152,1
30504,4367,159,162,158,1
30505,4367,165,165,164,1
30506,4367,167,167,166,1
30507,4367,63,63,246,2
30508,4367,133,133,2992,14
30509,4368,32,32,3612,17
30510,4368,150,152,3977,18
30511,4368,198,198,4025,18
30512,4368,260,260,4087,18
30513,4369,47,47,2906,14
30514,4369,210,210,4299,19
30515,4370,117,117,4978,20
30516,4371,53,54,943,6
30517,4371,67,67,957,6
30518,4372,114,114,4203,19
30519,4372,128,128,4217,19
30520,4372,165,165,4254,19
30521,4372,225,225,4314,19
30522,4373,253,253,1854,9
30523,4374,7,7,3834,18
30524,4375,54,58,944,6
30525,4375,67,67,957,6
30526,4375,112,112,1002,6
30527,4375,114,114,1004,6
30528,4376,55,55,945,6
30529,4377,201,201,3303,15
30530,4378,49,49,2908,14
30531,4379,104,104,1232,7
30532,4380,69,70,1670,9
30533,4380,99,99,1700,9
30534,4380,102,102,1703,9
30535,4380,125,125,2237,11
30536,4380,127,127,2239,11
30537,4380,37,37,2405,12
30538,4380,77,77,2445,12
30539,4380,98,98,2466,12
30540,4380,101,101,2469,12
30541,4380,32,32,2644,13
30542,4380,54,56,2666,13
30543,4380,122,122,2981,14
30544,4380,76,77,3903,18
30545,4381,26,26,403,3
30546,4382,11,12,2623,13
30547,4382,60,61,2672,13
30548,4382,204,204,2816,13
30549,4382,114,115,2973,14
30550,4382,29,30,3609,17
30551,4383,210,210,1811,9
30552,4383,230,230,1831,9
30553,4383,119,119,2231,11
30554,4383,10,10,2378,12
30555,4384,159,159,807,5
30556,4384,167,167,815,5
30557,4384,172,172,820,5
30558,4384,187,187,835,5
30559,4384,195,195,843,5
30560,4384,220,220,1110,6
30561,4384,229,229,1119,6
30562,4385,180,180,363,2
30563,4385,183,183,366,2
30564,4385,9,9,386,3
30565,4386,112,112,1002,6
30566,4387,213,213,2581,12
30567,4387,217,217,2585,12
30568,4387,102,102,3432,16
30569,4388,169,169,2024,10
30570,4389,169,169,2024,10
30571,4390,164,165,1054,6
30572,4391,228,228,1118,6
30573,4392,31,31,30,1
30574,4392,44,45,43,1
30575,4393,257,257,4628,21
30576,4394,216,216,4305,19
30577,4395,27,27,3129,15
30578,4396,107,107,1235,7
30579,4396,113,129,1241,7
30580,4397,52,52,235,2
30581,4397,34,34,4123,19
30582,4397,52,52,4141,19
30583,4397,234,234,4323,19
30584,4397,236,236,4325,19
30585,4397,242,242,4331,19
30586,4398,234,234,4323,19
30587,4398,236,236,4325,19
30588,4398,242,242,4331,19
30589,4399,78,78,4449,21
30590,4400,208,208,3538,16
30591,4401,171,171,5032,20
30592,4402,160,160,1288,7
30593,4402,110,110,2478,12
30594,4402,135,135,2994,14
30595,4402,16,16,3344,16
30596,4402,216,216,3796,17
30597,4403,221,221,1349,7
30598,4403,86,86,1447,8
30599,4403,149,149,1510,8
30600,4403,42,42,1643,9
30601,4403,57,57,1658,9
30602,4403,94,96,1695,9
30603,4403,106,107,1707,9
30604,4403,113,114,1714,9
30605,4403,123,123,1724,9
30606,4403,147,147,1748,9
30607,4403,32,32,1887,10
30608,4403,64,64,1919,10
30609,4403,66,66,1921,10
30610,4403,105,105,1960,10
30611,4403,128,128,1983,10
30612,4403,162,162,2017,10
30613,4403,199,200,2054,10
30614,4403,229,229,2084,10
30615,4403,51,51,2163,11
30616,4403,40,40,2408,12
30617,4403,110,110,2478,12
30618,4403,130,130,2498,12
30619,4403,60,60,3390,16
30620,4403,71,71,3401,16
30621,4403,230,231,3560,16
30622,4403,12,12,3839,18
30623,4403,100,100,3927,18
30624,4403,163,164,3990,18
30625,4403,171,178,3998,18
30626,4403,201,201,4028,18
30627,4403,212,212,4039,18
30628,4403,219,219,4046,18
30629,4403,227,227,4054,18
30630,4403,229,229,4056,18
30631,4403,233,236,4060,18
30632,4403,240,241,4067,18
30633,4403,250,250,4077,18
30634,4403,20,20,4109,19
30635,4403,51,51,4912,20
30636,4403,167,168,5028,20
30637,4403,12,12,4383,21
30638,4403,19,19,4390,21
30639,4403,68,68,4439,21
30640,4403,75,76,4446,21
30641,4403,218,218,4589,21
30642,4403,155,155,4792,22
30643,4403,163,164,4800,22
30644,4403,182,182,4819,22
30645,4404,121,121,553,4
30646,4404,166,166,598,4
30647,4404,170,170,602,4
30648,4404,174,174,606,4
30649,4404,40,40,688,5
30650,4404,44,47,692,5
30651,4404,52,53,700,5
30652,4404,56,56,704,5
30653,4404,67,67,715,5
30654,4404,74,74,722,5
30655,4404,84,84,732,5
30656,4404,92,92,740,5
30657,4404,95,95,743,5
30658,4404,101,101,749,5
30659,4404,108,108,756,5
30660,4404,111,111,759,5
30661,4404,148,148,796,5
30662,4404,203,203,1331,7
30663,4404,54,55,1415,8
30664,4404,65,66,1426,8
30665,4404,171,171,1532,8
30666,4404,22,22,1623,9
30667,4404,47,47,1648,9
30668,4404,54,55,1655,9
30669,4404,64,64,1665,9
30670,4404,73,73,1674,9
30671,4404,75,75,1676,9
30672,4404,116,117,1717,9
30673,4404,159,160,2014,10
30674,4404,190,192,2045,10
30675,4404,53,53,2165,11
30676,4404,178,179,2290,11
30677,4404,15,15,2383,12
30678,4404,136,136,2504,12
30679,4404,191,191,2803,13
30680,4404,11,11,2870,14
30681,4404,142,142,3472,16
30682,4404,230,231,3560,16
30683,4404,229,229,3809,17
30684,4404,21,21,3848,18
30685,4404,45,45,3872,18
30686,4404,173,173,4000,18
30687,4404,187,187,4014,18
30688,4404,238,239,4065,18
30689,4405,54,54,1415,8
30690,4405,160,160,2015,10
30691,4406,110,110,1000,6
30692,4406,228,228,1118,6
30693,4406,41,42,1169,7
30694,4406,74,74,1202,7
30695,4406,44,44,1405,8
30696,4406,102,102,1703,9
30697,4406,163,163,1764,9
30698,4406,149,149,3251,15
30699,4406,89,89,3419,16
30700,4407,177,179,176,1
30701,4407,5,19,188,2
30702,4407,21,31,204,2
30703,4407,33,41,216,2
30704,4407,45,55,228,2
30705,4407,58,58,241,2
30706,4407,60,63,243,2
30707,4407,65,65,248,2
30708,4407,67,74,250,2
30709,4407,80,82,263,2
30710,4407,84,84,267,2
30711,4407,90,90,273,2
30712,4407,97,97,280,2
30713,4407,99,100,282,2
30714,4407,106,108,289,2
30715,4407,110,111,293,2
30716,4407,118,118,301,2
30717,4407,123,124,306,2
30718,4407,127,127,310,2
30719,4407,135,136,318,2
30720,4407,138,138,321,2
30721,4407,140,141,323,2
30722,4407,148,149,331,2
30723,4407,153,153,336,2
30724,4407,158,158,341,2
30725,4407,162,162,345,2
30726,4407,178,178,361,2
30727,4407,181,182,364,2
30728,4407,188,189,371,2
30729,4407,191,191,374,2
30730,4407,3,3,380,3
30731,4407,6,7,383,3
30732,4407,9,9,386,3
30733,4407,12,12,389,3
30734,4407,16,16,393,3
30735,4407,21,21,398,3
30736,4407,13,14,445,4
30737,4407,17,20,449,4
30738,4407,22,24,454,4
30739,4407,26,26,458,4
30740,4407,29,29,461,4
30741,4407,33,33,465,4
30742,4407,36,37,468,4
30743,4407,40,40,472,4
30744,4407,47,47,479,4
30745,4407,49,55,481,4
30746,4407,58,62,490,4
30747,4407,64,64,496,4
30748,4407,77,77,509,4
30749,4407,80,81,512,4
30750,4407,87,87,519,4
30751,4407,103,103,535,4
30752,4407,110,110,542,4
30753,4407,125,125,557,4
30754,4407,130,130,562,4
30755,4407,136,136,568,4
30756,4407,139,139,571,4
30757,4407,141,141,573,4
30758,4407,143,143,575,4
30759,4407,145,146,577,4
30760,4407,148,148,580,4
30761,4407,153,153,585,4
30762,4407,161,163,593,4
30763,4407,170,171,602,4
30764,4407,173,175,605,4
30765,4407,13,13,661,5
30766,4407,23,23,671,5
30767,4407,28,29,676,5
30768,4407,38,38,686,5
30769,4407,40,40,688,5
30770,4407,43,45,691,5
30771,4407,51,51,699,5
30772,4407,53,54,701,5
30773,4407,57,57,705,5
30774,4407,60,66,708,5
30775,4407,68,68,716,5
30776,4407,70,70,718,5
30777,4407,73,73,721,5
30778,4407,75,77,723,5
30779,4407,79,79,727,5
30780,4407,81,81,729,5
30781,4407,83,91,731,5
30782,4407,93,94,741,5
30783,4407,96,99,744,5
30784,4407,102,104,750,5
30785,4407,106,109,754,5
30786,4407,112,113,760,5
30787,4407,115,116,763,5
30788,4407,142,145,790,5
30789,4407,147,150,795,5
30790,4407,153,165,801,5
30791,4407,167,168,815,5
30792,4407,170,172,818,5
30793,4407,174,174,822,5
30794,4407,176,176,824,5
30795,4407,178,181,826,5
30796,4407,183,184,831,5
30797,4407,186,197,834,5
30798,4407,200,205,848,5
30799,4407,209,211,857,5
30800,4407,213,213,861,5
30801,4407,215,217,863,5
30802,4407,219,220,867,5
30803,4407,222,223,870,5
30804,4407,225,228,873,5
30805,4407,230,230,878,5
30806,4407,232,235,880,5
30807,4407,9,31,899,6
30808,4407,33,33,923,6
30809,4407,35,35,925,6
30810,4407,37,37,927,6
30811,4407,40,41,930,6
30812,4407,46,47,936,6
30813,4407,52,52,942,6
30814,4407,100,100,990,6
30815,4407,105,107,995,6
30816,4407,109,111,999,6
30817,4407,162,162,1052,6
30818,4407,188,188,1078,6
30819,4407,201,202,1091,6
30820,4407,206,208,1096,6
30821,4407,210,211,1100,6
30822,4407,213,221,1103,6
30823,4407,223,223,1113,6
30824,4407,225,229,1115,6
30825,4407,231,232,1121,6
30826,4407,18,20,1146,7
30827,4407,26,26,1154,7
30828,4407,28,28,1156,7
30829,4407,37,37,1165,7
30830,4407,42,42,1170,7
30831,4407,44,44,1172,7
30832,4407,49,49,1177,7
30833,4407,51,51,1179,7
30834,4407,67,69,1195,7
30835,4407,71,71,1199,7
30836,4407,74,74,1202,7
30837,4407,103,103,1231,7
30838,4407,109,109,1237,7
30839,4407,126,126,1254,7
30840,4407,130,138,1258,7
30841,4407,140,143,1268,7
30842,4407,145,151,1273,7
30843,4407,153,160,1281,7
30844,4407,169,170,1297,7
30845,4407,175,175,1303,7
30846,4407,178,178,1306,7
30847,4407,182,182,1310,7
30848,4407,193,193,1321,7
30849,4407,197,197,1325,7
30850,4407,204,205,1332,7
30851,4407,214,215,1342,7
30852,4407,217,217,1345,7
30853,4407,219,219,1347,7
30854,4407,221,225,1349,7
30855,4407,227,230,1355,7
30856,4407,7,8,1368,8
30857,4407,10,10,1371,8
30858,4407,13,13,1374,8
30859,4407,19,19,1380,8
30860,4407,26,26,1387,8
30861,4407,30,30,1391,8
30862,4407,33,33,1394,8
30863,4407,38,38,1399,8
30864,4407,42,43,1403,8
30865,4407,46,46,1407,8
30866,4407,51,51,1412,8
30867,4407,57,60,1418,8
30868,4407,64,64,1425,8
30869,4407,66,69,1427,8
30870,4407,75,75,1436,8
30871,4407,80,84,1441,8
30872,4407,86,95,1447,8
30873,4407,99,99,1460,8
30874,4407,103,103,1464,8
30875,4407,105,105,1466,8
30876,4407,119,120,1480,8
30877,4407,122,122,1483,8
30878,4407,124,124,1485,8
30879,4407,133,133,1494,8
30880,4407,135,135,1496,8
30881,4407,146,146,1507,8
30882,4407,166,166,1527,8
30883,4407,178,178,1539,8
30884,4407,183,183,1544,8
30885,4407,185,185,1546,8
30886,4407,187,187,1548,8
30887,4407,204,205,1565,8
30888,4407,209,209,1570,8
30889,4407,212,212,1573,8
30890,4407,217,220,1578,8
30891,4407,222,223,1583,8
30892,4407,227,228,1588,8
30893,4407,231,231,1592,8
30894,4407,233,233,1594,8
30895,4407,8,8,1609,9
30896,4407,10,10,1611,9
30897,4407,12,12,1613,9
30898,4407,21,21,1622,9
30899,4407,27,27,1628,9
30900,4407,32,33,1633,9
30901,4407,41,41,1642,9
30902,4407,46,47,1647,9
30903,4407,53,55,1654,9
30904,4407,64,65,1665,9
30905,4407,87,87,1688,9
30906,4407,102,102,1703,9
30907,4407,104,104,1705,9
30908,4407,112,112,1713,9
30909,4407,118,121,1719,9
30910,4407,160,165,1761,9
30911,4407,167,167,1768,9
30912,4407,171,171,1772,9
30913,4407,175,175,1776,9
30914,4407,187,187,1788,9
30915,4407,190,190,1791,9
30916,4407,192,192,1793,9
30917,4407,195,195,1796,9
30918,4407,197,197,1798,9
30919,4407,199,201,1800,9
30920,4407,203,204,1804,9
30921,4407,237,237,1838,9
30922,4407,7,11,1862,10
30923,4407,58,59,1913,10
30924,4407,61,62,1916,10
30925,4407,64,65,1919,10
30926,4407,67,67,1922,10
30927,4407,108,108,1963,10
30928,4407,153,153,2008,10
30929,4407,169,169,2024,10
30930,4407,234,235,2089,10
30931,4407,7,8,2119,11
30932,4407,83,83,2195,11
30933,4407,88,88,2200,11
30934,4407,126,126,2238,11
30935,4407,128,129,2240,11
30936,4407,142,142,2254,11
30937,4407,167,167,2279,11
30938,4407,24,24,2392,12
30939,4407,38,39,2406,12
30940,4407,45,45,2413,12
30941,4407,82,82,2450,12
30942,4407,90,90,2458,12
30943,4407,109,109,2477,12
30944,4407,113,114,2481,12
30945,4407,120,123,2488,12
30946,4407,131,131,2499,12
30947,4407,134,136,2502,12
30948,4407,139,139,2507,12
30949,4407,147,148,2515,12
30950,4407,160,160,2528,12
30951,4407,165,165,2533,12
30952,4407,191,192,2559,12
30953,4407,198,198,2566,12
30954,4407,202,203,2570,12
30955,4407,209,209,2577,12
30956,4407,11,11,2623,13
30957,4407,44,44,2656,13
30958,4407,103,103,2715,13
30959,4407,115,115,2727,13
30960,4407,119,119,2731,13
30961,4407,170,170,2782,13
30962,4407,198,198,2810,13
30963,4407,232,233,2844,13
30964,4407,25,25,2884,14
30965,4407,31,31,2890,14
30966,4407,44,44,2903,14
30967,4407,46,46,2905,14
30968,4407,85,85,2944,14
30969,4407,109,110,2968,14
30970,4407,134,134,2993,14
30971,4407,140,141,2999,14
30972,4407,44,44,3146,15
30973,4407,83,84,3185,15
30974,4407,149,149,3251,15
30975,4407,185,186,3287,15
30976,4407,35,35,3365,16
30977,4407,60,60,3390,16
30978,4407,85,89,3415,16
30979,4407,98,98,3428,16
30980,4407,103,103,3433,16
30981,4407,114,114,3444,16
30982,4407,121,125,3451,16
30983,4407,132,132,3462,16
30984,4407,182,183,3512,16
30985,4407,224,224,3554,16
30986,4407,242,242,3572,16
30987,4407,29,29,3609,17
30988,4407,64,64,3644,17
30989,4407,88,88,3668,17
30990,4407,92,92,3672,17
30991,4407,116,116,3696,17
30992,4407,204,205,3784,17
30993,4407,213,214,3793,17
30994,4407,216,216,3796,17
30995,4407,229,230,3809,17
30996,4407,14,14,3841,18
30997,4407,71,71,3898,18
30998,4407,78,78,3905,18
30999,4407,90,90,3917,18
31000,4407,185,186,4012,18
31001,4407,198,198,4025,18
31002,4407,258,259,4085,18
31003,4407,22,22,4111,19
31004,4407,27,28,4116,19
31005,4407,30,30,4119,19
31006,4407,57,58,4146,19
31007,4407,62,62,4151,19
31008,4407,84,84,4173,19
31009,4407,143,143,4232,19
31010,4407,145,145,4234,19
31011,4407,157,157,4246,19
31012,4407,181,181,4270,19
31013,4407,185,185,4274,19
31014,4407,218,219,4307,19
31015,4407,228,228,4317,19
31016,4407,237,237,4326,19
31017,4407,254,254,4343,19
31018,4407,22,22,4883,20
31019,4407,53,54,4914,20
31020,4407,170,170,5031,20
31021,4407,11,11,4382,21
31022,4407,22,23,4393,21
31023,4407,33,33,4404,21
31024,4407,161,162,4798,22
31025,4407,194,194,4831,22
31026,4408,73,73,1201,7
31027,4409,42,42,1170,7
31028,4409,44,44,1172,7
31029,4409,102,102,1703,9
31030,4410,123,123,3453,16
31031,4411,41,42,1169,7
31032,4411,44,45,1172,7
31033,4411,69,69,1197,7
31034,4411,72,74,1200,7
31035,4411,109,109,1237,7
31036,4412,33,33,216,2
31037,4412,41,42,1169,7
31038,4412,44,44,1172,7
31039,4412,69,69,1197,7
31040,4412,73,74,1201,7
31041,4412,108,109,1236,7
31042,4412,44,44,1405,8
31043,4412,102,102,1703,9
31044,4412,119,120,1720,9
31045,4412,163,163,1764,9
31046,4412,201,201,1802,9
31047,4412,120,120,2488,12
31048,4412,192,192,2560,12
31049,4412,89,89,3419,16
31050,4413,23,23,4394,21
31051,4414,123,123,3453,16
31052,4415,176,178,175,1
31053,4415,36,36,468,4
31054,4415,37,37,1165,7
31055,4415,41,45,1169,7
31056,4415,53,53,1181,7
31057,4415,58,58,1186,7
31058,4415,70,71,1198,7
31059,4415,74,74,1202,7
31060,4415,80,80,1208,7
31061,4415,103,103,1231,7
31062,4415,108,109,1236,7
31063,4415,130,131,1258,7
31064,4415,134,143,1262,7
31065,4415,145,145,1273,7
31066,4415,147,147,1275,7
31067,4415,150,150,1278,7
31068,4415,153,153,1281,7
31069,4415,155,157,1283,7
31070,4415,159,161,1287,7
31071,4415,167,167,1295,7
31072,4415,169,170,1297,7
31073,4415,174,175,1302,7
31074,4415,178,178,1306,7
31075,4415,181,181,1309,7
31076,4415,184,186,1312,7
31077,4415,188,192,1316,7
31078,4415,217,217,1345,7
31079,4415,219,221,1347,7
31080,4415,8,9,1369,8
31081,4415,14,14,1375,8
31082,4415,20,21,1381,8
31083,4415,24,24,1385,8
31084,4415,26,26,1387,8
31085,4415,31,34,1392,8
31086,4415,40,41,1401,8
31087,4415,43,44,1404,8
31088,4415,58,58,1419,8
31089,4415,60,60,1421,8
31090,4415,66,68,1427,8
31091,4415,70,72,1431,8
31092,4415,75,75,1436,8
31093,4415,79,80,1440,8
31094,4415,86,86,1447,8
31095,4415,88,88,1449,8
31096,4415,92,93,1453,8
31097,4415,119,119,1480,8
31098,4415,167,167,1528,8
31099,4415,178,178,1539,8
31100,4415,212,212,1573,8
31101,4415,219,219,1580,8
31102,4415,221,222,1582,8
31103,4415,225,225,1586,8
31104,4415,10,10,1611,9
31105,4415,22,22,1623,9
31106,4415,55,55,1656,9
31107,4415,83,83,1684,9
31108,4415,102,102,1703,9
31109,4415,119,119,1720,9
31110,4415,163,164,1764,9
31111,4415,187,187,1788,9
31112,4415,192,192,1793,9
31113,4415,200,201,1801,9
31114,4415,8,8,1863,10
31115,4415,31,31,1886,10
31116,4415,41,41,1896,10
31117,4415,62,62,1917,10
31118,4415,64,64,1919,10
31119,4415,214,214,2069,10
31120,4415,8,8,2120,11
31121,4415,88,88,2200,11
31122,4415,128,129,2240,11
31123,4415,23,24,2391,12
31124,4415,38,39,2406,12
31125,4415,48,48,2416,12
31126,4415,82,86,2450,12
31127,4415,90,90,2458,12
31128,4415,92,92,2460,12
31129,4415,109,109,2477,12
31130,4415,120,121,2488,12
31131,4415,123,123,2491,12
31132,4415,132,132,2500,12
31133,4415,147,147,2515,12
31134,4415,191,192,2559,12
31135,4415,203,204,2571,12
31136,4415,11,11,2623,13
31137,4415,44,44,2656,13
31138,4415,59,59,2671,13
31139,4415,115,115,2727,13
31140,4415,228,229,2840,13
31141,4415,35,37,2894,14
31142,4415,46,46,2905,14
31143,4415,82,82,2941,14
31144,4415,110,110,2969,14
31145,4415,195,195,3054,14
31146,4415,35,39,3137,15
31147,4415,41,46,3143,15
31148,4415,49,49,3151,15
31149,4415,52,54,3154,15
31150,4415,56,56,3158,15
31151,4415,60,61,3162,15
31152,4415,63,63,3165,15
31153,4415,71,71,3173,15
31154,4415,76,79,3178,15
31155,4415,84,87,3186,15
31156,4415,92,95,3194,15
31157,4415,98,99,3200,15
31158,4415,102,102,3204,15
31159,4415,104,107,3206,15
31160,4415,109,109,3211,15
31161,4415,112,114,3214,15
31162,4415,121,122,3223,15
31163,4415,128,129,3230,15
31164,4415,133,133,3235,15
31165,4415,136,136,3238,15
31166,4415,138,138,3240,15
31167,4415,140,142,3242,15
31168,4415,144,144,3246,15
31169,4415,146,149,3248,15
31170,4415,152,152,3254,15
31171,4415,172,172,3274,15
31172,4415,184,184,3286,15
31173,4415,186,186,3288,15
31174,4415,193,193,3295,15
31175,4415,13,13,3341,16
31176,4415,15,15,3343,16
31177,4415,19,20,3347,16
31178,4415,31,31,3361,16
31179,4415,60,60,3390,16
31180,4415,69,69,3399,16
31181,4415,79,80,3409,16
31182,4415,86,86,3416,16
31183,4415,88,88,3418,16
31184,4415,183,184,3513,16
31185,4415,192,192,3522,16
31186,4415,202,202,3532,16
31187,4415,224,224,3554,16
31188,4415,234,234,3564,16
31189,4415,237,242,3567,16
31190,4415,246,246,3576,16
31191,4415,17,17,3597,17
31192,4415,41,41,3621,17
31193,4415,80,81,3660,17
31194,4415,87,87,3667,17
31195,4415,213,217,3793,17
31196,4415,221,221,3801,17
31197,4415,15,15,3842,18
31198,4415,17,17,3844,18
31199,4415,21,21,3848,18
31200,4415,47,47,3874,18
31201,4415,69,69,3896,18
31202,4415,71,71,3898,18
31203,4415,100,100,3927,18
31204,4415,163,163,3990,18
31205,4415,166,166,3993,18
31206,4415,187,187,4014,18
31207,4415,227,227,4054,18
31208,4415,246,246,4073,18
31209,4415,248,249,4075,18
31210,4415,10,10,4099,19
31211,4415,16,16,4105,19
31212,4415,84,84,4173,19
31213,4415,145,145,4234,19
31214,4415,21,22,4882,20
31215,4415,35,35,4896,20
31216,4415,170,170,5031,20
31217,4415,11,11,4382,21
31218,4415,23,23,4394,21
31219,4415,84,84,4455,21
31220,4415,110,110,4481,21
31221,4415,126,127,4763,22
31222,4415,159,159,4796,22
31223,4415,161,161,4798,22
31224,4415,175,175,4812,22
31225,4415,191,191,4828,22
31226,4415,196,196,4833,22
31227,4416,163,164,1764,9
31228,4416,200,201,1801,9
31229,4416,8,8,1863,10
31230,4416,62,62,1917,10
31231,4416,129,129,2241,11
31232,4416,90,90,2458,12
31233,4416,123,123,2491,12
31234,4416,191,191,2559,12
31235,4416,44,44,2656,13
31236,4416,95,95,3197,15
31237,4416,20,20,3348,16
31238,4416,80,80,3410,16
31239,4416,183,183,3513,16
31240,4416,240,240,3570,16
31241,4416,215,215,3795,17
31242,4416,17,18,3844,18
31243,4416,100,100,3927,18
31244,4417,39,39,1167,7
31245,4418,39,39,1167,7
31246,4419,62,63,1663,9
31247,4419,93,93,1694,9
31248,4419,116,116,1717,9
31249,4419,207,207,1808,9
31250,4420,214,214,1575,8
31251,4421,91,91,2203,11
31252,4421,109,109,2221,11
31253,4422,81,82,3908,18
31254,4422,109,109,3936,18
31255,4423,201,201,849,5
31256,4424,53,54,4914,20
31257,4425,138,138,1266,7
31258,4425,201,201,1329,7
31259,4425,52,52,1413,8
31260,4425,93,93,2705,13
31261,4425,112,112,2724,13
31262,4425,234,234,2846,13
31263,4425,41,41,2900,14
31264,4425,67,67,2926,14
31265,4425,82,82,2941,14
31266,4425,126,126,2985,14
31267,4425,23,23,3351,16
31268,4425,28,29,4117,19
31269,4425,177,177,5038,20
31270,4425,5,5,4376,21
31271,4426,114,114,297,2
31272,4427,202,202,1803,9
31273,4428,135,135,318,2
31274,4428,153,153,336,2
31275,4428,183,183,366,2
31276,4428,187,187,370,2
31277,4428,14,16,391,3
31278,4428,56,56,488,4
31279,4428,58,58,490,4
31280,4428,121,122,553,4
31281,4428,170,170,602,4
31282,4428,21,21,669,5
31283,4428,111,112,759,5
31284,4428,182,182,830,5
31285,4429,220,223,3550,16
31286,4429,82,82,4171,19
31287,4429,89,89,4178,19
31288,4430,214,214,3544,16
31289,4431,124,124,3454,16
31290,4431,126,126,3456,16
31291,4431,214,214,3544,16
31292,4432,100,100,283,2
31293,4432,150,150,333,2
31294,4432,78,78,726,5
31295,4432,90,90,738,5
31296,4433,47,47,2906,14
31297,4434,100,100,3680,17
31298,4434,115,115,3695,17
31299,4434,194,194,3774,17
31300,4434,81,81,3908,18
31301,4434,89,89,3916,18
31302,4434,70,70,4441,21
31303,4435,225,225,3805,17
31304,4436,83,83,2942,14
31305,4436,88,88,2947,14
31306,4436,92,92,3672,17
31307,4436,100,100,3680,17
31308,4436,115,115,3695,17
31309,4436,219,219,3799,17
31310,4436,81,81,3908,18
31311,4436,89,89,3916,18
31312,4436,70,70,4441,21
31313,4437,79,79,511,4
31314,4437,81,81,513,4
31315,4437,96,96,528,4
31316,4437,98,100,530,4
31317,4437,103,103,535,4
31318,4437,105,105,537,4
31319,4437,107,107,539,4
31320,4437,111,111,543,4
31321,4437,113,115,545,4
31322,4437,119,120,551,4
31323,4437,122,122,554,4
31324,4437,128,129,560,4
31325,4437,136,137,568,4
31326,4437,13,13,661,5
31327,4437,15,15,663,5
31328,4437,19,19,667,5
31329,4437,56,58,704,5
31330,4437,60,60,708,5
31331,4437,75,75,723,5
31332,4437,79,80,727,5
31333,4437,82,85,730,5
31334,4437,99,99,747,5
31335,4437,103,104,751,5
31336,4437,106,107,754,5
31337,4437,109,109,757,5
31338,4437,111,112,759,5
31339,4437,115,115,763,5
31340,4437,141,141,789,5
31341,4437,147,147,795,5
31342,4437,153,153,801,5
31343,4437,165,165,813,5
31344,4437,169,169,817,5
31345,4437,172,172,820,5
31346,4437,209,211,1099,6
31347,4437,213,217,1103,6
31348,4437,220,220,1110,6
31349,4437,225,225,1115,6
31350,4437,146,146,1274,7
31351,4437,133,133,1494,8
31352,4437,170,170,1531,8
31353,4437,122,122,2981,14
31354,4438,140,140,2999,14
31355,4439,165,165,4254,19
31356,4440,99,99,531,4
31357,4441,273,273,4362,19
31358,4442,157,157,4528,21
31359,4442,159,159,4530,21
31360,4443,144,144,4515,21
31361,4443,172,172,4543,21
31362,4443,177,177,4548,21
31363,4443,190,191,4561,21
31364,4443,221,223,4592,21
31365,4443,226,226,4597,21
31366,4443,228,228,4599,21
31367,4443,231,231,4602,21
31368,4443,37,37,4674,22
31369,4443,41,41,4678,22
31370,4443,51,51,4688,22
31371,4444,20,20,452,4
31372,4444,29,29,461,4
31373,4444,69,70,501,4
31374,4444,109,109,541,4
31375,4444,111,111,543,4
31376,4444,44,45,692,5
31377,4444,88,88,736,5
31378,4444,91,92,739,5
31379,4444,96,96,744,5
31380,4444,102,102,750,5
31381,4444,107,108,755,5
31382,4444,153,153,801,5
31383,4444,156,157,804,5
31384,4444,159,163,807,5
31385,4444,169,169,817,5
31386,4444,172,172,820,5
31387,4444,178,178,826,5
31388,4444,182,185,830,5
31389,4444,189,192,837,5
31390,4444,194,194,842,5
31391,4444,201,202,849,5
31392,4444,220,220,868,5
31393,4444,24,26,914,6
31394,4444,31,31,921,6
31395,4444,40,40,930,6
31396,4444,47,47,937,6
31397,4444,206,209,1096,6
31398,4444,213,214,1103,6
31399,4444,218,220,1108,6
31400,4444,230,231,1120,6
31401,4444,19,19,1147,7
31402,4444,133,133,1261,7
31403,4444,136,136,1264,7
31404,4444,138,145,1266,7
31405,4444,150,151,1278,7
31406,4444,155,155,1283,7
31407,4444,200,201,1328,7
31408,4444,210,210,1338,7
31409,4444,11,11,1372,8
31410,4444,13,13,1374,8
31411,4444,22,22,1383,8
31412,4444,31,32,1392,8
31413,4444,52,52,1413,8
31414,4444,75,75,1436,8
31415,4444,80,80,1441,8
31416,4444,144,144,1505,8
31417,4444,152,152,1513,8
31418,4444,205,206,1566,8
31419,4444,42,42,1643,9
31420,4444,52,52,1653,9
31421,4444,74,74,1675,9
31422,4444,76,76,1677,9
31423,4444,112,112,1713,9
31424,4444,116,116,1717,9
31425,4444,21,21,1876,10
31426,4444,36,37,1891,10
31427,4444,125,125,1980,10
31428,4444,171,171,2026,10
31429,4444,233,233,2088,10
31430,4444,66,66,2178,11
31431,4444,117,117,2485,12
31432,4444,196,196,2564,12
31433,4444,236,236,2604,12
31434,4444,11,11,2623,13
31435,4444,93,94,2705,13
31436,4444,168,168,2780,13
31437,4444,235,235,2847,13
31438,4444,126,126,2985,14
31439,4444,134,134,2993,14
31440,4444,178,178,3280,15
31441,4444,140,140,3470,16
31442,4444,184,191,3514,16
31443,4444,196,196,3526,16
31444,4444,10,10,3837,18
31445,4444,53,53,4914,20
31446,4445,69,70,501,4
31447,4445,107,108,755,5
31448,4445,160,160,808,5
31449,4445,178,178,826,5
31450,4445,183,183,831,5
31451,4445,234,234,882,5
31452,4445,209,209,1099,6
31453,4445,133,133,1261,7
31454,4445,31,31,1392,8
31455,4445,42,42,1643,9
31456,4445,116,116,1717,9
31457,4445,176,176,2288,11
31458,4445,187,188,3517,16
31459,4446,189,189,3519,16
31460,4447,48,48,1649,9
31461,4447,52,52,1653,9
31462,4447,54,54,1655,9
31463,4447,128,129,1729,9
31464,4447,142,142,1743,9
31465,4447,156,156,1757,9
31466,4447,169,169,1770,9
31467,4447,179,179,1780,9
31468,4447,242,242,1843,9
31469,4447,53,53,1908,10
31470,4447,57,57,1912,10
31471,4447,78,78,1933,10
31472,4447,80,80,1935,10
31473,4447,122,122,1977,10
31474,4447,251,251,2106,10
31475,4447,13,13,2125,11
31476,4447,17,17,2129,11
31477,4447,22,22,2134,11
31478,4447,27,36,2139,11
31479,4447,38,38,2150,11
31480,4447,42,42,2154,11
31481,4447,49,49,2161,11
31482,4447,68,68,2180,11
31483,4447,71,71,2183,11
31484,4447,73,73,2185,11
31485,4447,81,82,2193,11
31486,4447,102,102,2214,11
31487,4447,105,105,2217,11
31488,4447,107,107,2219,11
31489,4447,109,109,2221,11
31490,4447,114,114,2226,11
31491,4447,118,118,2230,11
31492,4447,123,123,2235,11
31493,4447,133,133,2245,11
31494,4447,168,168,2280,11
31495,4447,171,171,2283,11
31496,4447,181,181,2293,11
31497,4447,193,193,2305,11
31498,4447,195,195,2307,11
31499,4447,197,197,2309,11
31500,4447,203,204,2315,11
31501,4447,212,214,2324,11
31502,4447,216,216,2328,11
31503,4447,255,255,2367,11
31504,4447,7,7,2375,12
31505,4447,9,9,2377,12
31506,4447,19,19,2387,12
31507,4447,37,37,2405,12
31508,4447,48,48,2416,12
31509,4447,75,76,2443,12
31510,4447,128,128,2496,12
31511,4447,161,161,2529,12
31512,4447,164,164,2532,12
31513,4447,203,203,2571,12
31514,4447,227,227,2595,12
31515,4447,76,78,2688,13
31516,4447,87,87,2699,13
31517,4447,105,105,2717,13
31518,4447,118,118,2730,13
31519,4447,134,134,2746,13
31520,4447,145,145,2757,13
31521,4447,149,149,2761,13
31522,4447,217,218,2829,13
31523,4447,240,240,2852,13
31524,4447,95,95,2954,14
31525,4447,103,103,2962,14
31526,4447,107,108,2966,14
31527,4447,124,125,2983,14
31528,4447,138,138,2997,14
31529,4447,149,149,3008,14
31530,4447,153,153,3012,14
31531,4447,212,212,3071,14
31532,4447,223,223,3082,14
31533,4447,225,225,3084,14
31534,4447,232,233,3091,14
31535,4447,23,23,3125,15
31536,4447,169,169,3271,15
31537,4447,183,183,3285,15
31538,4447,10,10,3338,16
31539,4447,13,13,3341,16
31540,4447,179,179,3509,16
31541,4447,18,18,3598,17
31542,4447,234,234,3814,17
31543,4447,111,111,3938,18
31544,4447,139,139,3966,18
31545,4447,61,62,4150,19
31546,4448,82,82,4453,21
31547,4449,126,126,309,2
31548,4449,56,57,704,5
31549,4449,60,60,708,5
31550,4449,118,118,1719,9
31551,4450,262,262,4633,21
31552,4451,146,146,1274,7
31553,4452,155,156,4244,19
31554,4453,254,254,4343,19
31555,4454,145,145,4234,19
31556,4454,153,153,4242,19
31557,4454,159,159,4248,19
31558,4454,171,171,4260,19
31559,4454,218,219,4307,19
31560,4455,46,46,45,1
31561,4455,62,63,1917,10
31562,4456,166,166,4537,21
31563,4457,17,17,16,1
31564,4457,19,19,18,1
31565,4457,30,30,29,1
31566,4458,214,214,2069,10
31567,4459,36,36,684,5
31568,4460,153,153,4524,21
31569,4460,155,155,4526,21
31570,4460,157,157,4528,21
31571,4460,159,159,4530,21
31572,4460,161,161,4532,21
31573,4460,163,163,4534,21
31574,4460,166,166,4537,21
31575,4461,116,116,3218,15
31576,4461,178,179,3280,15
31577,4461,59,59,3389,16
31578,4461,167,167,3497,16
31579,4461,220,220,3550,16
31580,4461,66,66,3646,17
31581,4461,173,173,3753,17
31582,4461,223,223,3803,17
31583,4461,185,185,4822,22
31584,4461,187,187,4824,22
31585,4462,142,142,4231,19
31586,4462,18,18,4879,20
31587,4463,80,80,4451,21
31588,4464,214,214,1575,8
31589,4465,120,120,2488,12
31590,4466,120,120,2488,12
31591,4467,92,93,3672,17
31592,4467,77,77,3904,18
31593,4467,167,167,3994,18
31594,4467,197,197,4024,18
31595,4467,215,216,4042,18
31596,4467,219,219,4046,18
31597,4467,12,12,4101,19
31598,4468,54,56,944,6
31599,4468,58,58,948,6
31600,4469,182,182,4009,18
31601,4469,189,189,4016,18
31602,4469,197,197,4024,18
31603,4470,56,56,946,6
31604,4471,204,204,3784,17
31605,4471,94,94,3921,18
31606,4471,167,167,3994,18
31607,4471,182,182,4009,18
31608,4472,164,164,1525,8
31609,4472,16,17,1617,9
31610,4472,35,35,1636,9
31611,4473,201,201,1091,6
31612,4474,127,127,310,2
31613,4474,129,129,312,2
31614,4474,136,136,319,2
31615,4474,138,138,321,2
31616,4474,151,151,334,2
31617,4474,33,33,1888,10
31618,4475,21,21,3848,18
31619,4475,47,47,3874,18
31620,4475,71,71,3898,18
31621,4475,100,100,3927,18
31622,4475,187,187,4014,18
31623,4475,5,5,4376,21
31624,4476,203,203,1804,9
31625,4477,206,206,4295,19
31626,4478,104,104,1232,7
31627,4479,173,173,5034,20
31628,4479,13,15,4384,21
31629,4479,56,56,4427,21
31630,4480,245,245,1846,9
31631,4481,117,117,4978,20
31632,4482,123,123,1978,10
31633,4482,23,23,2882,14
31634,4482,53,53,2912,14
31635,4482,101,101,4472,21
31636,4483,170,170,602,4
31637,4484,107,109,1962,10
31638,4484,116,116,1971,10
31639,4484,149,150,2004,10
31640,4484,17,17,2129,11
31641,4485,154,154,337,2
31642,4485,36,36,468,4
31643,4485,203,203,1093,6
31644,4485,27,27,1155,7
31645,4485,29,29,1157,7
31646,4485,33,33,1161,7
31647,4485,35,35,1163,7
31648,4485,43,43,1171,7
31649,4485,51,51,1179,7
31650,4485,68,68,1196,7
31651,4485,147,149,1275,7
31652,4485,151,153,1279,7
31653,4485,155,156,1283,7
31654,4485,159,159,1287,7
31655,4485,161,163,1289,7
31656,4485,165,165,1293,7
31657,4485,167,167,1295,7
31658,4485,171,171,1299,7
31659,4485,174,174,1302,7
31660,4485,176,176,1304,7
31661,4485,189,189,1317,7
31662,4485,193,193,1321,7
31663,4485,63,63,1664,9
31664,4485,71,71,1926,10
31665,4485,108,109,1963,10
31666,4485,111,111,1966,10
31667,4485,116,117,1971,10
31668,4485,149,150,2004,10
31669,4485,244,244,2099,10
31670,4485,17,17,2129,11
31671,4485,22,22,2134,11
31672,4485,12,14,2871,14
31673,4486,68,68,1196,7
31674,4486,149,149,1277,7
31675,4486,151,151,1279,7
31676,4486,159,159,1287,7
31677,4486,162,162,1290,7
31678,4486,167,167,1295,7
31679,4487,204,205,3534,16
31680,4488,12,12,3592,17
31681,4488,28,28,3608,17
31682,4489,7,7,1608,9
31683,4489,109,110,1964,10
31684,4489,129,129,1984,10
31685,4489,30,30,2142,11
31686,4490,177,177,1778,9
31687,4490,176,176,3506,16
31688,4491,176,176,3506,16
31689,4492,109,109,1964,10
31690,4492,129,129,1984,10
31691,4493,225,225,3555,16
31692,4493,72,72,4161,19
31693,4493,90,90,4727,22
31694,4494,172,174,3031,14
31695,4495,96,96,4733,22
31696,4495,121,121,4758,22
31697,4496,208,208,1336,7
31698,4496,13,13,1374,8
31699,4496,16,19,1377,8
31700,4496,32,32,1393,8
31701,4496,63,63,1424,8
31702,4496,74,74,1435,8
31703,4496,80,80,1441,8
31704,4496,152,153,1513,8
31705,4496,159,159,1520,8
31706,4496,162,162,1523,8
31707,4496,15,15,1616,9
31708,4496,79,79,1934,10
31709,4496,231,231,2086,10
31710,4496,13,13,2381,12
31711,4496,97,98,2465,12
31712,4496,83,83,2695,13
31713,4496,85,85,2697,13
31714,4496,87,87,2699,13
31715,4496,121,121,2733,13
31716,4496,169,169,2781,13
31717,4496,99,99,3429,16
31718,4496,261,261,4088,18
31719,4497,64,64,1665,9
31720,4497,230,230,3810,17
31721,4498,56,56,946,6
31722,4499,192,192,4829,22
31723,4500,78,78,4449,21
31724,4501,231,231,4602,21
31725,4501,233,233,4604,21
31726,4501,241,241,4612,21
31727,4501,57,58,4694,22
31728,4501,66,66,4703,22
31729,4502,29,29,4118,19
31730,4502,76,78,4165,19
31731,4502,93,93,4182,19
31732,4502,226,226,4315,19
31733,4502,230,230,4319,19
31734,4502,237,237,4326,19
31735,4502,26,28,4887,20
31736,4502,30,30,4891,20
31737,4502,34,34,4895,20
31738,4503,34,35,4895,20
31739,4503,37,38,4898,20
31740,4504,185,185,4556,21
31741,4504,34,34,4671,22
31742,4505,27,27,917,6
31743,4505,31,31,921,6
31744,4506,19,21,2131,11
31745,4506,152,152,2520,12
31746,4507,31,31,408,3
31747,4507,36,36,413,3
31748,4507,26,26,458,4
31749,4507,127,128,559,4
31750,4507,151,152,583,4
31751,4507,155,155,587,4
31752,4507,22,22,670,5
31753,4507,66,66,714,5
31754,4507,94,94,742,5
31755,4507,147,147,795,5
31756,4507,172,174,820,5
31757,4507,187,187,835,5
31758,4507,192,193,840,5
31759,4507,195,196,843,5
31760,4507,201,202,849,5
31761,4507,205,207,853,5
31762,4507,209,212,857,5
31763,4507,215,215,863,5
31764,4507,217,218,865,5
31765,4507,221,222,869,5
31766,4507,226,226,874,5
31767,4507,230,230,878,5
31768,4507,27,27,917,6
31769,4507,30,30,920,6
31770,4507,32,33,922,6
31771,4507,37,39,927,6
31772,4507,41,49,931,6
31773,4507,205,205,1095,6
31774,4507,209,209,1099,6
31775,4507,211,212,1101,6
31776,4507,231,231,1121,6
31777,4507,34,35,1395,8
31778,4507,37,37,1398,8
31779,4507,232,232,2087,10
31780,4507,175,175,2543,12
31781,4507,99,99,2958,14
31782,4507,143,143,3473,16
31783,4507,224,224,3554,16
31784,4507,99,99,3926,18
31785,4508,17,17,665,5
31786,4508,22,22,670,5
31787,4508,46,46,694,5
31788,4508,66,66,714,5
31789,4508,173,173,821,5
31790,4508,187,187,835,5
31791,4508,206,207,854,5
31792,4508,212,212,860,5
31793,4508,221,221,869,5
31794,4508,235,235,883,5
31795,4508,32,32,922,6
31796,4508,38,38,928,6
31797,4508,41,41,931,6
31798,4508,43,46,933,6
31799,4508,48,48,938,6
31800,4508,205,205,1095,6
31801,4508,209,209,1099,6
31802,4508,212,212,1102,6
31803,4508,21,21,2133,11
31804,4508,143,143,3473,16
31805,4509,42,42,932,6
31806,4510,77,77,2936,14
31807,4511,119,119,4980,20
31808,4512,226,226,1587,8
31809,4512,17,17,1618,9
31810,4512,21,22,1622,9
31811,4512,30,31,1631,9
31812,4512,56,56,1657,9
31813,4512,112,112,1713,9
31814,4512,138,138,1739,9
31815,4512,79,79,1934,10
31816,4512,111,111,1966,10
31817,4512,168,168,2023,10
31818,4512,186,186,2041,10
31819,4512,196,196,2051,10
31820,4512,234,234,2089,10
31821,4512,177,177,2289,11
31822,4512,22,22,2390,12
31823,4512,70,70,2438,12
31824,4512,82,82,2450,12
31825,4512,89,89,2457,12
31826,4512,177,177,2545,12
31827,4512,10,10,2622,13
31828,4512,31,31,2890,14
31829,4512,46,46,2905,14
31830,4512,139,139,2998,14
31831,4512,133,133,3463,16
31832,4512,138,138,3468,16
31833,4512,211,211,3791,17
31834,4512,104,104,3931,18
31835,4512,48,48,4909,20
31836,4512,167,167,5028,20
31837,4512,5,5,4376,21
31838,4512,65,65,4436,21
31839,4512,67,67,4438,21
31840,4512,176,176,4813,22
31841,4513,177,177,2545,12
31842,4514,187,187,1548,8
31843,4514,58,58,2426,12
31844,4514,61,61,2429,12
31845,4515,164,164,4253,19
31846,4516,207,207,4578,21
31847,4517,86,86,1447,8
31848,4517,60,60,1661,9
31849,4517,227,227,4054,18
31850,4518,180,180,2035,10
31851,4519,159,159,4248,19
31852,4520,227,227,2339,11
31853,4521,174,175,2542,12
31854,4521,183,183,2551,12
31855,4522,207,207,1335,7
31856,4522,213,213,3793,17
31857,4523,88,88,3915,18
31858,4524,74,74,2186,11
31859,4524,244,244,3574,16
31860,4525,276,276,4365,19
31861,4526,67,67,3894,18
31862,4527,11,11,1612,9
31863,4527,13,13,1614,9
31864,4527,133,134,1734,9
31865,4527,136,137,1737,9
31866,4527,139,139,1994,10
31867,4528,131,131,3958,18
31868,4529,41,41,4130,19
31869,4530,274,274,4363,19
31870,4531,23,23,4112,19
31871,4531,27,29,4116,19
31872,4531,33,33,4122,19
31873,4531,42,43,4131,19
31874,4531,55,55,4144,19
31875,4531,57,57,4146,19
31876,4531,60,60,4149,19
31877,4531,62,64,4151,19
31878,4531,89,89,4178,19
31879,4531,137,137,4226,19
31880,4531,143,143,4232,19
31881,4531,145,145,4234,19
31882,4531,151,151,4240,19
31883,4531,155,155,4244,19
31884,4531,181,183,4270,19
31885,4531,193,193,4282,19
31886,4531,200,200,4289,19
31887,4531,202,204,4291,19
31888,4531,206,211,4295,19
31889,4531,219,220,4308,19
31890,4531,222,223,4311,19
31891,4531,244,244,4333,19
31892,4531,248,248,4337,19
31893,4531,273,274,4362,19
31894,4531,10,12,4871,20
31895,4531,16,16,4877,20
31896,4531,20,20,4881,20
31897,4531,38,38,4899,20
31898,4531,179,179,5040,20
31899,4531,25,25,4396,21
31900,4531,33,33,4404,21
31901,4531,36,36,4407,21
31902,4531,49,49,4420,21
31903,4532,29,29,4118,19
31904,4533,273,273,4362,19
31905,4534,131,131,1732,9
31906,4535,179,179,362,2
31907,4535,181,183,364,2
31908,4535,189,189,372,2
31909,4535,66,66,714,5
31910,4535,74,74,722,5
31911,4535,48,49,1176,7
31912,4535,53,53,1181,7
31913,4535,75,75,1203,7
31914,4535,80,80,1208,7
31915,4535,84,86,1212,7
31916,4536,49,49,1177,7
31917,4537,5,5,1366,8
31918,4537,35,35,1636,9
31919,4537,53,53,1654,9
31920,4537,18,18,1873,10
31921,4537,35,35,1890,10
31922,4537,103,103,1958,10
31923,4537,162,162,2274,11
31924,4537,81,82,2693,13
31925,4537,206,206,2818,13
31926,4537,16,16,2875,14
31927,4537,82,83,3184,15
31928,4537,63,63,3393,16
31929,4537,157,160,3487,16
31930,4538,161,161,3491,16
31931,4539,22,22,1623,9
31932,4540,128,128,1729,9
31933,4541,181,181,364,2
31934,4541,49,49,1177,7
31935,4542,49,49,1177,7
31936,4543,244,244,3824,17
31937,4543,26,27,4115,19
31938,4543,29,29,4118,19
31939,4544,112,112,4973,20
31940,4545,159,159,5020,20
31941,4546,234,234,4605,21
31942,4547,88,88,3915,18
31943,4547,232,232,4059,18
31944,4547,17,17,4106,19
31945,4547,79,79,4450,21
31946,4547,191,191,4828,22
31947,4548,149,149,4238,19
31948,4548,155,155,4244,19
31949,4548,167,167,4256,19
31950,4549,39,40,1167,7
31951,4549,55,55,1183,7
31952,4549,72,72,1200,7
31953,4550,82,82,1937,10
31954,4550,85,85,1940,10
31955,4551,66,66,956,6
31956,4552,66,66,956,6
31957,4553,159,159,2527,12
31958,4554,159,159,2527,12
31959,4555,84,85,4945,20
31960,4556,85,85,4946,20
31961,4557,223,223,3553,16
31962,4558,39,40,1167,7
31963,4558,94,94,1695,9
31964,4559,80,80,4941,20
31965,4560,237,237,4326,19
31966,4561,107,107,997,6
31967,4562,55,55,1183,7
31968,4563,220,223,2832,13
31969,4563,58,58,3388,16
31970,4563,217,217,3797,17
31971,4563,85,85,3912,18
31972,4564,136,136,4997,20
31973,4564,115,115,4486,21
31974,4565,56,57,1417,8
31975,4566,119,119,4208,19
31976,4567,239,239,1840,9
31977,4567,47,47,2415,12
31978,4568,241,241,4068,18
31979,4569,239,239,1840,9
31980,4569,47,47,2415,12
31981,4570,213,213,1103,6
31982,4570,86,86,1687,9
31983,4570,155,155,1756,9
31984,4570,239,239,1840,9
31985,4570,47,47,1902,10
31986,4570,56,57,2168,11
31987,4570,157,157,3487,16
31988,4571,254,254,2109,10
31989,4571,204,204,2316,11
31990,4571,39,39,2651,13
31991,4571,124,124,2983,14
31992,4571,229,229,3088,14
31993,4571,169,169,3271,15
31994,4571,56,56,3386,16
31995,4571,111,111,3938,18
31996,4572,46,46,1407,8
31997,4572,49,49,1410,8
31998,4572,254,254,2109,10
31999,4572,204,204,2316,11
32000,4572,124,124,2983,14
32001,4572,229,229,3088,14
32002,4572,169,169,3271,15
32003,4572,111,111,3938,18
32004,4573,16,16,2875,14
32005,4574,6,6,5,1
32006,4574,11,11,10,1
32007,4574,45,45,44,1
32008,4574,157,157,156,1
32009,4575,191,191,839,5
32010,4575,41,41,931,6
32011,4575,207,207,1097,6
32012,4575,12,12,4383,21
32013,4575,167,167,4804,22
32014,4576,170,170,3500,16
32015,4576,175,176,3505,16
32016,4576,193,195,3523,16
32017,4576,95,95,3922,18
32018,4576,126,126,4497,21
32019,4576,171,171,4542,21
32020,4576,187,188,4558,21
32021,4576,25,25,4662,22
32022,4576,37,37,4674,22
32023,4577,176,176,3506,16
32024,4578,212,212,4301,19
32025,4579,155,155,4526,21
32026,4579,213,213,4584,21
32027,4579,222,222,4593,21
32028,4579,224,224,4595,21
32029,4580,207,207,4578,21
32030,4581,132,132,4221,19
32031,4581,167,167,5028,20
32032,4582,193,195,2805,13
32033,4582,97,97,2956,14
32034,4583,93,97,4182,19
32035,4583,99,99,4188,19
32036,4583,101,102,4190,19
32037,4583,43,43,4904,20
32038,4583,181,181,5042,20
32039,4583,29,30,4400,21
32040,4583,37,38,4408,21
32041,4583,70,71,4441,21
32042,4583,163,163,4800,22
32043,4584,71,71,4442,21
32044,4585,24,24,3126,15
32045,4586,8,8,7,1
32046,4586,17,17,16,1
32047,4586,19,19,18,1
32048,4586,21,22,20,1
32049,4586,30,30,29,1
32050,4586,32,35,31,1
32051,4586,38,38,37,1
32052,4586,41,47,40,1
32053,4586,49,52,48,1
32054,4586,54,54,53,1
32055,4586,57,58,56,1
32056,4586,60,61,59,1
32057,4586,73,73,72,1
32058,4586,86,86,85,1
32059,4586,92,92,91,1
32060,4586,97,97,96,1
32061,4586,103,103,102,1
32062,4586,128,128,127,1
32063,4586,135,135,134,1
32064,4586,139,139,138,1
32065,4586,149,149,148,1
32066,4586,163,163,162,1
32067,4586,12,12,195,2
32068,4587,104,104,1232,7
32069,4588,26,26,209,2
32070,4589,242,242,4613,21
32071,4590,159,160,5020,20
32072,4590,120,120,4491,21
32073,4590,128,128,4499,21
32074,4591,48,48,4419,21
32075,4592,48,48,4419,21
32076,4593,62,62,61,1
32077,4593,89,89,88,1
32078,4593,25,25,208,2
32079,4593,27,28,210,2
32080,4593,31,31,214,2
32081,4593,33,33,216,2
32082,4593,35,35,218,2
32083,4593,44,45,227,2
32084,4593,62,62,245,2
32085,4593,66,66,249,2
32086,4593,13,13,445,4
32087,4593,17,19,449,4
32088,4593,32,32,464,4
32089,4593,53,53,485,4
32090,4593,62,62,494,4
32091,4593,64,64,496,4
32092,4593,79,79,511,4
32093,4593,117,122,765,5
32094,4593,124,124,772,5
32095,4593,126,133,774,5
32096,4593,136,136,784,5
32097,4593,232,232,1122,6
32098,4593,139,139,1500,8
32099,4593,227,227,4054,18
32100,4593,230,230,4057,18
32101,4594,228,228,2596,12
32102,4594,236,236,2604,12
32103,4594,13,13,2625,13
32104,4594,34,34,2646,13
32105,4594,82,83,2694,13
32106,4594,85,85,2697,13
32107,4594,114,114,2726,13
32108,4594,99,99,3429,16
32109,4594,221,221,4858,22
32110,4595,104,104,1232,7
32111,4596,48,48,4137,19
32112,4597,110,110,4199,19
32113,4598,147,147,5008,20
32114,4599,228,228,4599,21
32115,4600,215,215,2583,12
32116,4601,73,73,1201,7
32117,4602,201,201,3303,15
32118,4603,76,77,259,2
32119,4603,79,79,262,2
32120,4604,77,79,260,2
32121,4605,76,76,259,2
32122,4605,79,79,262,2
32123,4606,76,76,259,2
32124,4607,187,187,2555,12
32125,4608,13,13,12,1
32126,4608,27,27,26,1
32127,4608,36,37,35,1
32128,4608,59,59,58,1
32129,4608,62,62,61,1
32130,4608,88,88,87,1
32131,4608,96,96,95,1
32132,4608,126,126,125,1
32133,4608,138,138,137,1
32134,4608,151,151,150,1
32135,4608,154,154,153,1
32136,4608,160,161,159,1
32137,4608,165,165,164,1
32138,4608,167,167,166,1
32139,4608,11,11,194,2
32140,4608,18,19,201,2
32141,4608,23,24,206,2
32142,4608,27,27,210,2
32143,4608,49,51,232,2
32144,4608,60,60,243,2
32145,4608,71,71,254,2
32146,4608,85,85,268,2
32147,4608,112,113,295,2
32148,4608,130,130,313,2
32149,4608,143,146,326,2
32150,4608,156,156,339,2
32151,4608,159,161,342,2
32152,4608,164,164,347,2
32153,4608,168,169,351,2
32154,4608,178,178,361,2
32155,4608,180,186,363,2
32156,4608,2,2,379,3
32157,4608,10,10,387,3
32158,4608,26,27,403,3
32159,4608,36,36,413,3
32160,4608,47,47,424,3
32161,4608,51,51,428,3
32162,4608,13,13,445,4
32163,4608,26,27,458,4
32164,4608,42,44,474,4
32165,4608,65,65,497,4
32166,4608,69,69,501,4
32167,4608,127,127,559,4
32168,4608,151,151,583,4
32169,4608,154,155,586,4
32170,4608,158,159,590,4
32171,4608,163,166,595,4
32172,4608,168,169,600,4
32173,4608,175,176,607,4
32174,4608,180,180,612,4
32175,4608,212,212,644,4
32176,4608,22,22,670,5
32177,4608,31,33,679,5
32178,4608,35,36,683,5
32179,4608,46,46,694,5
32180,4608,48,50,696,5
32181,4608,69,69,717,5
32182,4608,72,72,720,5
32183,4608,87,87,735,5
32184,4608,90,92,738,5
32185,4608,105,105,753,5
32186,4608,114,114,762,5
32187,4608,122,123,770,5
32188,4608,146,146,794,5
32189,4608,155,155,803,5
32190,4608,158,158,806,5
32191,4608,161,161,809,5
32192,4608,173,173,821,5
32193,4608,187,188,835,5
32194,4608,196,196,844,5
32195,4608,200,200,848,5
32196,4608,205,213,853,5
32197,4608,218,218,866,5
32198,4608,221,221,869,5
32199,4608,229,230,877,5
32200,4608,24,25,914,6
32201,4608,27,28,917,6
32202,4608,32,33,922,6
32203,4608,37,46,927,6
32204,4608,48,51,938,6
32205,4608,65,65,955,6
32206,4608,71,72,961,6
32207,4608,75,76,965,6
32208,4608,83,84,973,6
32209,4608,87,87,977,6
32210,4608,100,100,990,6
32211,4608,103,103,993,6
32212,4608,118,118,1008,6
32213,4608,212,212,1102,6
32214,4608,214,214,1104,6
32215,4608,236,236,1126,6
32216,4608,16,16,1144,7
32217,4608,24,25,1152,7
32218,4608,31,31,1159,7
32219,4608,38,38,1166,7
32220,4608,42,42,1170,7
32221,4608,44,45,1172,7
32222,4608,62,64,1190,7
32223,4608,68,68,1196,7
32224,4608,74,74,1202,7
32225,4608,76,76,1204,7
32226,4608,91,91,1219,7
32227,4608,96,97,1224,7
32228,4608,127,127,1255,7
32229,4608,144,145,1272,7
32230,4608,154,154,1282,7
32231,4608,169,170,1297,7
32232,4608,194,195,1322,7
32233,4608,199,199,1327,7
32234,4608,218,218,1346,7
32235,4608,222,230,1350,7
32236,4608,11,11,1372,8
32237,4608,28,29,1389,8
32238,4608,34,35,1395,8
32239,4608,37,37,1398,8
32240,4608,47,47,1408,8
32241,4608,55,57,1416,8
32242,4608,60,60,1421,8
32243,4608,65,65,1426,8
32244,4608,70,70,1431,8
32245,4608,73,74,1434,8
32246,4608,76,76,1437,8
32247,4608,78,78,1439,8
32248,4608,90,90,1451,8
32249,4608,101,101,1462,8
32250,4608,111,111,1472,8
32251,4608,115,115,1476,8
32252,4608,117,118,1478,8
32253,4608,127,129,1488,8
32254,4608,142,142,1503,8
32255,4608,147,147,1508,8
32256,4608,157,157,1518,8
32257,4608,172,172,1533,8
32258,4608,176,176,1537,8
32259,4608,185,185,1546,8
32260,4608,207,208,1568,8
32261,4608,210,211,1571,8
32262,4608,220,220,1581,8
32263,4608,9,9,1610,9
32264,4608,19,20,1620,9
32265,4608,29,29,1630,9
32266,4608,31,32,1632,9
32267,4608,37,37,1638,9
32268,4608,40,42,1641,9
32269,4608,49,53,1650,9
32270,4608,55,55,1656,9
32271,4608,62,62,1663,9
32272,4608,66,68,1667,9
32273,4608,71,71,1672,9
32274,4608,73,73,1674,9
32275,4608,76,77,1677,9
32276,4608,81,81,1682,9
32277,4608,83,84,1684,9
32278,4608,86,87,1687,9
32279,4608,91,91,1692,9
32280,4608,94,94,1695,9
32281,4608,97,100,1698,9
32282,4608,103,103,1704,9
32283,4608,109,110,1710,9
32284,4608,115,115,1716,9
32285,4608,117,117,1718,9
32286,4608,120,122,1721,9
32287,4608,124,126,1725,9
32288,4608,129,132,1730,9
32289,4608,140,141,1741,9
32290,4608,144,145,1745,9
32291,4608,147,148,1748,9
32292,4608,155,156,1756,9
32293,4608,160,160,1761,9
32294,4608,165,167,1766,9
32295,4608,169,169,1770,9
32296,4608,174,176,1775,9
32297,4608,179,181,1780,9
32298,4608,190,190,1791,9
32299,4608,194,195,1795,9
32300,4608,199,199,1800,9
32301,4608,207,207,1808,9
32302,4608,214,214,1815,9
32303,4608,220,221,1821,9
32304,4608,235,235,1836,9
32305,4608,247,248,1848,9
32306,4608,6,6,1861,10
32307,4608,8,8,1863,10
32308,4608,25,31,1880,10
32309,4608,35,35,1890,10
32310,4608,38,38,1893,10
32311,4608,50,50,1905,10
32312,4608,55,56,1910,10
32313,4608,58,59,1913,10
32314,4608,73,73,1928,10
32315,4608,78,78,1933,10
32316,4608,81,82,1936,10
32317,4608,88,95,1943,10
32318,4608,97,98,1952,10
32319,4608,103,104,1958,10
32320,4608,112,112,1967,10
32321,4608,119,119,1974,10
32322,4608,123,126,1978,10
32323,4608,131,135,1986,10
32324,4608,148,148,2003,10
32325,4608,153,161,2008,10
32326,4608,164,165,2019,10
32327,4608,174,176,2029,10
32328,4608,180,180,2035,10
32329,4608,182,183,2037,10
32330,4608,186,187,2041,10
32331,4608,194,194,2049,10
32332,4608,197,198,2052,10
32333,4608,204,204,2059,10
32334,4608,208,208,2063,10
32335,4608,218,220,2073,10
32336,4608,227,227,2082,10
32337,4608,250,251,2105,10
32338,4608,9,9,2121,11
32339,4608,11,15,2123,11
32340,4608,19,21,2131,11
32341,4608,24,24,2136,11
32342,4608,39,40,2151,11
32343,4608,43,47,2155,11
32344,4608,50,51,2162,11
32345,4608,58,58,2170,11
32346,4608,63,64,2175,11
32347,4608,68,73,2180,11
32348,4608,80,81,2192,11
32349,4608,90,90,2202,11
32350,4608,92,97,2204,11
32351,4608,101,101,2213,11
32352,4608,106,108,2218,11
32353,4608,115,115,2227,11
32354,4608,122,125,2234,11
32355,4608,127,127,2239,11
32356,4608,130,137,2242,11
32357,4608,139,139,2251,11
32358,4608,141,141,2253,11
32359,4608,148,148,2260,11
32360,4608,150,153,2262,11
32361,4608,156,156,2268,11
32362,4608,158,158,2270,11
32363,4608,161,162,2273,11
32364,4608,169,169,2281,11
32365,4608,171,173,2283,11
32366,4608,179,179,2291,11
32367,4608,183,184,2295,11
32368,4608,193,194,2305,11
32369,4608,197,198,2309,11
32370,4608,6,8,2374,12
32371,4608,13,13,2381,12
32372,4608,18,18,2386,12
32373,4608,20,21,2388,12
32374,4608,27,34,2395,12
32375,4608,47,47,2415,12
32376,4608,52,56,2420,12
32377,4608,65,66,2433,12
32378,4608,68,69,2436,12
32379,4608,76,76,2444,12
32380,4608,79,80,2447,12
32381,4608,86,87,2454,12
32382,4608,104,104,2472,12
32383,4608,112,112,2480,12
32384,4608,117,117,2485,12
32385,4608,152,154,2520,12
32386,4608,170,184,2538,12
32387,4608,189,189,2557,12
32388,4608,193,194,2561,12
32389,4608,196,199,2564,12
32390,4608,201,202,2569,12
32391,4608,206,207,2574,12
32392,4608,212,212,2580,12
32393,4608,214,214,2582,12
32394,4608,216,216,2584,12
32395,4608,218,219,2586,12
32396,4608,221,221,2589,12
32397,4608,224,224,2592,12
32398,4608,230,230,2598,12
32399,4608,6,6,2618,13
32400,4608,10,10,2622,13
32401,4608,12,12,2624,13
32402,4608,14,24,2626,13
32403,4608,27,27,2639,13
32404,4608,33,34,2645,13
32405,4608,37,37,2649,13
32406,4608,39,40,2651,13
32407,4608,44,44,2656,13
32408,4608,46,46,2658,13
32409,4608,48,48,2660,13
32410,4608,52,52,2664,13
32411,4608,54,57,2666,13
32412,4608,61,67,2673,13
32413,4608,71,71,2683,13
32414,4608,77,79,2689,13
32415,4608,100,103,2712,13
32416,4608,105,105,2717,13
32417,4608,110,111,2722,13
32418,4608,116,117,2728,13
32419,4608,129,129,2741,13
32420,4608,133,133,2745,13
32421,4608,137,137,2749,13
32422,4608,139,152,2751,13
32423,4608,157,157,2769,13
32424,4608,161,168,2773,13
32425,4608,171,171,2783,13
32426,4608,182,184,2794,13
32427,4608,188,190,2800,13
32428,4608,193,194,2805,13
32429,4608,202,202,2814,13
32430,4608,207,215,2819,13
32431,4608,218,218,2830,13
32432,4608,220,224,2832,13
32433,4608,226,226,2838,13
32434,4608,229,229,2841,13
32435,4608,240,240,2852,13
32436,4608,16,17,2875,14
32437,4608,20,21,2879,14
32438,4608,28,29,2887,14
32439,4608,38,41,2897,14
32440,4608,53,53,2912,14
32441,4608,56,56,2915,14
32442,4608,62,62,2921,14
32443,4608,66,66,2925,14
32444,4608,73,75,2932,14
32445,4608,97,101,2956,14
32446,4608,105,106,2964,14
32447,4608,117,119,2976,14
32448,4608,127,128,2986,14
32449,4608,130,130,2989,14
32450,4608,132,133,2991,14
32451,4608,142,144,3001,14
32452,4608,150,150,3009,14
32453,4608,159,159,3018,14
32454,4608,180,180,3039,14
32455,4608,212,214,3071,14
32456,4608,89,90,3191,15
32457,4608,95,95,3197,15
32458,4608,97,97,3199,15
32459,4608,102,102,3204,15
32460,4608,123,123,3225,15
32461,4608,144,146,3246,15
32462,4608,151,151,3253,15
32463,4608,181,181,3283,15
32464,4608,188,190,3290,15
32465,4608,222,222,3324,15
32466,4608,9,9,3337,16
32467,4608,12,13,3340,16
32468,4608,29,30,3358,16
32469,4608,51,51,3381,16
32470,4608,53,53,3383,16
32471,4608,62,62,3392,16
32472,4608,69,71,3399,16
32473,4608,73,73,3403,16
32474,4608,76,76,3406,16
32475,4608,94,96,3424,16
32476,4608,98,98,3428,16
32477,4608,101,102,3431,16
32478,4608,109,111,3439,16
32479,4608,117,117,3447,16
32480,4608,123,123,3453,16
32481,4608,142,144,3472,16
32482,4608,148,148,3478,16
32483,4608,157,157,3487,16
32484,4608,178,178,3508,16
32485,4608,180,181,3510,16
32486,4608,187,187,3517,16
32487,4608,194,194,3524,16
32488,4608,200,201,3530,16
32489,4608,14,14,3594,17
32490,4608,16,16,3596,17
32491,4608,19,19,3599,17
32492,4608,23,24,3603,17
32493,4608,30,30,3610,17
32494,4608,44,45,3624,17
32495,4608,55,57,3635,17
32496,4608,153,153,3733,17
32497,4608,174,175,3754,17
32498,4608,180,180,3760,17
32499,4608,186,193,3766,17
32500,4608,195,196,3775,17
32501,4608,202,203,3782,17
32502,4608,206,206,3786,17
32503,4608,208,210,3788,17
32504,4608,214,215,3794,17
32505,4608,218,218,3798,17
32506,4608,222,222,3802,17
32507,4608,20,20,3847,18
32508,4608,22,27,3849,18
32509,4608,30,31,3857,18
32510,4608,34,34,3861,18
32511,4608,36,40,3863,18
32512,4608,42,42,3869,18
32513,4608,60,61,3887,18
32514,4608,73,74,3900,18
32515,4608,81,81,3908,18
32516,4608,103,103,3930,18
32517,4608,112,112,3939,18
32518,4608,126,127,3953,18
32519,4608,129,129,3956,18
32520,4608,131,131,3958,18
32521,4608,133,133,3960,18
32522,4608,150,150,3977,18
32523,4608,164,164,3991,18
32524,4608,172,177,3999,18
32525,4608,189,197,4016,18
32526,4608,199,200,4026,18
32527,4608,202,203,4029,18
32528,4608,210,210,4037,18
32529,4608,214,215,4041,18
32530,4608,226,226,4053,18
32531,4608,7,7,4096,19
32532,4608,9,9,4098,19
32533,4608,11,12,4100,19
32534,4608,14,15,4103,19
32535,4608,22,22,4111,19
32536,4608,37,37,4126,19
32537,4608,39,39,4128,19
32538,4608,52,54,4141,19
32539,4608,59,59,4148,19
32540,4608,94,94,4183,19
32541,4608,106,107,4195,19
32542,4608,156,156,4245,19
32543,4608,226,227,4315,19
32544,4608,255,255,4344,19
32545,4608,278,278,4367,19
32546,4608,43,43,4904,20
32547,4608,47,47,4908,20
32548,4608,50,50,4911,20
32549,4608,67,67,4928,20
32550,4608,97,97,4958,20
32551,4608,100,101,4961,20
32552,4608,103,103,4964,20
32553,4608,109,109,4970,20
32554,4608,119,119,4980,20
32555,4608,132,132,4993,20
32556,4608,145,145,5006,20
32557,4608,148,149,5009,20
32558,4608,180,180,5041,20
32559,4608,184,184,5045,20
32560,4608,10,11,4381,21
32561,4608,13,14,4384,21
32562,4608,16,17,4387,21
32563,4608,20,23,4391,21
32564,4608,27,28,4398,21
32565,4608,35,35,4406,21
32566,4608,42,42,4413,21
32567,4608,45,45,4416,21
32568,4608,47,48,4418,21
32569,4608,54,54,4425,21
32570,4608,74,74,4445,21
32571,4608,109,110,4480,21
32572,4608,115,115,4486,21
32573,4608,123,124,4494,21
32574,4608,138,138,4509,21
32575,4608,172,172,4543,21
32576,4608,174,174,4545,21
32577,4608,184,185,4555,21
32578,4608,215,215,4586,21
32579,4608,217,218,4588,21
32580,4608,220,221,4591,21
32581,4608,225,225,4596,21
32582,4608,227,227,4598,21
32583,4608,235,240,4606,21
32584,4608,249,249,4620,21
32585,4608,33,33,4670,22
32586,4608,54,55,4691,22
32587,4608,60,65,4697,22
32588,4608,79,79,4716,22
32589,4608,85,86,4722,22
32590,4608,88,91,4725,22
32591,4608,95,95,4732,22
32592,4608,97,97,4734,22
32593,4608,125,126,4762,22
32594,4608,134,136,4771,22
32595,4608,142,142,4779,22
32596,4608,157,157,4794,22
32597,4608,168,171,4805,22
32598,4608,179,179,4816,22
32599,4608,186,186,4823,22
32600,4608,189,189,4826,22
32601,4608,198,198,4835,22
32602,4608,202,202,4839,22
32603,4608,208,211,4845,22
32604,4609,182,182,830,5
32605,4610,212,212,4583,21
32606,4611,12,12,1867,10
32607,4611,22,22,1877,10
32608,4611,126,126,1981,10
32609,4612,192,192,1553,8
32610,4612,20,20,1875,10
32611,4612,242,242,3101,14
32612,4612,233,233,3563,16
32613,4613,48,49,1903,10
32614,4613,76,76,1931,10
32615,4613,84,85,1939,10
32616,4613,162,162,2017,10
32617,4613,169,169,2024,10
32618,4613,75,75,2187,11
32619,4613,83,83,2195,11
32620,4613,160,160,2272,11
32621,4613,162,165,2274,11
32622,4613,177,177,2289,11
32623,4613,185,186,2297,11
32624,4613,189,189,2301,11
32625,4613,12,13,2380,12
32626,4613,17,18,2385,12
32627,4613,21,21,2389,12
32628,4613,85,85,2453,12
32629,4613,137,137,2505,12
32630,4613,158,158,2526,12
32631,4613,162,162,2530,12
32632,4613,168,168,2536,12
32633,4613,209,209,2577,12
32634,4613,227,228,2595,12
32635,4613,236,236,2604,12
32636,4613,5,5,2617,13
32637,4613,10,10,2622,13
32638,4613,13,13,2625,13
32639,4613,26,26,2638,13
32640,4613,28,28,2640,13
32641,4613,34,34,2646,13
32642,4613,84,85,2696,13
32643,4613,113,114,2725,13
32644,4613,196,196,2808,13
32645,4613,198,199,2810,13
32646,4613,215,215,2827,13
32647,4613,230,231,2842,13
32648,4613,34,35,2893,14
32649,4613,92,92,2951,14
32650,4613,111,111,2970,14
32651,4613,135,135,2994,14
32652,4613,162,162,3021,14
32653,4613,179,179,3038,14
32654,4613,185,188,3044,14
32655,4613,190,190,3049,14
32656,4613,200,201,3059,14
32657,4613,9,9,3111,15
32658,4613,20,20,3122,15
32659,4613,22,22,3124,15
32660,4613,26,27,3128,15
32661,4613,49,49,3151,15
32662,4613,51,52,3153,15
32663,4613,72,72,3174,15
32664,4613,91,91,3193,15
32665,4613,99,99,3201,15
32666,4613,105,105,3207,15
32667,4613,182,182,3284,15
32668,4613,184,184,3286,15
32669,4613,187,187,3289,15
32670,4613,26,26,3354,16
32671,4613,99,99,3429,16
32672,4613,133,133,3463,16
32673,4613,139,140,3469,16
32674,4613,145,145,3475,16
32675,4613,148,149,3478,16
32676,4613,246,246,3576,16
32677,4613,25,25,3605,17
32678,4613,229,229,3809,17
32679,4613,231,231,3811,17
32680,4613,56,56,3883,18
32681,4613,59,59,3886,18
32682,4613,81,81,3908,18
32683,4613,86,86,3913,18
32684,4613,96,96,3923,18
32685,4613,152,152,3979,18
32686,4613,181,181,4008,18
32687,4613,196,196,4023,18
32688,4613,204,205,4031,18
32689,4613,222,222,4049,18
32690,4613,246,246,4073,18
32691,4613,16,16,4105,19
32692,4613,73,73,4162,19
32693,4613,142,142,4231,19
32694,4613,150,150,4239,19
32695,4613,51,51,4912,20
32696,4613,173,173,5034,20
32697,4613,35,36,4406,21
32698,4613,159,160,4796,22
32699,4613,164,164,4801,22
32700,4614,35,35,4406,21
32701,4615,211,211,1101,6
32702,4615,142,143,1270,7
32703,4615,155,155,1283,7
32704,4615,189,189,1317,7
32705,4615,191,191,1319,7
32706,4615,214,214,1342,7
32707,4615,54,54,1415,8
32708,4615,63,64,1424,8
32709,4615,67,67,1428,8
32710,4615,72,72,1433,8
32711,4615,74,76,1435,8
32712,4615,79,79,1440,8
32713,4615,81,81,1442,8
32714,4615,93,93,1454,8
32715,4615,95,95,1456,8
32716,4615,168,168,1529,8
32717,4615,225,226,1586,8
32718,4615,14,14,1615,9
32719,4615,41,41,1642,9
32720,4615,74,74,1675,9
32721,4615,76,76,1677,9
32722,4615,81,81,1682,9
32723,4615,96,96,1697,9
32724,4615,110,110,1711,9
32725,4615,116,118,1717,9
32726,4615,160,160,1761,9
32727,4615,162,162,1763,9
32728,4615,176,176,1777,9
32729,4615,181,181,1782,9
32730,4615,203,203,1804,9
32731,4615,238,238,1839,9
32732,4615,77,77,1932,10
32733,4615,84,85,1939,10
32734,4615,96,97,1951,10
32735,4615,110,110,1965,10
32736,4615,116,116,1971,10
32737,4615,127,127,1982,10
32738,4615,129,129,1984,10
32739,4615,153,153,2008,10
32740,4615,160,160,2015,10
32741,4615,171,171,2026,10
32742,4615,211,211,2066,10
32743,4615,240,240,2095,10
32744,4615,244,244,2099,10
32745,4615,18,18,2130,11
32746,4615,26,26,2138,11
32747,4615,34,34,2146,11
32748,4615,51,51,2163,11
32749,4615,54,55,2166,11
32750,4615,57,57,2169,11
32751,4615,72,73,2184,11
32752,4615,75,75,2187,11
32753,4615,83,83,2195,11
32754,4615,110,110,2222,11
32755,4615,126,126,2238,11
32756,4615,83,83,2451,12
32757,4615,26,26,2638,13
32758,4615,48,48,2660,13
32759,4615,190,191,2802,13
32760,4615,232,232,2844,13
32761,4615,11,11,2870,14
32762,4615,36,37,2895,14
32763,4615,148,148,3007,14
32764,4615,193,193,3295,15
32765,4615,16,16,3344,16
32766,4615,80,81,3410,16
32767,4615,129,129,3459,16
32768,4615,131,131,3461,16
32769,4615,201,202,3531,16
32770,4615,234,234,3564,16
32771,4615,16,17,3596,17
32772,4615,206,206,3786,17
32773,4615,19,19,3846,18
32774,4615,26,26,3853,18
32775,4615,45,45,3872,18
32776,4615,47,47,3874,18
32777,4615,78,78,3905,18
32778,4615,90,90,3917,18
32779,4615,94,94,3921,18
32780,4615,96,96,3923,18
32781,4615,166,166,3993,18
32782,4615,186,186,4013,18
32783,4615,11,12,4100,19
32784,4615,169,169,5030,20
32785,4615,63,65,4434,21
32786,4615,160,160,4797,22
32787,4616,96,96,3923,18
32788,4617,78,78,4449,21
32789,4618,232,233,1833,9
32790,4619,108,108,540,4
32791,4620,121,121,4982,20
32792,4620,125,125,4986,20
32793,4620,142,142,5003,20
32794,4620,146,146,5007,20
32795,4620,151,151,5012,20
32796,4621,12,12,444,4
32797,4621,21,22,453,4
32798,4621,25,25,457,4
32799,4621,28,28,460,4
32800,4621,33,33,465,4
32801,4621,36,36,468,4
32802,4621,38,38,470,4
32803,4621,54,54,486,4
32804,4621,57,58,489,4
32805,4621,61,61,493,4
32806,4621,66,66,498,4
32807,4621,69,69,501,4
32808,4621,77,77,509,4
32809,4621,81,82,513,4
32810,4621,169,169,1297,7
32811,4621,60,61,1661,9
32812,4621,65,65,1666,9
32813,4621,77,77,1678,9
32814,4621,83,83,1684,9
32815,4621,109,109,1710,9
32816,4621,228,228,2840,13
32817,4621,233,233,2845,13
32818,4621,239,239,2851,13
32819,4621,193,193,3295,15
32820,4621,230,230,3560,16
32821,4621,165,165,4254,19
32822,4621,171,171,4260,19
32823,4622,195,195,3054,14
32824,4622,13,14,3115,15
32825,4622,16,17,3118,15
32826,4622,35,35,3137,15
32827,4622,39,43,3141,15
32828,4622,45,45,3147,15
32829,4622,49,49,3151,15
32830,4622,54,54,3156,15
32831,4622,61,61,3163,15
32832,4622,63,63,3165,15
32833,4622,71,71,3173,15
32834,4622,73,73,3175,15
32835,4622,76,78,3178,15
32836,4622,138,138,3240,15
32837,4622,16,16,3344,16
32838,4622,241,241,3571,16
32839,4622,24,24,4395,21
32840,4623,221,221,4310,19
32841,4624,33,33,2645,13
32842,4624,60,61,2672,13
32843,4624,70,70,2682,13
32844,4625,190,190,2558,12
32845,4625,218,219,2586,12
32846,4625,224,224,2592,12
32847,4625,230,230,2598,12
32848,4625,233,234,2601,12
32849,4625,237,237,2605,12
32850,4625,6,6,2618,13
32851,4625,57,57,2669,13
32852,4625,71,71,2683,13
32853,4625,86,86,2698,13
32854,4625,119,119,2731,13
32855,4625,166,166,2778,13
32856,4625,173,173,2785,13
32857,4625,187,187,2799,13
32858,4625,204,204,2816,13
32859,4625,26,29,2885,14
32860,4625,115,115,2974,14
32861,4625,156,156,3015,14
32862,4625,176,176,3278,15
32863,4625,188,188,3290,15
32864,4625,18,18,3346,16
32865,4625,59,59,3389,16
32866,4625,63,65,3393,16
32867,4625,91,91,3421,16
32868,4625,126,126,3456,16
32869,4625,129,129,3459,16
32870,4625,205,205,3535,16
32871,4625,14,14,3594,17
32872,4625,35,35,3615,17
32873,4625,149,149,3729,17
32874,4625,174,174,3754,17
32875,4625,208,208,3788,17
32876,4625,15,15,3842,18
32877,4625,42,42,3869,18
32878,4625,183,184,5044,20
32879,4625,13,13,4384,21
32880,4625,169,170,4806,22
32881,4626,253,253,2365,11
32882,4627,43,43,3145,15
32883,4627,241,241,3571,16
32884,4628,190,190,2558,12
32885,4628,218,219,2586,12
32886,4628,235,235,2603,12
32887,4628,6,6,2618,13
32888,4628,71,71,2683,13
32889,4628,86,86,2698,13
32890,4628,127,127,2739,13
32891,4628,173,173,2785,13
32892,4628,26,29,2885,14
32893,4628,156,156,3015,14
32894,4628,188,188,3290,15
32895,4628,59,59,3389,16
32896,4628,63,63,3393,16
32897,4628,65,65,3395,16
32898,4628,91,91,3421,16
32899,4628,109,109,3439,16
32900,4628,129,129,3459,16
32901,4628,205,205,3535,16
32902,4628,35,35,3615,17
32903,4628,208,208,3788,17
32904,4628,15,15,3842,18
32905,4628,42,42,3869,18
32906,4628,184,184,5045,20
32907,4628,13,13,4384,21
32908,4628,170,170,4807,22
32909,4629,225,225,2593,12
32910,4630,107,107,290,2
32911,4631,71,71,4442,21
32912,4632,10,10,3590,17
32913,4632,70,70,4159,19
32914,4632,76,76,4165,19
32915,4632,83,83,4172,19
32916,4632,100,101,4189,19
32917,4632,139,139,4228,19
32918,4632,36,36,4897,20
32919,4632,44,44,4905,20
32920,4633,74,74,257,2
32921,4633,98,98,281,2
32922,4634,207,207,4578,21
32923,4634,209,209,4580,21
32924,4635,127,127,1728,9
32925,4635,204,204,3534,16
32926,4635,278,278,4367,19
32927,4636,59,59,58,1
32928,4636,85,85,268,2
32929,4636,47,47,424,3
32930,4636,230,231,1591,8
32931,4636,20,20,1621,9
32932,4636,27,27,1882,10
32933,4636,167,167,2022,10
32934,4636,9,9,2121,11
32935,4636,43,43,2155,11
32936,4636,112,112,2480,12
32937,4636,63,64,2675,13
32938,4636,229,229,2841,13
32939,4636,29,29,2888,14
32940,4636,104,108,2963,14
32941,4636,206,206,3065,14
32942,4636,117,117,3447,16
32943,4636,208,208,3538,16
32944,4637,15,15,2383,12
32945,4638,76,78,2688,13
32946,4638,89,90,2701,13
32947,4638,39,39,3619,17
32948,4639,76,76,2688,13
32949,4639,78,78,2690,13
32950,4640,76,76,2688,13
32951,4640,78,78,2690,13
32952,4641,140,140,4511,21
32953,4642,137,137,1498,8
32954,4643,91,91,90,1
32955,4643,96,97,279,2
32956,4644,42,43,690,5
32957,4644,53,53,701,5
32958,4644,61,61,709,5
32959,4644,63,63,711,5
32960,4644,152,152,800,5
32961,4645,232,232,2087,10
32962,4646,65,65,1193,7
32963,4647,200,200,1090,6
32964,4647,62,62,1917,10
32965,4647,8,8,2120,11
32966,4648,77,80,4938,20
32967,4648,84,85,4945,20
32968,4648,89,89,4950,20
32969,4648,91,91,4952,20
32970,4648,93,93,4954,20
32971,4648,115,115,4976,20
32972,4648,121,121,4982,20
32973,4648,153,153,5014,20
32974,4649,97,97,4958,20
32975,4650,59,59,58,1
32976,4650,74,75,73,1
32977,4650,88,89,271,2
32978,4650,111,111,294,2
32979,4650,120,120,303,2
32980,4650,139,139,322,2
32981,4650,157,159,340,2
32982,4650,178,180,361,2
32983,4650,183,183,366,2
32984,4650,186,188,369,2
32985,4650,2,2,379,3
32986,4650,10,13,387,3
32987,4650,20,20,397,3
32988,4650,45,45,422,3
32989,4650,53,53,430,3
32990,4650,34,34,466,4
32991,4650,68,68,500,4
32992,4650,84,84,516,4
32993,4650,113,113,545,4
32994,4650,123,123,555,4
32995,4650,156,156,588,4
32996,4650,197,197,1087,6
32997,4650,148,149,1276,7
32998,4650,152,152,1280,7
32999,4650,170,171,1298,7
33000,4650,198,198,1326,7
33001,4650,218,218,1346,7
33002,4650,63,63,1664,9
33003,4650,70,70,1671,9
33004,4650,88,89,1689,9
33005,4650,37,38,2649,13
33006,4650,48,48,3378,16
33007,4650,20,20,3847,18
33008,4650,169,169,3996,18
33009,4650,144,144,4233,19
33010,4650,146,146,4235,19
33011,4650,148,148,4237,19
33012,4650,272,272,4361,19
33013,4650,148,148,5009,20
33014,4651,130,130,562,4
33015,4651,20,20,1148,7
33016,4651,130,130,1258,7
33017,4651,153,153,1281,7
33018,4651,155,155,1283,7
33019,4651,160,160,1288,7
33020,4651,167,167,1295,7
33021,4651,179,179,1307,7
33022,4651,181,181,1309,7
33023,4651,184,184,1312,7
33024,4651,186,186,1314,7
33025,4651,189,190,1317,7
33026,4651,193,193,1321,7
33027,4651,196,196,1324,7
33028,4651,200,200,1328,7
33029,4651,208,208,1336,7
33030,4651,215,215,1343,7
33031,4651,217,217,1345,7
33032,4651,221,221,1349,7
33033,4651,8,8,1369,8
33034,4651,23,23,1384,8
33035,4651,119,119,1480,8
33036,4651,133,133,1494,8
33037,4651,20,20,1621,9
33038,4651,27,27,1628,9
33039,4651,33,33,1634,9
33040,4651,35,35,1636,9
33041,4651,38,38,1639,9
33042,4651,65,65,1666,9
33043,4651,103,103,1704,9
33044,4651,147,147,1748,9
33045,4651,239,239,1840,9
33046,4651,231,231,2086,10
33047,4651,119,119,2231,11
33048,4651,211,211,3541,16
33049,4652,186,186,1314,7
33050,4653,145,145,144,1
33051,4654,43,46,4132,19
33052,4654,50,50,4139,19
33053,4654,56,57,4145,19
33054,4655,47,47,2906,14
33055,4656,237,237,3817,17
33056,4656,221,221,4048,18
33057,4656,261,261,4088,18
33058,4657,207,207,3309,15
33059,4658,220,220,868,5
33060,4658,225,226,873,5
33061,4658,234,234,882,5
33062,4658,24,25,914,6
33063,4658,27,29,917,6
33064,4658,40,40,930,6
33065,4658,45,45,935,6
33066,4658,215,215,1105,6
33067,4658,219,219,1109,6
33068,4658,19,19,1147,7
33069,4658,49,49,1177,7
33070,4658,56,56,1184,7
33071,4658,126,126,1254,7
33072,4658,134,134,1262,7
33073,4658,139,139,1267,7
33074,4658,170,170,1298,7
33075,4658,106,106,1467,8
33076,4658,227,227,1588,8
33077,4658,7,7,1608,9
33078,4658,8,8,1863,10
33079,4658,61,61,1916,10
33080,4658,167,167,2279,11
33081,4659,101,102,4190,19
33082,4659,71,71,4442,21
33083,4660,27,27,917,6
33084,4660,208,208,1098,6
33085,4660,211,211,1101,6
33086,4660,179,179,1307,7
33087,4660,193,193,1321,7
33088,4660,197,197,1325,7
33089,4660,199,203,1327,7
33090,4660,208,208,1336,7
33091,4660,212,212,1340,7
33092,4660,220,220,1348,7
33093,4660,10,10,1371,8
33094,4660,14,14,1375,8
33095,4660,20,20,1381,8
33096,4660,27,27,1388,8
33097,4660,30,30,1391,8
33098,4660,99,99,2211,11
33099,4660,87,87,2699,13
33100,4660,22,22,3350,16
33101,4660,38,38,3368,16
33102,4660,226,226,3806,17
33103,4660,121,121,3948,18
33104,4660,150,150,3977,18
33105,4660,169,169,3996,18
33106,4661,86,88,4723,22
33107,4661,92,92,4729,22
33108,4661,109,109,4746,22
33109,4661,124,124,4761,22
33110,4662,211,211,4038,18
33111,4663,107,107,4968,20
33112,4664,154,154,1044,6
33113,4664,179,182,1069,6
33114,4664,187,187,1077,6
33115,4664,17,17,2129,11
33116,4665,276,276,4365,19
33117,4666,159,159,4530,21
33118,4667,93,93,1221,7
